/home/ccollins/allmols/4/opt/cam/b3lyp/4aa12ha4dh-4ee.log,4aa12ha4dh-4ee,---,[],"td B3LYP/6-31g(d,p)",-5.0311127616,-1.64982620334,104,4.6468,-1278.4743888,3.0381,1.36666666667
/home/ccollins/allmols/4/opt/cam/b3lyp/4da4dd4de-4fd-.log,4da4dd4de-4fd-,---,[],"td B3LYP/6-31g(d,p)",-6.87114653811,-2.85175302837,121,6.4910,-1537.9980059,3.5910,2.38333333333
/home/ccollins/allmols/4/opt/cam/b3lyp/13df12da13aa13ff.log,13df12da13aa13ff,---,[],"td B3LYP/6-31g(d,p)",-4.89124624856,-1.60002937088,93,11.4826,-1267.1258584,2.9439,0.9
/home/ccollins/allmols/4/opt/cam/b3lyp/12he4hd-13dd-12ld.log,12he4hd-13dd-12ld,---,[],"td B3LYP/6-31g(d,p)",-5.74758849859,-2.21745567063,118,10.1083,-1569.2697307,3.1524,1.95
/home/ccollins/allmols/4/opt/cam/b3lyp/13dd6ii6ee6if-.log,13dd6ii6ee6if-,---,[],"td B3LYP/6-31g(d,p)",-6.13861608464,-1.97772337884,118,8.3396,-1481.4183619,3.6789,2.15
/home/ccollins/allmols/4/opt/cam/b3lyp/4ia13hf-12ha6la.log,4ia13hf-12ha6la,---,[],"td B3LYP/6-31g(d,p)",-4.28933043761,-1.05335266916,99,3.5242,-1256.9764843,2.9150,0.95
/home/ccollins/allmols/4/opt/cam/b3lyp/4aa4aa-12al-4il.log,4aa4aa-12al-4il,---,[],"td B3LYP/6-31g(d,p)",-4.96988714791,-1.13934064216,98,1.4003,-1191.5902147,3.5087,1.35
/home/ccollins/allmols/4/opt/cam/b3lyp/12dh12dl12if-4hi.log,12dh12dl12if-4hi,---,[],"td B3LYP/6-31g(d,p)",-4.93832194264,-1.64928197566,112,7.1412,-1482.3584311,2.9133,1.56666666667
/home/ccollins/allmols/4/opt/cam/b3lyp/12al6lh-6ef13ea-.log,12al6lh-6ef13ea-,---,[],"td B3LYP/6-31g(d,p)",-4.78757087606,-1.31512618188,111,3.4575,-1445.1410523,3.0286,1.5
/home/ccollins/allmols/4/opt/cam/b3lyp/6df6hd6fl4fh-.log,6df6hd6fl4fh-,---,[],"td B3LYP/6-31g(d,p)",-4.92716527526,-2.3575942975,121,2.7033,-1608.9548817,2.2233,1.53333333333
/home/ccollins/allmols/4/opt/cam/b3lyp/4ea13ff12ih-12lh-.log,4ea13ff12ih-12lh-,---,[],"td B3LYP/6-31g(d,p)",-4.27681320104,-0.887907455303,106,6.0260,-1390.0491438,3.1003,1.03333333333
/home/ccollins/allmols/4/opt/cam/b3lyp/6fl4hl12ha12dh.log,6fl4hl12ha12dh,---,[],"td B3LYP/6-31g(d,p)",-4.77178827343,-1.37744025092,113,7.7112,-1499.6058878,3.0505,1.33333333333
/home/ccollins/allmols/4/opt/cam/b3lyp/12ah12he-6ah13aa.log,12ah12he-6ah13aa,---,[],"td B3LYP/6-31g(d,p)",-4.51926663122,-1.29852723773,90,4.7993,-1157.1855776,2.9177,0.8
/home/ccollins/allmols/4/opt/cam/b3lyp/13ae12il6ed13lh-.log,13ae12il6ed13lh-,---,[],"td B3LYP/6-31g(d,p)",-4.41586337256,-1.09117649273,109,5.2042,-1460.2044919,3.0221,1.38333333333
/home/ccollins/allmols/4/opt/cam/b3lyp/4ed13dl-13li-4ll.log,4ed13dl-13li-4ll,---,[],"td B3LYP/6-31g(d,p)",-4.88553185795,-2.1467060726,129,5.9833,-1639.3299929,2.3695,1.46666666667
/home/ccollins/allmols/4/opt/cam/b3lyp/13dl13eh12hd4af.log,13dl13eh12hd4af,---,[],"td B3LYP/6-31g(d,p)",-4.89423950079,-1.73581417633,110,1.9224,-1440.1609794,2.7993,1.51666666667
/home/ccollins/allmols/4/opt/cam/b3lyp/4fe12ll13if-6aa.log,4fe12ll13if-6aa,---,[],"td B3LYP/6-31g(d,p)",-4.72634526238,-1.31050024662,109,3.5080,-1412.1232726,3.0505,1.63333333333
/home/ccollins/allmols/4/opt/cam/b3lyp/4ed13ie-13ai-13ai.log,4ed13ie-13ai-13ai,---,[],"td B3LYP/6-31g(d,p)",-4.54049151063,-2.02643175594,102,3.4955,-1221.7181072,2.1458,1.03333333333
/home/ccollins/allmols/4/opt/cam/b3lyp/4aa12fa6ii6ei-.log,4aa12fa6ii6ei-,---,[],"td B3LYP/6-31g(d,p)",-5.14485634612,-1.40220261023,100,2.8686,-1224.6139533,3.3963,1.15
/home/ccollins/allmols/4/opt/cam/b3lyp/6ef6ef-12ai-12ea-.log,6ef6ef-12ai-12ea-,---,[],"td B3LYP/6-31g(d,p)",-5.56690490977,-1.64329547121,105,2.8957,-1371.2550856,3.4867,1.31666666667
/home/ccollins/allmols/4/opt/cam/b3lyp/13fa13fa4lf13hi-.log,13fa13fa4lf13hi-,---,[],"td B3LYP/6-31g(d,p)",-4.15055237994,-0.765728341778,100,2.5662,-1294.0566398,3.1023,0.916666666667
/home/ccollins/allmols/4/opt/cam/b3lyp/12fd12hh13aa-6ih-.log,12fd12hh13aa-6ih-,---,[],"td B3LYP/6-31g(d,p)",-4.79083624213,-1.39703244729,98,5.5066,-1287.8108265,3.1221,1.06666666667
/home/ccollins/allmols/4/opt/cam/b3lyp/12ef13al-4if6ff.log,12ef13al-4if6ff,---,[],"td B3LYP/6-31g(d,p)",-4.99029568581,-1.07131218251,109,3.8706,-1448.0424612,3.5033,1.46666666667
/home/ccollins/allmols/4/opt/cam/b3lyp/4ei12ef-13la-13ee-.log,4ei12ef-13la-13ee-,---,[],"td B3LYP/6-31g(d,p)",-4.68307916205,-1.44710139359,112,4.5847,-1412.7073703,2.8839,1.68333333333
/home/ccollins/allmols/4/opt/cam/b3lyp/4dl12aa6li-6de.log,4dl12aa6li-6de,---,[],"td B3LYP/6-31g(d,p)",-5.79357573731,-2.27242266602,116,5.1795,-1484.2876389,3.0975,2.0
/home/ccollins/allmols/4/opt/cam/b3lyp/6fe13de-12ad-4fh-.log,6fe13de-12ad-4fh-,---,[],"td B3LYP/6-31g(d,p)",-5.3181928613,-1.84302702874,111,9.6015,-1459.7680227,3.0825,1.48333333333
/home/ccollins/allmols/4/opt/cam/b3lyp/13ae13fi-12ia6fl.log,13ae13fi-12ia6fl,---,[],"td B3LYP/6-31g(d,p)",-4.73804615744,-1.29988780692,102,4.2796,-1314.8690553,3.0698,1.33333333333
/home/ccollins/allmols/4/opt/cam/b3lyp/4ie13fh6ae-13hl.log,4ie13fh6ae-13hl,---,[],"td B3LYP/6-31g(d,p)",-4.60688728724,-1.31430984037,111,1.8751,-1389.3881884,2.9234,1.38333333333
/home/ccollins/allmols/4/opt/cam/b3lyp/4le13ie12ha6lh.log,4le13ie12ha6lh,---,[],"td B3LYP/6-31g(d,p)",-4.36388962939,-1.04110754643,115,2.4172,-1448.575345,2.9380,2.05
/home/ccollins/allmols/4/opt/cam/b3lyp/13al13de-12af-6af-.log,13al13de-12af-6af-,---,[],"td B3LYP/6-31g(d,p)",-4.95165552073,-1.54125278174,100,6.7655,-1328.4547032,3.0911,1.2
/home/ccollins/allmols/4/opt/cam/b3lyp/4ia6ad-13af-6ah-.log,4ia6ad-13af-6ah-,---,[],"td B3LYP/6-31g(d,p)",-5.22567415618,-1.77935239051,96,3.9695,-1197.586258,3.1084,1.2
/home/ccollins/allmols/4/opt/cam/b3lyp/4ed12ee-6ih-6il.log,4ed12ee-6ih-6il,---,[],"td B3LYP/6-31g(d,p)",-5.53316279379,-2.16820306584,122,7.3699,-1524.4926044,2.9616,2.41666666667
/home/ccollins/allmols/4/opt/cam/b3lyp/13fa6af-13di4ff-.log,13fa6af-13di4ff-,---,[],"td B3LYP/6-31g(d,p)",-5.08227016325,-1.5183952193,101,4.9665,-1329.7750435,3.2265,1.16666666667
/home/ccollins/allmols/4/opt/cam/b3lyp/13ah6hf6hh6he-.log,13ah6hf6hh6he-,---,[],"td B3LYP/6-31g(d,p)",-4.7187260749,-1.38533155224,108,6.4481,-1379.6625994,2.9047,1.53333333333
/home/ccollins/allmols/4/opt/cam/b3lyp/13al13hi-12hh-13li-.log,13al13hi-12hh-13li-,---,[],"td B3LYP/6-31g(d,p)",-3.77530739653,-0.105035941694,105,2.7106,-1330.736139,3.3369,1.6
/home/ccollins/allmols/4/opt/cam/b3lyp/13la12ff-6ai4li-.log,13la12ff-6ai4li-,---,[],"td B3LYP/6-31g(d,p)",-5.49533897022,-2.04874509071,114,6.9853,-1445.906584,3.0285,1.83333333333
/home/ccollins/allmols/4/opt/cam/b3lyp/13ad12hh12ih12ea.log,13ad12hh12ih12ea,---,[],"td B3LYP/6-31g(d,p)",-4.64090151707,-1.23594105485,97,5.0000,-1270.484348,3.0839,1.16666666667
/home/ccollins/allmols/4/opt/cam/b3lyp/6ih6dl12dh-6hh.log,6ih6dl12dh-6hh,---,[],"td B3LYP/6-31g(d,p)",-4.76063160604,-2.09609289862,118,5.9006,-1531.0955497,2.2924,1.66666666667
/home/ccollins/allmols/4/opt/cam/b3lyp/6ld12ae12ee-13fh.log,6ld12ae12ee-13fh,---,[],"td B3LYP/6-31g(d,p)",-4.84226575762,-1.90615743929,112,7.1549,-1480.7407685,2.5969,1.4
/home/ccollins/allmols/4/opt/cam/b3lyp/12fh12fe4id-4de.log,12fh12fe4id-4de,---,[],"td B3LYP/6-31g(d,p)",-5.18676187727,-2.14452916189,115,4.2271,-1502.8680003,2.7058,1.61666666667
/home/ccollins/allmols/4/opt/cam/b3lyp/12dl6le-12ee13ad-.log,12dl6le-12ee13ad-,---,[],"td B3LYP/6-31g(d,p)",-5.54159832278,-1.96792728065,118,4.3900,-1556.9287038,3.1858,1.73333333333
/home/ccollins/allmols/4/opt/cam/b3lyp/13he12ii-4fl-12df-.log,13he12ii-4fl-12df-,---,[],"td B3LYP/6-31g(d,p)",-4.69097046337,-1.66288766759,112,4.5075,-1466.2551356,2.7139,1.66666666667
/home/ccollins/allmols/4/opt/cam/b3lyp/13hl6ii4ee12he-.log,13hl6ii4ee12he-,---,[],"td B3LYP/6-31g(d,p)",-4.88934145169,-1.33172512603,117,2.6826,-1449.4731183,3.1747,1.7
/home/ccollins/allmols/4/opt/cam/b3lyp/6di13dd-12il-4he.log,6di13dd-12il-4he,---,[],"td B3LYP/6-31g(d,p)",-5.35383977416,-2.11677355035,119,5.2725,-1518.5797087,2.8563,1.5
/home/ccollins/allmols/4/opt/cam/b3lyp/4fd12id-13lh-4lf-.log,4fd12id-13lh-4lf-,---,[],"td B3LYP/6-31g(d,p)",-4.73396444986,-1.87894605543,119,4.8842,-1559.7967059,2.5018,2.05
/home/ccollins/allmols/4/opt/cam/b3lyp/12fa13id13he-13fi-.log,12fa13id13he-13fi-,---,[],"td B3LYP/6-31g(d,p)",-4.42919695065,-0.848723062546,101,5.8500,-1309.8135633,3.2415,1.16666666667
/home/ccollins/allmols/4/opt/cam/b3lyp/12il13il-6fh13el.log,12il13il-6fh13el,---,[],"td B3LYP/6-31g(d,p)",-4.62729582514,-1.14723194347,118,4.7330,-1524.0357073,3.1132,2.1
/home/ccollins/allmols/4/opt/cam/b3lyp/12fa12ae4ah-4dh-.log,12fa12ae4ah-4dh-,---,[],"td B3LYP/6-31g(d,p)",-5.02866373705,-1.38778057678,99,5.1303,-1275.3174775,3.3159,1.16666666667
/home/ccollins/allmols/4/opt/cam/b3lyp/13ie6if-4dd4il.log,13ie6if-4dd4il,---,[],"td B3LYP/6-31g(d,p)",-5.57234718654,-2.32602909222,120,1.6547,-1487.7291665,2.8338,1.56666666667
/home/ccollins/allmols/4/opt/cam/b3lyp/4fl13hh-6fa-4df-.log,4fl13hh-6fa-4df-,---,[],"td B3LYP/6-31g(d,p)",-4.86485120622,-1.53118456972,112,4.2905,-1462.5538761,2.9698,1.66666666667
/home/ccollins/allmols/4/opt/cam/b3lyp/12ee4hf-4fa13he-.log,12ee4hf-4fa13he-,---,[],"td B3LYP/6-31g(d,p)",-4.79763908809,-1.06015551513,109,0.8398,-1390.7295036,3.2835,1.8
/home/ccollins/allmols/4/opt/cam/b3lyp/6fd13df4ai-4di-.log,6fd13df4ai-4di-,---,[],"td B3LYP/6-31g(d,p)",-5.68173694965,-1.9570427271,112,11.4628,-1425.2105152,3.3700,1.68333333333
/home/ccollins/allmols/4/opt/cam/b3lyp/13lh12fe4ha6ld-.log,13lh12fe4ha6ld-,---,[],"td B3LYP/6-31g(d,p)",-4.35246084817,-1.5183952193,115,5.3569,-1500.5534533,2.5076,1.5
/home/ccollins/allmols/4/opt/cam/b3lyp/6dh12fi-12ea6fe-.log,6dh12fi-12ea6fe-,---,[],"td B3LYP/6-31g(d,p)",-5.42839896593,-1.80030515608,109,11.5078,-1442.7271783,3.2185,1.5
/home/ccollins/allmols/4/opt/cam/b3lyp/12la12ad-4ea-12ld.log,12la12ad-4ea-12ld,---,[],"td B3LYP/6-31g(d,p)",-5.4648622203,-1.85527215147,106,5.6352,-1408.4344858,3.2548,1.26666666667
/home/ccollins/allmols/4/opt/cam/b3lyp/12ad4if-4if-12ee-.log,12ad4if-4if-12ee-,---,[],"td B3LYP/6-31g(d,p)",-5.45479400827,-1.50587798273,109,5.0769,-1394.5964712,3.5382,1.6
/home/ccollins/allmols/4/opt/cam/b3lyp/12hh6aa4ia-4ll-.log,12hh6aa4ia-4ll-,---,[],"td B3LYP/6-31g(d,p)",-5.21642228567,-1.8724153233,113,6.7533,-1482.0619714,2.8564,1.65
/home/ccollins/allmols/4/opt/cam/b3lyp/13hh12al-13ea12le.log,13hh12al-13ea12le,---,[],"td B3LYP/6-31g(d,p)",-4.14130050942,-0.692801833037,105,4.5427,-1368.8842532,3.1371,1.31666666667
/home/ccollins/allmols/4/opt/cam/b3lyp/13ef4fd13li-4id-.log,13ef4fd13li-4id-,---,[],"td B3LYP/6-31g(d,p)",-5.44363734089,-1.29118016409,115,7.2674,-1427.2181364,3.6526,2.11666666667
/home/ccollins/allmols/4/opt/cam/b3lyp/12ee13dh12il6if.log,12ee13dh12il6if,---,[],"td B3LYP/6-31g(d,p)",-5.01886763886,-1.57363432854,114,4.9088,-1483.2295837,3.1054,2.03333333333
/home/ccollins/allmols/4/opt/cam/b3lyp/12hl13hi-4hi4ll.log,12hl13hi-4hi4ll,---,[],"td B3LYP/6-31g(d,p)",-4.94485267477,-0.951582093531,106,3.5266,-1318.3280249,3.6221,1.5
/home/ccollins/allmols/4/opt/cam/b3lyp/12al13fa-13da-4de.log,12al13fa-13da-4de,---,[],"td B3LYP/6-31g(d,p)",-4.65722834738,-2.0726911085,102,10.0433,-1329.4318648,2.2377,0.983333333333
/home/ccollins/allmols/4/opt/cam/b3lyp/6id6df-4if-4fd.log,6id6df-4if-4fd,---,[],"td B3LYP/6-31g(d,p)",-6.22351560228,-2.06153444112,119,7.9634,-1538.53298,3.7269,2.08333333333
/home/ccollins/allmols/4/opt/cam/b3lyp/4li6dd-4hi-6le-.log,4li6dd-4hi-6le-,---,[],"td B3LYP/6-31g(d,p)",-5.63874296316,-2.41800356967,127,3.1783,-1581.1839455,2.5762,1.35
/home/ccollins/allmols/4/opt/cam/b3lyp/12if4ia-4hd4eh.log,12if4ia-4hd4eh,---,[],"td B3LYP/6-31g(d,p)",-5.40581351733,-1.21988633838,110,4.2175,-1356.1783835,3.7062,1.78333333333
/home/ccollins/allmols/4/opt/cam/b3lyp/12eh13le13fh12hf-.log,12eh13le13fh12hf-,---,[],"td B3LYP/6-31g(d,p)",-4.01640025751,-0.588310119021,109,1.6562,-1460.1633699,3.1052,1.5
/home/ccollins/allmols/4/opt/cam/b3lyp/4eh4la-13da13hd-.log,4eh4la-13da13hd-,---,[],"td B3LYP/6-31g(d,p)",-5.3111179015,-1.46342822391,109,4.2535,-1367.1685407,3.3626,1.25
/home/ccollins/allmols/4/opt/cam/b3lyp/13id12ef6fe-12hh-.log,13id12ef6fe-12hh-,---,[],"td B3LYP/6-31g(d,p)",-5.08145382173,-1.68438466084,110,6.6195,-1459.9620417,3.0559,1.55
/home/ccollins/allmols/4/opt/cam/b3lyp/12di13af-13ei-13fd-.log,12di13af-13ei-13fd-,---,[],"td B3LYP/6-31g(d,p)",-4.89614429766,-1.35920862373,103,3.1237,-1346.7056101,3.2186,1.1
/home/ccollins/allmols/4/opt/cam/b3lyp/12lf13dh13lh12ae-.log,12lf13dh13lh12ae-,---,[],"td B3LYP/6-31g(d,p)",-5.19628586162,-0.993759738512,117,9.9959,-1470.9516846,3.7675,1.98333333333
/home/ccollins/allmols/4/opt/cam/b3lyp/6fa6he-13ih-6ea-.log,6fa6he-13ih-6ea-,---,[],"td B3LYP/6-31g(d,p)",-4.70620883833,-1.48356464796,106,5.1373,-1329.044554,2.8439,1.35
/home/ccollins/allmols/4/opt/cam/b3lyp/4eh6ei-4ee4ea.log,4eh6ei-4ee4ea,---,[],"td B3LYP/6-31g(d,p)",-5.28227383461,-1.53363359426,119,2.9095,-1416.8693126,3.3690,2.15
/home/ccollins/allmols/4/opt/cam/b3lyp/6if12ff-12de12dl.log,6if12ff-12de12dl,---,[],"td B3LYP/6-31g(d,p)",-5.51357059741,-2.19867981577,114,3.5035,-1574.9307682,2.9862,1.45
/home/ccollins/allmols/4/opt/cam/b3lyp/13li6dl-12da-4ae.log,13li6dl-12da-4ae,---,[],"td B3LYP/6-31g(d,p)",-5.4768352292,-2.05962964425,113,3.3479,-1446.1750895,3.0907,1.25
/home/ccollins/allmols/4/opt/cam/b3lyp/6ed12id12ai-6fh-.log,6ed12id12ai-6fh-,---,[],"td B3LYP/6-31g(d,p)",-5.29642375422,-2.36330868811,109,3.3872,-1422.9210454,2.5618,1.03333333333
/home/ccollins/allmols/4/opt/cam/b3lyp/12hd4hl-4de-12af.log,12hd4hl-4de-12af,---,[],"td B3LYP/6-31g(d,p)",-5.16635333937,-1.8272444261,125,4.8186,-1675.5583113,2.9996,2.28333333333
/home/ccollins/allmols/4/opt/cam/b3lyp/12fh6fh4ef-12ie.log,12fh6fh4ef-12ie,---,[],"td B3LYP/6-31g(d,p)",-5.01750706967,-1.2490025191,111,5.6912,-1465.0088692,3.3070,1.75
/home/ccollins/allmols/4/opt/cam/b3lyp/13hd13da-12li-6ld.log,13hd13da-12li-6ld,---,[],"td B3LYP/6-31g(d,p)",-5.38486075176,-1.87187109563,114,5.6127,-1495.5637977,3.1476,1.76666666667
/home/ccollins/allmols/4/opt/cam/b3lyp/13ia12hd6hi4ie-.log,13ia12hd6hi4ie-,---,[],"td B3LYP/6-31g(d,p)",-4.50674939464,-0.887363227625,106,4.8132,-1338.1144504,3.2666,1.61666666667
/home/ccollins/allmols/4/opt/cam/b3lyp/13fe13fd4eh-13il.log,13fe13fd4eh-13il,---,[],"td B3LYP/6-31g(d,p)",-5.01832341118,-1.26369666639,114,6.1271,-1463.375032,3.3066,1.78333333333
/home/ccollins/allmols/4/opt/cam/b3lyp/13lh13ia-6la6ll.log,13lh13ia-6la6ll,---,[],"td B3LYP/6-31g(d,p)",-4.32633791966,-1.0917207204,115,2.0361,-1466.153977,2.9254,1.65
/home/ccollins/allmols/4/opt/cam/b3lyp/12fe13di6id12ae.log,12fe13di6id12ae,---,[],"td B3LYP/6-31g(d,p)",-5.65452556579,-2.16194444756,108,4.1674,-1405.5871163,3.0978,1.51666666667
/home/ccollins/allmols/4/opt/cam/b3lyp/6he13de13ll12de-.log,6he13de13ll12de-,---,[],"td B3LYP/6-31g(d,p)",-5.28200172077,-1.76819572312,122,8.7816,-1592.4293777,3.1364,1.9
/home/ccollins/allmols/4/opt/cam/b3lyp/4ia13ee-6fd-12hh.log,4ia13ee-6fd-12hh,---,[],"td B3LYP/6-31g(d,p)",-5.18240805585,-1.56002863661,109,3.7470,-1386.9737575,3.2859,1.36666666667
/home/ccollins/allmols/4/opt/cam/b3lyp/13fi6el13ef4al-.log,13fi6el13ef4al-,---,[],"td B3LYP/6-31g(d,p)",-4.72906640077,-1.30533008369,115,1.6916,-1468.4193107,3.0980,1.85
/home/ccollins/allmols/4/opt/cam/b3lyp/12fd12eh-6ai4aa.log,12fd12eh-6ai4aa,---,[],"td B3LYP/6-31g(d,p)",-5.33642448849,-1.97146476055,99,3.3293,-1275.3099491,3.0823,1.31666666667
/home/ccollins/allmols/4/opt/cam/b3lyp/12ad6el-13ll12ai-.log,12ad6el-13ll12ai-,---,[],"td B3LYP/6-31g(d,p)",-4.79029201445,-1.79867247305,112,2.1990,-1466.2251776,2.7652,1.53333333333
/home/ccollins/allmols/4/opt/cam/b3lyp/13lh6dl-13if-12ia.log,13lh6dl-13if-12ia,---,[],"td B3LYP/6-31g(d,p)",-4.62239777604,-1.26641780477,110,3.7734,-1425.6039357,3.0070,1.71666666667
/home/ccollins/allmols/4/opt/cam/b3lyp/13if13df-6he13ei.log,13if13df-6he13ei,---,[],"td B3LYP/6-31g(d,p)",-4.85913681561,-1.6389416498,107,4.2196,-1314.2552232,2.8817,1.63333333333
/home/ccollins/allmols/4/opt/cam/b3lyp/6dh6al-12ef12dh.log,6dh6al-12ef12dh,---,[],"td B3LYP/6-31g(d,p)",-5.29016513593,-1.97663492348,113,5.9487,-1514.1453498,2.9663,1.28333333333
/home/ccollins/allmols/4/opt/cam/b3lyp/4ei4ad-6af-6ff-.log,4ei4ad-6af-6ff-,---,[],"td B3LYP/6-31g(d,p)",-5.71956077322,-2.06180655496,109,5.5161,-1390.8908556,3.2361,1.36666666667
/home/ccollins/allmols/4/opt/cam/b3lyp/6al13ff-6af-12hl.log,6al13ff-6af-12hl,---,[],"td B3LYP/6-31g(d,p)",-4.61042476714,-1.11049657527,107,2.4924,-1443.2770956,3.1967,1.38333333333
/home/ccollins/allmols/4/opt/cam/b3lyp/13ef4ed-6if-6di.log,13ef4ed-6if-6di,---,[],"td B3LYP/6-31g(d,p)",-5.73534337585,-2.23106136256,118,3.0953,-1501.2784226,2.9749,1.48333333333
/home/ccollins/allmols/4/opt/cam/b3lyp/12ad6id-13li6hh-.log,12ad6id-13li6hh-,---,[],"td B3LYP/6-31g(d,p)",-5.11737284843,-1.97473012661,111,6.8522,-1421.585581,2.8047,1.58333333333
/home/ccollins/allmols/4/opt/cam/b3lyp/4ii4ha-12hf-13ff-.log,4ii4ha-12hf-13ff-,---,[],"td B3LYP/6-31g(d,p)",-4.24497588192,-0.533343123626,103,2.0015,-1316.1492004,3.4167,1.46666666667
/home/ccollins/allmols/4/opt/cam/b3lyp/6ii6hf6fe6ha-.log,6ii6hf6fe6ha-,---,[],"td B3LYP/6-31g(d,p)",-5.17370041301,-1.82914922297,111,8.1169,-1405.5739409,2.9347,1.93333333333
/home/ccollins/allmols/4/opt/cam/b3lyp/4dh4ai12fa6le.log,4dh4ai12fa6le,---,[],"td B3LYP/6-31g(d,p)",-5.22730683922,-1.48655790019,110,7.8045,-1392.0757482,3.3574,1.73333333333
/home/ccollins/allmols/4/opt/cam/b3lyp/12ae4ee6eh-6fa-.log,12ae4ee6eh-6fa-,---,[],"td B3LYP/6-31g(d,p)",-5.64200832922,-1.82343483236,110,6.5243,-1390.4545076,3.3582,1.73333333333
/home/ccollins/allmols/4/opt/cam/b3lyp/13hi12ff-13le4lf.log,13hi12ff-13le4lf,---,[],"td B3LYP/6-31g(d,p)",-4.43219020287,-0.759741837329,109,7.0938,-1408.3083982,3.2907,1.45
/home/ccollins/allmols/4/opt/cam/b3lyp/6dh4ia13lh-13fe-.log,6dh4ia13lh-13fe-,---,[],"td B3LYP/6-31g(d,p)",-4.48661297059,-1.12736763326,111,7.4249,-1405.4864172,3.0121,1.28333333333
/home/ccollins/allmols/4/opt/cam/b3lyp/12ed4hh13ll4hf.log,12ed4hh13ll4hf,---,[],"td B3LYP/6-31g(d,p)",-4.72389623783,-1.46914261452,119,1.8443,-1539.8603978,2.9133,1.86666666667
/home/ccollins/allmols/4/opt/cam/b3lyp/6lf4ae-13aa4fi.log,6lf4ae-13aa4fi,---,[],"td B3LYP/6-31g(d,p)",-4.86675600309,-1.40002569952,104,3.3294,-1299.8519287,3.1246,1.43333333333
/home/ccollins/allmols/4/opt/cam/b3lyp/4ha6ld6ia12fl-.log,4ha6ld6ia12fl-,---,[],"td B3LYP/6-31g(d,p)",-5.51465905276,-1.70642588177,112,6.1669,-1446.4753392,3.4130,1.66666666667
/home/ccollins/allmols/4/opt/cam/b3lyp/12fh12he4ha-12he.log,12fh12he4ha-12he,---,[],"td B3LYP/6-31g(d,p)",-4.4041624775,-0.958112825657,104,3.2870,-1367.7069169,3.0676,1.75
/home/ccollins/allmols/4/opt/cam/b3lyp/12ed4ha-6ai-4ii.log,12ed4ha-6ai-4ii,---,[],"td B3LYP/6-31g(d,p)",-5.74377890485,-1.62315904716,106,2.7853,-1280.9581397,3.5857,1.63333333333
/home/ccollins/allmols/4/opt/cam/b3lyp/4fd12ei6ff6ii-.log,4fd12ei6ff6ii-,---,[],"td B3LYP/6-31g(d,p)",-5.51112157286,-2.04547972464,114,8.0691,-1467.3142223,3.0565,2.03333333333
/home/ccollins/allmols/4/opt/cam/b3lyp/4hi13hf-6da12li.log,4hi13hf-6da12li,---,[],"td B3LYP/6-31g(d,p)",-4.88961356553,-1.37199797415,109,5.5448,-1388.5115962,3.1505,1.21666666667
/home/ccollins/allmols/4/opt/cam/b3lyp/12ll6ea13ii-13dh-.log,12ll6ea13ii-13dh-,---,[],"td B3LYP/6-31g(d,p)",-4.77124404575,-1.31349349885,112,8.4928,-1426.5287248,3.1505,1.7
/home/ccollins/allmols/4/opt/cam/b3lyp/13fa13id6fl12dh.log,13fa13id6fl12dh,---,[],"td B3LYP/6-31g(d,p)",-5.03056853392,-2.02942500817,108,5.8111,-1439.2426536,2.7238,1.31666666667
/home/ccollins/allmols/4/opt/cam/b3lyp/6fi6al-12ll-4ff-.log,6fi6al-12ll-4ff-,---,[],"td B3LYP/6-31g(d,p)",-4.80199290951,-1.3075069944,118,6.7907,-1563.824051,3.1279,1.63333333333
/home/ccollins/allmols/4/opt/cam/b3lyp/13lf6hi6hh-4hh-.log,13lf6hi6hh-4hh-,---,[],"td B3LYP/6-31g(d,p)",-4.89233470392,-1.26505723558,111,3.0357,-1397.0230966,3.3147,1.26666666667
/home/ccollins/allmols/4/opt/cam/b3lyp/6ia12ha4fd-6fi.log,6ia12ha4fd-6fi,---,[],"td B3LYP/6-31g(d,p)",-5.24989228782,-1.67486067649,104,9.6402,-1331.9823396,3.2670,1.35
/home/ccollins/allmols/4/opt/cam/b3lyp/4ea4ih-12ee-12al.log,4ea4ih-12ee-12al,---,[],"td B3LYP/6-31g(d,p)",-4.92362779536,-1.35431057464,109,2.1277,-1358.630829,3.2016,1.91666666667
/home/ccollins/allmols/4/opt/cam/b3lyp/13ih4ff-12fe4id-.log,13ih4ff-12fe4id-,---,[],"td B3LYP/6-31g(d,p)",-4.51300801293,-1.52846343133,111,5.0571,-1429.1784596,2.6714,1.65
/home/ccollins/allmols/4/opt/cam/b3lyp/12hi12df-4di-13ld-.log,12hi12df-4di-13ld-,---,[],"td B3LYP/6-31g(d,p)",-5.49506685638,-2.01772411311,114,9.6987,-1499.3744418,3.1049,1.68333333333
/home/ccollins/allmols/4/opt/cam/b3lyp/4he12al12de-4ah-.log,4he12al12de-4ah-,---,[],"td B3LYP/6-31g(d,p)",-4.99628219026,-1.58370254056,109,7.2740,-1390.7730769,3.0449,1.78333333333
/home/ccollins/allmols/4/opt/cam/b3lyp/4ld12ee12da6al-.log,4ld12ee12da6al-,---,[],"td B3LYP/6-31g(d,p)",-5.64200832922,-2.10779379368,115,3.9108,-1502.8572532,3.1553,1.75
/home/ccollins/allmols/4/opt/cam/b3lyp/12ah12hl12if-12fi-.log,12ah12hl12if-12fi-,---,[],"td B3LYP/6-31g(d,p)",-4.21232222129,-0.630487764001,101,5.1339,-1370.8497297,3.2809,1.08333333333
/home/ccollins/allmols/4/opt/cam/b3lyp/13el4dh13fa4al.log,13el4dh13fa4al,---,[],"td B3LYP/6-31g(d,p)",-4.82539469963,-1.11838787658,111,8.5602,-1409.3021556,3.3268,1.41666666667
/home/ccollins/allmols/4/opt/cam/b3lyp/12if6el-12il4fl.log,12if6el-12il4fl,---,[],"td B3LYP/6-31g(d,p)",-4.85859258793,-1.17308275814,121,2.6960,-1585.8058696,3.2790,2.05
/home/ccollins/allmols/4/opt/cam/b3lyp/12ia13di-6el4li-.log,12ia13di-6el4li-,---,[],"td B3LYP/6-31g(d,p)",-4.75056339402,-1.33635106129,109,6.9555,-1428.2388244,3.0716,1.53333333333
/home/ccollins/allmols/4/opt/cam/b3lyp/12dl12ai-6fa-12lf.log,12dl12ai-6fa-12lf,---,[],"td B3LYP/6-31g(d,p)",-4.97941113227,-1.476761802,106,4.2534,-1445.8471726,3.1953,1.16666666667
/home/ccollins/allmols/4/opt/cam/b3lyp/6lf12ee-12hd-4ed.log,6lf12ee-12hd-4ed,---,[],"td B3LYP/6-31g(d,p)",-5.28608342835,-2.36194811892,121,3.6583,-1595.0656122,2.5530,1.93333333333
/home/ccollins/allmols/4/opt/cam/b3lyp/12id12ai4da4ae.log,12id12ai4da4ae,---,[],"td B3LYP/6-31g(d,p)",-5.69044459249,-1.98425411096,101,6.1215,-1260.2702606,3.3329,1.35
/home/ccollins/allmols/4/opt/cam/b3lyp/4ea13dd-6aa-13fh-.log,4ea13dd-6aa-13fh-,---,[],"td B3LYP/6-31g(d,p)",-5.31166212918,-1.69826246661,101,11.5831,-1288.5432425,3.2988,1.41666666667
/home/ccollins/allmols/4/opt/cam/b3lyp/6hf12ei13ea-13ef-.log,6hf12ei13ea-13ef-,---,[],"td B3LYP/6-31g(d,p)",-4.74947493866,-1.36927683576,106,4.1326,-1368.6679389,2.9968,1.5
/home/ccollins/allmols/4/opt/cam/b3lyp/4da4eh-4ia-4dd-.log,4da4eh-4ia-4dd-,---,[],"td B3LYP/6-31g(d,p)",-5.71493483796,-2.4803176387,113,4.8464,-1372.9850333,2.8823,1.88333333333
/home/ccollins/allmols/4/opt/cam/b3lyp/12ia13di12id-4hi-.log,12ia13di12id-4hi-,---,[],"td B3LYP/6-31g(d,p)",-5.29615164038,-1.40492374861,104,6.2146,-1296.0596228,3.4120,1.38333333333
/home/ccollins/allmols/4/opt/cam/b3lyp/12hh13ae13al-6ll-.log,12hh13ae13al-6ll-,---,[],"td B3LYP/6-31g(d,p)",-4.21640392887,-0.812259808176,110,2.7406,-1425.5501431,3.1226,1.65
/home/ccollins/allmols/4/opt/cam/b3lyp/4ea6di-13he-6ef.log,4ea6di-13he-6ef,---,[],"td B3LYP/6-31g(d,p)",-5.38649343479,-1.73962377007,114,5.0058,-1426.0152426,3.1930,1.38333333333
/home/ccollins/allmols/4/opt/cam/b3lyp/13fi13ee4hl-12ii-.log,13fi13ee4hl-12ii-,---,[],"td B3LYP/6-31g(d,p)",-4.80580250325,-0.898792008846,112,2.9603,-1394.4110773,3.4617,2.0
/home/ccollins/allmols/4/opt/cam/b3lyp/4ih4ih12ef-6ie.log,4ih4ih12ef-6ie,---,[],"td B3LYP/6-31g(d,p)",-5.08907300922,-1.37063740495,114,2.4059,-1395.4403708,3.2860,1.88333333333
/home/ccollins/allmols/4/opt/cam/b3lyp/4af13al-6if-6hl-.log,4af13al-6if-6hl-,---,[],"td B3LYP/6-31g(d,p)",-4.67192249466,-1.13553104841,110,5.5865,-1409.6216472,3.1503,1.68333333333
/home/ccollins/allmols/4/opt/cam/b3lyp/13hh12el4de4hh-.log,13hh12el4de4hh-,---,[],"td B3LYP/6-31g(d,p)",-4.61749972695,-1.64792140647,117,6.6895,-1481.6134768,2.5097,1.58333333333
/home/ccollins/allmols/4/opt/cam/b3lyp/4ee4af6li-12le-.log,4ee4af6li-12le-,---,[],"td B3LYP/6-31g(d,p)",-5.43220855967,-1.42070635125,120,2.0136,-1511.2758171,3.6186,1.66666666667
/home/ccollins/allmols/4/opt/cam/b3lyp/6ll13id6ei13ea-.log,6ll13id6ei13ea-,---,[],"td B3LYP/6-31g(d,p)",-5.21669439951,-1.67513279033,117,6.7305,-1465.6081319,3.1501,2.3
/home/ccollins/allmols/4/opt/cam/b3lyp/6fh4ei4id-12le.log,6fh4ei4id-12le,---,[],"td B3LYP/6-31g(d,p)",-5.27764789935,-1.43240724631,120,2.8433,-1507.5158888,3.5227,2.4
/home/ccollins/allmols/4/opt/cam/b3lyp/12df4ii-12id-4da.log,12df4ii-12id-4da,---,[],"td B3LYP/6-31g(d,p)",-6.12854787261,-2.04439126929,109,4.2676,-1390.8887903,3.6388,1.53333333333
/home/ccollins/allmols/4/opt/cam/b3lyp/6el6fi4dh12if.log,6el6fi4dh12if,---,[],"td B3LYP/6-31g(d,p)",-5.32417936575,-1.57118530399,118,3.6162,-1522.6508081,3.3601,1.95
/home/ccollins/allmols/4/opt/cam/b3lyp/13ll12fi-13ae-13ld.log,13ll12fi-13ae-13ld,---,[],"td B3LYP/6-31g(d,p)",-4.42810849529,-0.878111357114,113,1.8211,-1483.5015024,3.2167,1.23333333333
/home/ccollins/allmols/4/opt/cam/b3lyp/4he4ih-4ad-6hl-.log,4he4ih-4ad-6hl-,---,[],"td B3LYP/6-31g(d,p)",-5.18159171433,-1.45635326411,117,7.3427,-1429.7848697,3.1259,2.0
/home/ccollins/allmols/4/opt/cam/b3lyp/4ai6fi-13ei13ie-.log,4ai6fi-13ei13ie-,---,[],"td B3LYP/6-31g(d,p)",-5.00798308532,-1.12872820245,107,4.5762,-1282.1347322,3.4739,1.5
/home/ccollins/allmols/4/opt/cam/b3lyp/4lh12ee-6hd-13ai.log,4lh12ee-6hd-13ai,---,[],"td B3LYP/6-31g(d,p)",-5.04118097362,-1.74397759149,113,7.6367,-1426.2988175,2.8970,1.46666666667
/home/ccollins/allmols/4/opt/cam/b3lyp/4de4df-13ee-4fi-.log,4de4df-13ee-4fi-,---,[],"td B3LYP/6-31g(d,p)",-5.33996196839,-2.08711314195,120,11.3477,-1506.0477943,2.8916,1.68333333333
/home/ccollins/allmols/4/opt/cam/b3lyp/6hf12al-12ad-4eh.log,6hf12al-12ad-4eh,---,[],"td B3LYP/6-31g(d,p)",-5.01832341118,-1.49771456757,107,6.5308,-1405.8859581,3.1649,1.35
/home/ccollins/allmols/4/opt/cam/b3lyp/12ea4ai-4ea-4ad.log,12ea4ai-4ea-4ad,---,[],"td B3LYP/6-31g(d,p)",-5.68581865723,-1.57281798702,100,4.1155,-1207.0700561,3.7414,1.26666666667
/home/ccollins/allmols/4/opt/cam/b3lyp/6ee4fe-12dd13dh-.log,6ee4fe-12dd13dh-,---,[],"td B3LYP/6-31g(d,p)",-5.69724743845,-2.36902307872,119,10.7068,-1552.9051484,2.9415,1.55
/home/ccollins/allmols/4/opt/cam/b3lyp/12af12ad-13ld-12ad-.log,12af12ad-13ld-12ad-,---,[],"td B3LYP/6-31g(d,p)",-5.48608709971,-2.15486948775,99,7.1068,-1363.1599076,3.0577,0.9
/home/ccollins/allmols/4/opt/cam/b3lyp/13ee4eh12de-12fh-.log,13ee4eh12de-12fh-,---,[],"td B3LYP/6-31g(d,p)",-5.28553920067,-1.84302702874,121,10.3664,-1580.5779778,3.0747,1.9
/home/ccollins/allmols/4/opt/cam/b3lyp/4fa13ee-13de-12hh-.log,4fa13ee-13de-12hh-,---,[],"td B3LYP/6-31g(d,p)",-4.93424023506,-1.20818544332,108,7.5344,-1385.6874806,3.3311,1.16666666667
/home/ccollins/allmols/4/opt/cam/b3lyp/13if6af-13ei-4el-.log,13if6af-13ei-4el-,---,[],"td B3LYP/6-31g(d,p)",-4.83600713933,-1.22859398121,111,4.5621,-1393.2332993,3.2210,2.13333333333
/home/ccollins/allmols/4/opt/cam/b3lyp/6ef6eh-4fd13id-.log,6ef6eh-4fd13id-,---,[],"td B3LYP/6-31g(d,p)",-5.85997151393,-1.92275638344,118,7.4476,-1517.3304801,3.4499,1.76666666667
/home/ccollins/allmols/4/opt/cam/b3lyp/13dl4ae6id-13il.log,13dl4ae6id-13il,---,[],"td B3LYP/6-31g(d,p)",-5.51084945902,-1.52873554517,117,5.4030,-1465.6340498,3.4951,2.33333333333
/home/ccollins/allmols/4/opt/cam/b3lyp/4ei12fh13ee12hi.log,4ei12fh13ee12hi,---,[],"td B3LYP/6-31g(d,p)",-4.60715940108,-1.13689161761,110,5.1486,-1391.9384096,3.1356,1.75
/home/ccollins/allmols/4/opt/cam/b3lyp/6ad12af6fa4ha.log,6ad12af6fa4ha,---,[],"td B3LYP/6-31g(d,p)",-5.3301658702,-2.16602615514,96,1.4004,-1253.3408535,2.8321,0.983333333333
/home/ccollins/allmols/4/opt/cam/b3lyp/13ea4ll4hh-6hh.log,13ea4ll4hh-6hh,---,[],"td B3LYP/6-31g(d,p)",-5.4768352292,-1.81418296185,121,8.1487,-1523.2569075,3.2496,1.85
/home/ccollins/allmols/4/opt/cam/b3lyp/6il13ad4de12di.log,6il13ad4de12di,---,[],"td B3LYP/6-31g(d,p)",-5.73153378211,-2.31079071726,115,12.0451,-1463.2228097,2.9739,1.86666666667
/home/ccollins/allmols/4/opt/cam/b3lyp/12ea12hi13al-12la.log,12ea12hi13al-12la,---,[],"td B3LYP/6-31g(d,p)",-4.3181745045,-0.809266555952,99,2.5512,-1296.5573444,3.2469,1.05
/home/ccollins/allmols/4/opt/cam/b3lyp/13ed12fd4ll4fi-.log,13ed12fd4ll4fi-,---,[],"td B3LYP/6-31g(d,p)",-4.66049371344,-1.10233316011,115,6.1606,-1448.6020407,3.1997,2.08333333333
/home/ccollins/allmols/4/opt/cam/b3lyp/6di12he6ah13li.log,6di12he6ah13li,---,[],"td B3LYP/6-31g(d,p)",-4.83355811478,-1.55649115671,111,6.3262,-1405.4868111,2.9428,1.58333333333
/home/ccollins/allmols/4/opt/cam/b3lyp/4ih4fa4al-6eh-.log,4ih4fa4al-6eh-,---,[],"td B3LYP/6-31g(d,p)",-5.07437886193,-0.970357948394,111,5.0742,-1357.398644,3.6181,1.66666666667
/home/ccollins/allmols/4/opt/cam/b3lyp/13dl12da13hh13di-.log,13dl12da13hh13di-,---,[],"td B3LYP/6-31g(d,p)",-5.01451381744,-1.62751286858,107,6.0748,-1398.2785836,3.0434,1.4
/home/ccollins/allmols/4/opt/cam/b3lyp/13dl6ld13ah13ii.log,13dl6ld13ah13ii,---,[],"td B3LYP/6-31g(d,p)",-4.67437151921,-1.59213806956,112,8.2075,-1422.8024567,2.8456,1.81666666667
/home/ccollins/allmols/4/opt/cam/b3lyp/13da12ha12fa-13ie-.log,13da12ha12fa-13ie-,---,[],"td B3LYP/6-31g(d,p)",-4.60334980734,-1.18723267775,93,7.8260,-1215.136882,3.1610,0.95
/home/ccollins/allmols/4/opt/cam/b3lyp/4ei4ih12hh-12ie-.log,4ei4ih12hh-12ie-,---,[],"td B3LYP/6-31g(d,p)",-4.60471037653,-0.696611426777,111,3.7058,-1357.3110693,3.4937,1.96666666667
/home/ccollins/allmols/4/opt/cam/b3lyp/6hi12ei-12fe13hd.log,6hi12ei-12fe13hd,---,[],"td B3LYP/6-31g(d,p)",-4.78593819303,-1.2158046308,110,4.9039,-1424.0794172,3.2021,1.41666666667
/home/ccollins/allmols/4/opt/cam/b3lyp/13ai12hf-4fe6ai-.log,13ai12hf-4fe6ai-,---,[],"td B3LYP/6-31g(d,p)",-4.53178386779,-1.21906999686,101,3.8560,-1277.7632778,3.0010,1.23333333333
/home/ccollins/allmols/4/opt/cam/b3lyp/4ih12hd-12lh-4if.log,4ih12hd-12lh-4if,---,[],"td B3LYP/6-31g(d,p)",-4.80226502335,-1.5007078198,113,5.6885,-1447.6875417,2.9271,2.05
/home/ccollins/allmols/4/opt/cam/b3lyp/6he4fh-13ii-6ha-.log,6he4fh-13ii-6ha-,---,[],"td B3LYP/6-31g(d,p)",-4.77886323323,-0.829402980007,108,3.5194,-1331.5372552,3.4474,2.1
/home/ccollins/allmols/4/opt/cam/b3lyp/12le4he13hf-13ai-.log,12le4he13hf-13ai-,---,[],"td B3LYP/6-31g(d,p)",-4.42293833236,-1.00546063357,108,2.6085,-1371.1301613,3.0967,1.55
/home/ccollins/allmols/4/opt/cam/b3lyp/4ie12df-4ii-4dh-.log,4ie12df-4ii-4dh-,---,[],"td B3LYP/6-31g(d,p)",-5.62540938507,-1.55213733529,116,8.8214,-1432.3806278,3.6224,2.41666666667
/home/ccollins/allmols/4/opt/cam/b3lyp/4ae6hf13fe-12ei-.log,4ae6hf13fe-12ei-,---,[],"td B3LYP/6-31g(d,p)",-4.64933704606,-1.22668918434,109,2.4945,-1390.7530594,3.0425,1.23333333333
/home/ccollins/allmols/4/opt/cam/b3lyp/4aa12if6ad-13he-.log,4aa12if6ad-13he-,---,[],"td B3LYP/6-31g(d,p)",-4.87491941825,-1.56002863661,99,6.3385,-1255.4744748,2.9294,0.883333333333
/home/ccollins/allmols/4/opt/cam/b3lyp/4ef13li4la-12ih.log,4ef13li4la-12ih,---,[],"td B3LYP/6-31g(d,p)",-4.59899598592,-0.941785995342,113,4.2938,-1415.5515503,3.3435,2.0
/home/ccollins/allmols/4/opt/cam/b3lyp/6ll12eh13ai4fh-.log,6ll12eh13ai4fh-,---,[],"td B3LYP/6-31g(d,p)",-4.23245864535,-1.15076942338,113,2.7376,-1447.6395801,2.7632,1.31666666667
/home/ccollins/allmols/4/opt/cam/b3lyp/6fi4da4al-12ei.log,6fi4da4al-12ei,---,[],"td B3LYP/6-31g(d,p)",-5.63520548325,-1.62615229938,110,2.2562,-1376.0264488,3.6245,1.7
/home/ccollins/allmols/4/opt/cam/b3lyp/6he13da-12hh12fl.log,6he13da-12hh12fl,---,[],"td B3LYP/6-31g(d,p)",-4.48960622281,-1.1728106443,108,11.9140,-1439.1634422,2.9768,1.43333333333
/home/ccollins/allmols/4/opt/cam/b3lyp/6di6hi6dl-6hd.log,6di6hi6dl-6hd,---,[],"td B3LYP/6-31g(d,p)",-5.915482737,-2.15459737392,123,10.2095,-1570.2086052,3.2616,2.21666666667
/home/ccollins/allmols/4/opt/cam/b3lyp/13lh12al-4ff-13fe-.log,13lh12al-4ff-13fe-,---,[],"td B3LYP/6-31g(d,p)",-4.17259360086,-0.628310853293,110,3.2683,-1465.2680965,3.2099,1.2
/home/ccollins/allmols/4/opt/cam/b3lyp/13hf4de-6af6ha-.log,13hf4de-6af6ha-,---,[],"td B3LYP/6-31g(d,p)",-5.16689756705,-2.05745273354,106,3.8928,-1364.9839816,2.6523,1.06666666667
/home/ccollins/allmols/4/opt/cam/b3lyp/6hi6hd-4hf-4hi.log,6hi6hd-4hf-4hi,---,[],"td B3LYP/6-31g(d,p)",-4.83383022862,-1.4315909048,115,8.9050,-1425.0665876,2.9224,1.55
/home/ccollins/allmols/4/opt/cam/b3lyp/6af4dd13la-12ha-.log,6af4dd13la-12ha-,---,[],"td B3LYP/6-31g(d,p)",-4.8653954339,-2.0762285884,103,4.9760,-1346.760009,2.4760,1.2
/home/ccollins/allmols/4/opt/cam/b3lyp/13hi6ef-12dh-12fe-.log,13hi6ef-12dh-12fe-,---,[],"td B3LYP/6-31g(d,p)",-4.91791340475,-1.59268229724,110,3.7778,-1459.9493294,2.9573,1.15
/home/ccollins/allmols/4/opt/cam/b3lyp/12dl12dl-4af-13hh.log,12dl12dl-4af-13hh,---,[],"td B3LYP/6-31g(d,p)",-4.58212492793,-1.77254954454,112,6.0282,-1498.3684527,2.5192,1.36666666667
/home/ccollins/allmols/4/opt/cam/b3lyp/13fa4la-6fe-4aa-.log,13fa4la-6fe-4aa-,---,[],"td B3LYP/6-31g(d,p)",-5.18431285272,-1.4111823669,100,3.5926,-1260.5084313,3.4457,1.46666666667
/home/ccollins/allmols/4/opt/cam/b3lyp/6ef13al4fi-6fe-.log,6ef13al4fi-6fe-,---,[],"td B3LYP/6-31g(d,p)",-5.06675967445,-1.29825512389,114,4.1183,-1467.2413129,3.3398,1.43333333333
/home/ccollins/allmols/4/opt/cam/b3lyp/12hh12ed13hh-12ef.log,12hh12ed13hh-12ef,---,[],"td B3LYP/6-31g(d,p)",-4.51055898838,-1.36301821747,107,7.7877,-1437.8699414,2.8618,1.3
/home/ccollins/allmols/4/opt/cam/b3lyp/6dl4da-4ah-13fl.log,6dl4da-4ah-13fl,---,[],"td B3LYP/6-31g(d,p)",-4.93668925961,-1.72982767188,114,8.8124,-1463.5003487,2.8835,1.53333333333
/home/ccollins/allmols/4/opt/cam/b3lyp/13ef13le12ae4la-.log,13ef13le12ae4la-,---,[],"td B3LYP/6-31g(d,p)",-4.91845763242,-0.914574611484,116,4.7514,-1489.5743642,3.5864,1.81666666667
/home/ccollins/allmols/4/opt/cam/b3lyp/6fl12ii4el-12il.log,6fl12ii4el-12il,---,[],"td B3LYP/6-31g(d,p)",-5.0036292639,-1.15049730954,121,4.1853,-1549.9143362,3.4217,2.36666666667
/home/ccollins/allmols/4/opt/cam/b3lyp/4ai13ah13eh-13id.log,4ai13ah13eh-13id,---,[],"td B3LYP/6-31g(d,p)",-4.48198703533,-0.900968919555,100,7.3459,-1216.9632052,3.2009,1.58333333333
/home/ccollins/allmols/4/opt/cam/b3lyp/12ae6fi12da-12da.log,12ae6fi12da-12da,---,[],"td B3LYP/6-31g(d,p)",-5.83602549613,-2.20956436931,98,7.8733,-1309.9827129,3.2566,0.966666666667
/home/ccollins/allmols/4/opt/cam/b3lyp/6hi6ai-12fa6fa.log,6hi6ai-12fa6fa,---,[],"td B3LYP/6-31g(d,p)",-5.24336155569,-1.39757667497,98,6.2443,-1255.7812294,3.4531,1.26666666667
/home/ccollins/allmols/4/opt/cam/b3lyp/13ha13fd6eh-12ad-.log,13ha13fd6eh-12ad-,---,[],"td B3LYP/6-31g(d,p)",-4.81124478002,-1.98615890783,102,5.5119,-1341.661652,2.5348,1.05
/home/ccollins/allmols/4/opt/cam/b3lyp/4ea13li6fl13lf-.log,4ea13li6fl13lf-,---,[],"td B3LYP/6-31g(d,p)",-4.72852217309,-1.2228795906,117,1.3705,-1506.7930688,3.1713,1.45
/home/ccollins/allmols/4/opt/cam/b3lyp/12hd6ae13he13hi.log,12hd6ae13he13hi,---,[],"td B3LYP/6-31g(d,p)",-4.43055751984,-1.64846563415,106,4.0267,-1345.0351502,2.5567,1.35
/home/ccollins/allmols/4/opt/cam/b3lyp/13le6fe6dd6lf-.log,13le6fe6dd6lf-,---,[],"td B3LYP/6-31g(d,p)",-5.83656972381,-2.3731047863,126,5.0770,-1667.7295809,2.9404,1.5
/home/ccollins/allmols/4/opt/cam/b3lyp/13de13lf4dh-6af.log,13de13lf4dh-6af,---,[],"td B3LYP/6-31g(d,p)",-5.354111888,-1.68139140862,113,11.8425,-1478.2698688,3.2820,1.85
/home/ccollins/allmols/4/opt/cam/b3lyp/13le12ae4ai4lf-.log,13le12ae4ai4lf-,---,[],"td B3LYP/6-31g(d,p)",-4.52634159102,-1.07294486554,107,4.0428,-1375.295129,3.1764,1.46666666667
/home/ccollins/allmols/4/opt/cam/b3lyp/13el6ll6fi-12id.log,13el6ll6fi-12id,---,[],"td B3LYP/6-31g(d,p)",-4.64906493222,-0.720557444573,112,3.9608,-1358.520861,3.5108,2.1
/home/ccollins/allmols/4/opt/cam/b3lyp/4fi6al-4ll13dl.log,4fi6al-4ll13dl,---,[],"td B3LYP/6-31g(d,p)",-5.3696223768,-1.27839081367,124,4.1425,-1584.2751803,3.6710,1.61666666667
/home/ccollins/allmols/4/opt/cam/b3lyp/4dd13da-6ha12ea.log,4dd13da-6ha12ea,---,[],"td B3LYP/6-31g(d,p)",-5.65996784257,-2.69011740825,103,6.4982,-1325.4261197,2.5543,1.13333333333
/home/ccollins/allmols/4/opt/cam/b3lyp/13ff4fd-12fi13de-.log,13ff4fd-12fi13de-,---,[],"td B3LYP/6-31g(d,p)",-5.08499130164,-1.91676987899,110,4.8444,-1479.9013468,2.8712,1.46666666667
/home/ccollins/allmols/4/opt/cam/b3lyp/13lf6dd-6ah-6il.log,13lf6dd-6ah-6il,---,[],"td B3LYP/6-31g(d,p)",-5.64745060599,-2.47269845122,118,8.2735,-1534.8905385,2.7399,1.85
/home/ccollins/allmols/4/opt/cam/b3lyp/13hd12ff13dh-4if.log,13hd12ff13dh-4if,---,[],"td B3LYP/6-31g(d,p)",-4.87355884906,-1.49608188454,108,7.8246,-1439.2481508,3.0788,1.26666666667
/home/ccollins/allmols/4/opt/cam/b3lyp/13ha12fl13af13dd-.log,13ha12fl13af13dd-,---,[],"td B3LYP/6-31g(d,p)",-4.81423803224,-1.42179480661,101,12.2756,-1361.784464,3.0918,0.983333333333
/home/ccollins/allmols/4/opt/cam/b3lyp/6ai6dh-13di6fi-.log,6ai6dh-13di6fi-,---,[],"td B3LYP/6-31g(d,p)",-5.81316793369,-1.95214467801,110,4.7388,-1384.5108872,3.4101,1.35
/home/ccollins/allmols/4/opt/cam/b3lyp/6il13ie-6id4he.log,6il13ie-6id4he,---,[],"td B3LYP/6-31g(d,p)",-5.23383757134,-1.63622051141,120,8.6849,-1467.8237168,3.0501,1.96666666667
/home/ccollins/allmols/4/opt/cam/b3lyp/12la6df13fd4hi-.log,12la6df13fd4hi-,---,[],"td B3LYP/6-31g(d,p)",-5.38567709327,-1.74778718523,111,1.7346,-1461.3134787,3.2412,1.53333333333
/home/ccollins/allmols/4/opt/cam/b3lyp/6hi13ed6ha12dl.log,6hi13ed6ha12dl,---,[],"td B3LYP/6-31g(d,p)",-5.53261856611,-2.04275858626,113,9.1706,-1458.4281471,3.1264,1.66666666667
/home/ccollins/allmols/4/opt/cam/b3lyp/6eh6ei4fd-13le-.log,6eh6ei4fd-13le-,---,[],"td B3LYP/6-31g(d,p)",-5.59411629363,-1.47540123281,122,7.3705,-1540.5297886,3.6801,2.1
/home/ccollins/allmols/4/opt/cam/b3lyp/6ah6ed12ha13fh-.log,6ah6ed12ha13fh-,---,[],"td B3LYP/6-31g(d,p)",-4.70158290307,-1.71731043531,103,5.4210,-1342.8844039,2.5251,0.933333333333
/home/ccollins/allmols/4/opt/cam/b3lyp/12df4ei4if-13al.log,12df4ei4if-13al,---,[],"td B3LYP/6-31g(d,p)",-4.83274177327,-1.48002716806,111,5.1841,-1413.1243008,2.9880,1.66666666667
/home/ccollins/allmols/4/opt/cam/b3lyp/6le6fd-12ha-6ff-.log,6le6fd-12ha-6ff-,---,[],"td B3LYP/6-31g(d,p)",-5.28227383461,-2.08357566204,114,2.9756,-1535.2986708,2.8690,1.35
/home/ccollins/allmols/4/opt/cam/b3lyp/6he6al-12he-6hf.log,6he6al-12he-6hf,---,[],"td B3LYP/6-31g(d,p)",-4.60144501047,-1.44873407663,114,5.2908,-1479.4626786,2.8029,1.93333333333
/home/ccollins/allmols/4/opt/cam/b3lyp/12fe4hh6il13df.log,12fe4hh6il13df,---,[],"td B3LYP/6-31g(d,p)",-4.95818625286,-1.38805269062,115,3.1458,-1500.5606836,3.0462,1.7
/home/ccollins/allmols/4/opt/cam/b3lyp/12el12ii13df-13ae-.log,12el12ii13df-13ae-,---,[],"td B3LYP/6-31g(d,p)",-5.03628292453,-1.23621316869,107,7.0123,-1389.7567198,3.4419,1.41666666667
/home/ccollins/allmols/4/opt/cam/b3lyp/13dd4ll4ee13ae-.log,13dd4ll4ee13ae-,---,[],"td B3LYP/6-31g(d,p)",-5.04635113656,-1.05171998613,105,9.6705,-1317.1211312,3.6067,1.48333333333
/home/ccollins/allmols/4/opt/cam/b3lyp/6hi12ed-13fe-4ia-.log,6hi12ed-13fe-4ia-,---,[],"td B3LYP/6-31g(d,p)",-5.15247553361,-1.33254146755,109,6.7148,-1370.9415446,3.4158,1.83333333333
/home/ccollins/allmols/4/opt/cam/b3lyp/13hf6ff12de-4ia.log,13hf6ff12de-4ia,---,[],"td B3LYP/6-31g(d,p)",-5.28826033906,-1.80493109133,107,2.6970,-1405.8973271,3.1175,1.61666666667
/home/ccollins/allmols/4/opt/cam/b3lyp/6ea13eh13aa-4ea-.log,6ea13eh13aa-4ea-,---,[],"td B3LYP/6-31g(d,p)",-4.56035582084,-1.32737130462,97,2.2512,-1181.1348243,2.8662,1.2
/home/ccollins/allmols/4/opt/cam/b3lyp/13ee13de-4la6hi.log,13ee13de-4la6hi,---,[],"td B3LYP/6-31g(d,p)",-5.15138707825,-1.57009684863,114,11.3286,-1481.666667,3.1624,1.73333333333
/home/ccollins/allmols/4/opt/cam/b3lyp/4ia13li-4di-12if-.log,4ia13li-4di-12if-,---,[],"td B3LYP/6-31g(d,p)",-5.069208699,-1.41553618832,109,6.3948,-1340.3988908,3.2174,1.81666666667
/home/ccollins/allmols/4/opt/cam/b3lyp/6lh13dd-6fa6hd.log,6lh13dd-6fa6hd,---,[],"td B3LYP/6-31g(d,p)",-5.82976687784,-2.3075253512,116,10.5364,-1528.7082854,3.0951,1.71666666667
/home/ccollins/allmols/4/opt/cam/b3lyp/13fa12ih-12id-13ih-.log,13fa12ih-12id-13ih-,---,[],"td B3LYP/6-31g(d,p)",-4.62266988988,-0.965459899299,99,5.3147,-1272.9769922,3.2456,1.23333333333
/home/ccollins/allmols/4/opt/cam/b3lyp/4hd13ai-12li-6lf.log,4hd13ai-12li-6lf,---,[],"td B3LYP/6-31g(d,p)",-4.57069614671,-1.15838861086,113,3.5612,-1447.7024785,3.0400,1.45
/home/ccollins/allmols/4/opt/cam/b3lyp/12dl12hf-13hi-13fl-.log,12dl12hf-13hi-13fl-,---,[],"td B3LYP/6-31g(d,p)",-4.20579148917,-0.821511678688,111,7.0162,-1498.5974309,3.0740,1.4
/home/ccollins/allmols/4/opt/cam/b3lyp/13hl12ia-13hl-13ae.log,13hl12ia-13hl-13ae,---,[],"td B3LYP/6-31g(d,p)",-4.19653961866,-0.552391092327,103,2.5679,-1312.2043288,3.3508,1.3
/home/ccollins/allmols/4/opt/cam/b3lyp/13ah4lh12fd-4fe-.log,13ah4lh12fd-4fe-,---,[],"td B3LYP/6-31g(d,p)",-4.54811069811,-1.65907807385,111,3.5224,-1445.2030161,2.5794,1.61666666667
/home/ccollins/allmols/4/opt/cam/b3lyp/6ha13eh-6fd-13fe13li.log,6ha13eh-6fd-13fe13li,---,[],"td B3LYP/6-31g(d,p)",-4.75355664624,-1.53907587104,138,8.3922,-1781.9102938,2.8657,1.86666666667
/home/ccollins/allmols/4/opt/cam/b3lyp/13ei13ei-12lh4ii.log,13ei13ei-12lh4ii,---,[],"td B3LYP/6-31g(d,p)",-4.61913240998,-1.24138333162,110,6.3235,-1411.77534,3.0396,1.33333333333
/home/ccollins/allmols/4/opt/cam/b3lyp/12ef6la4if-12fe-.log,12ef6la4if-12fe-,---,[],"td B3LYP/6-31g(d,p)",-5.1157401654,-1.36764415273,111,2.3883,-1468.8199578,3.3680,1.58333333333
/home/ccollins/allmols/4/opt/cam/b3lyp/12hf4hh-6dd13hh.log,12hf4hh-6dd13hh,---,[],"td B3LYP/6-31g(d,p)",-4.92526047839,-2.24629973752,111,3.8157,-1453.655208,2.2108,1.4
/home/ccollins/allmols/4/opt/cam/b3lyp/6dh13ia-13fl13ae.log,6dh13ia-13fl13ae,---,[],"td B3LYP/6-31g(d,p)",-4.58266915561,-1.30451374218,104,6.6736,-1328.0546884,2.8528,1.35
/home/ccollins/allmols/4/opt/cam/b3lyp/13da4ei12ad13lf-.log,13da4ei12ad13lf-,---,[],"td B3LYP/6-31g(d,p)",-5.33615237465,-1.72792287501,106,9.4144,-1368.7492327,3.2619,1.4
/home/ccollins/allmols/4/opt/cam/b3lyp/13al12ea-13el6li.log,13al12ea-13el6li,---,[],"td B3LYP/6-31g(d,p)",-4.4648438635,-1.01716152863,112,2.6747,-1430.3047843,3.1340,1.71666666667
/home/ccollins/allmols/4/opt/cam/b3lyp/4di6ae-13hh13li.log,4di6ae-13hh13li,---,[],"td B3LYP/6-31g(d,p)",-4.47219093714,-1.2968945547,111,7.6830,-1369.5866131,2.8019,1.35
/home/ccollins/allmols/4/opt/cam/b3lyp/6if13di-12ii-6fi.log,6if13di-12ii-6fi,---,[],"td B3LYP/6-31g(d,p)",-5.38894245934,-1.56111709196,109,5.9970,-1372.5304699,3.4108,1.83333333333
/home/ccollins/allmols/4/opt/cam/b3lyp/4he12ff6he4fi-.log,4he12ff6he4fi-,---,[],"td B3LYP/6-31g(d,p)",-4.87165405219,-1.19648454826,114,2.3775,-1467.2458844,3.2659,1.98333333333
/home/ccollins/allmols/4/opt/cam/b3lyp/12hd13id-12id-12ed.log,12hd13id-12id-12ed,---,[],"td B3LYP/6-31g(d,p)",-5.80037858328,-2.46371869455,111,8.2819,-1475.8052784,2.9839,1.45
/home/ccollins/allmols/4/opt/cam/b3lyp/13al13dl-6fa6ee.log,13al13dl-6fa6ee,---,[],"td B3LYP/6-31g(d,p)",-5.18404073888,-1.65526848011,113,3.7514,-1462.1545394,3.1723,1.75
/home/ccollins/allmols/4/opt/cam/b3lyp/13he6ai12lh-6fe.log,13he6ai12lh-6fe,---,[],"td B3LYP/6-31g(d,p)",-5.01805129734,-1.50234050283,111,5.4537,-1425.2879142,3.1572,1.75
/home/ccollins/allmols/4/opt/cam/b3lyp/12eh12fh-4hf12ll.log,12eh12fh-4hf12ll,---,[],"td B3LYP/6-31g(d,p)",-4.3336849933,-0.847634607192,114,3.7554,-1540.4550432,3.1676,1.56666666667
/home/ccollins/allmols/4/opt/cam/b3lyp/6af13hi-12ah12fd.log,6af13hi-12ah12fd,---,[],"td B3LYP/6-31g(d,p)",-4.58375761096,-1.15702804166,98,4.7601,-1307.6888564,3.0927,1.13333333333
/home/ccollins/allmols/4/opt/cam/b3lyp/4li12ll12fl13ia.log,4li12ll12fl13ia,---,[],"td B3LYP/6-31g(d,p)",-4.48089857998,-0.791579156444,116,1.6435,-1510.8541065,3.3621,1.71666666667
/home/ccollins/allmols/4/opt/cam/b3lyp/12ih13ai-12hh-12ih-.log,12ih13ai-12hh-12ih-,---,[],"td B3LYP/6-31g(d,p)",-4.07708164352,-0.316468394274,97,3.0804,-1236.0778784,3.4292,1.1
/home/ccollins/allmols/4/opt/cam/b3lyp/4ai12ll6hi-6al-.log,4ai12ll6hi-6al-,---,[],"td B3LYP/6-31g(d,p)",-5.00635040229,-1.25417268204,114,6.0505,-1432.8612852,3.3602,2.45
/home/ccollins/allmols/4/opt/cam/b3lyp/12fa13fi-12ed-13di-.log,12fa13fi-12ed-13di-,---,[],"td B3LYP/6-31g(d,p)",-4.96607755417,-1.77091686151,103,8.8865,-1366.5473607,2.8368,1.21666666667
/home/ccollins/allmols/4/opt/cam/b3lyp/4il12ih-12ah13la-.log,4il12ih-12ah13la-,---,[],"td B3LYP/6-31g(d,p)",-4.04769334895,-0.722734355282,104,2.8995,-1317.3153209,2.9792,1.31666666667
/home/ccollins/allmols/4/opt/cam/b3lyp/6ea13ae13de4fl-.log,6ea13ae13de4fl-,---,[],"td B3LYP/6-31g(d,p)",-5.22730683922,-1.40301895174,111,8.8175,-1407.7592259,3.3584,1.76666666667
/home/ccollins/allmols/4/opt/cam/b3lyp/4af12ea-12ah-6fl.log,4af12ea-12ah-6fl,---,[],"td B3LYP/6-31g(d,p)",-4.79655063274,-1.38424309688,101,4.3107,-1333.5093719,3.0480,1.2
/home/ccollins/allmols/4/opt/cam/b3lyp/12ef6hh-13ea-13ha-.log,12ef6hh-13ea-13ha-,---,[],"td B3LYP/6-31g(d,p)",-4.40198556679,-1.24328812849,100,2.1707,-1288.6930583,2.7979,1.11666666667
/home/ccollins/allmols/4/opt/cam/b3lyp/12ei6ef13ea-4ee.log,12ei6ef13ea-4ee,---,[],"td B3LYP/6-31g(d,p)",-5.29125359128,-1.65962230153,113,0.6001,-1412.4550018,3.2138,1.8
/home/ccollins/allmols/4/opt/cam/b3lyp/12ff6dh6lf-4hd-.log,12ff6dh6lf-4hd-,---,[],"td B3LYP/6-31g(d,p)",-5.67085239611,-1.76982840616,118,13.6800,-1590.6711189,3.4473,1.96666666667
/home/ccollins/allmols/4/opt/cam/b3lyp/4fl6hi-6dh-6ia.log,4fl6hi-6dh-6ia,---,[],"td B3LYP/6-31g(d,p)",-5.51275425589,-1.3695489496,115,6.7399,-1444.8973848,3.6247,1.66666666667
/home/ccollins/allmols/4/opt/cam/b3lyp/4ia13di-4ha13dl.log,4ia13di-4ha13dl,---,[],"td B3LYP/6-31g(d,p)",-5.44200465786,-1.35839228222,107,4.9891,-1314.3086083,3.6169,1.63333333333
/home/ccollins/allmols/4/opt/cam/b3lyp/12ee6eh13ih12lf.log,12ee6eh13ih12lf,---,[],"td B3LYP/6-31g(d,p)",-4.35518198655,-1.33771163048,114,2.6366,-1483.1546584,2.7088,1.51666666667
/home/ccollins/allmols/4/opt/cam/b3lyp/6aa12le-4ef12af-.log,6aa12le-4ef12af-,---,[],"td B3LYP/6-31g(d,p)",-5.22322513164,-1.46016285785,103,2.4541,-1354.2685158,3.4014,1.26666666667
/home/ccollins/allmols/4/opt/cam/b3lyp/6fd4fe-6ii13lh.log,6fd4fe-6ii13lh,---,[],"td B3LYP/6-31g(d,p)",-4.77695843636,-1.47785025735,118,2.8191,-1502.7802402,2.9892,1.43333333333
/home/ccollins/allmols/4/opt/cam/b3lyp/6hi6ae-12eh12la-.log,6hi6ae-12eh12la-,---,[],"td B3LYP/6-31g(d,p)",-5.08036536638,-1.41145448074,107,3.8797,-1369.9097754,3.2372,1.38333333333
/home/ccollins/allmols/4/opt/cam/b3lyp/6el13ah-6hd12il-.log,6el13ah-6hd12il-,---,[],"td B3LYP/6-31g(d,p)",-4.82185721972,-1.46560513462,115,7.7406,-1480.6941736,2.9757,1.38333333333
/home/ccollins/allmols/4/opt/cam/b3lyp/13al6ah-4af-13la.log,13al6ah-4af-13la,---,[],"td B3LYP/6-31g(d,p)",-4.38647507799,-0.786953221188,99,2.6370,-1256.95249,3.2698,1.3
/home/ccollins/allmols/4/opt/cam/b3lyp/12fd4ll-12le6ef.log,12fd4ll-12le6ef,---,[],"td B3LYP/6-31g(d,p)",-4.60389403502,-0.981514615776,103,1.2086,-1335.9921818,3.2525,1.25
/home/ccollins/allmols/4/opt/cam/b3lyp/13ei4dd6ie13ie.log,13ei4dd6ie13ie,---,[],"td B3LYP/6-31g(d,p)",-5.54622425804,-2.53365195106,117,2.6676,-1428.2027856,2.6245,1.8
/home/ccollins/allmols/4/opt/cam/b3lyp/13hi6aa-6ff-4al-.log,13hi6aa-6ff-4al-,---,[],"td B3LYP/6-31g(d,p)",-4.99274471036,-1.54968831074,102,3.6235,-1295.0983277,3.0971,1.2
/home/ccollins/allmols/4/opt/cam/b3lyp/4fd4ih12ei-13il-.log,4fd4ih12ei-13il-,---,[],"td B3LYP/6-31g(d,p)",-4.85423876652,-1.23294780263,115,3.9949,-1432.5906487,3.2206,1.61666666667
/home/ccollins/allmols/4/opt/cam/b3lyp/6li12ai-13fi12ed-.log,6li12ai-13fi12ed-,---,[],"td B3LYP/6-31g(d,p)",-4.83546291165,-1.47621757432,108,5.2055,-1391.0610453,3.0409,1.53333333333
/home/ccollins/allmols/4/opt/cam/b3lyp/13al6ee-13ha12ee.log,13al6ee-13ha12ee,---,[],"td B3LYP/6-31g(d,p)",-4.48715719827,-1.54968831074,108,3.7953,-1369.5659859,2.4796,1.46666666667
/home/ccollins/allmols/4/opt/cam/b3lyp/13ih4fl6ee4hh-.log,13ih4fl6ee4hh-,---,[],"td B3LYP/6-31g(d,p)",-4.96988714791,-1.47594546048,110,7.8341,-1404.2325882,3.1051,1.41666666667
/home/ccollins/allmols/4/opt/cam/b3lyp/4ee13ih13ad12fh-.log,4ee13ih13ad12fh-,---,[],"td B3LYP/6-31g(d,p)",-4.54647801508,-1.5388037572,106,7.9863,-1348.8482542,2.5728,1.45
/home/ccollins/allmols/4/opt/cam/b3lyp/4fd6hl12il6lh-.log,4fd6hl12il6lh-,---,[],"td B3LYP/6-31g(d,p)",-4.78512185152,-1.25634959275,124,7.1762,-1616.3658136,3.0965,1.7
/home/ccollins/allmols/4/opt/cam/b3lyp/12fl6aa-4ef13il-.log,12fl6aa-4ef13il-,---,[],"td B3LYP/6-31g(d,p)",-4.94376421941,-1.50941546263,109,2.7062,-1412.115112,3.1346,1.53333333333
/home/ccollins/allmols/4/opt/cam/b3lyp/6ai4ad6hd-6fh.log,6ai4ad6hd-6fh,---,[],"td B3LYP/6-31g(d,p)",-5.20825887052,-2.09582078478,109,9.6459,-1383.3092677,2.7348,1.5
/home/ccollins/allmols/4/opt/cam/b3lyp/6fh13dl-6fe12ae.log,6fh13dl-6fe12ae,---,[],"td B3LYP/6-31g(d,p)",-5.33098221172,-1.77799182131,113,4.4862,-1498.0833934,3.1670,1.45
/home/ccollins/allmols/4/opt/cam/b3lyp/12el6if4lf-12fd.log,12el6if4lf-12fd,---,[],"td B3LYP/6-31g(d,p)",-4.02565212803,-0.906955424004,106,5.1683,-1418.3415824,2.8608,1.18333333333
/home/ccollins/allmols/4/opt/cam/b3lyp/12fa12ld12ee4fh-.log,12fa12ld12ee4fh-,---,[],"td B3LYP/6-31g(d,p)",-5.04308577049,-1.70941913399,110,2.6278,-1483.6054432,2.9644,1.41666666667
/home/ccollins/allmols/4/opt/cam/b3lyp/4el12lh6ff-4ld.log,4el12lh6ff-4ld,---,[],"td B3LYP/6-31g(d,p)",-4.95927470821,-1.5232932684,126,7.4047,-1657.0240094,3.0855,2.4
/home/ccollins/allmols/4/opt/cam/b3lyp/13al4ei6eh13al.log,13al4ei6eh13al,---,[],"td B3LYP/6-31g(d,p)",-4.82294567508,-0.939609084634,111,2.0772,-1373.3305159,3.4332,1.9
/home/ccollins/allmols/4/opt/cam/b3lyp/4fi13da6ea-4eh.log,4fi13da6ea-4eh,---,[],"td B3LYP/6-31g(d,p)",-5.49316205951,-1.68819425458,108,6.6553,-1333.8419117,3.3580,1.3
/home/ccollins/allmols/4/opt/cam/b3lyp/6ed13ie-13dd-6ie-.log,6ed13ie-13dd-6ie-,---,[],"td B3LYP/6-31g(d,p)",-5.96283054491,-2.50997804711,119,11.1877,-1497.1641138,2.9820,1.98333333333
/home/ccollins/allmols/4/opt/cam/b3lyp/12hl13ed-4ff-6da-.log,12hl13ed-4ff-6da-,---,[],"td B3LYP/6-31g(d,p)",-5.18921090181,-1.76792360929,113,2.4929,-1498.1118842,3.0435,1.51666666667
/home/ccollins/allmols/4/opt/cam/b3lyp/4ah12ha6ih-12ah.log,4ah12ha6ih-12ah,---,[],"td B3LYP/6-31g(d,p)",-4.61069688098,-1.12682340558,95,6.3932,-1197.7803563,3.1117,1.28333333333
/home/ccollins/allmols/4/opt/cam/b3lyp/4fl13el-12ha-13fa-.log,4fl13el-12ha-13fa-,---,[],"td B3LYP/6-31g(d,p)",-4.07898644039,-0.816069401916,106,2.3305,-1390.0596788,2.9435,1.38333333333
/home/ccollins/allmols/4/opt/cam/b3lyp/4fd6ee-6hl4il.log,4fd6ee-6hl4il,---,[],"td B3LYP/6-31g(d,p)",-5.06812024364,-1.91921890354,127,5.3743,-1600.9917078,2.5952,2.35
/home/ccollins/allmols/4/opt/cam/b3lyp/4ah12ee4ii-13hd-.log,4ah12ee4ii-13hd-,---,[],"td B3LYP/6-31g(d,p)",-5.16635333937,-1.31349349885,109,4.9349,-1335.0356752,3.3761,1.4
/home/ccollins/allmols/4/opt/cam/b3lyp/12ad13fi13ih-6ei.log,12ad13fi13ih-6ei,---,[],"td B3LYP/6-31g(d,p)",-4.76716233817,-1.32982032916,104,6.0242,-1312.0249378,3.0143,1.3
/home/ccollins/allmols/4/opt/cam/b3lyp/6ha12if-12id-13ei-.log,6ha12if-12id-13ei-,---,[],"td B3LYP/6-31g(d,p)",-5.07111349587,-1.40900545619,104,6.7272,-1331.8971675,3.2745,1.2
/home/ccollins/allmols/4/opt/cam/b3lyp/12eh6fh13hf-13hf-.log,12eh6fh13hf-13hf-,---,[],"td B3LYP/6-31g(d,p)",-4.02565212803,-0.906955424004,106,5.1683,-1418.3415824,2.8608,1.18333333333
/home/ccollins/allmols/4/opt/cam/b3lyp/4he4da13li12el-.log,4he4da13li12el-,---,[],"td B3LYP/6-31g(d,p)",-5.08880089538,-1.52519806527,117,4.0777,-1469.3909411,3.2049,2.0
/home/ccollins/allmols/4/opt/cam/b3lyp/12il12li4ii6hd.log,12il12li4ii6hd,---,[],"td B3LYP/6-31g(d,p)",-4.51110321606,-1.31648675107,109,8.2453,-1372.4704015,2.8512,1.56666666667
/home/ccollins/allmols/4/opt/cam/b3lyp/6ef6dl13hl13de-.log,6ef6dl13hl13de-,---,[],"td B3LYP/6-31g(d,p)",-5.19982334152,-1.90561321161,123,7.2825,-1609.7537318,2.9905,2.05
/home/ccollins/allmols/4/opt/cam/b3lyp/6df13dh6ha4fi.log,6df13dh6ha4fi,---,[],"td B3LYP/6-31g(d,p)",-5.2194155379,-1.91486508212,110,4.9836,-1420.4223373,2.9129,1.65
/home/ccollins/allmols/4/opt/cam/b3lyp/12da12al4lh-4ed.log,12da12al4lh-4ed,---,[],"td B3LYP/6-31g(d,p)",-5.26730757349,-1.88248353533,113,6.4475,-1466.0133934,2.9098,1.56666666667
/home/ccollins/allmols/4/opt/cam/b3lyp/4li4dd-13hi-12ed-.log,4li4dd-13hi-12ed-,---,[],"td B3LYP/6-31g(d,p)",-5.46731124485,-2.35677795598,119,4.8944,-1502.5273297,2.6566,1.75
/home/ccollins/allmols/4/opt/cam/b3lyp/12hh4lh13ed13ll-.log,12hh4lh13ed13ll-,---,[],"td B3LYP/6-31g(d,p)",-4.74185575118,-1.09689088334,120,8.7955,-1557.0832594,3.3061,2.08333333333
/home/ccollins/allmols/4/opt/cam/b3lyp/4eh6lf-6al6df.log,4eh6lf-6al6df,---,[],"td B3LYP/6-31g(d,p)",-5.36853392144,-1.86969418492,121,5.2182,-1576.7892657,3.0819,1.7
/home/ccollins/allmols/4/opt/cam/b3lyp/4aa12dl13il-12id-.log,4aa12dl13il-12id-,---,[],"td B3LYP/6-31g(d,p)",-5.17968691746,-1.81554353104,108,2.6108,-1391.09069,3.0007,1.73333333333
/home/ccollins/allmols/4/opt/cam/b3lyp/13el13id6eh4df-.log,13el13id6eh4df-,---,[],"td B3LYP/6-31g(d,p)",-5.32118611353,-1.74044011159,119,5.9850,-1518.5265095,3.1904,2.13333333333
/home/ccollins/allmols/4/opt/cam/b3lyp/12hl4ed12hi-13aa-.log,12hl4ed12hi-13aa-,---,[],"td B3LYP/6-31g(d,p)",-4.69287526024,-1.684112547,104,5.1601,-1331.8578845,2.6246,1.33333333333
/home/ccollins/allmols/4/opt/cam/b3lyp/12ad13ei-4da-13hh.log,12ad13ei-4da-13hh,---,[],"td B3LYP/6-31g(d,p)",-5.05342609636,-1.63567628373,102,11.6586,-1289.7239001,3.0077,1.16666666667
/home/ccollins/allmols/4/opt/cam/b3lyp/12da4he-4ah4af.log,12da4he-4ah4af,---,[],"td B3LYP/6-31g(d,p)",-5.45533823595,-1.36002496525,102,3.7869,-1277.5446674,3.6218,1.4
/home/ccollins/allmols/4/opt/cam/b3lyp/12ih6ia-12ia-4he.log,12ih6ia-12ia-4he,---,[],"td B3LYP/6-31g(d,p)",-4.82049665053,-1.15893283853,101,5.1608,-1241.859978,3.2903,1.45
/home/ccollins/allmols/4/opt/cam/b3lyp/13de13dd13ha-4fi.log,13de13dd13ha-4fi,---,[],"td B3LYP/6-31g(d,p)",-5.19356472323,-1.50533375505,108,13.4209,-1381.9873745,3.2659,1.75
/home/ccollins/allmols/4/opt/cam/b3lyp/12he12ie13dl-6ld-.log,12he12ie13dl-6ld-,---,[],"td B3LYP/6-31g(d,p)",-5.2180549687,-1.82153003549,120,8.8371,-1575.471731,3.0617,2.01666666667
/home/ccollins/allmols/4/opt/cam/b3lyp/4id13fl-13de-13ae.log,4id13fl-13de-13ae,---,[],"td B3LYP/6-31g(d,p)",-5.0262147125,-1.97717915116,112,8.6243,-1425.0607229,2.6587,1.28333333333
/home/ccollins/allmols/4/opt/cam/b3lyp/6id13el-13ah-4dd.log,6id13el-13ah-4dd,---,[],"td B3LYP/6-31g(d,p)",-5.15655724118,-2.27078998299,115,2.4420,-1459.395621,2.4372,1.58333333333
/home/ccollins/allmols/4/opt/cam/b3lyp/13ii6de6lh-13ea-.log,13ii6de6lh-13ea-,---,[],"td B3LYP/6-31g(d,p)",-4.98158804297,-2.00656744573,113,3.9832,-1406.4253836,2.4902,1.63333333333
/home/ccollins/allmols/4/opt/cam/b3lyp/6dh6af12di6dd-.log,6dh6af12di6dd-,---,[],"td B3LYP/6-31g(d,p)",-6.36202154612,-3.00930694091,114,7.0198,-1510.1761776,2.9714,1.55
/home/ccollins/allmols/4/opt/cam/b3lyp/12ea12lf4ea-4af.log,12ea12lf4ea-4af,---,[],"td B3LYP/6-31g(d,p)",-5.03328967231,-1.49853090909,103,1.9568,-1338.2446544,3.1862,1.11666666667
/home/ccollins/allmols/4/opt/cam/b3lyp/13ea13lh-4al4dl.log,13ea13lh-4al4dl,---,[],"td B3LYP/6-31g(d,p)",-4.73722981592,-0.833484687586,116,5.7732,-1446.0307009,3.4044,1.98333333333
/home/ccollins/allmols/4/opt/cam/b3lyp/12fh4ef13if6da-.log,12fh4ef13if6da-,---,[],"td B3LYP/6-31g(d,p)",-4.91682494939,-1.69907880812,107,3.1306,-1405.8901087,2.8260,1.55
/home/ccollins/allmols/4/opt/cam/b3lyp/6aa4dd13aa12hf.log,6aa4dd13aa12hf,---,[],"td B3LYP/6-31g(d,p)",-4.9119269003,-2.22072103669,95,2.8196,-1232.2346738,2.4138,0.733333333333
/home/ccollins/allmols/4/opt/cam/b3lyp/13hf6fh6ef12fa-.log,13hf6fh6ef12fa-,---,[],"td B3LYP/6-31g(d,p)",-4.8498849451,-1.14804828499,105,4.3017,-1420.9376328,3.2432,1.11666666667
/home/ccollins/allmols/4/opt/cam/b3lyp/13fi13ad4dd12ii-.log,13fi13ad4dd12ii-,---,[],"td B3LYP/6-31g(d,p)",-5.38622132095,-2.48195032173,106,4.6181,-1348.959262,2.5050,1.08333333333
/home/ccollins/allmols/4/opt/cam/b3lyp/6hl12aa4le4ai-.log,6hl12aa4le4ai-,---,[],"td B3LYP/6-31g(d,p)",-4.75165184937,-1.15947706621,108,2.6071,-1339.1406533,3.2676,1.68333333333
/home/ccollins/allmols/4/opt/cam/b3lyp/4ei6if6ee-4fe-.log,4ei6if6ee-4fe-,---,[],"td B3LYP/6-31g(d,p)",-5.83956297603,-1.72193637057,121,2.6937,-1491.1636256,3.5576,2.0
/home/ccollins/allmols/4/opt/cam/b3lyp/6el12ih-4aa-12hi-.log,6el12ih-4aa-12hi-,---,[],"td B3LYP/6-31g(d,p)",-4.40987686811,-1.01498461792,105,5.8871,-1317.0519787,3.0257,1.38333333333
/home/ccollins/allmols/4/opt/cam/b3lyp/6eh12hh-13eh-6el.log,6eh12hh-13eh-6el,---,[],"td B3LYP/6-31g(d,p)",-4.56743078065,-1.18614422239,117,6.4235,-1497.6154996,2.9753,2.03333333333
/home/ccollins/allmols/4/opt/cam/b3lyp/4el13af-4ae6dd-.log,4el13af-4ae6dd-,---,[],"td B3LYP/6-31g(d,p)",-5.18621764959,-2.60712268748,114,3.9037,-1445.9091484,2.1908,1.43333333333
/home/ccollins/allmols/4/opt/cam/b3lyp/4da4ih-12di-13ad-.log,4da4ih-12di-13ad-,---,[],"td B3LYP/6-31g(d,p)",-5.67629467288,-1.95595427175,105,6.1085,-1311.8772961,3.3196,1.1
/home/ccollins/allmols/4/opt/cam/b3lyp/6if13aa-12ia-13il-.log,6if13aa-12ia-13il-,---,[],"td B3LYP/6-31g(d,p)",-4.48280337685,-1.07104006867,96,1.8577,-1202.8270611,3.0842,0.8
/home/ccollins/allmols/4/opt/cam/b3lyp/13ea13af4ef-4ff-.log,13ea13af4ef-4ff-,---,[],"td B3LYP/6-31g(d,p)",-4.84743592055,-1.06532567806,103,3.5761,-1334.4559316,3.3888,1.08333333333
/home/ccollins/allmols/4/opt/cam/b3lyp/13he4la4fh12fh.log,13he4la4fh12fh,---,[],"td B3LYP/6-31g(d,p)",-4.52416468031,-1.18206251481,111,2.6647,-1409.2384571,2.9197,1.48333333333
/home/ccollins/allmols/4/opt/cam/b3lyp/6dl6aa-13ai6ii.log,6dl6aa-13ai6ii,---,[],"td B3LYP/6-31g(d,p)",-5.1848570804,-1.71540563844,104,9.2627,-1276.2128538,3.1657,1.25
/home/ccollins/allmols/4/opt/cam/b3lyp/13il13dd-13ad-13le-.log,13il13dd-13ad-13le-,---,[],"td B3LYP/6-31g(d,p)",-5.345676359,-1.51812310547,113,11.9370,-1458.3845776,3.4282,1.4
/home/ccollins/allmols/4/opt/cam/b3lyp/6dd6di-13af12fh-.log,6dd6di-13af12fh-,---,[],"td B3LYP/6-31g(d,p)",-4.83845616388,-2.70753269392,109,5.0220,-1455.0408152,1.8096,0.983333333333
/home/ccollins/allmols/4/opt/cam/b3lyp/12ai4af-6dh-6ah-.log,12ai4af-6dh-6ah-,---,[],"td B3LYP/6-31g(d,p)",-5.5375166152,-1.37254220182,100,8.8947,-1272.7866274,3.7237,1.25
/home/ccollins/allmols/4/opt/cam/b3lyp/12hh4ef-13fa-13il-.log,12hh4ef-13fa-13il-,---,[],"td B3LYP/6-31g(d,p)",-4.23381921454,-0.693073946876,106,3.7482,-1370.199636,3.2399,1.41666666667
/home/ccollins/allmols/4/opt/cam/b3lyp/4ii4il12ha12eh.log,4ii4il12ha12eh,---,[],"td B3LYP/6-31g(d,p)",-4.67110615315,-1.05961128745,109,3.8045,-1340.3277101,3.3156,1.48333333333
/home/ccollins/allmols/4/opt/cam/b3lyp/13ee4ad-4ea-12he-.log,13ee4ad-4ea-12he-,---,[],"td B3LYP/6-31g(d,p)",-5.36581278306,-1.68247986397,109,3.5590,-1353.3226621,3.2713,1.43333333333
/home/ccollins/allmols/4/opt/cam/b3lyp/13lh6ee12ll12fe-.log,13lh6ee12ll12fe-,---,[],"td B3LYP/6-31g(d,p)",-4.35164450665,-1.22696129818,113,3.4891,-1443.8745933,2.7357,1.61666666667
/home/ccollins/allmols/4/opt/cam/b3lyp/4ih12ef-6ee12if.log,4ih12ef-6ee12if,---,[],"td B3LYP/6-31g(d,p)",-4.99029568581,-1.84874141935,113,2.3037,-1449.8871604,2.6626,1.63333333333
/home/ccollins/allmols/4/opt/cam/b3lyp/13dd6eh13el6ii-.log,13dd6eh13el6ii-,---,[],"td B3LYP/6-31g(d,p)",-5.42839896593,-2.06479980718,119,6.8786,-1498.6699401,3.0137,2.28333333333
/home/ccollins/allmols/4/opt/cam/b3lyp/13aa6af13hi-12ea-.log,13aa6af13hi-12ea-,---,[],"td B3LYP/6-31g(d,p)",-4.75927103685,-1.09825145253,90,2.3696,-1141.1662061,3.3096,1.01666666667
/home/ccollins/allmols/4/opt/cam/b3lyp/6la12fh12fi-4de-.log,6la12fh12fi-4de-,---,[],"td B3LYP/6-31g(d,p)",-4.84770803439,-2.0035741935,111,3.0499,-1465.0693332,2.4766,1.35
/home/ccollins/allmols/4/opt/cam/b3lyp/13la4ed-6ea-4df.log,13la4ed-6ea-4df,---,[],"td B3LYP/6-31g(d,p)",-4.47953801078,-1.43403992934,118,4.3775,-1466.8106755,2.5941,1.6
/home/ccollins/allmols/4/opt/cam/b3lyp/12ae13ld-6ae-12dh.log,12ae13ld-6ae-12dh,---,[],"td B3LYP/6-31g(d,p)",-5.49860433629,-2.1192225749,108,7.0037,-1421.5978867,3.0476,1.3
/home/ccollins/allmols/4/opt/cam/b3lyp/13he6ff-13dl6ia-.log,13he6ff-13dl6ia-,---,[],"td B3LYP/6-31g(d,p)",-5.19165992636,-1.78370621192,111,4.6905,-1441.4037917,3.0615,1.73333333333
/home/ccollins/allmols/4/opt/cam/b3lyp/13da12ai4ah-4ll-.log,13da12ai4ah-4ll-,---,[],"td B3LYP/6-31g(d,p)",-4.93696137345,-1.88765369826,114,4.1238,-1463.3435632,2.6462,1.78333333333
/home/ccollins/allmols/4/opt/cam/b3lyp/13lh4hh-12hi4df-.log,13lh4hh-12hi4df-,---,[],"td B3LYP/6-31g(d,p)",-4.53151175395,-1.02505282995,114,4.9665,-1441.2963461,2.9822,1.4
/home/ccollins/allmols/4/opt/cam/b3lyp/12ih13la-12fa-13ha.log,12ih13la-12fa-13ha,---,[],"td B3LYP/6-31g(d,p)",-3.68714251283,-0.386673764629,93,2.0633,-1216.6177489,3.0677,0.95
/home/ccollins/allmols/4/opt/cam/b3lyp/13ih12ih12eh-13lh.log,13ih12ih12eh-13lh,---,[],"td B3LYP/6-31g(d,p)",-3.85857423113,-0.669400042919,107,2.4495,-1367.5780842,2.8740,1.2
/home/ccollins/allmols/4/opt/cam/b3lyp/12le13ia12eh-4il-.log,12le13ia12eh-4il-,---,[],"td B3LYP/6-31g(d,p)",-4.5840297248,-1.08355730525,112,3.0348,-1414.2602466,3.1881,1.91666666667
/home/ccollins/allmols/4/opt/cam/b3lyp/6di13fh-12eh6aa-.log,6di13fh-12eh6aa-,---,[],"td B3LYP/6-31g(d,p)",-5.02893585089,-1.64628872344,103,7.9309,-1326.862722,3.0613,1.33333333333
/home/ccollins/allmols/4/opt/cam/b3lyp/12il13dd-4dd-12fi-.log,12il13dd-4dd-12fi-,---,[],"td B3LYP/6-31g(d,p)",-5.75520768607,-2.4422217013,116,9.3935,-1536.254495,2.8884,1.51666666667
/home/ccollins/allmols/4/opt/cam/b3lyp/6fh13ah6de-13dh.log,6fh13ah6de-13dh,---,[],"td B3LYP/6-31g(d,p)",-4.91464803868,-2.00384630734,109,5.4018,-1415.2935218,2.4863,1.4
/home/ccollins/allmols/4/opt/cam/b3lyp/12lf6eh-12hi-13id-.log,12lf6eh-12hi-13id-,---,[],"td B3LYP/6-31g(d,p)",-4.98077170146,-1.33526260594,112,7.6598,-1462.4320054,3.2605,1.61666666667
/home/ccollins/allmols/4/opt/cam/b3lyp/4ai13eh-4il-12ff.log,4ai13eh-4il-12ff,---,[],"td B3LYP/6-31g(d,p)",-4.67682054376,-0.683549962525,109,4.3000,-1376.2290842,3.5255,1.35
/home/ccollins/allmols/4/opt/cam/b3lyp/12fl13ea4af-13le-.log,12fl13ea4af-13le-,---,[],"td B3LYP/6-31g(d,p)",-4.70049444772,-0.94613981676,108,5.5153,-1410.8334611,3.4285,1.5
/home/ccollins/allmols/4/opt/cam/b3lyp/12id13ei6de4df.log,12id13ei6de4df,---,[],"td B3LYP/6-31g(d,p)",-5.69289361703,-2.48548780163,117,5.2727,-1500.0525067,2.7821,1.75
/home/ccollins/allmols/4/opt/cam/b3lyp/4ii4de6dh-13ea-.log,4ii4de6dh-13ea-,---,[],"td B3LYP/6-31g(d,p)",-5.64935540286,-1.95268890569,114,5.4513,-1390.1731293,3.2415,1.86666666667
/home/ccollins/allmols/4/opt/cam/b3lyp/6dl12ae13ea-6hh-.log,6dl12ae13ea-6hh-,---,[],"td B3LYP/6-31g(d,p)",-4.88634819947,-1.68846636842,109,4.5907,-1403.0041533,2.8378,1.11666666667
/home/ccollins/allmols/4/opt/cam/b3lyp/4hf4ei4ha-6ie.log,4hf4ei4ha-6ie,---,[],"td B3LYP/6-31g(d,p)",-5.04254154282,-0.954847459594,113,5.8363,-1358.3368092,3.6147,1.66666666667
/home/ccollins/allmols/4/opt/cam/b3lyp/12af6ea13da4ff.log,12af6ea13da4ff,---,[],"td B3LYP/6-31g(d,p)",-5.28989302209,-1.77173320303,99,4.7112,-1311.2294431,3.1864,1.01666666667
/home/ccollins/allmols/4/opt/cam/b3lyp/13df13aa12dd-13li.log,13df13aa12dd-13li,---,[],"td B3LYP/6-31g(d,p)",-5.47792368455,-1.94234857982,103,9.5890,-1362.7754624,3.2016,1.2
/home/ccollins/allmols/4/opt/cam/b3lyp/4hh6ee-4he6ld.log,4hh6ee-4he6ld,---,[],"td B3LYP/6-31g(d,p)",-4.85668779106,-1.70506531257,125,7.1858,-1558.7845502,2.5450,1.7
/home/ccollins/allmols/4/opt/cam/b3lyp/4la13af-4ed13fi.log,4la13af-4ed13fi,---,[],"td B3LYP/6-31g(d,p)",-4.79845542961,-1.78724369183,107,3.3141,-1353.9621944,2.5763,1.21666666667
/home/ccollins/allmols/4/opt/cam/b3lyp/6aa6fh-13ah12fe-.log,6aa6fh-13ah12fe-,---,[],"td B3LYP/6-31g(d,p)",-4.23191441767,-1.46370033775,97,3.5834,-1270.5413426,2.5540,1.0
/home/ccollins/allmols/4/opt/cam/b3lyp/13ll12fd13li-12di-.log,13ll12fd13li-12di-,---,[],"td B3LYP/6-31g(d,p)",-4.85042917278,-1.8046589775,117,7.3473,-1558.7442598,2.7574,1.78333333333
/home/ccollins/allmols/4/opt/cam/b3lyp/13dh6ie-13al-4fd.log,13dh6ie-13al-4fd,---,[],"td B3LYP/6-31g(d,p)",-4.99410527955,-1.56002863661,113,6.9385,-1442.3834862,3.1099,1.6
/home/ccollins/allmols/4/opt/cam/b3lyp/13he12eh6ll-4ei-.log,13he12eh6ll-4ei-,---,[],"td B3LYP/6-31g(d,p)",-4.57613842348,-1.2383900794,121,1.9860,-1524.7047179,2.9982,1.95
/home/ccollins/allmols/4/opt/cam/b3lyp/12ae4ad-12eh12fi.log,12ae4ad-12eh12fi,---,[],"td B3LYP/6-31g(d,p)",-4.6770926576,-1.83976166267,102,3.6585,-1333.1995553,2.5637,1.06666666667
/home/ccollins/allmols/4/opt/cam/b3lyp/6lf4ia12el4ii.log,6lf4ia12el4ii,---,[],"td B3LYP/6-31g(d,p)",-5.33261489475,-1.42914188025,116,2.0135,-1437.6399305,3.5068,1.9
/home/ccollins/allmols/4/opt/cam/b3lyp/12ia13fl6le12ih.log,12ia13fl6le12ih,---,[],"td B3LYP/6-31g(d,p)",-4.60334980734,-1.10831966456,110,1.8463,-1429.3667402,3.2285,1.58333333333
/home/ccollins/allmols/4/opt/cam/b3lyp/12di13fa13lh13eh-.log,12di13fa13lh13eh-,---,[],"td B3LYP/6-31g(d,p)",-4.38593085031,-0.895254528944,105,4.5176,-1365.1442376,3.1477,1.28333333333
/home/ccollins/allmols/4/opt/cam/b3lyp/12fi12ii-12ae-12ai-.log,12fi12ii-12ae-12ai-,---,[],"td B3LYP/6-31g(d,p)",-4.77450941181,-1.10968023375,95,2.5521,-1225.1897478,3.3747,1.05
/home/ccollins/allmols/4/opt/cam/b3lyp/13he12hl-4af-12da.log,13he12hl-4af-12da,---,[],"td B3LYP/6-31g(d,p)",-4.63437078494,-1.54669505852,104,5.3098,-1367.7643281,2.8123,1.3
/home/ccollins/allmols/4/opt/cam/b3lyp/12hh12aa4li6he.log,12hh12aa4li6he,---,[],"td B3LYP/6-31g(d,p)",-4.60498249037,-0.915663066838,105,4.4247,-1333.1007012,3.3794,1.43333333333
/home/ccollins/allmols/4/opt/cam/b3lyp/4hi12ah-4hi-6di.log,4hi12ah-4hi-6di,---,[],"td B3LYP/6-31g(d,p)",-4.78811510374,-1.4958097707,108,6.0894,-1315.5285262,2.8591,1.56666666667
/home/ccollins/allmols/4/opt/cam/b3lyp/4df13le-4he6ia-.log,4df13le-4he6ia-,---,[],"td B3LYP/6-31g(d,p)",-5.31656017827,-1.25825438962,116,3.8117,-1448.3630457,3.6443,2.01666666667
/home/ccollins/allmols/4/opt/cam/b3lyp/4fl12ia-6ld-4eh-.log,4fl12ia-6ld-4eh-,---,[],"td B3LYP/6-31g(d,p)",-5.23519814054,-1.36927683576,118,4.1721,-1506.5950066,3.4222,1.61666666667
/home/ccollins/allmols/4/opt/cam/b3lyp/4he13li-13ii-12li-.log,4he13li-13ii-12li-,---,[],"td B3LYP/6-31g(d,p)",-4.45668044834,-0.665046221502,114,2.3786,-1396.8963564,3.3597,1.7
/home/ccollins/allmols/4/opt/cam/b3lyp/12de6hh4dl-4ed.log,12de6hh4dl-4ed,---,[],"td B3LYP/6-31g(d,p)",-5.32227456888,-2.07160265315,124,7.1140,-1593.5081234,2.8092,2.03333333333
/home/ccollins/allmols/4/opt/cam/b3lyp/12ll4df-13dl6el.log,12ll4df-13dl6el,---,[],"td B3LYP/6-31g(d,p)",-5.41207213562,-1.78261775657,129,5.9105,-1711.1135167,3.2665,2.63333333333
/home/ccollins/allmols/4/opt/cam/b3lyp/4le13fl-13dd13fd-.log,4le13fl-13dd13fd-,---,[],"td B3LYP/6-31g(d,p)",-5.41778652623,-1.57989294682,120,12.0598,-1591.5656075,3.4393,1.51666666667
/home/ccollins/allmols/4/opt/cam/b3lyp/13il4de12ea13lf.log,13il4de12ea13lf,---,[],"td B3LYP/6-31g(d,p)",-4.85042917278,-1.85309524076,114,5.9070,-1467.1659314,2.6105,1.76666666667
/home/ccollins/allmols/4/opt/cam/b3lyp/13li13dh-12lh13di.log,13li13dh-12lh13di,---,[],"td B3LYP/6-31g(d,p)",-4.81750339831,-0.885730544594,123,4.0534,-1604.3348435,3.5104,1.16666666667
/home/ccollins/allmols/4/opt/cam/b3lyp/12ie6fd6eh-6ah-.log,12ie6fd6eh-6ah-,---,[],"td B3LYP/6-31g(d,p)",-5.49180149032,-2.01690777159,112,7.3644,-1441.1212487,3.0284,2.1
/home/ccollins/allmols/4/opt/cam/b3lyp/6fd12di13hi12ie.log,6fd12di13hi12ie,---,[],"td B3LYP/6-31g(d,p)",-4.97859479075,-1.94779085659,110,6.4342,-1424.1266965,2.6571,1.38333333333
/home/ccollins/allmols/4/opt/cam/b3lyp/13ll6de4lf-6li-.log,13ll6de4lf-6li-,---,[],"td B3LYP/6-31g(d,p)",-5.26023261368,-1.84656450864,130,4.1442,-1676.452071,2.8884,1.36666666667
/home/ccollins/allmols/4/opt/cam/b3lyp/4if12fh13fa12fl.log,4if12fh13fa12fl,---,[],"td B3LYP/6-31g(d,p)",-4.01667237135,-0.570078491835,104,5.7934,-1408.9878534,3.1870,1.13333333333
/home/ccollins/allmols/4/opt/cam/b3lyp/13di13ae12il6hi-.log,13di13ae12il6hi-,---,[],"td B3LYP/6-31g(d,p)",-5.00036389784,-1.28900325338,108,7.2452,-1351.3517355,3.3304,1.46666666667
/home/ccollins/allmols/4/opt/cam/b3lyp/13de4al-12il-12il.log,13de4al-12il-12il,---,[],"td B3LYP/6-31g(d,p)",-5.19274838172,-1.44274757218,116,7.8137,-1489.5025382,3.3492,1.91666666667
/home/ccollins/allmols/4/opt/cam/b3lyp/6hi13hl-12al6ii.log,6hi13hl-12al6ii,---,[],"td B3LYP/6-31g(d,p)",-4.44008150419,-0.962738760913,111,3.8611,-1390.9476061,3.1616,2.0
/home/ccollins/allmols/4/opt/cam/b3lyp/6fl13di12lh13ld-.log,6fl13di12lh13ld-,---,[],"td B3LYP/6-31g(d,p)",-4.74539323108,-1.64193490202,120,6.0948,-1593.0706108,2.7645,1.96666666667
/home/ccollins/allmols/4/opt/cam/b3lyp/12lf12id4ea-6id.log,12lf12id4ea-6id,---,[],"td B3LYP/6-31g(d,p)",-5.73534337585,-2.00901647027,113,8.0340,-1466.0250498,3.2769,1.73333333333
/home/ccollins/allmols/4/opt/cam/b3lyp/13ef4hf4af-4ll.log,13ef4hf4af-4ll,---,[],"td B3LYP/6-31g(d,p)",-5.20200025223,-1.66288766759,117,6.0789,-1485.5230183,3.1527,2.11666666667
/home/ccollins/allmols/4/opt/cam/b3lyp/13li4fl-6if-12ll-.log,13li4fl-6if-12ll-,---,[],"td B3LYP/6-31g(d,p)",-4.72743371774,-1.49145594928,122,2.5188,-1617.5017631,2.7888,1.98333333333
/home/ccollins/allmols/4/opt/cam/b3lyp/12ia12hf4hd4lf.log,12ia12hf4hd4lf,---,[],"td B3LYP/6-31g(d,p)",-4.08742196938,-0.257419691301,119,1.3967,-1489.416495,3.4387,1.63333333333
/home/ccollins/allmols/4/opt/cam/b3lyp/13ed6ll-6ed12fe-.log,13ed6ll-6ed12fe-,---,[],"td B3LYP/6-31g(d,p)",-5.66758703005,-2.15405314624,125,6.1469,-1650.4065889,3.1082,2.06666666667
/home/ccollins/allmols/4/opt/cam/b3lyp/13dh12ha6hi6ei.log,13dh12ha6hi6ei,---,[],"td B3LYP/6-31g(d,p)",-4.79355738051,-1.22396804595,107,5.3343,-1346.326656,3.2171,1.73333333333
/home/ccollins/allmols/4/opt/cam/b3lyp/13hd6el-4df12ee.log,13hd6el-4df12ee,---,[],"td B3LYP/6-31g(d,p)",-5.47411409081,-1.93608996153,121,5.4938,-1575.1970122,3.1905,1.95
/home/ccollins/allmols/4/opt/cam/b3lyp/13lf6lf6ea-13ah-.log,13lf6lf6ea-13ah-,---,[],"td B3LYP/6-31g(d,p)",-4.67409940537,-1.23594105485,109,1.7038,-1424.3569892,3.0335,1.38333333333
/home/ccollins/allmols/4/opt/cam/b3lyp/13dl13fl-12ia-12hh.log,13dl13fl-12ia-12hh,---,[],"td B3LYP/6-31g(d,p)",-4.5064772808,-0.733074681148,107,9.2425,-1423.3690009,3.4511,1.11666666667
/home/ccollins/allmols/4/opt/cam/b3lyp/6ad12fl-13ai-6hl.log,6ad12fl-13ai-6hl,---,[],"td B3LYP/6-31g(d,p)",-4.77069981807,-1.86697304653,109,0.8890,-1424.4086567,2.5290,1.15
/home/ccollins/allmols/4/opt/cam/b3lyp/13da13da6he13dd.log,13da13da6he13dd,---,[],"td B3LYP/6-31g(d,p)",-6.04990697326,-2.40249308087,106,7.6123,-1375.7395801,3.2610,1.25
/home/ccollins/allmols/4/opt/cam/b3lyp/13ld6hi-4eh13ll-.log,13ld6hi-4eh13ll-,---,[],"td B3LYP/6-31g(d,p)",-5.04907227494,-1.20791332948,123,7.7486,-1559.3179479,3.4235,2.3
/home/ccollins/allmols/4/opt/cam/b3lyp/12ee4ih4ef-6fl-.log,12ee4ih4ef-6fl-,---,[],"td B3LYP/6-31g(d,p)",-5.49751588093,-1.3836988692,120,4.3449,-1527.3313307,3.5721,2.31666666667
/home/ccollins/allmols/4/opt/cam/b3lyp/13ee12ld-12ea6ld-.log,13ee12ld-12ea6ld-,---,[],"td B3LYP/6-31g(d,p)",-5.45669880514,-2.20248940951,118,2.5228,-1556.9279494,2.8961,1.51666666667
/home/ccollins/allmols/4/opt/cam/b3lyp/4eh4fi-13he13ii.log,4eh4fi-13he13ii,---,[],"td B3LYP/6-31g(d,p)",-4.63192176039,-0.742054437821,111,3.9412,-1337.4776696,3.4665,2.03333333333
/home/ccollins/allmols/4/opt/cam/b3lyp/4ld13fd-12fl13eh.log,4ld13fd-12fl13eh,---,[],"td B3LYP/6-31g(d,p)",-4.67001769779,-1.5698247348,118,5.8972,-1574.5478277,2.7335,1.43333333333
/home/ccollins/allmols/4/opt/cam/b3lyp/6ld12fd13dh-6df.log,6ld12fd13dh-6df,---,[],"td B3LYP/6-31g(d,p)",-5.81752175511,-2.48929739537,119,10.3220,-1622.5126206,2.9669,1.73333333333
/home/ccollins/allmols/4/opt/cam/b3lyp/13df4ie-4fh13af-.log,13df4ie-4fh13af-,---,[],"td B3LYP/6-31g(d,p)",-4.97451308317,-1.25988707265,107,9.9980,-1369.9993695,3.2992,1.41666666667
/home/ccollins/allmols/4/opt/cam/b3lyp/4fi6aa-12df6li.log,4fi6aa-12df6li,---,[],"td B3LYP/6-31g(d,p)",-5.62976320648,-1.84683662248,108,3.6038,-1391.1439056,3.3921,1.66666666667
/home/ccollins/allmols/4/opt/cam/b3lyp/13el4ha-6ff-6ii.log,13el4ha-6ff-6ii,---,[],"td B3LYP/6-31g(d,p)",-5.28581131451,-1.22043056605,112,3.6834,-1410.5543185,3.5981,1.53333333333
/home/ccollins/allmols/4/opt/cam/b3lyp/12di6ia-12df-6hf.log,12di6ia-12df-6hf,---,[],"td B3LYP/6-31g(d,p)",-5.41016733875,-2.26507559238,107,5.6100,-1421.998227,2.7446,1.48333333333
/home/ccollins/allmols/4/opt/cam/b3lyp/6hh13fl-12aa6ai.log,6hh13fl-12aa6ai,---,[],"td B3LYP/6-31g(d,p)",-4.45123817157,-1.1453271466,99,4.0623,-1273.0178669,3.0254,1.03333333333
/home/ccollins/allmols/4/opt/cam/b3lyp/4ie6fd-6hd-13fh-.log,4ie6fd-6hd-13fh-,---,[],"td B3LYP/6-31g(d,p)",-5.12662471894,-1.83704052429,116,9.4207,-1496.5588714,2.9612,1.66666666667
/home/ccollins/allmols/4/opt/cam/b3lyp/6df12de13hf6af-.log,6df12de13hf6af-,---,[],"td B3LYP/6-31g(d,p)",-5.18921090181,-2.20357786486,109,4.2038,-1474.8558002,2.6047,1.33333333333
/home/ccollins/allmols/4/opt/cam/b3lyp/6if4ai-6aa-4eh-.log,6if4ai-6aa-4eh-,---,[],"td B3LYP/6-31g(d,p)",-5.37043871831,-1.32410593855,103,1.5815,-1242.8839192,3.6064,1.48333333333
/home/ccollins/allmols/4/opt/cam/b3lyp/4hh6hl12fa6ia.log,4hh6hl12fa6ia,---,[],"td B3LYP/6-31g(d,p)",-4.69396371559,-1.07403332089,106,5.7299,-1350.4296442,3.2169,1.73333333333
/home/ccollins/allmols/4/opt/cam/b3lyp/13fd13il-6ld4ef-.log,13fd13il-6ld4ef-,---,[],"td B3LYP/6-31g(d,p)",-4.40144133911,-1.13172145467,113,3.5907,-1467.4857287,2.9778,1.41666666667
/home/ccollins/allmols/4/opt/cam/b3lyp/12de12hh-13aa13id.log,12de12hh-13aa13id,---,[],"td B3LYP/6-31g(d,p)",-5.01533015896,-1.51050391798,99,7.2591,-1287.5111464,3.2051,1.03333333333
/home/ccollins/allmols/4/opt/cam/b3lyp/4hl6id12fi-6da-.log,4hl6id12fi-6da-,---,[],"td B3LYP/6-31g(d,p)",-5.29234204664,-1.91432085444,114,3.0878,-1463.5077575,2.9668,1.83333333333
/home/ccollins/allmols/4/opt/cam/b3lyp/4le6le-13di-13al-.log,4le6le-13di-13al-,---,[],"td B3LYP/6-31g(d,p)",-4.98349283984,-1.49091172161,121,6.1042,-1524.7618945,3.1237,2.28333333333
/home/ccollins/allmols/4/opt/cam/b3lyp/6eh6dh-4ia-6ae.log,6eh6dh-4ia-6ae,---,[],"td B3LYP/6-31g(d,p)",-5.84473313897,-1.51404139789,111,9.7269,-1368.1109029,3.7807,2.13333333333
/home/ccollins/allmols/4/opt/cam/b3lyp/4hh12il-13ai13hl.log,4hh12il-13ai13hl,---,[],"td B3LYP/6-31g(d,p)",-4.25667677698,-0.58259572841,108,2.6894,-1352.8156422,3.2726,1.58333333333
/home/ccollins/allmols/4/opt/cam/b3lyp/13fi13hf6ae-4el-.log,13fi13hf6ae-4el-,---,[],"td B3LYP/6-31g(d,p)",-5.28962090825,-1.68628945771,121,6.1014,-1576.7723858,3.2769,2.06666666667
/home/ccollins/allmols/4/opt/cam/b3lyp/6dh4ii-6ll6ad.log,6dh4ii-6ll6ad,---,[],"td B3LYP/6-31g(d,p)",-6.00201493767,-1.84329914257,121,8.2207,-1521.0861504,3.7198,2.48333333333
/home/ccollins/allmols/4/opt/cam/b3lyp/6ll13al-12if13de.log,6ll13al-12if13de,---,[],"td B3LYP/6-31g(d,p)",-4.6256631421,-1.399209358,116,9.2950,-1521.6324589,2.9189,1.88333333333
/home/ccollins/allmols/4/opt/cam/b3lyp/13fi13he13ie-12el-.log,13fi13he13ie-12el-,---,[],"td B3LYP/6-31g(d,p)",-4.49477638575,-1.08029193918,111,0.9664,-1409.1569125,3.0580,1.41666666667
/home/ccollins/allmols/4/opt/cam/b3lyp/6ld13ia6ad-13he.log,6ld13ia6ad-13he,---,[],"td B3LYP/6-31g(d,p)",-5.18975512949,-1.85880963137,109,5.7048,-1383.2191708,2.8794,1.45
/home/ccollins/allmols/4/opt/cam/b3lyp/13ii4hh13il12ii-.log,13ii4hh13il12ii-,---,[],"td B3LYP/6-31g(d,p)",-4.37504629677,-0.469668485398,108,3.6836,-1300.905859,3.4817,1.96666666667
/home/ccollins/allmols/4/opt/cam/b3lyp/4ie12ef-6ih4la.log,4ie12ef-6ih4la,---,[],"td B3LYP/6-31g(d,p)",-5.09859699357,-1.33743951664,114,2.5782,-1415.2841706,3.3337,2.08333333333
/home/ccollins/allmols/4/opt/cam/b3lyp/12af12id-13fe4fd-.log,12af12id-13fe4fd-,---,[],"td B3LYP/6-31g(d,p)",-5.19111569868,-1.66560880598,106,5.0986,-1424.5264902,3.1742,1.26666666667
/home/ccollins/allmols/4/opt/cam/b3lyp/13fd13hf-6fe-6hd-.log,13fd13hf-6fe-6hd-,---,[],"td B3LYP/6-31g(d,p)",-5.31383903989,-2.07541224689,113,5.6840,-1510.3854541,2.8895,1.55
/home/ccollins/allmols/4/opt/cam/b3lyp/4hh12fh13dd-6if.log,4hh12fh13dd-6if,---,[],"td B3LYP/6-31g(d,p)",-4.95927470821,-1.66071075688,111,8.1854,-1457.5006981,2.8749,1.53333333333
/home/ccollins/allmols/4/opt/cam/b3lyp/4ea4ed-13ai-13de.log,4ea4ed-13ai-13de,---,[],"td B3LYP/6-31g(d,p)",-5.49152937648,-2.25201412813,109,6.3656,-1333.5378729,2.8252,1.73333333333
/home/ccollins/allmols/4/opt/cam/b3lyp/6hf4dl-12li4fi.log,6hf4dl-12li4fi,---,[],"td B3LYP/6-31g(d,p)",-5.15873415189,-1.44492448289,120,6.4036,-1544.9818649,3.3411,2.15
/home/ccollins/allmols/4/opt/cam/b3lyp/4la6ie-6ld-12af-.log,4la6ie-6ld-12af-,---,[],"td B3LYP/6-31g(d,p)",-5.64663426448,-1.67785392871,114,5.7088,-1467.2670842,3.6541,2.16666666667
/home/ccollins/allmols/4/opt/cam/b3lyp/4ld13if13al-13al-.log,4ld13if13al-13al-,---,[],"td B3LYP/6-31g(d,p)",-4.04714912127,-1.35675959918,110,5.4811,-1409.564125,2.3205,1.43333333333
/home/ccollins/allmols/4/opt/cam/b3lyp/12ad12il4aa-4ia-.log,12ad12il4aa-4ia-,---,[],"td B3LYP/6-31g(d,p)",-5.39737798833,-1.57172953167,97,2.1680,-1206.3990013,3.5044,1.35
/home/ccollins/allmols/4/opt/cam/b3lyp/6ee4ih13fa-4ld-.log,6ee4ih13fa-4ld-,---,[],"td B3LYP/6-31g(d,p)",-4.86321852319,-1.6340436007,116,4.4715,-1448.3471019,2.8081,1.85
/home/ccollins/allmols/4/opt/cam/b3lyp/6ei4fe-12hh-6hl-.log,6ei4fe-12hh-6hl-,---,[],"td B3LYP/6-31g(d,p)",-4.62239777604,-1.21498828928,118,6.0457,-1502.7173159,2.9988,2.0
/home/ccollins/allmols/4/opt/cam/b3lyp/4ii4fl12da-6ei-.log,4ii4fl12da-6ei-,---,[],"td B3LYP/6-31g(d,p)",-5.72200979776,-1.67567701801,114,3.6431,-1415.3359628,3.5817,2.21666666667
/home/ccollins/allmols/4/opt/cam/b3lyp/6la12ha13ff13ef-.log,6la12ha13ff13ef-,---,[],"td B3LYP/6-31g(d,p)",-4.39436637931,-1.03729795269,102,2.0950,-1366.8008658,3.0815,1.25
/home/ccollins/allmols/4/opt/cam/b3lyp/6fa4ef6fl-4fe-.log,6fa4ef6fl-4fe-,---,[],"td B3LYP/6-31g(d,p)",-5.30023334796,-1.57853237763,117,8.1253,-1525.2188875,3.2989,2.0
/home/ccollins/allmols/4/opt/cam/b3lyp/4il12di6he-6hd.log,4il12di6he-6hd,---,[],"td B3LYP/6-31g(d,p)",-5.59193938292,-1.89309597504,120,9.0929,-1519.8354442,3.2345,2.25
/home/ccollins/allmols/4/opt/cam/b3lyp/13hl6ff-6ld4ie.log,13hl6ff-6ld4ie,---,[],"td B3LYP/6-31g(d,p)",-5.25832781681,-1.54370180629,122,6.7013,-1577.9855369,3.2878,2.0
/home/ccollins/allmols/4/opt/cam/b3lyp/13de13if-4de-4ef.log,13de13if-4de-4ef,---,[],"td B3LYP/6-31g(d,p)",-5.54704059955,-2.17663859484,117,7.9355,-1483.9647386,2.8814,2.01666666667
/home/ccollins/allmols/4/opt/cam/b3lyp/4ha12hl6hl12df.log,4ha12hl6hl12df,---,[],"td B3LYP/6-31g(d,p)",-4.76199217524,-1.5339057081,113,6.0519,-1499.6121955,2.8920,1.66666666667
/home/ccollins/allmols/4/opt/cam/b3lyp/12de13hf6lf4lf-.log,12de13hf6lf4lf-,---,[],"td B3LYP/6-31g(d,p)",-4.89804909453,-1.50315684434,119,2.7617,-1595.6403805,3.0842,1.71666666667
