/home/ccollins/allmols/4/opt/cam/cam/4aa12ha4dh-4ee.log,4aa12ha4dh-4ee,---,[],"td CAM-B3LYP/6-31g(d,p)",-6.29317674495,-0.52109800089,104,4.6682,-1277.777933,3.6855,1.45
/home/ccollins/allmols/4/opt/cam/cam/4da4dd4de-4fd-.log,4da4dd4de-4fd-,---,[],"td CAM-B3LYP/6-31g(d,p)",-8.21130719314,-1.71132393086,121,6.5023,-1537.1795036,4.4039,2.16666666667
/home/ccollins/allmols/4/opt/cam/cam/13df12da13aa13ff.log,13df12da13aa13ff,---,[],"td CAM-B3LYP/6-31g(d,p)",-6.14242567838,-0.453341655082,93,11.1545,-1266.5367511,3.5864,0.766666666667
/home/ccollins/allmols/4/opt/cam/cam/12he4hd-13dd-12ld.log,12he4hd-13dd-12ld,---,[],"td CAM-B3LYP/6-31g(d,p)",-7.06516370502,-1.11648307971,118,9.8089,-1568.502216,3.7498,1.81666666667
/home/ccollins/allmols/4/opt/cam/cam/13dd6ii6ee6if-.log,13dd6ii6ee6if-,---,[],"td CAM-B3LYP/6-31g(d,p)",-7.50979771727,-0.807905986759,118,8.3023,-1480.6376563,4.5122,2.55
/home/ccollins/allmols/4/opt/cam/cam/4ia13hf-12ha6la.log,4ia13hf-12ha6la,---,[],"td CAM-B3LYP/6-31g(d,p)",-5.48499864436,0.103131144824,99,3.8004,-1256.3472968,3.4892,0.916666666667
/home/ccollins/allmols/4/opt/cam/cam/4aa4aa-12al-4il.log,4aa4aa-12al-4il,---,[],"td CAM-B3LYP/6-31g(d,p)",-6.24093088794,-0.00054422767717,98,1.3596,-1190.9530417,3.9772,1.28333333333
/home/ccollins/allmols/4/opt/cam/cam/12dh12dl12if-4hi.log,12dh12dl12if-4hi,---,[],"td CAM-B3LYP/6-31g(d,p)",-6.183514868,-0.477559786717,112,7.0703,-1481.6488647,3.5575,1.51666666667
/home/ccollins/allmols/4/opt/cam/cam/12al6lh-6ef13ea-.log,12al6lh-6ef13ea-,---,[],"td CAM-B3LYP/6-31g(d,p)",-6.07521356025,-0.203269037423,111,3.5333,-1444.4303485,3.5977,1.53333333333
/home/ccollins/allmols/4/opt/cam/cam/6df6hd6fl4fh-.log,6df6hd6fl4fh-,---,[],"td CAM-B3LYP/6-31g(d,p)",-6.27494511777,-1.2468256084,121,3.0511,-1608.1810921,3.2740,1.45
/home/ccollins/allmols/4/opt/cam/cam/4ea13ff12ih-12lh-.log,4ea13ff12ih-12lh-,---,[],"td CAM-B3LYP/6-31g(d,p)",-5.52499937863,0.226126599864,106,5.8664,-1389.3819253,3.5722,1.45
/home/ccollins/allmols/4/opt/cam/cam/6fl4hl12ha12dh.log,6fl4hl12ha12dh,---,[],"td CAM-B3LYP/6-31g(d,p)",-6.04419258265,-0.260412943526,113,7.8638,-1498.8956493,3.5263,1.58333333333
/home/ccollins/allmols/4/opt/cam/cam/12ah12he-6ah13aa.log,12ah12he-6ah13aa,---,[],"td CAM-B3LYP/6-31g(d,p)",-5.78269118377,-0.233201559667,90,4.9249,-1156.6074442,3.4265,0.95
/home/ccollins/allmols/4/opt/cam/cam/13ae12il6ed13lh-.log,13ae12il6ed13lh-,---,[],"td CAM-B3LYP/6-31g(d,p)",-5.63302857255,0.0364632543704,109,5.3961,-1459.5206941,3.5095,1.6
/home/ccollins/allmols/4/opt/cam/cam/4ed13dl-13li-4ll.log,4ed13dl-13li-4ll,---,[],"td CAM-B3LYP/6-31g(d,p)",-6.0918125044,-1.0726727517,129,6.0850,-1638.5000971,3.1740,2.16666666667
/home/ccollins/allmols/4/opt/cam/cam/13dl13eh12hd4af.log,13dl13eh12hd4af,---,[],"td CAM-B3LYP/6-31g(d,p)",-6.12201714048,-0.608990770753,110,2.0147,-1439.4530169,3.4150,1.68333333333
/home/ccollins/allmols/4/opt/cam/cam/4fe12ll13if-6aa.log,4fe12ll13if-6aa,---,[],"td CAM-B3LYP/6-31g(d,p)",-5.93561916105,-0.194017166911,109,3.2752,-1411.4307245,3.4916,1.66666666667
/home/ccollins/allmols/4/opt/cam/cam/4ed13ie-13ai-13ai.log,4ed13ie-13ai-13ai,---,[],"td CAM-B3LYP/6-31g(d,p)",-5.74105776646,-0.935799490894,102,4.0853,-1221.0394182,3.0742,1.53333333333
/home/ccollins/allmols/4/opt/cam/cam/4aa12fa6ii6ei-.log,4aa12fa6ii6ei-,---,[],"td CAM-B3LYP/6-31g(d,p)",-6.40392707726,-0.242453430179,100,2.8272,-1223.9584056,3.9236,1.98333333333
/home/ccollins/allmols/4/opt/cam/cam/6ef6ef-12ai-12ea-.log,6ef6ef-12ai-12ea-,---,[],"td CAM-B3LYP/6-31g(d,p)",-6.85155434173,-0.466947347012,105,2.7227,-1370.569511,4.0003,1.21666666667
/home/ccollins/allmols/4/opt/cam/cam/13fa13fa4lf13hi-.log,13fa13fa4lf13hi-,---,[],"td CAM-B3LYP/6-31g(d,p)",-5.42458937219,0.288168555061,100,2.6981,-1293.4315803,3.5710,1.01666666667
/home/ccollins/allmols/4/opt/cam/cam/12fd12hh13aa-6ih-.log,12fd12hh13aa-6ih-,---,[],"td CAM-B3LYP/6-31g(d,p)",-6.04800217639,-0.297148311735,98,5.3830,-1287.1895762,3.4767,1.3
/home/ccollins/allmols/4/opt/cam/cam/12ef13al-4if6ff.log,12ef13al-4if6ff,---,[],"td CAM-B3LYP/6-31g(d,p)",-6.28174796373,0.0917023636031,109,4.0307,-1447.3563252,4.0684,1.61666666667
/home/ccollins/allmols/4/opt/cam/cam/4ei12ef-13la-13ee-.log,4ei12ef-13la-13ee-,---,[],"td CAM-B3LYP/6-31g(d,p)",-5.89398574375,-0.312658800534,112,4.8425,-1411.9700847,3.5288,1.51666666667
/home/ccollins/allmols/4/opt/cam/cam/4dl12aa6li-6de.log,4dl12aa6li-6de,---,[],"td CAM-B3LYP/6-31g(d,p)",-7.07713671392,-1.10532641233,116,5.3579,-1483.5311774,3.9599,1.81666666667
/home/ccollins/allmols/4/opt/cam/cam/6fe13de-12ad-4fh-.log,6fe13de-12ad-4fh-,---,[],"td CAM-B3LYP/6-31g(d,p)",-6.58107318618,-0.689264353136,111,9.6659,-1459.0412735,3.6834,1.51666666667
/home/ccollins/allmols/4/opt/cam/cam/13ae13fi-12ia6fl.log,13ae13fi-12ia6fl,---,[],"td CAM-B3LYP/6-31g(d,p)",-5.98541599351,-0.156465457186,102,4.4821,-1314.2216813,3.6597,1.21666666667
/home/ccollins/allmols/4/opt/cam/cam/4ie13fh6ae-13hl.log,4ie13fh6ae-13hl,---,[],"td CAM-B3LYP/6-31g(d,p)",-5.82976687784,-0.247079365435,111,1.7553,-1388.6684818,3.4233,1.48333333333
/home/ccollins/allmols/4/opt/cam/cam/4le13ie12ha6lh.log,4le13ie12ha6lh,---,[],"td CAM-B3LYP/6-31g(d,p)",-5.57642889412,0.103403258662,115,2.5861,-1447.8332337,3.4702,1.93333333333
/home/ccollins/allmols/4/opt/cam/cam/13al13de-12af-6af-.log,13al13de-12af-6af-,---,[],"td CAM-B3LYP/6-31g(d,p)",-6.18868503094,-0.412524579295,100,6.9521,-1327.8146,3.6174,1.15
/home/ccollins/allmols/4/opt/cam/cam/4ia6ad-13af-6ah-.log,4ia6ad-13af-6ah-,---,[],"td CAM-B3LYP/6-31g(d,p)",-6.4529075682,-0.674570205852,96,4.1213,-1196.9562838,3.6059,0.966666666667
/home/ccollins/allmols/4/opt/cam/cam/4ed12ee-6ih-6il.log,4ed12ee-6ih-6il,---,[],"td CAM-B3LYP/6-31g(d,p)",-6.81617954271,-1.05416901068,122,7.5325,-1523.6853124,3.7239,1.85
/home/ccollins/allmols/4/opt/cam/cam/13fa6af-13di4ff-.log,13fa6af-13di4ff-,---,[],"td CAM-B3LYP/6-31g(d,p)",-6.38188585633,-0.425858157385,101,4.9833,-1329.1325502,3.7086,1.26666666667
/home/ccollins/allmols/4/opt/cam/cam/13ah6hf6hh6he-.log,13ah6hf6hh6he-,---,[],"td CAM-B3LYP/6-31g(d,p)",-6.0036476207,-0.275923432325,108,6.2081,-1378.971043,3.3903,1.53333333333
/home/ccollins/allmols/4/opt/cam/cam/13al13hi-12hh-13li-.log,13al13hi-12hh-13li-,---,[],"td CAM-B3LYP/6-31g(d,p)",-5.04553479504,1.02995087904,105,2.7575,-1330.0847261,3.7818,1.28333333333
/home/ccollins/allmols/4/opt/cam/cam/13la12ff-6ai4li-.log,13la12ff-6ai4li-,---,[],"td CAM-B3LYP/6-31g(d,p)",-6.84420726809,-0.938520629279,114,6.7924,-1445.1500582,3.8299,2.06666666667
/home/ccollins/allmols/4/opt/cam/cam/13ad12hh12ih12ea.log,13ad12hh12ih12ea,---,[],"td CAM-B3LYP/6-31g(d,p)",-5.89398574375,-0.118641633623,97,5.0653,-1269.8651865,3.5069,1.13333333333
/home/ccollins/allmols/4/opt/cam/cam/6ih6dl12dh-6hh.log,6ih6dl12dh-6hh,---,[],"td CAM-B3LYP/6-31g(d,p)",-6.01752542647,-1.01416827641,118,6.2184,-1530.3381281,3.0954,1.93333333333
/home/ccollins/allmols/4/opt/cam/cam/6ld12ae12ee-13fh.log,6ld12ae12ee-13fh,---,[],"td CAM-B3LYP/6-31g(d,p)",-6.05045120094,-0.800558913117,112,6.8952,-1480.0130676,3.2919,1.63333333333
/home/ccollins/allmols/4/opt/cam/cam/12fh12fe4id-4de.log,12fh12fe4id-4de,---,[],"td CAM-B3LYP/6-31g(d,p)",-6.50705822208,-1.02559705763,115,4.4216,-1502.1170819,3.7207,1.66666666667
/home/ccollins/allmols/4/opt/cam/cam/12dl6le-12ee13ad-.log,12dl6le-12ee13ad-,---,[],"td CAM-B3LYP/6-31g(d,p)",-6.78951238653,-0.839743305873,118,4.4874,-1556.1583079,3.7077,1.75
/home/ccollins/allmols/4/opt/cam/cam/13he12ii-4fl-12df-.log,13he12ii-4fl-12df-,---,[],"td CAM-B3LYP/6-31g(d,p)",-5.98051794442,-0.580146703863,112,4.6244,-1465.5448025,3.5130,1.71666666667
/home/ccollins/allmols/4/opt/cam/cam/13hl6ii4ee12he-.log,13hl6ii4ee12he-,---,[],"td CAM-B3LYP/6-31g(d,p)",-6.24528470936,-0.214425704805,117,2.5339,-1448.708987,3.9526,1.9
/home/ccollins/allmols/4/opt/cam/cam/6di13dd-12il-4he.log,6di13dd-12il-4he,---,[],"td CAM-B3LYP/6-31g(d,p)",-6.61291050529,-0.920561115933,119,5.0659,-1517.8012,3.7574,2.16666666667
/home/ccollins/allmols/4/opt/cam/cam/4fd12id-13lh-4lf-.log,4fd12id-13lh-4lf-,---,[],"td CAM-B3LYP/6-31g(d,p)",-5.94078932399,-0.802191596148,119,5.3942,-1559.0412577,3.1365,1.73333333333
/home/ccollins/allmols/4/opt/cam/cam/12fa13id13he-13fi-.log,12fa13id13he-13fi-,---,[],"td CAM-B3LYP/6-31g(d,p)",-5.6686754854,0.29034546577,101,5.8508,-1309.1695124,3.6362,1.35
/home/ccollins/allmols/4/opt/cam/cam/12il13il-6fh13el.log,12il13il-6fh13el,---,[],"td CAM-B3LYP/6-31g(d,p)",-5.88364541788,-0.0563275645871,118,4.8969,-1523.2970718,3.5038,2.38333333333
/home/ccollins/allmols/4/opt/cam/cam/12fa12ae4ah-4dh-.log,12fa12ae4ah-4dh-,---,[],"td CAM-B3LYP/6-31g(d,p)",-6.31276894133,-0.273746521616,99,4.8858,-1274.6728277,3.7909,1.33333333333
/home/ccollins/allmols/4/opt/cam/cam/13ie6if-4dd4il.log,13ie6if-4dd4il,---,[],"td CAM-B3LYP/6-31g(d,p)",-6.89400410055,-1.18587210855,120,1.7921,-1486.942167,3.8555,2.03333333333
/home/ccollins/allmols/4/opt/cam/cam/4fl13hh-6fa-4df-.log,4fl13hh-6fa-4df-,---,[],"td CAM-B3LYP/6-31g(d,p)",-6.10759510704,-0.422048563645,112,4.0957,-1461.8425754,3.5838,1.45
/home/ccollins/allmols/4/opt/cam/cam/12ee4hf-4fa13he-.log,12ee4hf-4fa13he-,---,[],"td CAM-B3LYP/6-31g(d,p)",-6.0988874642,0.0835389484456,109,0.8545,-1390.0176117,3.7864,1.81666666667
/home/ccollins/allmols/4/opt/cam/cam/6fd13df4ai-4di-.log,6fd13df4ai-4di-,---,[],"td CAM-B3LYP/6-31g(d,p)",-6.9465220714,-0.821239564849,112,11.4477,-1424.4753948,3.8198,2.0
/home/ccollins/allmols/4/opt/cam/cam/13lh12fe4ha6ld-.log,13lh12fe4ha6ld-,---,[],"td CAM-B3LYP/6-31g(d,p)",-5.63112377568,-0.384224740082,115,4.8651,-1499.8198119,3.4021,2.16666666667
/home/ccollins/allmols/4/opt/cam/cam/6dh12fi-12ea6fe-.log,6dh12fi-12ea6fe-,---,[],"td CAM-B3LYP/6-31g(d,p)",-6.66842172836,-0.63456947158,109,11.4012,-1442.02106,3.6801,1.38333333333
/home/ccollins/allmols/4/opt/cam/cam/12la12ad-4ea-12ld.log,12la12ad-4ea-12ld,---,[],"td CAM-B3LYP/6-31g(d,p)",-6.75413758752,-0.734979478018,106,5.5179,-1407.7512748,3.8174,1.21666666667
/home/ccollins/allmols/4/opt/cam/cam/12ad4if-4if-12ee-.log,12ad4if-4if-12ee-,---,[],"td CAM-B3LYP/6-31g(d,p)",-6.76393368571,-0.328713517011,109,5.1618,-1393.8854197,4.2462,1.58333333333
/home/ccollins/allmols/4/opt/cam/cam/12hh6aa4ia-4ll-.log,12hh6aa4ia-4ll-,---,[],"td CAM-B3LYP/6-31g(d,p)",-6.56583481122,-0.781510944416,113,6.7513,-1481.332154,3.5749,1.45
/home/ccollins/allmols/4/opt/cam/cam/13hh12al-13ea12le.log,13hh12al-13ea12le,---,[],"td CAM-B3LYP/6-31g(d,p)",-5.35873782325,0.46150507024,105,4.5292,-1368.2173057,3.5692,1.33333333333
/home/ccollins/allmols/4/opt/cam/cam/13ef4fd13li-4id-.log,13ef4fd13li-4id-,---,[],"td CAM-B3LYP/6-31g(d,p)",-6.73400116346,-0.109933990788,115,7.4006,-1426.4572857,4.2257,1.88333333333
/home/ccollins/allmols/4/opt/cam/cam/12ee13dh12il6if.log,12ee13dh12il6if,---,[],"td CAM-B3LYP/6-31g(d,p)",-6.24582893704,-0.435382141736,114,4.8570,-1482.4964986,3.5827,2.18333333333
/home/ccollins/allmols/4/opt/cam/cam/12hl13hi-4hi4ll.log,12hl13hi-4hi4ll,---,[],"td CAM-B3LYP/6-31g(d,p)",-6.25127121381,0.185309524076,106,3.4289,-1317.6492754,4.1279,1.58333333333
/home/ccollins/allmols/4/opt/cam/cam/12al13fa-13da-4de.log,12al13fa-13da-4de,---,[],"td CAM-B3LYP/6-31g(d,p)",-5.84881484654,-0.963555102429,102,10.0194,-1328.7674385,3.2626,1.01666666667
/home/ccollins/allmols/4/opt/cam/cam/6id6df-4if-4fd.log,6id6df-4if-4fd,---,[],"td CAM-B3LYP/6-31g(d,p)",-7.55687341134,-0.867771031247,119,7.9638,-1537.7568651,4.5261,2.96666666667
/home/ccollins/allmols/4/opt/cam/cam/4li6dd-4hi-6le-.log,4li6dd-4hi-6le-,---,[],"td CAM-B3LYP/6-31g(d,p)",-7.00502654669,-1.22941032273,127,3.1302,-1580.3525785,3.5705,1.86666666667
/home/ccollins/allmols/4/opt/cam/cam/12if4ia-4hd4eh.log,12if4ia-4hd4eh,---,[],"td CAM-B3LYP/6-31g(d,p)",-6.74570205852,-0.0699332565163,110,4.1225,-1355.4577463,4.3356,1.6
/home/ccollins/allmols/4/opt/cam/cam/12eh13le13fh12hf-.log,12eh13le13fh12hf-,---,[],"td CAM-B3LYP/6-31g(d,p)",-5.24445001105,0.55184686465,109,1.7739,-1459.4804355,3.5582,1.4
/home/ccollins/allmols/4/opt/cam/cam/4eh4la-13da13hd-.log,4eh4la-13da13hd-,---,[],"td CAM-B3LYP/6-31g(d,p)",-6.61345473297,-0.302046360829,109,4.3727,-1366.4539983,4.0744,1.51666666667
/home/ccollins/allmols/4/opt/cam/cam/13id12ef6fe-12hh-.log,13id12ef6fe-12hh-,---,[],"td CAM-B3LYP/6-31g(d,p)",-6.36583113986,-0.590759143568,110,6.3928,-1459.256513,3.5754,1.25
/home/ccollins/allmols/4/opt/cam/cam/12di13af-13ei-13fd-.log,12di13af-13ei-13fd-,---,[],"td CAM-B3LYP/6-31g(d,p)",-6.10841144855,-0.178506678112,103,3.2060,-1346.0432677,3.6889,1.2
/home/ccollins/allmols/4/opt/cam/cam/12lf13dh13lh12ae-.log,12lf13dh13lh12ae-,---,[],"td CAM-B3LYP/6-31g(d,p)",-6.55739928222,0.234834242699,117,9.8444,-1470.2086744,4.4986,2.23333333333
/home/ccollins/allmols/4/opt/cam/cam/6fa6he-13ih-6ea-.log,6fa6he-13ih-6ea-,---,[],"td CAM-B3LYP/6-31g(d,p)",-5.92636729054,-0.352659534806,106,5.3782,-1328.3501345,3.4216,1.41666666667
/home/ccollins/allmols/4/opt/cam/cam/4eh6ei-4ee4ea.log,4eh6ei-4ee4ea,---,[],"td CAM-B3LYP/6-31g(d,p)",-6.62134603429,-0.370074820475,119,2.8467,-1416.0567447,4.3814,2.61666666667
/home/ccollins/allmols/4/opt/cam/cam/6if12ff-12de12dl.log,6if12ff-12de12dl,---,[],"td CAM-B3LYP/6-31g(d,p)",-6.75250490448,-1.09607454182,114,3.4260,-1574.2089163,3.4274,1.55
/home/ccollins/allmols/4/opt/cam/cam/13li6dl-12da-4ae.log,13li6dl-12da-4ae,---,[],"td CAM-B3LYP/6-31g(d,p)",-6.75849140893,-0.969541606878,113,3.1822,-1445.4391903,3.6022,1.68333333333
/home/ccollins/allmols/4/opt/cam/cam/6ed12id12ai-6fh-.log,6ed12id12ai-6fh-,---,[],"td CAM-B3LYP/6-31g(d,p)",-6.56746749425,-1.21825365534,109,3.1918,-1422.2115467,3.4431,1.3
/home/ccollins/allmols/4/opt/cam/cam/12hd4hl-4de-12af.log,12hd4hl-4de-12af,---,[],"td CAM-B3LYP/6-31g(d,p)",-6.40800878484,-0.739333299435,125,4.9648,-1674.7629854,3.4398,2.1
/home/ccollins/allmols/4/opt/cam/cam/12fh6fh4ef-12ie.log,12fh6fh4ef-12ie,---,[],"td CAM-B3LYP/6-31g(d,p)",-6.34378991893,-0.128709845651,111,5.7182,-1464.301385,3.7628,1.58333333333
/home/ccollins/allmols/4/opt/cam/cam/13hd13da-12li-6ld.log,13hd13da-12li-6ld,---,[],"td CAM-B3LYP/6-31g(d,p)",-6.66216311007,-0.688175897781,114,5.8086,-1494.8339346,3.8216,1.46666666667
/home/ccollins/allmols/4/opt/cam/cam/13ia12hd6hi4ie-.log,13ia12hd6hi4ie-,---,[],"td CAM-B3LYP/6-31g(d,p)",-5.75792882446,0.255514894431,106,4.8761,-1337.4395608,3.7231,1.75
/home/ccollins/allmols/4/opt/cam/cam/13fe13fd4eh-13il.log,13fe13fd4eh-13il,---,[],"td CAM-B3LYP/6-31g(d,p)",-6.34487837428,-0.157281798702,114,5.9951,-1462.6414231,3.9623,1.66666666667
/home/ccollins/allmols/4/opt/cam/cam/13lh13ia-6la6ll.log,13lh13ia-6la6ll,---,[],"td CAM-B3LYP/6-31g(d,p)",-5.5805106017,0.0263950423427,115,2.0370,-1465.4334997,3.6421,1.68333333333
/home/ccollins/allmols/4/opt/cam/cam/12fe13di6id12ae.log,12fe13di6id12ae,---,[],"td CAM-B3LYP/6-31g(d,p)",-6.94107979462,-1.02859030985,108,4.0188,-1404.8802886,3.7836,1.4
/home/ccollins/allmols/4/opt/cam/cam/6he13de13ll12de-.log,6he13de13ll12de-,---,[],"td CAM-B3LYP/6-31g(d,p)",-6.49753423773,-0.619603210458,122,8.9477,-1591.6341067,3.6445,1.45
/home/ccollins/allmols/4/opt/cam/cam/4ia13ee-6fd-12hh.log,4ia13ee-6fd-12hh,---,[],"td CAM-B3LYP/6-31g(d,p)",-6.44719317759,-0.45579067963,109,3.7357,-1386.2604825,3.6963,1.6
/home/ccollins/allmols/4/opt/cam/cam/13fi6el13ef4al-.log,13fi6el13ef4al-,---,[],"td CAM-B3LYP/6-31g(d,p)",-5.97153818775,-0.234834242699,115,1.7659,-1467.6797613,3.5168,1.71666666667
/home/ccollins/allmols/4/opt/cam/cam/12fd12eh-6ai4aa.log,12fd12eh-6ai4aa,---,[],"td CAM-B3LYP/6-31g(d,p)",-6.58978082901,-0.86913160044,99,3.3427,-1274.6641436,3.5028,1.11666666667
/home/ccollins/allmols/4/opt/cam/cam/12ad6el-13ll12ai-.log,12ad6el-13ll12ai-,---,[],"td CAM-B3LYP/6-31g(d,p)",-5.98895347342,-0.731169884278,112,2.2721,-1465.5139435,3.3376,1.56666666667
/home/ccollins/allmols/4/opt/cam/cam/13lh6dl-13if-12ia.log,13lh6dl-13if-12ia,---,[],"td CAM-B3LYP/6-31g(d,p)",-5.86949549828,-0.208167086517,110,3.7595,-1424.9122881,3.5324,1.65
/home/ccollins/allmols/4/opt/cam/cam/13if13df-6he13ei.log,13if13df-6he13ei,---,[],"td CAM-B3LYP/6-31g(d,p)",-6.11276526997,-0.520009545536,107,3.9028,-1313.5562182,3.4282,2.4
/home/ccollins/allmols/4/opt/cam/cam/6dh6al-12ef12dh.log,6dh6al-12ef12dh,---,[],"td CAM-B3LYP/6-31g(d,p)",-6.57590302324,-0.847090379515,113,6.1780,-1513.4185246,3.5830,1.78333333333
/home/ccollins/allmols/4/opt/cam/cam/4ei4ad-6af-6ff-.log,4ei4ad-6af-6ff-,---,[],"td CAM-B3LYP/6-31g(d,p)",-7.05536760683,-0.924642823512,109,5.6349,-1390.1765475,3.8544,1.98333333333
/home/ccollins/allmols/4/opt/cam/cam/6al13ff-6af-12hl.log,6al13ff-6af-12hl,---,[],"td CAM-B3LYP/6-31g(d,p)",-5.84418891129,-0.00598650444887,107,2.4087,-1442.6136382,3.6257,1.53333333333
/home/ccollins/allmols/4/opt/cam/cam/13ef4ed-6if-6di.log,13ef4ed-6if-6di,---,[],"td CAM-B3LYP/6-31g(d,p)",-7.05291858228,-1.10124470475,118,3.1028,-1500.4996975,3.6224,1.98333333333
/home/ccollins/allmols/4/opt/cam/cam/12ad6id-13li6hh-.log,12ad6id-13li6hh-,---,[],"td CAM-B3LYP/6-31g(d,p)",-6.36283788763,-0.88464208924,111,6.6756,-1420.8724433,3.4157,1.68333333333
/home/ccollins/allmols/4/opt/cam/cam/4ii4ha-12hf-13ff-.log,4ii4ha-12hf-13ff-,---,[],"td CAM-B3LYP/6-31g(d,p)",-5.53533970449,0.58450052528,103,1.9604,-1315.4995182,3.8630,1.38333333333
/home/ccollins/allmols/4/opt/cam/cam/6ii6hf6fe6ha-.log,6ii6hf6fe6ha-,---,[],"td CAM-B3LYP/6-31g(d,p)",-6.45317968204,-0.708856549514,111,8.3556,-1404.8572664,3.4979,1.65
/home/ccollins/allmols/4/opt/cam/cam/4dh4ai12fa6le.log,4dh4ai12fa6le,---,[],"td CAM-B3LYP/6-31g(d,p)",-6.468418057,-0.302046360829,110,7.9067,-1391.3595946,3.8731,1.7
/home/ccollins/allmols/4/opt/cam/cam/12ae4ee6eh-6fa-.log,12ae4ee6eh-6fa-,---,[],"td CAM-B3LYP/6-31g(d,p)",-6.93046735492,-0.709400777191,110,6.6017,-1389.7206054,3.9424,2.01666666667
/home/ccollins/allmols/4/opt/cam/cam/13hi12ff-13le4lf.log,13hi12ff-13le4lf,---,[],"td CAM-B3LYP/6-31g(d,p)",-5.74650004324,0.342047095101,109,7.4539,-1407.6177898,3.7890,1.81666666667
/home/ccollins/allmols/4/opt/cam/cam/6dh4ia13lh-13fe-.log,6dh4ia13lh-13fe-,---,[],"td CAM-B3LYP/6-31g(d,p)",-5.73126166828,0.0770082163195,111,7.1840,-1404.7705764,3.7895,2.21666666667
/home/ccollins/allmols/4/opt/cam/cam/12ed4hh13ll4hf.log,12ed4hh13ll4hf,---,[],"td CAM-B3LYP/6-31g(d,p)",-5.9810621721,-0.353475876322,119,1.8374,-1539.1032377,3.5380,1.78333333333
/home/ccollins/allmols/4/opt/cam/cam/6lf4ae-13aa4fi.log,6lf4ae-13aa4fi,---,[],"td CAM-B3LYP/6-31g(d,p)",-6.06813860044,-0.290889693447,104,3.2548,-1299.1762227,3.5862,1.06666666667
/home/ccollins/allmols/4/opt/cam/cam/4ha6ld6ia12fl-.log,4ha6ld6ia12fl-,---,[],"td CAM-B3LYP/6-31g(d,p)",-6.85563604931,-0.580963045379,112,6.2959,-1445.7607868,4.0753,2.28333333333
/home/ccollins/allmols/4/opt/cam/cam/12fh12he4ha-12he.log,12fh12he4ha-12he,---,[],"td CAM-B3LYP/6-31g(d,p)",-5.68962825097,0.155649115671,104,3.2319,-1367.0430776,3.6224,1.21666666667
/home/ccollins/allmols/4/opt/cam/cam/12ed4ha-6ai-4ii.log,12ed4ha-6ai-4ii,---,[],"td CAM-B3LYP/6-31g(d,p)",-7.07169443714,-0.451164744374,106,2.7687,-1280.2567965,4.0439,2.3
/home/ccollins/allmols/4/opt/cam/cam/4fd12ei6ff6ii-.log,4fd12ei6ff6ii-,---,[],"td CAM-B3LYP/6-31g(d,p)",-6.78951238653,-0.940153312311,114,8.1740,-1466.5781374,3.6365,1.46666666667
/home/ccollins/allmols/4/opt/cam/cam/4hi13hf-6da12li.log,4hi13hf-6da12li,---,[],"td CAM-B3LYP/6-31g(d,p)",-6.12310559584,-0.26531099262,109,5.3820,-1387.8172552,3.5986,1.56666666667
/home/ccollins/allmols/4/opt/cam/cam/12ll6ea13ii-13dh-.log,12ll6ea13ii-13dh-,---,[],"td CAM-B3LYP/6-31g(d,p)",-6.03711762284,-0.229119852088,112,8.7272,-1425.8125518,3.6786,1.63333333333
/home/ccollins/allmols/4/opt/cam/cam/13fa13id6fl12dh.log,13fa13id6fl12dh,---,[],"td CAM-B3LYP/6-31g(d,p)",-6.30596609537,-1.00546063357,108,5.5641,-1438.5597276,3.3004,1.2
/home/ccollins/allmols/4/opt/cam/cam/6fi6al-12ll-4ff-.log,6fi6al-12ll-4ff-,---,[],"td CAM-B3LYP/6-31g(d,p)",-6.08446543076,-0.172520173663,118,7.1745,-1563.0882833,3.7835,2.38333333333
/home/ccollins/allmols/4/opt/cam/cam/13lf6hi6hh-4hh-.log,13lf6hi6hh-4hh-,---,[],"td CAM-B3LYP/6-31g(d,p)",-6.14977275202,-0.143676106773,111,3.0776,-1396.3037958,3.7560,1.76666666667
/home/ccollins/allmols/4/opt/cam/cam/6ia12ha4fd-6fi.log,6ia12ha4fd-6fi,---,[],"td CAM-B3LYP/6-31g(d,p)",-6.50406496986,-0.543955563331,104,9.4956,-1331.3116678,3.7609,1.56666666667
/home/ccollins/allmols/4/opt/cam/cam/4ea4ih-12ee-12al.log,4ea4ih-12ee-12al,---,[],"td CAM-B3LYP/6-31g(d,p)",-6.17616779436,-0.214425704805,109,1.9848,-1357.9118378,3.6422,1.06666666667
/home/ccollins/allmols/4/opt/cam/cam/13ih4ff-12fe4id-.log,13ih4ff-12fe4id-,---,[],"td CAM-B3LYP/6-31g(d,p)",-5.78758923286,-0.40191213959,111,5.2085,-1428.46512,3.5206,1.78333333333
/home/ccollins/allmols/4/opt/cam/cam/12hi12df-4di-13ld-.log,12hi12df-4di-13ld-,---,[],"td CAM-B3LYP/6-31g(d,p)",-6.78896815885,-0.915390953,114,9.6151,-1498.6448077,3.6363,1.58333333333
/home/ccollins/allmols/4/opt/cam/cam/4he12al12de-4ah-.log,4he12al12de-4ah-,---,[],"td CAM-B3LYP/6-31g(d,p)",-6.22487617147,-0.463954094787,109,7.1854,-1390.0583686,3.4872,1.26666666667
/home/ccollins/allmols/4/opt/cam/cam/4ld12ee12da6al-.log,4ld12ee12da6al-,---,[],"td CAM-B3LYP/6-31g(d,p)",-6.88230320549,-0.983691526484,115,3.9615,-1502.1039357,3.6131,1.45
/home/ccollins/allmols/4/opt/cam/cam/12ah12hl12if-12fi-.log,12ah12hl12if-12fi-,---,[],"td CAM-B3LYP/6-31g(d,p)",-5.49071303497,0.509941333508,101,5.2736,-1370.2321239,3.7209,1.01666666667
/home/ccollins/allmols/4/opt/cam/cam/13el4dh13fa4al.log,13el4dh13fa4al,---,[],"td CAM-B3LYP/6-31g(d,p)",-6.07140396651,0.0100682120276,111,8.6071,-1408.5867097,3.7954,1.65
/home/ccollins/allmols/4/opt/cam/cam/12if6el-12il4fl.log,12if6el-12il4fl,---,[],"td CAM-B3LYP/6-31g(d,p)",-6.14759584131,-0.0440824418508,121,2.6671,-1585.0463288,3.8016,1.85
/home/ccollins/allmols/4/opt/cam/cam/12ia13di-6el4li-.log,12ia13di-6el4li-,---,[],"td CAM-B3LYP/6-31g(d,p)",-6.0262330693,-0.233473673506,109,6.8507,-1427.5491831,3.7164,1.4
/home/ccollins/allmols/4/opt/cam/cam/12dl12ai-6fa-12lf.log,12dl12ai-6fa-12lf,---,[],"td CAM-B3LYP/6-31g(d,p)",-6.23276747279,-0.337149046007,106,4.0876,-1445.1868886,3.6455,1.46666666667
/home/ccollins/allmols/4/opt/cam/cam/6lf12ee-12hd-4ed.log,6lf12ee-12hd-4ed,---,[],"td CAM-B3LYP/6-31g(d,p)",-6.50025537612,-1.25199577133,121,3.4878,-1594.2715255,3.3026,1.7
/home/ccollins/allmols/4/opt/cam/cam/12id12ai4da4ae.log,12id12ai4da4ae,---,[],"td CAM-B3LYP/6-31g(d,p)",-6.95931142181,-0.841375988905,101,6.1244,-1259.5990047,3.8068,1.4
/home/ccollins/allmols/4/opt/cam/cam/4ea13dd-6aa-13fh-.log,4ea13dd-6aa-13fh-,---,[],"td CAM-B3LYP/6-31g(d,p)",-6.56773960809,-0.563275645871,101,11.4162,-1287.8777506,3.8315,1.2
/home/ccollins/allmols/4/opt/cam/cam/6hf12ei13ea-13ef-.log,6hf12ei13ea-13ef-,---,[],"td CAM-B3LYP/6-31g(d,p)",-5.98976981493,-0.229119852088,106,4.3443,-1367.9799201,3.5938,1.05
/home/ccollins/allmols/4/opt/cam/cam/4da4eh-4ia-4dd-.log,4da4eh-4ia-4dd-,---,[],"td CAM-B3LYP/6-31g(d,p)",-7.03359849974,-1.29662244086,113,4.7881,-1372.2213039,4.2486,1.56666666667
/home/ccollins/allmols/4/opt/cam/cam/12ia13di12id-4hi-.log,12ia13di12id-4hi-,---,[],"td CAM-B3LYP/6-31g(d,p)",-6.56420212818,-0.214697818643,104,6.2018,-1295.3858694,3.9076,1.28333333333
/home/ccollins/allmols/4/opt/cam/cam/12hh13ae13al-6ll-.log,12hh13ae13al-6ll-,---,[],"td CAM-B3LYP/6-31g(d,p)",-5.42077977845,0.311026117503,110,2.5899,-1424.8573016,3.5652,1.56666666667
/home/ccollins/allmols/4/opt/cam/cam/4ea6di-13he-6ef.log,4ea6di-13he-6ef,---,[],"td CAM-B3LYP/6-31g(d,p)",-6.62080180661,-0.59620142034,114,4.8387,-1425.2553001,3.7549,1.95
/home/ccollins/allmols/4/opt/cam/cam/13fi13ee4hl-12ii-.log,13fi13ee4hl-12ii-,---,[],"td CAM-B3LYP/6-31g(d,p)",-6.10623453785,0.251705300691,112,3.0769,-1393.6913827,4.0113,1.7
/home/ccollins/allmols/4/opt/cam/cam/4ih4ih12ef-6ie.log,4ih4ih12ef-6ie,---,[],"td CAM-B3LYP/6-31g(d,p)",-6.35712349702,-0.210071883388,114,2.3663,-1394.6937287,3.7634,2.16666666667
/home/ccollins/allmols/4/opt/cam/cam/4af13al-6if-6hl-.log,4af13al-6if-6hl-,---,[],"td CAM-B3LYP/6-31g(d,p)",-5.8964347683,0.00136056919292,110,5.8651,-1408.9254684,3.6369,1.6
/home/ccollins/allmols/4/opt/cam/cam/13hh12el4de4hh-.log,13hh12el4de4hh-,---,[],"td CAM-B3LYP/6-31g(d,p)",-5.88609444243,-0.55184686465,117,6.6008,-1480.853498,3.3501,1.61666666667
/home/ccollins/allmols/4/opt/cam/cam/4ee4af6li-12le-.log,4ee4af6li-12le-,---,[],"td CAM-B3LYP/6-31g(d,p)",-6.74597417236,-0.259324488171,120,2.0012,-1510.4917547,4.3833,2.0
/home/ccollins/allmols/4/opt/cam/cam/6ll13id6ei13ea-.log,6ll13id6ei13ea-,---,[],"td CAM-B3LYP/6-31g(d,p)",-6.44909797446,-0.56926215032,117,6.8851,-1464.8461903,3.6363,1.8
/home/ccollins/allmols/4/opt/cam/cam/6fh4ei4id-12le.log,6fh4ei4id-12le,---,[],"td CAM-B3LYP/6-31g(d,p)",-6.66651693149,-0.249256276144,120,2.8717,-1506.7318401,4.1960,2.75
/home/ccollins/allmols/4/opt/cam/cam/12df4ii-12id-4da.log,12df4ii-12id-4da,---,[],"td CAM-B3LYP/6-31g(d,p)",-7.44775576207,-0.85579802235,109,4.3374,-1390.1773324,4.2795,1.81666666667
/home/ccollins/allmols/4/opt/cam/cam/6el6fi4dh12if.log,6el6fi4dh12if,---,[],"td CAM-B3LYP/6-31g(d,p)",-6.64746896279,-0.425313929708,118,3.7774,-1521.8930429,3.9075,2.13333333333
/home/ccollins/allmols/4/opt/cam/cam/13ll12fi-13ae-13ld.log,13ll12fi-13ae-13ld,---,[],"td CAM-B3LYP/6-31g(d,p)",-5.66704280237,0.279733026065,113,1.5646,-1482.7917095,3.7058,1.73333333333
/home/ccollins/allmols/4/opt/cam/cam/4he4ih-4ad-6hl-.log,4he4ih-4ad-6hl-,---,[],"td CAM-B3LYP/6-31g(d,p)",-6.54080033807,-0.275379204648,117,7.2747,-1429.01647,3.9190,1.48333333333
/home/ccollins/allmols/4/opt/cam/cam/4ai6fi-13ei13ie-.log,4ai6fi-13ei13ie-,---,[],"td CAM-B3LYP/6-31g(d,p)",-6.27630568696,0.0378238235633,107,4.8589,-1281.4328251,4.0478,1.93333333333
/home/ccollins/allmols/4/opt/cam/cam/4lh12ee-6hd-13ai.log,4lh12ee-6hd-13ai,---,[],"td CAM-B3LYP/6-31g(d,p)",-6.3075987784,-0.662325083116,113,7.5821,-1425.5603495,3.4666,1.56666666667
/home/ccollins/allmols/4/opt/cam/cam/4de4df-13ee-4fi-.log,4de4df-13ee-4fi-,---,[],"td CAM-B3LYP/6-31g(d,p)",-6.55930407909,-0.957024370303,120,11.2162,-1505.2450191,3.8091,2.03333333333
/home/ccollins/allmols/4/opt/cam/cam/6hf12al-12ad-4eh.log,6hf12al-12ad-4eh,---,[],"td CAM-B3LYP/6-31g(d,p)",-6.27440089009,-0.354564331676,107,6.5659,-1405.1980851,3.6366,1.23333333333
/home/ccollins/allmols/4/opt/cam/cam/12ea4ai-4ea-4ad.log,12ea4ai-4ea-4ad,---,[],"td CAM-B3LYP/6-31g(d,p)",-7.00094483911,-0.369802706637,100,4.0835,-1206.394677,4.5441,1.86666666667
/home/ccollins/allmols/4/opt/cam/cam/6ee4fe-12dd13dh-.log,6ee4fe-12dd13dh-,---,[],"td CAM-B3LYP/6-31g(d,p)",-7.00421020518,-1.26859471548,119,10.6746,-1552.1125345,3.5915,1.83333333333
/home/ccollins/allmols/4/opt/cam/cam/12af12ad-13ld-12ad-.log,12af12ad-13ld-12ad-,---,[],"td CAM-B3LYP/6-31g(d,p)",-6.7116878287,-1.01525673176,99,6.9803,-1362.529148,3.5226,1.13333333333
/home/ccollins/allmols/4/opt/cam/cam/13ee4eh12de-12fh-.log,13ee4eh12de-12fh-,---,[],"td CAM-B3LYP/6-31g(d,p)",-6.54542627332,-0.743142893175,121,10.4978,-1579.801088,3.5222,1.83333333333
/home/ccollins/allmols/4/opt/cam/cam/4fa13ee-13de-12hh-.log,4fa13ee-13de-12hh-,---,[],"td CAM-B3LYP/6-31g(d,p)",-6.18433120952,-0.0484362632681,108,7.4460,-1384.9779841,3.8923,1.56666666667
/home/ccollins/allmols/4/opt/cam/cam/13if6af-13ei-4el-.log,13if6af-13ei-4el-,---,[],"td CAM-B3LYP/6-31g(d,p)",-6.10405762714,-0.121906999686,111,4.6162,-1392.5139648,3.6527,1.73333333333
/home/ccollins/allmols/4/opt/cam/cam/6ef6eh-4fd13id-.log,6ef6eh-4fd13id-,---,[],"td CAM-B3LYP/6-31g(d,p)",-7.15169590569,-0.775252326128,118,7.4583,-1516.5547913,4.0255,2.23333333333
/home/ccollins/allmols/4/opt/cam/cam/13dl4ae6id-13il.log,13dl4ae6id-13il,---,[],"td CAM-B3LYP/6-31g(d,p)",-6.822438161,-0.379054577149,117,5.4971,-1464.8724415,4.1091,2.01666666667
/home/ccollins/allmols/4/opt/cam/cam/4ei12fh13ee12hi.log,4ei12fh13ee12hi,---,[],"td CAM-B3LYP/6-31g(d,p)",-5.82405248723,-0.00598650444887,110,5.1092,-1391.2228185,3.6090,1.5
/home/ccollins/allmols/4/opt/cam/cam/6ad12af6fa4ha.log,6ad12af6fa4ha,---,[],"td CAM-B3LYP/6-31g(d,p)",-6.58352221072,-1.04464502633,96,1.6093,-1252.7198847,3.4629,1.06666666667
/home/ccollins/allmols/4/opt/cam/cam/13ea4ll4hh-6hh.log,13ea4ll4hh-6hh,---,[],"td CAM-B3LYP/6-31g(d,p)",-6.75114433529,-0.705046955774,121,8.0759,-1522.4551829,3.8608,1.83333333333
/home/ccollins/allmols/4/opt/cam/cam/6il13ad4de12di.log,6il13ad4de12di,---,[],"td CAM-B3LYP/6-31g(d,p)",-6.98706703334,-1.20981812635,115,12.1886,-1462.4659875,3.6872,1.76666666667
/home/ccollins/allmols/4/opt/cam/cam/12ea12hi13al-12la.log,12ea12hi13al-12la,---,[],"td CAM-B3LYP/6-31g(d,p)",-5.54704059955,0.334972135298,99,2.4697,-1295.9344609,3.6500,1.06666666667
/home/ccollins/allmols/4/opt/cam/cam/13ed12fd4ll4fi-.log,13ed12fd4ll4fi-,---,[],"td CAM-B3LYP/6-31g(d,p)",-5.91820387538,0.0302046360829,115,6.3044,-1447.8608283,3.7930,1.81666666667
/home/ccollins/allmols/4/opt/cam/cam/6di12he6ah13li.log,6di12he6ah13li,---,[],"td CAM-B3LYP/6-31g(d,p)",-6.0847375446,-0.442729215378,111,6.3613,-1404.770111,3.4813,1.18333333333
/home/ccollins/allmols/4/opt/cam/cam/4ih4fa4al-6eh-.log,4ih4fa4al-6eh-,---,[],"td CAM-B3LYP/6-31g(d,p)",-6.4387576486,0.189935459332,111,4.9937,-1356.6737293,4.3909,2.16666666667
/home/ccollins/allmols/4/opt/cam/cam/13dl12da13hh13di-.log,13dl12da13hh13di-,---,[],"td CAM-B3LYP/6-31g(d,p)",-6.25589714907,-0.482185721972,107,5.9250,-1397.5941774,3.5704,1.25
/home/ccollins/allmols/4/opt/cam/cam/13dl6ld13ah13ii.log,13dl6ld13ah13ii,---,[],"td CAM-B3LYP/6-31g(d,p)",-5.90405395578,-0.553479547682,112,7.9335,-1422.086839,3.3009,1.36666666667
/home/ccollins/allmols/4/opt/cam/cam/13da12ha12fa-13ie-.log,13da12ha12fa-13ie-,---,[],"td CAM-B3LYP/6-31g(d,p)",-5.83956297603,-0.0568717922642,93,7.8992,-1214.5396987,3.5637,0.883333333333
/home/ccollins/allmols/4/opt/cam/cam/4ei4ih12hh-12ie-.log,4ei4ih12hh-12ie-,---,[],"td CAM-B3LYP/6-31g(d,p)",-5.88228484869,0.487355884906,111,3.7062,-1356.5880844,3.9047,2.28333333333
/home/ccollins/allmols/4/opt/cam/cam/6hi12ei-12fe13hd.log,6hi12ei-12fe13hd,---,[],"td CAM-B3LYP/6-31g(d,p)",-6.02187924788,-0.046531466398,110,4.9887,-1423.3687922,3.6603,1.66666666667
/home/ccollins/allmols/4/opt/cam/cam/13ai12hf-4fe6ai-.log,13ai12hf-4fe6ai-,---,[],"td CAM-B3LYP/6-31g(d,p)",-5.79548053418,-0.112655129174,101,4.0547,-1277.1137562,3.6930,1.48333333333
/home/ccollins/allmols/4/opt/cam/cam/4ih12hd-12lh-4if.log,4ih12hd-12lh-4if,---,[],"td CAM-B3LYP/6-31g(d,p)",-6.07085973883,-0.396469862818,113,5.6869,-1446.9691149,3.4179,1.45
/home/ccollins/allmols/4/opt/cam/cam/6he4fh-13ii-6ha-.log,6he4fh-13ii-6ha-,---,[],"td CAM-B3LYP/6-31g(d,p)",-6.06841071428,0.359190266932,108,3.3550,-1330.8391697,4.0423,1.71666666667
/home/ccollins/allmols/4/opt/cam/cam/12le4he13hf-13ai-.log,12le4he13hf-13ai-,---,[],"td CAM-B3LYP/6-31g(d,p)",-5.67411776217,0.0778245578353,108,2.8838,-1370.436483,3.5832,1.3
/home/ccollins/allmols/4/opt/cam/cam/4ie12df-4ii-4dh-.log,4ie12df-4ii-4dh-,---,[],"td CAM-B3LYP/6-31g(d,p)",-6.93727020088,-0.391571813724,116,8.6832,-1431.6155798,4.1089,3.0
/home/ccollins/allmols/4/opt/cam/cam/4ae6hf13fe-12ei-.log,4ae6hf13fe-12ei-,---,[],"td CAM-B3LYP/6-31g(d,p)",-5.88963192233,-0.0895254528944,109,2.5691,-1390.0408461,3.5279,1.5
/home/ccollins/allmols/4/opt/cam/cam/4aa12if6ad-13he-.log,4aa12if6ad-13he-,---,[],"td CAM-B3LYP/6-31g(d,p)",-6.10977201775,-0.462321411756,99,6.6487,-1254.8260809,3.4501,1.08333333333
/home/ccollins/allmols/4/opt/cam/cam/4ef13li4la-12ih.log,4ef13li4la-12ih,---,[],"td CAM-B3LYP/6-31g(d,p)",-5.81752175511,0.177146108919,113,4.2247,-1414.8305829,3.7915,2.15
/home/ccollins/allmols/4/opt/cam/cam/6ll12eh13ai4fh-.log,6ll12eh13ai4fh-,---,[],"td CAM-B3LYP/6-31g(d,p)",-5.44472579625,-0.0359190266932,113,3.1600,-1446.9212095,3.3472,1.28333333333
/home/ccollins/allmols/4/opt/cam/cam/6fi4da4al-12ei.log,6fi4da4al-12ei,---,[],"td CAM-B3LYP/6-31g(d,p)",-6.93509329018,-0.477831900555,110,2.1478,-1375.3086734,4.2186,1.88333333333
/home/ccollins/allmols/4/opt/cam/cam/6he13da-12hh12fl.log,6he13da-12hh12fl,---,[],"td CAM-B3LYP/6-31g(d,p)",-5.72200979776,-0.0413613034649,108,11.9059,-1438.4797655,3.5383,1.21666666667
/home/ccollins/allmols/4/opt/cam/cam/6di6hi6dl-6hd.log,6di6hi6dl-6hd,---,[],"td CAM-B3LYP/6-31g(d,p)",-7.19795525825,-0.986140551032,123,10.4208,-1569.4064033,3.8355,1.66666666667
/home/ccollins/allmols/4/opt/cam/cam/13lh12al-4ff-13fe-.log,13lh12al-4ff-13fe-,---,[],"td CAM-B3LYP/6-31g(d,p)",-5.43683449493,0.466947347012,110,3.2407,-1464.5816653,3.6395,1.36666666667
/home/ccollins/allmols/4/opt/cam/cam/13hf4de-6af6ha-.log,13hf4de-6af6ha-,---,[],"td CAM-B3LYP/6-31g(d,p)",-6.53535806129,-0.971990631425,106,3.8286,-1364.2951431,3.5204,1.3
/home/ccollins/allmols/4/opt/cam/cam/6hi6hd-4hf-4hi.log,6hi6hd-4hf-4hi,---,[],"td CAM-B3LYP/6-31g(d,p)",-6.18650812023,-0.252793756045,115,8.8756,-1424.3228804,3.7264,2.05
/home/ccollins/allmols/4/opt/cam/cam/6af4dd13la-12ha-.log,6af4dd13la-12ha-,---,[],"td CAM-B3LYP/6-31g(d,p)",-6.05045120094,-1.01362404873,103,4.3860,-1346.0959729,3.0538,1.63333333333
/home/ccollins/allmols/4/opt/cam/cam/13hi6ef-12dh-12fe-.log,13hi6ef-12dh-12fe-,---,[],"td CAM-B3LYP/6-31g(d,p)",-6.22514828531,-0.485995315713,110,3.9825,-1459.2435973,3.5642,1.43333333333
/home/ccollins/allmols/4/opt/cam/cam/12dl12dl-4af-13hh.log,12dl12dl-4af-13hh,---,[],"td CAM-B3LYP/6-31g(d,p)",-5.82187557652,-0.641644431383,112,5.3886,-1497.6625593,3.3949,1.61666666667
/home/ccollins/allmols/4/opt/cam/cam/13fa4la-6fe-4aa-.log,13fa4la-6fe-4aa-,---,[],"td CAM-B3LYP/6-31g(d,p)",-6.51168415734,-0.28463107516,100,3.4918,-1259.8590628,4.1135,1.46666666667
/home/ccollins/allmols/4/opt/cam/cam/6ef13al4fi-6fe-.log,6ef13al4fi-6fe-,---,[],"td CAM-B3LYP/6-31g(d,p)",-6.31739487659,-0.120818544332,114,4.1637,-1466.5050321,3.8358,1.9
/home/ccollins/allmols/4/opt/cam/cam/12hh12ed13hh-12ef.log,12hh12ed13hh-12ef,---,[],"td CAM-B3LYP/6-31g(d,p)",-5.72173768392,-0.280549367581,107,7.7350,-1437.1880604,3.2619,1.11666666667
/home/ccollins/allmols/4/opt/cam/cam/6dl4da-4ah-13fl.log,6dl4da-4ah-13fl,---,[],"td CAM-B3LYP/6-31g(d,p)",-6.22705308218,-0.577697679316,114,8.4418,-1462.7652501,3.9062,2.31666666667
/home/ccollins/allmols/4/opt/cam/cam/13ef13le12ae4la-.log,13ef13le12ae4la-,---,[],"td CAM-B3LYP/6-31g(d,p)",-6.22405982995,0.211160338742,116,4.8188,-1488.8360396,4.0711,2.1
/home/ccollins/allmols/4/opt/cam/cam/6fl12ii4el-12il.log,6fl12ii4el-12il,---,[],"td CAM-B3LYP/6-31g(d,p)",-6.28963926505,-0.00108845535434,121,4.4003,-1549.1507357,3.9199,1.48333333333
/home/ccollins/allmols/4/opt/cam/cam/4ai13ah13eh-13id.log,4ai13ah13eh-13id,---,[],"td CAM-B3LYP/6-31g(d,p)",-5.72609150534,0.258508146656,100,7.5273,-1216.3096039,3.6988,1.21666666667
/home/ccollins/allmols/4/opt/cam/cam/12ae6fi12da-12da.log,12ae6fi12da-12da,---,[],"td CAM-B3LYP/6-31g(d,p)",-7.10353175626,-1.08219673605,98,7.7810,-1309.3480096,3.7132,1.2
/home/ccollins/allmols/4/opt/cam/cam/6hi6ai-12fa6fa.log,6hi6ai-12fa6fa,---,[],"td CAM-B3LYP/6-31g(d,p)",-6.51875911714,-0.238643836439,98,6.2990,-1255.155478,3.9146,1.38333333333
/home/ccollins/allmols/4/opt/cam/cam/13ha13fd6eh-12ad-.log,13ha13fd6eh-12ad-,---,[],"td CAM-B3LYP/6-31g(d,p)",-6.07902315399,-0.93253412483,102,4.9940,-1341.0001687,3.2594,1.11666666667
/home/ccollins/allmols/4/opt/cam/cam/4ea13li6fl13lf-.log,4ea13li6fl13lf-,---,[],"td CAM-B3LYP/6-31g(d,p)",-5.99847745777,-0.11537626756,117,1.8084,-1506.0541567,3.6482,2.06666666667
/home/ccollins/allmols/4/opt/cam/cam/12hd6ae13he13hi.log,12hd6ae13he13hi,---,[],"td CAM-B3LYP/6-31g(d,p)",-5.62976320648,-0.615521502879,106,3.9540,-1344.3423124,3.0808,1.48333333333
/home/ccollins/allmols/4/opt/cam/cam/13le6fe6dd6lf-.log,13le6fe6dd6lf-,---,[],"td CAM-B3LYP/6-31g(d,p)",-7.17890728955,-1.24165544546,126,4.8850,-1666.9139888,3.8988,2.05
/home/ccollins/allmols/4/opt/cam/cam/13de13lf4dh-6af.log,13de13lf4dh-6af,---,[],"td CAM-B3LYP/6-31g(d,p)",-6.63359115702,-0.555112230713,113,11.9460,-1477.53982,3.8676,1.85
/home/ccollins/allmols/4/opt/cam/cam/13le12ae4ai4lf-.log,13le12ae4ai4lf-,---,[],"td CAM-B3LYP/6-31g(d,p)",-5.80092281095,0.0410891896263,107,4.6043,-1374.6212668,3.7468,1.81666666667
/home/ccollins/allmols/4/opt/cam/cam/13el6ll6fi-12id.log,13el6ll6fi-12id,---,[],"td CAM-B3LYP/6-31g(d,p)",-5.90514241113,0.462865639433,112,3.9447,-1357.7955765,4.0287,2.05
/home/ccollins/allmols/4/opt/cam/cam/4fi6al-4ll13dl.log,4fi6al-4ll13dl,---,[],"td CAM-B3LYP/6-31g(d,p)",-6.67604091584,-0.139322285355,124,4.2324,-1583.4893596,4.1419,2.23333333333
/home/ccollins/allmols/4/opt/cam/cam/4dd13da-6ha12ea.log,4dd13da-6ha12ea,---,[],"td CAM-B3LYP/6-31g(d,p)",-6.88965027913,-1.55730749822,103,6.2792,-1324.7423043,3.4138,1.25
/home/ccollins/allmols/4/opt/cam/cam/13ff4fd-12fi13de-.log,13ff4fd-12fi13de-,---,[],"td CAM-B3LYP/6-31g(d,p)",-6.35603504167,-0.873757535696,110,4.6340,-1479.1998883,3.3886,1.31666666667
/home/ccollins/allmols/4/opt/cam/cam/13lf6dd-6ah-6il.log,13lf6dd-6ah-6il,---,[],"td CAM-B3LYP/6-31g(d,p)",-6.95495760039,-1.38233830001,118,8.1529,-1534.133491,3.4442,1.68333333333
/home/ccollins/allmols/4/opt/cam/cam/13hd12ff13dh-4if.log,13hd12ff13dh-4if,---,[],"td CAM-B3LYP/6-31g(d,p)",-6.17018128991,-0.420143766775,108,7.8261,-1438.5642205,3.5054,1.46666666667
/home/ccollins/allmols/4/opt/cam/cam/13ha12fl13af13dd-.log,13ha12fl13af13dd-,---,[],"td CAM-B3LYP/6-31g(d,p)",-6.07956738166,-0.306128068408,101,12.0104,-1361.1476994,3.5630,1.11666666667
/home/ccollins/allmols/4/opt/cam/cam/6ai6dh-13di6fi-.log,6ai6dh-13di6fi-,---,[],"td CAM-B3LYP/6-31g(d,p)",-7.08012996614,-0.786136879672,110,4.8173,-1383.7946891,3.8401,1.93333333333
/home/ccollins/allmols/4/opt/cam/cam/6il13ie-6id4he.log,6il13ie-6id4he,---,[],"td CAM-B3LYP/6-31g(d,p)",-6.49535732702,-0.464498322464,120,8.6593,-1467.0335078,3.7673,1.95
/home/ccollins/allmols/4/opt/cam/cam/12la6df13fd4hi-.log,12la6df13fd4hi-,---,[],"td CAM-B3LYP/6-31g(d,p)",-6.66842172836,-0.63647426845,111,1.6678,-1460.6050665,3.7687,1.36666666667
/home/ccollins/allmols/4/opt/cam/cam/6hi13ed6ha12dl.log,6hi13ed6ha12dl,---,[],"td CAM-B3LYP/6-31g(d,p)",-6.78624702047,-0.929540872606,113,9.0464,-1457.6959258,3.6674,1.9
/home/ccollins/allmols/4/opt/cam/cam/6eh6ei4fd-13le-.log,6eh6ei4fd-13le-,---,[],"td CAM-B3LYP/6-31g(d,p)",-6.88584068539,-0.3229991264,122,7.2646,-1539.726655,4.1951,2.45
/home/ccollins/allmols/4/opt/cam/cam/6ah6ed12ha13fh-.log,6ah6ed12ha13fh-,---,[],"td CAM-B3LYP/6-31g(d,p)",-5.92473460751,-0.625317601068,103,5.4321,-1342.2191012,3.1840,1.35
/home/ccollins/allmols/4/opt/cam/cam/12df4ei4if-13al.log,12df4ei4if-13al,---,[],"td CAM-B3LYP/6-31g(d,p)",-6.14705161363,-0.312386686695,111,4.8294,-1412.4092141,4.2679,1.53333333333
/home/ccollins/allmols/4/opt/cam/cam/6le6fd-12ha-6ff-.log,6le6fd-12ha-6ff-,---,[],"td CAM-B3LYP/6-31g(d,p)",-6.52311293856,-1.00627697509,114,3.3660,-1534.5715998,3.3525,1.41666666667
/home/ccollins/allmols/4/opt/cam/cam/6he6al-12he-6hf.log,6he6al-12he-6hf,---,[],"td CAM-B3LYP/6-31g(d,p)",-5.83357647158,-0.350754737936,114,5.6752,-1478.7274509,3.3241,1.83333333333
/home/ccollins/allmols/4/opt/cam/cam/12fe4hh6il13df.log,12fe4hh6il13df,---,[],"td CAM-B3LYP/6-31g(d,p)",-6.32610251942,-0.268848472522,115,3.3628,-1499.8284104,3.7083,1.61666666667
/home/ccollins/allmols/4/opt/cam/cam/12el12ii13df-13ae-.log,12el12ii13df-13ae-,---,[],"td CAM-B3LYP/6-31g(d,p)",-6.30705455072,-0.068844801162,107,7.1489,-1389.0698566,3.8818,1.38333333333
/home/ccollins/allmols/4/opt/cam/cam/13dd4ll4ee13ae-.log,13dd4ll4ee13ae-,---,[],"td CAM-B3LYP/6-31g(d,p)",-6.32093235649,0.114559926044,105,9.7174,-1316.4464254,4.0593,1.3
/home/ccollins/allmols/4/opt/cam/cam/6hi12ed-13fe-4ia-.log,6hi12ed-13fe-4ia-,---,[],"td CAM-B3LYP/6-31g(d,p)",-6.39195406836,-0.150478952737,109,6.7813,-1370.2262501,3.8923,1.46666666667
/home/ccollins/allmols/4/opt/cam/cam/13hf6ff12de-4ia.log,13hf6ff12de-4ia,---,[],"td CAM-B3LYP/6-31g(d,p)",-6.62923733561,-0.695250857584,107,2.3663,-1405.2115319,3.6793,1.43333333333
/home/ccollins/allmols/4/opt/cam/cam/6ea13eh13aa-4ea-.log,6ea13eh13aa-4ea-,---,[],"td CAM-B3LYP/6-31g(d,p)",-5.73915296959,-0.187486434785,97,2.6417,-1180.4825044,3.4297,1.01666666667
/home/ccollins/allmols/4/opt/cam/cam/13ee13de-4la6hi.log,13ee13de-4la6hi,---,[],"td CAM-B3LYP/6-31g(d,p)",-6.40746455716,-0.435382141736,114,11.2418,-1480.9166731,3.6388,1.53333333333
/home/ccollins/allmols/4/opt/cam/cam/4ia13li-4di-12if-.log,4ia13li-4di-12if-,---,[],"td CAM-B3LYP/6-31g(d,p)",-6.33236113771,-0.290073351932,109,6.4743,-1339.6972234,3.7817,2.01666666667
/home/ccollins/allmols/4/opt/cam/cam/6lh13dd-6fa6hd.log,6lh13dd-6fa6hd,---,[],"td CAM-B3LYP/6-31g(d,p)",-7.08693281211,-1.16383088763,116,10.4016,-1527.9581386,3.6108,1.63333333333
/home/ccollins/allmols/4/opt/cam/cam/13fa12ih-12id-13ih-.log,13fa12ih-12id-13ih-,---,[],"td CAM-B3LYP/6-31g(d,p)",-5.92228558296,0.179323019627,99,5.2249,-1272.3522233,3.8015,1.18333333333
/home/ccollins/allmols/4/opt/cam/cam/4hd13ai-12li-6lf.log,4hd13ai-12li-6lf,---,[],"td CAM-B3LYP/6-31g(d,p)",-5.77616045164,-0.0334700021459,113,3.4264,-1446.9850372,3.5012,1.73333333333
/home/ccollins/allmols/4/opt/cam/cam/12dl12hf-13hi-13fl-.log,12dl12hf-13hi-13fl-,---,[],"td CAM-B3LYP/6-31g(d,p)",-5.44200465786,0.339053842877,111,6.7510,-1497.9138909,3.6040,1.31666666667
/home/ccollins/allmols/4/opt/cam/cam/13hl12ia-13hl-13ae.log,13hl12ia-13hl-13ae,---,[],"td CAM-B3LYP/6-31g(d,p)",-5.45316132524,0.583684183765,103,2.4433,-1311.5551092,3.7509,1.36666666667
/home/ccollins/allmols/4/opt/cam/cam/13ah4lh12fd-4fe-.log,13ah4lh12fd-4fe-,---,[],"td CAM-B3LYP/6-31g(d,p)",-5.80092281095,-0.54994206778,111,3.8809,-1444.4926123,3.3478,1.6
/home/ccollins/allmols/4/opt/cam/cam/6ha13eh-6fd-13fe13li.log,6ha13eh-6fd-13fe13li,---,[],"td CAM-B3LYP/6-31g(d,p)",-5.96963339088,-0.450076289019,138,8.6837,-1781.0226761,3.3747,1.9
/home/ccollins/allmols/4/opt/cam/cam/13ei13ei-12lh4ii.log,13ei13ei-12lh4ii,---,[],"td CAM-B3LYP/6-31g(d,p)",-5.84554948048,-0.097688868052,110,6.6526,-1411.0630071,3.6202,1.7
/home/ccollins/allmols/4/opt/cam/cam/12ef6la4if-12fe-.log,12ef6la4if-12fe-,---,[],"td CAM-B3LYP/6-31g(d,p)",-6.4041991911,-0.242453430179,111,2.3578,-1468.111588,3.9116,1.53333333333
/home/ccollins/allmols/4/opt/cam/cam/12hf4hh-6dd13hh.log,12hf4hh-6dd13hh,---,[],"td CAM-B3LYP/6-31g(d,p)",-6.29072772041,-1.12029267345,111,3.8542,-1452.9469214,3.0582,1.41666666667
/home/ccollins/allmols/4/opt/cam/cam/6dh13ia-13fl13ae.log,6dh13ia-13fl13ae,---,[],"td CAM-B3LYP/6-31g(d,p)",-5.79221516812,-0.119730088977,104,6.6185,-1327.3851921,3.5403,1.25
/home/ccollins/allmols/4/opt/cam/cam/13da4ei12ad13lf-.log,13da4ei12ad13lf-,---,[],"td CAM-B3LYP/6-31g(d,p)",-6.60746822852,-0.616065730556,106,9.2443,-1368.0622836,3.8093,1.35
/home/ccollins/allmols/4/opt/cam/cam/13al12ea-13el6li.log,13al12ea-13el6li,---,[],"td CAM-B3LYP/6-31g(d,p)",-5.66459377782,0.131975211714,112,2.6900,-1429.5881917,3.5700,1.48333333333
/home/ccollins/allmols/4/opt/cam/cam/4di6ae-13hh13li.log,4di6ae-13hh13li,---,[],"td CAM-B3LYP/6-31g(d,p)",-5.67085239611,-0.159458709411,111,7.2019,-1368.8650228,3.4017,1.86666666667
/home/ccollins/allmols/4/opt/cam/cam/6if13di-12ii-6fi.log,6if13di-12ii-6fi,---,[],"td CAM-B3LYP/6-31g(d,p)",-6.64202668602,-0.379054577149,109,6.0898,-1371.833354,3.9343,2.5
/home/ccollins/allmols/4/opt/cam/cam/4he12ff6he4fi-.log,4he12ff6he4fi-,---,[],"td CAM-B3LYP/6-31g(d,p)",-6.12038445745,-0.0726543949022,114,2.2288,-1466.5098989,3.6846,1.78333333333
/home/ccollins/allmols/4/opt/cam/cam/12hd13id-12id-12ed.log,12hd13id-12id-12ed,---,[],"td CAM-B3LYP/6-31g(d,p)",-7.06407524966,-1.33390203674,111,8.0996,-1475.0820306,3.5784,1.4
/home/ccollins/allmols/4/opt/cam/cam/13al13dl-6fa6ee.log,13al13dl-6fa6ee,---,[],"td CAM-B3LYP/6-31g(d,p)",-6.45018642982,-0.505587512091,113,3.5796,-1461.4221673,3.9076,2.13333333333
/home/ccollins/allmols/4/opt/cam/cam/13he6ai12lh-6fe.log,13he6ai12lh-6fe,---,[],"td CAM-B3LYP/6-31g(d,p)",-6.31494585204,-0.397014090495,111,5.3230,-1424.5736752,3.7126,1.86666666667
/home/ccollins/allmols/4/opt/cam/cam/12eh12fh-4hf12ll.log,12eh12fh-4hf12ll,---,[],"td CAM-B3LYP/6-31g(d,p)",-5.59193938292,0.251705300691,114,3.6594,-1539.7485259,3.5992,1.4
/home/ccollins/allmols/4/opt/cam/cam/6af13hi-12ah12fd.log,6af13hi-12ah12fd,---,[],"td CAM-B3LYP/6-31g(d,p)",-5.80255549398,0.0193200825395,98,4.4286,-1307.0712878,3.5833,0.75
/home/ccollins/allmols/4/opt/cam/cam/4li12ll12fl13ia.log,4li12ll12fl13ia,---,[],"td CAM-B3LYP/6-31g(d,p)",-5.74405101869,0.343679778133,116,1.6821,-1510.1366772,3.7843,1.28333333333
/home/ccollins/allmols/4/opt/cam/cam/12ih13ai-12hh-12ih-.log,12ih13ai-12hh-12ih-,---,[],"td CAM-B3LYP/6-31g(d,p)",-5.35383977416,0.837294281326,97,3.1108,-1235.4724004,3.8727,1.03333333333
/home/ccollins/allmols/4/opt/cam/cam/4ai12ll6hi-6al-.log,4ai12ll6hi-6al-,---,[],"td CAM-B3LYP/6-31g(d,p)",-6.26188365352,-0.108301307757,114,6.1174,-1432.1380908,3.7855,2.45
/home/ccollins/allmols/4/opt/cam/cam/12fa13fi-12ed-13di-.log,12fa13fi-12ed-13di-,---,[],"td CAM-B3LYP/6-31g(d,p)",-6.21752909783,-0.65388955412,103,8.5106,-1365.8864514,3.4904,1.15
/home/ccollins/allmols/4/opt/cam/cam/4il12ih-12ah13la-.log,4il12ih-12ah13la-,---,[],"td CAM-B3LYP/6-31g(d,p)",-5.29996123412,0.429395637287,104,3.1223,-1316.6622729,3.6286,1.45
/home/ccollins/allmols/4/opt/cam/cam/6ea13ae13de4fl-.log,6ea13ae13de4fl-,---,[],"td CAM-B3LYP/6-31g(d,p)",-6.46896228468,-0.19619407762,111,8.9971,-1407.0248167,3.9959,1.16666666667
/home/ccollins/allmols/4/opt/cam/cam/4af12ea-12ah-6fl.log,4af12ea-12ah-6fl,---,[],"td CAM-B3LYP/6-31g(d,p)",-6.03249168759,-0.241637088663,101,4.3098,-1332.8663765,3.5191,1.6
/home/ccollins/allmols/4/opt/cam/cam/12ef6hh-13ea-13ha-.log,12ef6hh-13ea-13ha-,---,[],"td CAM-B3LYP/6-31g(d,p)",-5.65697459034,-0.142043423741,100,2.3587,-1288.0493224,3.3117,1.2
/home/ccollins/allmols/4/opt/cam/cam/12ei6ef13ea-4ee.log,12ei6ef13ea-4ee,---,[],"td CAM-B3LYP/6-31g(d,p)",-6.50923513279,-0.522186456244,113,0.5513,-1411.6960014,3.6802,1.6
/home/ccollins/allmols/4/opt/cam/cam/12ff6dh6lf-4hd-.log,12ff6dh6lf-4hd-,---,[],"td CAM-B3LYP/6-31g(d,p)",-7.00965248195,-0.6269502841,118,13.6349,-1589.9235804,3.9859,1.78333333333
/home/ccollins/allmols/4/opt/cam/cam/4fl6hi-6dh-6ia.log,4fl6hi-6dh-6ia,---,[],"td CAM-B3LYP/6-31g(d,p)",-6.86652060285,-0.177690336596,115,6.7815,-1444.1562391,4.2376,2.05
/home/ccollins/allmols/4/opt/cam/cam/4ia13di-4ha13dl.log,4ia13di-4ha13dl,---,[],"td CAM-B3LYP/6-31g(d,p)",-6.73019156972,-0.202180582069,107,4.9975,-1313.6104255,4.1473,1.45
/home/ccollins/allmols/4/opt/cam/cam/12ee6eh13ih12lf.log,12ee6eh13ih12lf,---,[],"td CAM-B3LYP/6-31g(d,p)",-5.59493263514,-0.235922698053,114,2.3361,-1482.4220746,3.4089,1.61666666667
/home/ccollins/allmols/4/opt/cam/cam/6aa12le-4ef12af-.log,6aa12le-4ef12af-,---,[],"td CAM-B3LYP/6-31g(d,p)",-6.52637830462,-0.335516362975,103,2.6291,-1353.6043984,3.9322,1.6
/home/ccollins/allmols/4/opt/cam/cam/6fd4fe-6ii13lh.log,6fd4fe-6ii13lh,---,[],"td CAM-B3LYP/6-31g(d,p)",-6.14024876767,-0.284903188998,118,3.1077,-1502.0215607,4.2156,1.73333333333
/home/ccollins/allmols/4/opt/cam/cam/6hi6ae-12eh12la-.log,6hi6ae-12eh12la-,---,[],"td CAM-B3LYP/6-31g(d,p)",-6.44147878698,-0.270209041715,107,4.1943,-1369.2189388,3.9890,1.95
/home/ccollins/allmols/4/opt/cam/cam/6el13ah-6hd12il-.log,6el13ah-6hd12il-,---,[],"td CAM-B3LYP/6-31g(d,p)",-6.04500892416,-0.330346200042,115,7.9553,-1479.9576058,3.4608,1.65
/home/ccollins/allmols/4/opt/cam/cam/13al6ah-4af-13la.log,13al6ah-4af-13la,---,[],"td CAM-B3LYP/6-31g(d,p)",-5.64772271983,0.303134816184,99,2.8449,-1256.324626,3.7814,1.41666666667
/home/ccollins/allmols/4/opt/cam/cam/12fd4ll-12le6ef.log,12fd4ll-12le6ef,---,[],"td CAM-B3LYP/6-31g(d,p)",-5.92282981064,0.101770575631,103,1.1987,-1335.3451922,3.8448,1.36666666667
/home/ccollins/allmols/4/opt/cam/cam/13ei4dd6ie13ie.log,13ei4dd6ie13ie,---,[],"td CAM-B3LYP/6-31g(d,p)",-6.85046588638,-1.40165838255,117,2.7546,-1427.4183924,3.7132,1.93333333333
/home/ccollins/allmols/4/opt/cam/cam/13hi6aa-6ff-4al-.log,13hi6aa-6ff-4al-,---,[],"td CAM-B3LYP/6-31g(d,p)",-6.31140837214,-0.473205965299,102,3.6010,-1294.4466298,3.5907,1.25
/home/ccollins/allmols/4/opt/cam/cam/4fd4ih12ei-13il-.log,4fd4ih12ei-13il-,---,[],"td CAM-B3LYP/6-31g(d,p)",-6.12555462038,-0.0933350466346,115,4.0532,-1431.8478738,3.7437,1.98333333333
/home/ccollins/allmols/4/opt/cam/cam/6li12ai-13fi12ed-.log,6li12ai-13fi12ed-,---,[],"td CAM-B3LYP/6-31g(d,p)",-6.01834176798,-0.324359695593,108,4.9970,-1390.3691342,3.4754,1.58333333333
/home/ccollins/allmols/4/opt/cam/cam/13al6ee-13ha12ee.log,13al6ee-13ha12ee,---,[],"td CAM-B3LYP/6-31g(d,p)",-5.6771110144,-0.45388588276,108,3.6705,-1368.8523756,3.1333,1.31666666667
/home/ccollins/allmols/4/opt/cam/cam/13ih4fl6ee4hh-.log,13ih4fl6ee4hh-,---,[],"td CAM-B3LYP/6-31g(d,p)",-6.23820974956,-0.375789211086,110,7.8226,-1403.5203067,3.6381,1.55
/home/ccollins/allmols/4/opt/cam/cam/4ee13ih13ad12fh-.log,4ee13ih13ad12fh-,---,[],"td CAM-B3LYP/6-31g(d,p)",-5.77371142709,-0.408987099393,106,8.3003,-1348.1580276,3.4561,1.41666666667
/home/ccollins/allmols/4/opt/cam/cam/4fd6hl12il6lh-.log,4fd6hl12il6lh-,---,[],"td CAM-B3LYP/6-31g(d,p)",-6.07412510489,-0.0881648837015,124,7.2663,-1615.5838799,3.7250,1.78333333333
/home/ccollins/allmols/4/opt/cam/cam/12fl6aa-4ef13il-.log,12fl6aa-4ef13il-,---,[],"td CAM-B3LYP/6-31g(d,p)",-6.21970600854,-0.441912873862,109,2.9992,-1411.4232798,3.7754,1.56666666667
/home/ccollins/allmols/4/opt/cam/cam/6ai4ad6hd-6fh.log,6ai4ad6hd-6fh,---,[],"td CAM-B3LYP/6-31g(d,p)",-6.54896375322,-0.939064856957,109,9.9372,-1382.595642,3.4987,1.38333333333
/home/ccollins/allmols/4/opt/cam/cam/6fh13dl-6fe12ae.log,6fh13dl-6fe12ae,---,[],"td CAM-B3LYP/6-31g(d,p)",-6.58216164153,-0.640555976029,113,4.6673,-1497.3555691,3.6246,1.3
/home/ccollins/allmols/4/opt/cam/cam/12el6if4lf-12fd.log,12el6if4lf-12fd,---,[],"td CAM-B3LYP/6-31g(d,p)",-5.24825960479,0.161635620119,106,5.5247,-1417.6803836,3.2861,1.46666666667
/home/ccollins/allmols/4/opt/cam/cam/12fa12ld12ee4fh-.log,12fa12ld12ee4fh-,---,[],"td CAM-B3LYP/6-31g(d,p)",-6.32909577165,-0.602732152466,110,2.4252,-1482.9011297,3.5157,1.26666666667
/home/ccollins/allmols/4/opt/cam/cam/4el12lh6ff-4ld.log,4el12lh6ff-4ld,---,[],"td CAM-B3LYP/6-31g(d,p)",-6.18188218497,-0.400823684236,126,7.3047,-1656.2243679,3.5376,1.93333333333
/home/ccollins/allmols/4/opt/cam/cam/13al4ei6eh13al.log,13al4ei6eh13al,---,[],"td CAM-B3LYP/6-31g(d,p)",-6.13779974312,0.214969932482,111,2.3387,-1372.6098224,3.9701,1.78333333333
/home/ccollins/allmols/4/opt/cam/cam/4fi13da6ea-4eh.log,4fi13da6ea-4eh,---,[],"td CAM-B3LYP/6-31g(d,p)",-6.77781149147,-0.562459304355,108,6.6530,-1333.1238043,3.9777,1.63333333333
/home/ccollins/allmols/4/opt/cam/cam/6ed13ie-13dd-6ie-.log,6ed13ie-13dd-6ie-,---,[],"td CAM-B3LYP/6-31g(d,p)",-7.20448599037,-1.35022886706,119,11.4147,-1496.3645126,3.8335,2.1
/home/ccollins/allmols/4/opt/cam/cam/12hl13ed-4ff-6da-.log,12hl13ed-4ff-6da-,---,[],"td CAM-B3LYP/6-31g(d,p)",-6.47494878913,-0.573343857898,113,2.2531,-1497.3859159,3.8991,1.88333333333
/home/ccollins/allmols/4/opt/cam/cam/4ah12ha6ih-12ah.log,4ah12ha6ih-12ah,---,[],"td CAM-B3LYP/6-31g(d,p)",-5.89888379284,-0.0231296762797,95,6.4046,-1197.1737147,3.6590,1.5
/home/ccollins/allmols/4/opt/cam/cam/4fl13el-12ha-13fa-.log,4fl13el-12ha-13fa-,---,[],"td CAM-B3LYP/6-31g(d,p)",-5.28798822522,0.302590588506,106,2.2597,-1389.3932577,3.5012,1.26666666667
/home/ccollins/allmols/4/opt/cam/cam/4fd6ee-6hl4il.log,4fd6ee-6hl4il,---,[],"td CAM-B3LYP/6-31g(d,p)",-6.37916471795,-0.786681107349,127,5.5345,-1600.1618844,3.4274,2.88333333333
/home/ccollins/allmols/4/opt/cam/cam/4ah12ee4ii-13hd-.log,4ah12ee4ii-13hd-,---,[],"td CAM-B3LYP/6-31g(d,p)",-6.4564450481,-0.151023180415,109,5.0378,-1334.3160164,3.9401,1.83333333333
/home/ccollins/allmols/4/opt/cam/cam/12ad13fi13ih-6ei.log,12ad13fi13ih-6ei,---,[],"td CAM-B3LYP/6-31g(d,p)",-5.98759290422,-0.18068358882,104,6.0140,-1311.3532315,3.5660,1.4
/home/ccollins/allmols/4/opt/cam/cam/6ha12if-12id-13ei-.log,6ha12if-12id-13ei-,---,[],"td CAM-B3LYP/6-31g(d,p)",-6.33807552832,-0.263950423427,104,6.7861,-1331.2278188,3.7368,1.15
/home/ccollins/allmols/4/opt/cam/cam/12eh6fh13hf-13hf-.log,12eh6fh13hf-13hf-,---,[],"td CAM-B3LYP/6-31g(d,p)",-5.24825960479,0.161635620119,106,5.5247,-1417.6803836,3.2861,1.46666666667
/home/ccollins/allmols/4/opt/cam/cam/4he4da13li12el-.log,4he4da13li12el-,---,[],"td CAM-B3LYP/6-31g(d,p)",-6.32909577165,-0.403272708783,117,4.0476,-1468.6281629,3.7513,1.68333333333
/home/ccollins/allmols/4/opt/cam/cam/12il12li4ii6hd.log,12il12li4ii6hd,---,[],"td CAM-B3LYP/6-31g(d,p)",-5.76636435345,-0.140954968387,109,8.1873,-1371.7730839,3.6512,1.7
/home/ccollins/allmols/4/opt/cam/cam/6ef6dl13hl13de-.log,6ef6dl13hl13de-,---,[],"td CAM-B3LYP/6-31g(d,p)",-6.42460772899,-0.814164605046,123,7.5675,-1608.9567673,3.4218,1.61666666667
/home/ccollins/allmols/4/opt/cam/cam/6df13dh6ha4fi.log,6df13dh6ha4fi,---,[],"td CAM-B3LYP/6-31g(d,p)",-6.43685285173,-0.764639886424,110,4.5985,-1419.7104788,3.4854,1.4
/home/ccollins/allmols/4/opt/cam/cam/12da12al4lh-4ed.log,12da12al4lh-4ed,---,[],"td CAM-B3LYP/6-31g(d,p)",-6.52719464614,-0.71538728164,113,6.3279,-1465.2803252,3.7290,1.46666666667
/home/ccollins/allmols/4/opt/cam/cam/4li4dd-13hi-12ed-.log,4li4dd-13hi-12ed-,---,[],"td CAM-B3LYP/6-31g(d,p)",-6.69944270596,-1.24709772223,119,4.9487,-1501.7454673,3.2497,2.1
/home/ccollins/allmols/4/opt/cam/cam/12hh4lh13ed13ll-.log,12hh4lh13ed13ll-,---,[],"td CAM-B3LYP/6-31g(d,p)",-6.0107225805,-0.00625861828745,120,8.7224,-1556.3266715,3.7637,1.9
/home/ccollins/allmols/4/opt/cam/cam/4eh6lf-6al6df.log,4eh6lf-6al6df,---,[],"td CAM-B3LYP/6-31g(d,p)",-6.69781002293,-0.722190127604,121,5.2119,-1576.0107575,3.9838,2.18333333333
/home/ccollins/allmols/4/opt/cam/cam/4aa12dl13il-12id-.log,4aa12dl13il-12id-,---,[],"td CAM-B3LYP/6-31g(d,p)",-6.39549154826,-0.662052969277,108,2.7726,-1390.3994027,3.6334,1.86666666667
/home/ccollins/allmols/4/opt/cam/cam/13el13id6eh4df-.log,13el13id6eh4df-,---,[],"td CAM-B3LYP/6-31g(d,p)",-6.5889644875,-0.616065730556,119,6.0856,-1517.747845,3.8073,2.2
/home/ccollins/allmols/4/opt/cam/cam/12hl4ed12hi-13aa-.log,12hl4ed12hi-13aa-,---,[],"td CAM-B3LYP/6-31g(d,p)",-5.9345307057,-0.640828089867,104,5.3691,-1331.1892661,3.1946,1.21666666667
/home/ccollins/allmols/4/opt/cam/cam/12ad13ei-4da-13hh.log,12ad13ei-4da-13hh,---,[],"td CAM-B3LYP/6-31g(d,p)",-6.33317747923,-0.518376862504,102,11.4688,-1289.0565683,3.6359,1.28333333333
/home/ccollins/allmols/4/opt/cam/cam/12da4he-4ah4af.log,12da4he-4ah4af,---,[],"td CAM-B3LYP/6-31g(d,p)",-6.78896815885,-0.189119117817,102,3.7039,-1276.8738958,4.2007,1.31666666667
/home/ccollins/allmols/4/opt/cam/cam/12ih6ia-12ia-4he.log,12ih6ia-12ia-4he,---,[],"td CAM-B3LYP/6-31g(d,p)",-6.08609811379,-0.0234017901183,101,5.0553,-1241.2042986,3.7726,1.45
/home/ccollins/allmols/4/opt/cam/cam/13de13dd13ha-4fi.log,13de13dd13ha-4fi,---,[],"td CAM-B3LYP/6-31g(d,p)",-6.44147878698,-0.345584575003,108,13.4526,-1381.278105,3.7121,1.51666666667
/home/ccollins/allmols/4/opt/cam/cam/12he12ie13dl-6ld-.log,12he12ie13dl-6ld-,---,[],"td CAM-B3LYP/6-31g(d,p)",-6.44664894992,-0.694978743746,120,8.7261,-1574.6974347,3.5204,1.91666666667
/home/ccollins/allmols/4/opt/cam/cam/4id13fl-13de-13ae.log,4id13fl-13de-13ae,---,[],"td CAM-B3LYP/6-31g(d,p)",-6.23548861117,-0.865049892861,112,8.8835,-1424.3268824,3.3621,1.88333333333
/home/ccollins/allmols/4/opt/cam/cam/6id13el-13ah-4dd.log,6id13el-13ah-4dd,---,[],"td CAM-B3LYP/6-31g(d,p)",-6.33208902387,-1.14396657741,115,2.8882,-1458.6367791,3.0676,1.41666666667
/home/ccollins/allmols/4/opt/cam/cam/13ii6de6lh-13ea-.log,13ii6de6lh-13ea-,---,[],"td CAM-B3LYP/6-31g(d,p)",-6.28310853293,-0.888179569141,113,4.0520,-1405.6853958,3.4953,1.5
/home/ccollins/allmols/4/opt/cam/cam/6dh6af12di6dd-.log,6dh6af12di6dd-,---,[],"td CAM-B3LYP/6-31g(d,p)",-7.66027667,-1.81472718952,114,6.9075,-1509.4287254,3.9419,1.4
/home/ccollins/allmols/4/opt/cam/cam/12ea12lf4ea-4af.log,12ea12lf4ea-4af,---,[],"td CAM-B3LYP/6-31g(d,p)",-6.28773446818,-0.386401650791,103,2.0832,-1337.5771151,3.6841,1.48333333333
/home/ccollins/allmols/4/opt/cam/cam/13ea13lh-4al4dl.log,13ea13lh-4al4dl,---,[],"td CAM-B3LYP/6-31g(d,p)",-6.07956738166,0.306944409924,116,5.8959,-1445.2868246,3.9900,1.73333333333
/home/ccollins/allmols/4/opt/cam/cam/12fh4ef13if6da-.log,12fh4ef13if6da-,---,[],"td CAM-B3LYP/6-31g(d,p)",-6.13698340161,-0.557017027583,107,2.9548,-1405.2043967,3.4536,1.45
/home/ccollins/allmols/4/opt/cam/cam/6aa4dd13aa12hf.log,6aa4dd13aa12hf,---,[],"td CAM-B3LYP/6-31g(d,p)",-6.10895567623,-1.17852503491,95,2.0798,-1231.6142677,3.0664,0.816666666667
/home/ccollins/allmols/4/opt/cam/cam/13hf6fh6ef12fa-.log,13hf6fh6ef12fa-,---,[],"td CAM-B3LYP/6-31g(d,p)",-6.20582820277,-0.0171431718308,105,4.3334,-1420.2793381,3.8146,1.66666666667
/home/ccollins/allmols/4/opt/cam/cam/13fi13ad4dd12ii-.log,13fi13ad4dd12ii-,---,[],"td CAM-B3LYP/6-31g(d,p)",-6.72039547153,-1.40111415487,106,4.5593,-1348.2695633,3.4779,1.15
/home/ccollins/allmols/4/opt/cam/cam/6hl12aa4le4ai-.log,6hl12aa4le4ai-,---,[],"td CAM-B3LYP/6-31g(d,p)",-5.98677656271,-0.0228575624411,108,2.5437,-1338.4397375,3.6950,1.3
/home/ccollins/allmols/4/opt/cam/cam/4ei6if6ee-4fe-.log,4ei6if6ee-4fe-,---,[],"td CAM-B3LYP/6-31g(d,p)",-7.18761493238,-0.546948815556,121,2.6224,-1490.3550434,4.4089,2.6
/home/ccollins/allmols/4/opt/cam/cam/6el12ih-4aa-12hi-.log,6el12ih-4aa-12hi-,---,[],"td CAM-B3LYP/6-31g(d,p)",-5.65343711044,0.14993472506,105,5.8958,-1316.3757918,3.6574,2.13333333333
/home/ccollins/allmols/4/opt/cam/cam/6eh12hh-13eh-6el.log,6eh12hh-13eh-6el,---,[],"td CAM-B3LYP/6-31g(d,p)",-5.77343931326,-0.0579602476186,117,6.2507,-1496.856799,3.4408,2.2
/home/ccollins/allmols/4/opt/cam/cam/4el13af-4ae6dd-.log,4el13af-4ae6dd-,---,[],"td CAM-B3LYP/6-31g(d,p)",-6.39603577594,-1.41880155438,114,3.8699,-1445.1517904,3.5104,1.53333333333
/home/ccollins/allmols/4/opt/cam/cam/4da4ih-12di-13ad-.log,4da4ih-12di-13ad-,---,[],"td CAM-B3LYP/6-31g(d,p)",-6.93400483482,-0.809266555952,105,6.0836,-1311.184905,3.7533,1.63333333333
/home/ccollins/allmols/4/opt/cam/cam/6if13aa-12ia-13il-.log,6if13aa-12ia-13il-,---,[],"td CAM-B3LYP/6-31g(d,p)",-5.71221369957,0.0734707364179,96,1.9624,-1202.2177788,3.6137,1.2
/home/ccollins/allmols/4/opt/cam/cam/13ea13af4ef-4ff-.log,13ea13af4ef-4ff-,---,[],"td CAM-B3LYP/6-31g(d,p)",-6.11711909139,0.0552391092327,103,3.6071,-1333.7902562,3.8587,1.21666666667
/home/ccollins/allmols/4/opt/cam/cam/13he4la4fh12fh.log,13he4la4fh12fh,---,[],"td CAM-B3LYP/6-31g(d,p)",-5.8118073645,-0.0571439061028,111,3.0661,-1408.5220369,3.7748,2.06666666667
/home/ccollins/allmols/4/opt/cam/cam/6dl6aa-13ai6ii.log,6dl6aa-13ai6ii,---,[],"td CAM-B3LYP/6-31g(d,p)",-6.4028386219,-0.571711174867,104,9.3710,-1275.5340774,3.7596,1.93333333333
/home/ccollins/allmols/4/opt/cam/cam/13il13dd-13ad-13le-.log,13il13dd-13ad-13le-,---,[],"td CAM-B3LYP/6-31g(d,p)",-6.58107318618,-0.337149046007,113,11.8932,-1457.6544941,3.8890,1.48333333333
/home/ccollins/allmols/4/opt/cam/cam/6dd6di-13af12fh-.log,6dd6di-13af12fh-,---,[],"td CAM-B3LYP/6-31g(d,p)",-5.9952120917,-1.59567554946,109,3.8904,-1454.3376394,3.0505,1.08333333333
/home/ccollins/allmols/4/opt/cam/cam/12ai4af-6dh-6ah-.log,12ai4af-6dh-6ah-,---,[],"td CAM-B3LYP/6-31g(d,p)",-6.86597637517,-0.217963184707,100,8.8944,-1272.1392538,4.2743,1.63333333333
/home/ccollins/allmols/4/opt/cam/cam/12hh4ef-13fa-13il-.log,12hh4ef-13fa-13il-,---,[],"td CAM-B3LYP/6-31g(d,p)",-5.48635921355,0.383136284728,106,3.8309,-1369.530924,3.7207,1.28333333333
/home/ccollins/allmols/4/opt/cam/cam/4ii4il12ha12eh.log,4ii4il12ha12eh,---,[],"td CAM-B3LYP/6-31g(d,p)",-5.9571161543,0.0764639886424,109,3.8871,-1339.625007,3.7006,1.81666666667
/home/ccollins/allmols/4/opt/cam/cam/13ee4ad-4ea-12he-.log,13ee4ad-4ea-12he-,---,[],"td CAM-B3LYP/6-31g(d,p)",-6.66352367927,-0.560282393646,109,3.5194,-1352.5868439,3.9533,1.65
/home/ccollins/allmols/4/opt/cam/cam/13lh6ee12ll12fe-.log,13lh6ee12ll12fe-,---,[],"td CAM-B3LYP/6-31g(d,p)",-5.64091987387,-0.102314803308,113,3.1917,-1443.158175,3.5161,1.71666666667
/home/ccollins/allmols/4/opt/cam/cam/4ih12ef-6ee12if.log,4ih12ef-6ee12if,---,[],"td CAM-B3LYP/6-31g(d,p)",-6.26433267806,-0.739061185597,113,2.2232,-1449.1515135,3.4621,1.88333333333
/home/ccollins/allmols/4/opt/cam/cam/13dd6eh13el6ii-.log,13dd6eh13el6ii-,---,[],"td CAM-B3LYP/6-31g(d,p)",-6.63495172622,-0.965732013138,119,6.6046,-1497.8878058,3.4826,1.98333333333
/home/ccollins/allmols/4/opt/cam/cam/13aa6af13hi-12ea-.log,13aa6af13hi-12ea-,---,[],"td CAM-B3LYP/6-31g(d,p)",-6.00092648231,0.0351026851775,90,2.5151,-1140.5873155,3.7194,1.06666666667
/home/ccollins/allmols/4/opt/cam/cam/6la12fh12fi-4de-.log,6la12fh12fi-4de-,---,[],"td CAM-B3LYP/6-31g(d,p)",-6.0763020156,-0.894982415106,111,3.2665,-1464.3600729,3.3662,1.26666666667
/home/ccollins/allmols/4/opt/cam/cam/13la4ed-6ea-4df.log,13la4ed-6ea-4df,---,[],"td CAM-B3LYP/6-31g(d,p)",-5.82078712117,-0.287080099707,118,4.5311,-1466.0451603,3.6438,1.83333333333
/home/ccollins/allmols/4/opt/cam/cam/12ae13ld-6ae-12dh.log,12ae13ld-6ae-12dh,---,[],"td CAM-B3LYP/6-31g(d,p)",-6.76583848258,-1.03539315582,108,6.9388,-1420.8935124,3.6523,1.45
/home/ccollins/allmols/4/opt/cam/cam/13he6ff-13dl6ia-.log,13he6ff-13dl6ia-,---,[],"td CAM-B3LYP/6-31g(d,p)",-6.47630935832,-0.710217118707,111,4.5226,-1440.6928572,3.5009,1.7
/home/ccollins/allmols/4/opt/cam/cam/13da12ai4ah-4ll-.log,13da12ai4ah-4ll-,---,[],"td CAM-B3LYP/6-31g(d,p)",-6.17371876981,-0.822600134042,114,4.1272,-1462.6089939,3.2566,1.55
/home/ccollins/allmols/4/opt/cam/cam/13lh4hh-12hi4df-.log,13lh4hh-12hi4df-,---,[],"td CAM-B3LYP/6-31g(d,p)",-5.87303297818,0.0933350466346,114,5.0055,-1440.5767543,3.5667,1.66666666667
/home/ccollins/allmols/4/opt/cam/cam/12ih13la-12fa-13ha.log,12ih13la-12fa-13ha,---,[],"td CAM-B3LYP/6-31g(d,p)",-4.91111055878,0.724094924474,93,2.2069,-1216.0390827,3.4965,0.833333333333
/home/ccollins/allmols/4/opt/cam/cam/13ih12ih12eh-13lh.log,13ih12ih12eh-13lh,---,[],"td CAM-B3LYP/6-31g(d,p)",-5.11546805156,0.415517831519,107,2.4958,-1366.906105,3.3292,1.63333333333
/home/ccollins/allmols/4/opt/cam/cam/12le13ia12eh-4il-.log,12le13ia12eh-4il-,---,[],"td CAM-B3LYP/6-31g(d,p)",-5.82160346269,0.0391843927562,112,3.0369,-1413.5405994,3.5755,1.65
/home/ccollins/allmols/4/opt/cam/cam/6di13fh-12eh6aa-.log,6di13fh-12eh6aa-,---,[],"td CAM-B3LYP/6-31g(d,p)",-6.23440015582,-0.514567268764,103,7.7256,-1326.1954449,3.4670,1.66666666667
/home/ccollins/allmols/4/opt/cam/cam/12il13dd-4dd-12fi-.log,12il13dd-4dd-12fi-,---,[],"td CAM-B3LYP/6-31g(d,p)",-7.03604752429,-1.35675959918,116,9.3583,-1535.5060079,3.6141,1.65
/home/ccollins/allmols/4/opt/cam/cam/6fh13ah6de-13dh.log,6fh13ah6de-13dh,---,[],"td CAM-B3LYP/6-31g(d,p)",-6.15684771182,-0.942874450697,109,5.6787,-1414.5845174,3.1233,1.45
/home/ccollins/allmols/4/opt/cam/cam/12lf6eh-12hi-13id-.log,12lf6eh-12hi-13id-,---,[],"td CAM-B3LYP/6-31g(d,p)",-6.25480869371,-0.231024648959,112,7.6130,-1461.7209512,3.6906,1.75
/home/ccollins/allmols/4/opt/cam/cam/4ai13eh-4il-12ff.log,4ai13eh-4il-12ff,---,[],"td CAM-B3LYP/6-31g(d,p)",-5.97834103371,0.475110762169,109,4.1546,-1375.5332351,4.1010,1.6
/home/ccollins/allmols/4/opt/cam/cam/12fl13ea4af-13le-.log,12fl13ea4af-13le-,---,[],"td CAM-B3LYP/6-31g(d,p)",-5.9486806253,0.176601881242,108,5.5269,-1410.1456833,3.8851,1.26666666667
/home/ccollins/allmols/4/opt/cam/cam/12id13ei6de4df.log,12id13ei6de4df,---,[],"td CAM-B3LYP/6-31g(d,p)",-6.9296510134,-1.37689602324,117,5.3194,-1499.2768116,3.4917,2.18333333333
/home/ccollins/allmols/4/opt/cam/cam/4ii4de6dh-13ea-.log,4ii4de6dh-13ea-,---,[],"td CAM-B3LYP/6-31g(d,p)",-6.92502507815,-0.813620377369,114,5.2896,-1389.4091196,3.9050,2.13333333333
/home/ccollins/allmols/4/opt/cam/cam/6dl12ae13ea-6hh-.log,6dl12ae13ea-6hh-,---,[],"td CAM-B3LYP/6-31g(d,p)",-6.0833769754,-0.545588246363,109,4.7826,-1402.2920887,3.4466,1.46666666667
/home/ccollins/allmols/4/opt/cam/cam/4hf4ei4ha-6ie.log,4hf4ei4ha-6ie,---,[],"td CAM-B3LYP/6-31g(d,p)",-6.42787309505,0.247623593112,113,5.7905,-1357.5885476,4.3340,2.26666666667
/home/ccollins/allmols/4/opt/cam/cam/12af6ea13da4ff.log,12af6ea13da4ff,---,[],"td CAM-B3LYP/6-31g(d,p)",-6.54324936261,-0.673209636659,99,4.7228,-1310.5902485,3.6640,1.18333333333
/home/ccollins/allmols/4/opt/cam/cam/13df13aa12dd-13li.log,13df13aa12dd-13li,---,[],"td CAM-B3LYP/6-31g(d,p)",-6.72148392689,-0.80763387292,103,9.5982,-1362.1152769,3.6165,1.1
/home/ccollins/allmols/4/opt/cam/cam/4hh6ee-4he6ld.log,4hh6ee-4he6ld,---,[],"td CAM-B3LYP/6-31g(d,p)",-6.23086267592,-0.528445074532,125,6.9996,-1557.9560409,3.6172,1.65
/home/ccollins/allmols/4/opt/cam/cam/4la13af-4ed13fi.log,4la13af-4ed13fi,---,[],"td CAM-B3LYP/6-31g(d,p)",-6.0311311184,-0.708584435675,107,3.2970,-1353.2674094,3.1640,1.21666666667
/home/ccollins/allmols/4/opt/cam/cam/6aa6fh-13ah12fe-.log,6aa6fh-13ah12fe-,---,[],"td CAM-B3LYP/6-31g(d,p)",-5.41234424945,-0.401367911913,97,3.9328,-1269.9198714,3.1074,0.85
/home/ccollins/allmols/4/opt/cam/cam/13ll12fd13li-12di-.log,13ll12fd13li-12di-,---,[],"td CAM-B3LYP/6-31g(d,p)",-6.09970380572,-0.721645899927,117,7.2910,-1558.0132123,3.2930,1.55
/home/ccollins/allmols/4/opt/cam/cam/13dh6ie-13al-4fd.log,13dh6ie-13al-4fd,---,[],"td CAM-B3LYP/6-31g(d,p)",-6.21780121167,-0.450076289019,113,6.7212,-1441.6478748,3.5574,1.81666666667
/home/ccollins/allmols/4/opt/cam/cam/13he12eh6ll-4ei-.log,13he12eh6ll-4ei-,---,[],"td CAM-B3LYP/6-31g(d,p)",-5.83575338229,-0.135240577777,121,2.1274,-1523.9189893,3.4773,1.96666666667
/home/ccollins/allmols/4/opt/cam/cam/12ae4ad-12eh12fi.log,12ae4ad-12eh12fi,---,[],"td CAM-B3LYP/6-31g(d,p)",-5.91684330619,-0.801647368471,102,3.4382,-1332.5356572,3.1512,1.06666666667
/home/ccollins/allmols/4/opt/cam/cam/6lf4ia12el4ii.log,6lf4ia12el4ii,---,[],"td CAM-B3LYP/6-31g(d,p)",-6.61073359458,-0.288712782739,116,1.9510,-1436.8929626,3.9887,1.75
/home/ccollins/allmols/4/opt/cam/cam/12ia13fl6le12ih.log,12ia13fl6le12ih,---,[],"td CAM-B3LYP/6-31g(d,p)",-5.84582159432,-0.0146941472836,110,1.8278,-1428.6752698,3.6822,1.41666666667
/home/ccollins/allmols/4/opt/cam/cam/12di13fa13lh13eh-.log,12di13fa13lh13eh-,---,[],"td CAM-B3LYP/6-31g(d,p)",-5.64881117518,0.272385952423,105,4.2602,-1364.4784985,3.7025,1.51666666667
/home/ccollins/allmols/4/opt/cam/cam/12fi12ii-12ae-12ai-.log,12fi12ii-12ae-12ai-,---,[],"td CAM-B3LYP/6-31g(d,p)",-6.04147144426,0.0506131739768,95,2.7130,-1224.5863542,3.8124,1.01666666667
/home/ccollins/allmols/4/opt/cam/cam/13he12hl-4af-12da.log,13he12hl-4af-12da,---,[],"td CAM-B3LYP/6-31g(d,p)",-5.90078858971,-0.477831900555,104,4.9039,-1367.1004461,3.4251,1.38333333333
/home/ccollins/allmols/4/opt/cam/cam/12hh12aa4li6he.log,12hh12aa4li6he,---,[],"td CAM-B3LYP/6-31g(d,p)",-5.87657045808,0.228303510573,105,4.0103,-1332.4283104,3.8586,1.33333333333
/home/ccollins/allmols/4/opt/cam/cam/4hi12ah-4hi-6di.log,4hi12ah-4hi-6di,---,[],"td CAM-B3LYP/6-31g(d,p)",-6.07793469863,-0.258508146656,108,5.9165,-1314.826389,3.8977,2.13333333333
/home/ccollins/allmols/4/opt/cam/cam/4df13le-4he6ia-.log,4df13le-4he6ia-,---,[],"td CAM-B3LYP/6-31g(d,p)",-6.5650184697,-0.0723822810636,116,3.8715,-1447.6015847,4.1738,1.46666666667
/home/ccollins/allmols/4/opt/cam/cam/4fl12ia-6ld-4eh-.log,4fl12ia-6ld-4eh-,---,[],"td CAM-B3LYP/6-31g(d,p)",-6.54542627332,-0.2038132651,118,3.9569,-1505.8339972,4.0884,2.23333333333
/home/ccollins/allmols/4/opt/cam/cam/4he13li-13ii-12li-.log,4he13li-13ii-12li-,---,[],"td CAM-B3LYP/6-31g(d,p)",-5.70731565048,0.476199217524,114,2.5133,-1396.170397,3.9366,1.85
/home/ccollins/allmols/4/opt/cam/cam/12de6hh4dl-4ed.log,12de6hh4dl-4ed,---,[],"td CAM-B3LYP/6-31g(d,p)",-6.63495172622,-0.91920054674,124,7.1039,-1592.6882883,3.3775,2.35
/home/ccollins/allmols/4/opt/cam/cam/12ll4df-13dl6el.log,12ll4df-13dl6el,---,[],"td CAM-B3LYP/6-31g(d,p)",-6.65726506098,-0.694706629907,129,5.9671,-1710.2944544,3.7234,2.36666666667
/home/ccollins/allmols/4/opt/cam/cam/4le13fl-13dd13fd-.log,4le13fl-13dd13fd-,---,[],"td CAM-B3LYP/6-31g(d,p)",-6.66107465472,-0.441368646185,120,12.0181,-1590.7949709,3.8446,1.5
/home/ccollins/allmols/4/opt/cam/cam/13il4de12ea13lf.log,13il4de12ea13lf,---,[],"td CAM-B3LYP/6-31g(d,p)",-6.10949990391,-0.806817531404,114,5.7895,-1466.4312144,3.2443,1.33333333333
/home/ccollins/allmols/4/opt/cam/cam/13li13dh-12lh13di.log,13li13dh-12lh13di,---,[],"td CAM-B3LYP/6-31g(d,p)",-6.19031771397,0.274290749294,123,4.1182,-1603.5741742,4.2030,1.8
/home/ccollins/allmols/4/opt/cam/cam/12ie6fd6eh-6ah-.log,12ie6fd6eh-6ah-,---,[],"td CAM-B3LYP/6-31g(d,p)",-6.80910458291,-0.895798756622,112,7.5042,-1440.3879618,3.8078,1.75
/home/ccollins/allmols/4/opt/cam/cam/6fd12di13hi12ie.log,6fd12di13hi12ie,---,[],"td CAM-B3LYP/6-31g(d,p)",-6.22052235005,-0.810627125144,110,6.4597,-1423.4168374,3.4337,1.7
/home/ccollins/allmols/4/opt/cam/cam/13ll6de4lf-6li-.log,13ll6de4lf-6li-,---,[],"td CAM-B3LYP/6-31g(d,p)",-6.59005294285,-0.731714111955,130,3.9817,-1675.6245361,3.6922,1.91666666667
/home/ccollins/allmols/4/opt/cam/cam/4if12fh13fa12fl.log,4if12fh13fa12fl,---,[],"td CAM-B3LYP/6-31g(d,p)",-5.2349260267,0.554568003036,104,5.8489,-1408.347075,3.5790,0.85
/home/ccollins/allmols/4/opt/cam/cam/13di13ae12il6hi-.log,13di13ae12il6hi-,---,[],"td CAM-B3LYP/6-31g(d,p)",-6.23548861117,-0.127893504135,108,7.3866,-1350.6559088,3.7507,1.66666666667
/home/ccollins/allmols/4/opt/cam/cam/13de4al-12il-12il.log,13de4al-12il-12il,---,[],"td CAM-B3LYP/6-31g(d,p)",-6.48964293641,-0.306400182247,116,7.7417,-1488.7650542,3.9597,1.66666666667
/home/ccollins/allmols/4/opt/cam/cam/6hi13hl-12al6ii.log,6hi13hl-12al6ii,---,[],"td CAM-B3LYP/6-31g(d,p)",-5.65779093186,0.174697084372,111,3.7288,-1390.2461136,3.5753,1.8
/home/ccollins/allmols/4/opt/cam/cam/6fl13di12lh13ld-.log,6fl13di12lh13ld-,---,[],"td CAM-B3LYP/6-31g(d,p)",-5.97589200916,-0.524635480792,120,6.5564,-1592.3183574,3.4741,1.56666666667
/home/ccollins/allmols/4/opt/cam/cam/12lf12id4ea-6id.log,12lf12id4ea-6id,---,[],"td CAM-B3LYP/6-31g(d,p)",-7.09155874736,-0.854981680834,113,7.8414,-1465.2925607,4.0582,2.21666666667
/home/ccollins/allmols/4/opt/cam/cam/13ef4hf4af-4ll.log,13ef4hf4af-4ll,---,[],"td CAM-B3LYP/6-31g(d,p)",-6.46569691862,-0.556200686068,117,6.0142,-1484.7643199,3.7036,2.21666666667
/home/ccollins/allmols/4/opt/cam/cam/13li4fl-6if-12ll-.log,13li4fl-6if-12ll-,---,[],"td CAM-B3LYP/6-31g(d,p)",-6.00827355595,-0.402456367267,122,2.4417,-1616.7264836,3.4846,1.73333333333
/home/ccollins/allmols/4/opt/cam/cam/12ia12hf4hd4lf.log,12ia12hf4hd4lf,---,[],"td CAM-B3LYP/6-31g(d,p)",-5.38431652408,0.921921685126,119,1.5438,-1488.6702044,4.0871,1.98333333333
/home/ccollins/allmols/4/opt/cam/cam/13ed6ll-6ed12fe-.log,13ed6ll-6ed12fe-,---,[],"td CAM-B3LYP/6-31g(d,p)",-6.93917499775,-1.06314876735,125,6.0903,-1649.5918841,3.6570,2.1
/home/ccollins/allmols/4/opt/cam/cam/13dh12ha6hi6ei.log,13dh12ha6hi6ei,---,[],"td CAM-B3LYP/6-31g(d,p)",-6.05670981922,-0.0598650444887,107,5.4614,-1345.6333689,3.7283,1.58333333333
/home/ccollins/allmols/4/opt/cam/cam/13hd6el-4df12ee.log,13hd6el-4df12ee,---,[],"td CAM-B3LYP/6-31g(d,p)",-6.7998527124,-0.854981680834,121,5.4258,-1574.4020009,3.7747,1.91666666667
/home/ccollins/allmols/4/opt/cam/cam/13lf6lf6ea-13ah-.log,13lf6lf6ea-13ah-,---,[],"td CAM-B3LYP/6-31g(d,p)",-5.98432753816,-0.157009684863,109,1.8500,-1423.667812,3.7089,1.38333333333
/home/ccollins/allmols/4/opt/cam/cam/13dl13fl-12ia-12hh.log,13dl13fl-12ia-12hh,---,[],"td CAM-B3LYP/6-31g(d,p)",-5.7758883378,0.420687994452,107,9.2483,-1422.7054159,3.8639,1.41666666667
/home/ccollins/allmols/4/opt/cam/cam/6ad12fl-13ai-6hl.log,6ad12fl-13ai-6hl,---,[],"td CAM-B3LYP/6-31g(d,p)",-5.95031330834,-0.746680373077,109,1.1952,-1423.7164558,3.2412,1.46666666667
/home/ccollins/allmols/4/opt/cam/cam/13da13da6he13dd.log,13da13da6he13dd,---,[],"td CAM-B3LYP/6-31g(d,p)",-7.30897770439,-1.27349276458,106,7.6380,-1375.0381335,3.8311,1.4
/home/ccollins/allmols/4/opt/cam/cam/13ld6hi-4eh13ll-.log,13ld6hi-4eh13ll-,---,[],"td CAM-B3LYP/6-31g(d,p)",-6.36800805056,-0.0778245578353,123,7.6647,-1558.5347059,4.1188,1.91666666667
/home/ccollins/allmols/4/opt/cam/cam/12ee4ih4ef-6fl-.log,12ee4ih4ef-6fl-,---,[],"td CAM-B3LYP/6-31g(d,p)",-6.83686019445,-0.231296762797,120,4.6281,-1526.5502611,4.1546,2.2
/home/ccollins/allmols/4/opt/cam/cam/13ee12ld-12ea6ld-.log,13ee12ld-12ea6ld-,---,[],"td CAM-B3LYP/6-31g(d,p)",-6.69155140464,-1.06369299503,118,2.2786,-1556.1566248,3.4719,2.01666666667
/home/ccollins/allmols/4/opt/cam/cam/4eh4fi-13he13ii.log,4eh4fi-13he13ii,---,[],"td CAM-B3LYP/6-31g(d,p)",-5.90840777719,0.416062059196,111,3.8340,-1336.7523229,3.9829,1.91666666667
/home/ccollins/allmols/4/opt/cam/cam/4ld13fd-12fl13eh.log,4ld13fd-12fl13eh,---,[],"td CAM-B3LYP/6-31g(d,p)",-5.91085680174,-0.494702958547,118,5.9980,-1573.7969928,3.2565,1.78333333333
/home/ccollins/allmols/4/opt/cam/cam/6ld12fd13dh-6df.log,6ld12fd13dh-6df,---,[],"td CAM-B3LYP/6-31g(d,p)",-7.06189833896,-1.39431130891,119,10.3148,-1621.747783,3.3894,1.76666666667
/home/ccollins/allmols/4/opt/cam/cam/13df4ie-4fh13af-.log,13df4ie-4fh13af-,---,[],"td CAM-B3LYP/6-31g(d,p)",-6.31086414446,-0.130342528682,107,9.8625,-1369.3104539,3.9958,1.61666666667
/home/ccollins/allmols/4/opt/cam/cam/4fi6aa-12df6li.log,4fi6aa-12df6li,---,[],"td CAM-B3LYP/6-31g(d,p)",-6.91849434602,-0.701237362033,108,3.6052,-1390.4506154,3.8815,1.35
/home/ccollins/allmols/4/opt/cam/cam/13el4ha-6ff-6ii.log,13el4ha-6ff-6ii,---,[],"td CAM-B3LYP/6-31g(d,p)",-6.60474709013,-0.0552391092327,112,3.5974,-1409.835813,4.1379,2.45
/home/ccollins/allmols/4/opt/cam/cam/12di6ia-12df-6hf.log,12di6ia-12df-6hf,---,[],"td CAM-B3LYP/6-31g(d,p)",-6.69508888454,-1.15403478944,107,5.3843,-1421.3139787,3.4486,1.41666666667
/home/ccollins/allmols/4/opt/cam/cam/6hh13fl-12aa6ai.log,6hh13fl-12aa6ai,---,[],"td CAM-B3LYP/6-31g(d,p)",-5.63792662164,-0.00925187051189,99,4.1353,-1272.3902906,3.4362,1.11666666667
/home/ccollins/allmols/4/opt/cam/cam/4ie6fd-6hd-13fh-.log,4ie6fd-6hd-13fh-,---,[],"td CAM-B3LYP/6-31g(d,p)",-6.39059349917,-0.728448745892,116,9.6111,-1495.8049346,3.5179,1.73333333333
/home/ccollins/allmols/4/opt/cam/cam/6df12de13hf6af-.log,6df12de13hf6af-,---,[],"td CAM-B3LYP/6-31g(d,p)",-6.39168195452,-1.05335266916,109,3.6599,-1474.1530295,3.2979,1.05
/home/ccollins/allmols/4/opt/cam/cam/6if4ai-6aa-4eh-.log,6if4ai-6aa-4eh-,---,[],"td CAM-B3LYP/6-31g(d,p)",-6.70053116131,-0.158098140218,103,1.3796,-1242.2032946,4.3187,1.51666666667
/home/ccollins/allmols/4/opt/cam/cam/4hh6hl12fa6ia.log,4hh6hl12fa6ia,---,[],"td CAM-B3LYP/6-31g(d,p)",-5.96772859401,0.0862600868314,106,5.7222,-1349.7560448,3.7042,1.61666666667
/home/ccollins/allmols/4/opt/cam/cam/13fd13il-6ld4ef-.log,13fd13il-6ld4ef-,---,[],"td CAM-B3LYP/6-31g(d,p)",-5.64690637831,-0.051157401654,113,3.8221,-1466.7709026,3.4209,1.68333333333
/home/ccollins/allmols/4/opt/cam/cam/12de12hh-13aa13id.log,12de12hh-13aa13id,---,[],"td CAM-B3LYP/6-31g(d,p)",-6.23576072501,-0.374156528054,99,7.2812,-1286.8706314,3.5735,1.05
/home/ccollins/allmols/4/opt/cam/cam/4hl6id12fi-6da-.log,4hl6id12fi-6da-,---,[],"td CAM-B3LYP/6-31g(d,p)",-6.66624481765,-0.757020698943,114,3.1347,-1462.7715919,3.7881,1.53333333333
/home/ccollins/allmols/4/opt/cam/cam/4le6le-13di-13al-.log,4le6le-13di-13al-,---,[],"td CAM-B3LYP/6-31g(d,p)",-6.27576145928,-0.377694007956,121,6.0899,-1523.9776847,3.7751,2.1
/home/ccollins/allmols/4/opt/cam/cam/6eh6dh-4ia-6ae.log,6eh6dh-4ia-6ae,---,[],"td CAM-B3LYP/6-31g(d,p)",-7.19360143683,-0.303951157699,111,9.6826,-1367.370098,4.3772,3.41666666667
/home/ccollins/allmols/4/opt/cam/cam/4hh12il-13ai13hl.log,4hh12il-13ai13hl,---,[],"td CAM-B3LYP/6-31g(d,p)",-5.53261856611,0.568990036481,108,2.7676,-1352.1379443,3.7895,1.55
/home/ccollins/allmols/4/opt/cam/cam/13fi13hf6ae-4el-.log,13fi13hf6ae-4el-,---,[],"td CAM-B3LYP/6-31g(d,p)",-6.54624261484,-0.568173694965,121,5.9820,-1575.9964754,3.8157,1.9
/home/ccollins/allmols/4/opt/cam/cam/6dh4ii-6ll6ad.log,6dh4ii-6ll6ad,---,[],"td CAM-B3LYP/6-31g(d,p)",-7.30843347671,-0.650624188057,121,8.1746,-1520.3006538,4.1521,2.88333333333
/home/ccollins/allmols/4/opt/cam/cam/6ll13al-12if13de.log,6ll13al-12if13de,---,[],"td CAM-B3LYP/6-31g(d,p)",-5.81480061672,-0.281909936774,116,9.4949,-1520.8978324,3.3462,1.61666666667
/home/ccollins/allmols/4/opt/cam/cam/13fi13he13ie-12el-.log,13fi13he13ie-12el-,---,[],"td CAM-B3LYP/6-31g(d,p)",-5.76935760568,0.0435382141736,111,1.0466,-1408.4422757,3.7093,1.6
/home/ccollins/allmols/4/opt/cam/cam/6ld13ia6ad-13he.log,6ld13ia6ad-13he,---,[],"td CAM-B3LYP/6-31g(d,p)",-6.42814520889,-0.746952486916,109,5.7677,-1382.5048489,3.4571,1.16666666667
/home/ccollins/allmols/4/opt/cam/cam/13ii4hh13il12ii-.log,13ii4hh13il12ii-,---,[],"td CAM-B3LYP/6-31g(d,p)",-5.6460900368,0.673753864336,108,3.7737,-1300.2224014,3.9089,1.76666666667
/home/ccollins/allmols/4/opt/cam/cam/4ie12ef-6ih4la.log,4ie12ef-6ih4la,---,[],"td CAM-B3LYP/6-31g(d,p)",-6.36746382289,-0.198915216006,114,2.4054,-1414.540041,3.8425,1.63333333333
/home/ccollins/allmols/4/opt/cam/cam/12af12id-13fe4fd-.log,12af12id-13fe4fd-,---,[],"td CAM-B3LYP/6-31g(d,p)",-6.43630862405,-0.506131739768,106,5.2828,-1423.8464517,3.7337,1.28333333333
/home/ccollins/allmols/4/opt/cam/cam/13fd13hf-6fe-6hd-.log,13fd13hf-6fe-6hd-,---,[],"td CAM-B3LYP/6-31g(d,p)",-6.5995769272,-0.973351200618,113,5.2009,-1509.6602257,3.5025,1.43333333333
/home/ccollins/allmols/4/opt/cam/cam/4hh12fh13dd-6if.log,4hh12fh13dd-6if,---,[],"td CAM-B3LYP/6-31g(d,p)",-6.24147511562,-0.539873855752,111,7.9864,-1456.7917126,3.4914,1.5
/home/ccollins/allmols/4/opt/cam/cam/4ea4ed-13ai-13de.log,4ea4ed-13ai-13de,---,[],"td CAM-B3LYP/6-31g(d,p)",-6.72556563446,-1.15430690328,109,6.6797,-1332.7995836,3.4928,1.88333333333
/home/ccollins/allmols/4/opt/cam/cam/6hf4dl-12li4fi.log,6hf4dl-12li4fi,---,[],"td CAM-B3LYP/6-31g(d,p)",-6.41317894777,-0.32109432953,120,6.3336,-1544.2214425,3.8718,1.88333333333
/home/ccollins/allmols/4/opt/cam/cam/4la6ie-6ld-12af-.log,4la6ie-6ld-12af-,---,[],"td CAM-B3LYP/6-31g(d,p)",-6.98026418738,-0.543955563331,114,5.7628,-1466.5309328,4.1167,2.25
/home/ccollins/allmols/4/opt/cam/cam/4ld13if13al-13al-.log,4ld13if13al-13al-,---,[],"td CAM-B3LYP/6-31g(d,p)",-5.2694844842,-0.26531099262,110,6.1360,-1408.8687955,3.2129,1.56666666667
/home/ccollins/allmols/4/opt/cam/cam/12ad12il4aa-4ia-.log,12ad12il4aa-4ia-,---,[],"td CAM-B3LYP/6-31g(d,p)",-6.65019010118,-0.407898644039,97,2.0991,-1205.7690814,3.8960,1.3
/home/ccollins/allmols/4/opt/cam/cam/6ee4ih13fa-4ld-.log,6ee4ih13fa-4ld-,---,[],"td CAM-B3LYP/6-31g(d,p)",-6.07847892631,-0.447355150634,116,4.2592,-1447.5847963,3.7635,1.73333333333
/home/ccollins/allmols/4/opt/cam/cam/6ei4fe-12hh-6hl-.log,6ei4fe-12hh-6hl-,---,[],"td CAM-B3LYP/6-31g(d,p)",-5.89208094688,-0.0805456962211,118,6.0645,-1501.956782,3.5444,1.73333333333
/home/ccollins/allmols/4/opt/cam/cam/4ii4fl12da-6ei-.log,4ii4fl12da-6ei-,---,[],"td CAM-B3LYP/6-31g(d,p)",-7.02189760468,-0.507764422799,114,3.7615,-1414.5930799,4.0627,1.61666666667
/home/ccollins/allmols/4/opt/cam/cam/6la12ha13ff13ef-.log,6la12ha13ff13ef-,---,[],"td CAM-B3LYP/6-31g(d,p)",-5.62867475113,0.0612256136816,102,2.1899,-1366.1602383,3.4726,1.38333333333
/home/ccollins/allmols/4/opt/cam/cam/6fa4ef6fl-4fe-.log,6fa4ef6fl-4fe-,---,[],"td CAM-B3LYP/6-31g(d,p)",-6.60746822852,-0.437559052445,117,8.3854,-1524.464152,4.0535,1.61666666667
/home/ccollins/allmols/4/opt/cam/cam/4il12di6he-6hd.log,4il12di6he-6hd,---,[],"td CAM-B3LYP/6-31g(d,p)",-6.83277848687,-0.724367038313,120,8.9590,-1519.0538965,3.7235,1.56666666667
/home/ccollins/allmols/4/opt/cam/cam/13hl6ff-6ld4ie.log,13hl6ff-6ld4ie,---,[],"td CAM-B3LYP/6-31g(d,p)",-6.58461066608,-0.368714251283,122,6.4369,-1577.206338,4.0152,2.81666666667
/home/ccollins/allmols/4/opt/cam/cam/13de13if-4de-4ef.log,13de13if-4de-4ef,---,[],"td CAM-B3LYP/6-31g(d,p)",-6.822438161,-1.06478145038,117,8.0415,-1483.1877065,3.5831,1.76666666667
/home/ccollins/allmols/4/opt/cam/cam/4ha12hl6hl12df.log,4ha12hl6hl12df,---,[],"td CAM-B3LYP/6-31g(d,p)",-6.02813786617,-0.456607021145,113,5.9603,-1498.9024734,3.3006,1.6
/home/ccollins/allmols/4/opt/cam/cam/12de13hf6lf4lf-.log,12de13hf6lf4lf-,---,[],"td CAM-B3LYP/6-31g(d,p)",-6.10922779007,-0.37878246331,119,2.4513,-1594.8900011,3.5224,1.7
