/home/ccollins/allmols/4/opt/cam/m06hf/4aa12ha4dh-4ee.log,4aa12ha4dh-4ee,---,[],"td M06HF/6-31g(d,p)",-7.84449773873,0.185309524076,104,4.7770,-1278.1679831,4.1302,3.56666666667
/home/ccollins/allmols/4/opt/cam/m06hf/4da4dd4de-4fd-.log,4da4dd4de-4fd-,---,[],"td M06HF/6-31g(d,p)",-9.89678030933,-0.98641266487,121,6.6132,-1537.6532906,4.2495,4.91666666667
/home/ccollins/allmols/4/opt/cam/m06hf/13df12da13aa13ff.log,13df12da13aa13ff,---,[],"td M06HF/6-31g(d,p)",-7.72694456046,0.387490106145,93,10.7279,-1266.8068203,4.0905,1.75
/home/ccollins/allmols/4/opt/cam/m06hf/12he4hd-13dd-12ld.log,12he4hd-13dd-12ld,---,[],"td M06HF/6-31g(d,p)",-8.65294795316,-0.377966121794,118,9.4748,-1568.8911532,4.1995,3.76666666667
/home/ccollins/allmols/4/opt/cam/m06hf/13dd6ii6ee6if-.log,13dd6ii6ee6if-,---,[],"td M06HF/6-31g(d,p)",-9.22411490035,-0.0734707364179,118,7.9780,-1481.06458,4.2183,4.5
/home/ccollins/allmols/4/opt/cam/m06hf/4ia13hf-12ha6la.log,4ia13hf-12ha6la,---,[],"td M06HF/6-31g(d,p)",-7.01264573417,0.884369975401,99,4.4205,-1256.6342388,3.9796,1.75
/home/ccollins/allmols/4/opt/cam/m06hf/4aa4aa-12al-4il.log,4aa4aa-12al-4il,---,[],"td M06HF/6-31g(d,p)",-7.81374887497,0.739605413274,98,1.3979,-1191.2680203,4.4192,2.2
/home/ccollins/allmols/4/opt/cam/m06hf/12dh12dl12if-4hi.log,12dh12dl12if-4hi,---,[],"td M06HF/6-31g(d,p)",-7.75742131038,0.386129536952,112,7.0147,-1481.9525383,4.0071,2.13333333333
/home/ccollins/allmols/4/opt/cam/m06hf/12al6lh-6ef13ea-.log,12al6lh-6ef13ea-,---,[],"td M06HF/6-31g(d,p)",-7.71442732388,0.49415873087,111,3.6339,-1444.777036,4.0703,3.85
/home/ccollins/allmols/4/opt/cam/m06hf/6df6hd6fl4fh-.log,6df6hd6fl4fh-,---,[],"td M06HF/6-31g(d,p)",-8.02109961997,-0.606269632367,121,3.7813,-1608.5269705,3.7639,3.86666666667
/home/ccollins/allmols/4/opt/cam/m06hf/4ea13ff12ih-12lh-.log,4ea13ff12ih-12lh-,---,[],"td M06HF/6-31g(d,p)",-7.08312321837,0.985596323355,106,5.6524,-1389.6742232,4.0223,2.55
/home/ccollins/allmols/4/opt/cam/m06hf/6fl4hl12ha12dh.log,6fl4hl12ha12dh,---,[],"td M06HF/6-31g(d,p)",-7.63524219685,0.50966921967,113,8.3624,-1499.1932455,3.9877,3.25
/home/ccollins/allmols/4/opt/cam/m06hf/12ah12he-6ah13aa.log,12ah12he-6ah13aa,---,[],"td M06HF/6-31g(d,p)",-7.33646120209,0.466131005496,90,4.9801,-1156.891113,3.8832,1.95
/home/ccollins/allmols/4/opt/cam/m06hf/13ae12il6ed13lh-.log,13ae12il6ed13lh-,---,[],"td M06HF/6-31g(d,p)",-7.18761493238,0.878111357114,109,6.3154,-1459.8214094,4.0159,3.13333333333
/home/ccollins/allmols/4/opt/cam/m06hf/4ed13dl-13li-4ll.log,4ed13dl-13li-4ll,---,[],"td M06HF/6-31g(d,p)",-7.6270787817,-0.34612880268,129,6.5101,-1638.915993,3.8730,3.38333333333
/home/ccollins/allmols/4/opt/cam/m06hf/13dl13eh12hd4af.log,13dl13eh12hd4af,---,[],"td M06HF/6-31g(d,p)",-7.677147728,0.153472204962,110,2.1565,-1439.8012742,3.9778,2.53333333333
/home/ccollins/allmols/4/opt/cam/m06hf/4fe12ll13if-6aa.log,4fe12ll13if-6aa,---,[],"td M06HF/6-31g(d,p)",-7.46544316158,0.54041808343,109,2.8053,-1411.7512338,3.9601,3.33333333333
/home/ccollins/allmols/4/opt/cam/m06hf/4ed13ie-13ai-13ai.log,4ed13ie-13ai-13ai,---,[],"td M06HF/6-31g(d,p)",-7.20448599037,-0.205173834293,102,4.4607,-1221.43194,3.7805,3.31666666667
/home/ccollins/allmols/4/opt/cam/m06hf/4aa12fa6ii6ei-.log,4aa12fa6ii6ei-,---,[],"td M06HF/6-31g(d,p)",-7.97756140579,0.514839382603,100,2.7726,-1224.2935319,4.3298,3.23333333333
/home/ccollins/allmols/4/opt/cam/m06hf/6ef6ef-12ai-12ea-.log,6ef6ef-12ai-12ea-,---,[],"td M06HF/6-31g(d,p)",-8.44124338674,0.31918953266,105,2.3827,-1370.9164121,4.2695,3.85
/home/ccollins/allmols/4/opt/cam/m06hf/13fa13fa4lf13hi-.log,13fa13fa4lf13hi-,---,[],"td M06HF/6-31g(d,p)",-7.02244183236,0.950765752016,100,3.0324,-1293.7141365,4.0234,1.81666666667
/home/ccollins/allmols/4/opt/cam/m06hf/12fd12hh13aa-6ih-.log,12fd12hh13aa-6ih-,---,[],"td M06HF/6-31g(d,p)",-7.57619349388,0.477559786717,98,5.1710,-1287.4624633,3.7893,1.63333333333
/home/ccollins/allmols/4/opt/cam/m06hf/12ef13al-4if6ff.log,12ef13al-4if6ff,---,[],"td M06HF/6-31g(d,p)",-7.93021359788,0.79810988857,109,4.4051,-1447.6573266,4.3743,3.4
/home/ccollins/allmols/4/opt/cam/m06hf/4ei12ef-13la-13ee-.log,4ei12ef-13la-13ee-,---,[],"td M06HF/6-31g(d,p)",-7.42435397195,0.460960842563,112,5.0800,-1412.3747853,4.1066,4.66666666667
/home/ccollins/allmols/4/opt/cam/m06hf/4dl12aa6li-6de.log,4dl12aa6li-6de,---,[],"td M06HF/6-31g(d,p)",-8.68832275218,-0.330890427719,116,5.7023,-1483.9198793,4.2730,4.0
/home/ccollins/allmols/4/opt/cam/m06hf/6fe13de-12ad-4fh-.log,6fe13de-12ad-4fh-,---,[],"td M06HF/6-31g(d,p)",-8.15770076694,0.129798301005,111,9.4209,-1459.4129328,4.2142,4.43333333333
/home/ccollins/allmols/4/opt/cam/m06hf/13ae13fi-12ia6fl.log,13ae13fi-12ia6fl,---,[],"td M06HF/6-31g(d,p)",-7.55415227296,0.64409345593,102,4.9289,-1314.5231549,4.1685,2.13333333333
/home/ccollins/allmols/4/opt/cam/m06hf/4ie13fh6ae-13hl.log,4ie13fh6ae-13hl,---,[],"td M06HF/6-31g(d,p)",-7.36612161049,0.399735228881,111,1.5023,-1389.0412975,3.8117,3.46666666667
/home/ccollins/allmols/4/opt/cam/m06hf/4le13ie12ha6lh.log,4le13ie12ha6lh,---,[],"td M06HF/6-31g(d,p)",-7.09455199959,0.894438187429,115,2.7450,-1448.1993237,3.9679,4.36666666667
/home/ccollins/allmols/4/opt/cam/m06hf/13al13de-12af-6af-.log,13al13de-12af-6af-,---,[],"td M06HF/6-31g(d,p)",-7.74163870774,0.361367177641,100,7.0460,-1328.1182916,4.0981,1.88333333333
/home/ccollins/allmols/4/opt/cam/m06hf/4ia6ad-13af-6ah-.log,4ia6ad-13af-6ah-,---,[],"td M06HF/6-31g(d,p)",-8.00341222046,0.0334700021459,96,4.5349,-1197.2787461,4.0341,1.75
/home/ccollins/allmols/4/opt/cam/m06hf/4ed12ee-6ih-6il.log,4ed12ee-6ih-6il,---,[],"td M06HF/6-31g(d,p)",-8.41239931985,-0.320822215692,122,8.0423,-1524.1193372,4.2398,7.08333333333
/home/ccollins/allmols/4/opt/cam/m06hf/13fa6af-13di4ff-.log,13fa6af-13di4ff-,---,[],"td M06HF/6-31g(d,p)",-8.00177953743,0.318645304983,101,5.2025,-1329.427783,4.1850,2.63333333333
/home/ccollins/allmols/4/opt/cam/m06hf/13ah6hf6hh6he-.log,13ah6hf6hh6he-,---,[],"td M06HF/6-31g(d,p)",-7.63687487989,0.362999860672,108,6.0397,-1379.3071772,3.8039,2.56666666667
/home/ccollins/allmols/4/opt/cam/m06hf/13al13hi-12hh-13li-.log,13al13hi-12hh-13li-,---,[],"td M06HF/6-31g(d,p)",-6.61726432671,1.85853751753,105,3.0010,-1330.376853,4.2445,2.71666666667
/home/ccollins/allmols/4/opt/cam/m06hf/13la12ff-6ai4li-.log,13la12ff-6ai4li-,---,[],"td M06HF/6-31g(d,p)",-8.4959382683,-0.250616845337,114,6.6525,-1445.5684069,4.2279,4.18333333333
/home/ccollins/allmols/4/opt/cam/m06hf/13ad12hh12ih12ea.log,13ad12hh12ih12ea,---,[],"td M06HF/6-31g(d,p)",-7.42299340276,0.698516223647,97,5.2400,-1270.1543816,3.9258,1.58333333333
/home/ccollins/allmols/4/opt/cam/m06hf/6ih6dl12dh-6hh.log,6ih6dl12dh-6hh,---,[],"td M06HF/6-31g(d,p)",-7.62190861876,-0.320550101853,118,6.5022,-1530.6854239,3.7219,4.3
/home/ccollins/allmols/4/opt/cam/m06hf/6ld12ae12ee-13fh.log,6ld12ae12ee-13fh,---,[],"td M06HF/6-31g(d,p)",-7.57619349388,-0.0476199217524,112,6.1870,-1480.3763093,3.8408,3.03333333333
/home/ccollins/allmols/4/opt/cam/m06hf/12fh12fe4id-4de.log,12fh12fe4id-4de,---,[],"td M06HF/6-31g(d,p)",-8.18028621554,-0.316468394274,115,4.7068,-1502.497644,4.3029,4.03333333333
/home/ccollins/allmols/4/opt/cam/m06hf/12dl6le-12ee13ad-.log,12dl6le-12ee13ad-,---,[],"td M06HF/6-31g(d,p)",-8.32831614373,-0.0887091113787,118,4.5914,-1556.5602586,4.1828,4.41666666667
/home/ccollins/allmols/4/opt/cam/m06hf/13he12ii-4fl-12df-.log,13he12ii-4fl-12df-,---,[],"td M06HF/6-31g(d,p)",-7.56367625731,0.127077162619,112,4.7187,-1465.8687635,4.0695,3.66666666667
/home/ccollins/allmols/4/opt/cam/m06hf/13hl6ii4ee12he-.log,13hl6ii4ee12he-,---,[],"td M06HF/6-31g(d,p)",-7.87443026097,0.470756940752,117,2.3776,-1449.1193253,4.2707,4.76666666667
/home/ccollins/allmols/4/opt/cam/m06hf/6di13dd-12il-4he.log,6di13dd-12il-4he,---,[],"td M06HF/6-31g(d,p)",-8.13756434288,-0.0644909797446,119,4.6305,-1518.2053989,4.2835,5.65
/home/ccollins/allmols/4/opt/cam/m06hf/4fd12id-13lh-4lf-.log,4fd12id-13lh-4lf-,---,[],"td M06HF/6-31g(d,p)",-7.45591917723,-0.116736836753,119,5.7728,-1559.3831449,3.6162,4.7
/home/ccollins/allmols/4/opt/cam/m06hf/12fa13id13he-13fi-.log,12fa13id13he-13fi-,---,[],"td M06HF/6-31g(d,p)",-7.19768314441,1.13906852832,101,5.9112,-1309.4780154,4.0670,1.88333333333
/home/ccollins/allmols/4/opt/cam/m06hf/12il13il-6fh13el.log,12il13il-6fh13el,---,[],"td M06HF/6-31g(d,p)",-7.45238169732,0.675114433529,118,5.1982,-1523.632283,3.9323,3.63333333333
/home/ccollins/allmols/4/opt/cam/m06hf/12fa12ae4ah-4dh-.log,12fa12ae4ah-4dh-,---,[],"td M06HF/6-31g(d,p)",-7.88259367613,0.455518565791,99,4.3246,-1274.992276,4.2413,2.45
/home/ccollins/allmols/4/opt/cam/m06hf/13ie6if-4dd4il.log,13ie6if-4dd4il,---,[],"td M06HF/6-31g(d,p)",-8.48587005627,-0.434021572543,120,1.7625,-1487.3589556,4.3604,5.7
/home/ccollins/allmols/4/opt/cam/m06hf/4fl13hh-6fa-4df-.log,4fl13hh-6fa-4df-,---,[],"td M06HF/6-31g(d,p)",-7.72313496672,0.237555381085,112,3.7483,-1462.1680468,4.1011,3.81666666667
/home/ccollins/allmols/4/opt/cam/m06hf/12ee4hf-4fa13he-.log,12ee4hf-4fa13he-,---,[],"td M06HF/6-31g(d,p)",-7.72340708056,0.783687855125,109,0.8772,-1390.3937821,4.2191,3.01666666667
/home/ccollins/allmols/4/opt/cam/m06hf/6fd13df4ai-4di-.log,6fd13df4ai-4di-,---,[],"td M06HF/6-31g(d,p)",-8.55199371905,-0.0487083771067,112,11.2754,-1424.8538793,4.3117,3.5
/home/ccollins/allmols/4/opt/cam/m06hf/13lh12fe4ha6ld-.log,13lh12fe4ha6ld-,---,[],"td M06HF/6-31g(d,p)",-7.25782030274,0.326536606302,115,4.4532,-1500.1633653,3.9987,3.25
/home/ccollins/allmols/4/opt/cam/m06hf/6dh12fi-12ea6fe-.log,6dh12fi-12ea6fe-,---,[],"td M06HF/6-31g(d,p)",-8.23634166629,0.184765296399,109,11.3204,-1442.3560573,4.1537,4.11666666667
/home/ccollins/allmols/4/opt/cam/m06hf/12la12ad-4ea-12ld.log,12la12ad-4ea-12ld,---,[],"td M06HF/6-31g(d,p)",-8.32858825757,0.017687399508,106,5.3991,-1408.0786967,4.2838,2.08333333333
/home/ccollins/allmols/4/opt/cam/m06hf/12ad4if-4if-12ee-.log,12ad4if-4if-12ee-,---,[],"td M06HF/6-31g(d,p)",-8.37784086235,0.444089784571,109,5.2970,-1394.2511844,4.3240,4.05
/home/ccollins/allmols/4/opt/cam/m06hf/12hh6aa4ia-4ll-.log,12hh6aa4ia-4ll-,---,[],"td M06HF/6-31g(d,p)",-8.24722621983,-0.10775708008,113,6.9054,-1481.6854562,4.0757,2.85
/home/ccollins/allmols/4/opt/cam/m06hf/13hh12al-13ea12le.log,13hh12al-13ea12le,---,[],"td M06HF/6-31g(d,p)",-6.8950925559,1.32111268633,105,4.5052,-1368.5350576,4.0294,2.58333333333
/home/ccollins/allmols/4/opt/cam/m06hf/13ef4fd13li-4id-.log,13ef4fd13li-4id-,---,[],"td M06HF/6-31g(d,p)",-8.30300955674,0.64218865906,115,7.5062,-1426.8879444,4.3074,3.85
/home/ccollins/allmols/4/opt/cam/m06hf/12ee13dh12il6if.log,12ee13dh12il6if,---,[],"td M06HF/6-31g(d,p)",-7.79769415849,0.417694742228,114,4.7374,-1482.8515189,4.1127,3.93333333333
/home/ccollins/allmols/4/opt/cam/m06hf/12hl13hi-4hi4ll.log,12hl13hi-4hi4ll,---,[],"td M06HF/6-31g(d,p)",-7.86300147975,0.875662332566,106,3.2675,-1317.9691472,4.5150,2.28333333333
/home/ccollins/allmols/4/opt/cam/m06hf/12al13fa-13da-4de.log,12al13fa-13da-4de,---,[],"td M06HF/6-31g(d,p)",-7.38761860374,-0.232113104313,102,10.2657,-1329.1073014,3.9097,2.51666666667
/home/ccollins/allmols/4/opt/cam/m06hf/6id6df-4if-4fd.log,6id6df-4if-4fd,---,[],"td M06HF/6-31g(d,p)",-9.28479628636,-0.125716593426,119,7.7629,-1538.1425922,4.6147,5.86666666667
/home/ccollins/allmols/4/opt/cam/m06hf/4li6dd-4hi-6le-.log,4li6dd-4hi-6le-,---,[],"td M06HF/6-31g(d,p)",-8.67526128793,-0.41143612394,127,3.0031,-1580.7863402,4.4079,5.93333333333
/home/ccollins/allmols/4/opt/cam/m06hf/12if4ia-4hd4eh.log,12if4ia-4hd4eh,---,[],"td M06HF/6-31g(d,p)",-8.368316878,0.607358087722,110,3.9146,-1355.8329179,4.3908,4.26666666667
/home/ccollins/allmols/4/opt/cam/m06hf/12eh13le13fh12hf-.log,12eh13le13fh12hf-,---,[],"td M06HF/6-31g(d,p)",-6.81100937978,1.36410667283,109,2.2836,-1459.7858554,4.0290,2.56666666667
/home/ccollins/allmols/4/opt/cam/m06hf/4eh4la-13da13hd-.log,4eh4la-13da13hd-,---,[],"td M06HF/6-31g(d,p)",-8.21049085162,0.457967590338,109,4.5501,-1366.842185,4.4403,3.65
/home/ccollins/allmols/4/opt/cam/m06hf/13id12ef6fe-12hh-.log,13id12ef6fe-12hh-,---,[],"td M06HF/6-31g(d,p)",-7.9655883969,0.133607894745,110,6.0617,-1459.5898935,3.9641,3.46666666667
/home/ccollins/allmols/4/opt/cam/m06hf/12di13af-13ei-13fd-.log,12di13af-13ei-13fd-,---,[],"td M06HF/6-31g(d,p)",-7.65918821465,0.737156388727,103,3.5171,-1346.3762879,4.2049,3.21666666667
/home/ccollins/allmols/4/opt/cam/m06hf/12lf13dh13lh12ae-.log,12lf13dh13lh12ae-,---,[],"td M06HF/6-31g(d,p)",-8.23906280467,1.02042689469,117,9.8514,-1470.5511507,4.9833,4.15
/home/ccollins/allmols/4/opt/cam/m06hf/6fa6he-13ih-6ea-.log,6fa6he-13ih-6ea-,---,[],"td M06HF/6-31g(d,p)",-7.43850389156,0.368170023605,106,5.9131,-1328.7141079,3.8542,4.01666666667
/home/ccollins/allmols/4/opt/cam/m06hf/4eh6ei-4ee4ea.log,4eh6ei-4ee4ea,---,[],"td M06HF/6-31g(d,p)",-8.20613703021,0.365993112897,119,2.7241,-1416.559575,4.2783,5.68333333333
/home/ccollins/allmols/4/opt/cam/m06hf/6if12ff-12de12dl.log,6if12ff-12de12dl,---,[],"td M06HF/6-31g(d,p)",-8.34654777092,-0.32490392327,114,3.6101,-1574.5066183,3.8584,2.53333333333
/home/ccollins/allmols/4/opt/cam/m06hf/13li6dl-12da-4ae.log,13li6dl-12da-4ae,---,[],"td M06HF/6-31g(d,p)",-8.32777191605,-0.252793756045,113,3.0601,-1445.8120042,4.0368,3.21666666667
/home/ccollins/allmols/4/opt/cam/m06hf/6ed12id12ai-6fh-.log,6ed12id12ai-6fh-,---,[],"td M06HF/6-31g(d,p)",-8.18083044322,-0.448171492149,109,2.8624,-1422.5511818,3.9668,3.83333333333
/home/ccollins/allmols/4/opt/cam/m06hf/12hd4hl-4de-12af.log,12hd4hl-4de-12af,---,[],"td M06HF/6-31g(d,p)",-8.00749392804,-0.0410891896263,125,4.9817,-1675.1220125,3.9092,4.78333333333
/home/ccollins/allmols/4/opt/cam/m06hf/12fh6fh4ef-12ie.log,12fh6fh4ef-12ie,---,[],"td M06HF/6-31g(d,p)",-8.05674653282,0.521370114729,111,5.7531,-1464.627968,4.2025,2.43333333333
/home/ccollins/allmols/4/opt/cam/m06hf/13hd13da-12li-6ld.log,13hd13da-12li-6ld,---,[],"td M06HF/6-31g(d,p)",-8.22409654355,0.149662611222,114,6.0094,-1495.1864484,4.3590,4.43333333333
/home/ccollins/allmols/4/opt/cam/m06hf/13ia12hd6hi4ie-.log,13ia12hd6hi4ie-,---,[],"td M06HF/6-31g(d,p)",-7.29455567095,1.06342088119,106,5.0453,-1337.7621304,4.1853,3.01666666667
/home/ccollins/allmols/4/opt/cam/m06hf/13fe13fd4eh-13il.log,13fe13fd4eh-13il,---,[],"td M06HF/6-31g(d,p)",-7.98382002408,0.556200686068,114,5.8302,-1463.0221327,4.3396,4.06666666667
/home/ccollins/allmols/4/opt/cam/m06hf/13lh13ia-6la6ll.log,13lh13ia-6la6ll,---,[],"td M06HF/6-31g(d,p)",-7.15278436104,0.742598665498,115,2.3395,-1465.7556026,4.1729,3.63333333333
/home/ccollins/allmols/4/opt/cam/m06hf/12fe13di6id12ae.log,12fe13di6id12ae,---,[],"td M06HF/6-31g(d,p)",-8.51444200932,-0.283542619805,108,3.5830,-1405.2476653,4.2668,3.53333333333
/home/ccollins/allmols/4/opt/cam/m06hf/6he13de13ll12de-.log,6he13de13ll12de-,---,[],"td M06HF/6-31g(d,p)",-8.00858238339,0.229664079766,122,8.9851,-1592.0541368,4.1419,4.33333333333
/home/ccollins/allmols/4/opt/cam/m06hf/4ia13ee-6fd-12hh.log,4ia13ee-6fd-12hh,---,[],"td M06HF/6-31g(d,p)",-7.99960262672,0.219867981577,109,3.5336,-1386.6304671,3.9852,2.56666666667
/home/ccollins/allmols/4/opt/cam/m06hf/13fi6el13ef4al-.log,13fi6el13ef4al-,---,[],"td M06HF/6-31g(d,p)",-7.53075048284,0.45198108589,115,2.0483,-1468.0448645,3.9634,3.91666666667
/home/ccollins/allmols/4/opt/cam/m06hf/12fd12eh-6ai4aa.log,12fd12eh-6ai4aa,---,[],"td M06HF/6-31g(d,p)",-8.14409507501,-0.0857158591542,99,3.4315,-1274.9813539,3.9549,2.46666666667
/home/ccollins/allmols/4/opt/cam/m06hf/12ad6el-13ll12ai-.log,12ad6el-13ll12ai-,---,[],"td M06HF/6-31g(d,p)",-7.47442291825,-0.0119730088977,112,2.6268,-1465.8458961,3.8142,2.43333333333
/home/ccollins/allmols/4/opt/cam/m06hf/13lh6dl-13if-12ia.log,13lh6dl-13if-12ia,---,[],"td M06HF/6-31g(d,p)",-7.43278950095,0.433749458704,110,3.5380,-1425.2253556,3.9586,3.43333333333
/home/ccollins/allmols/4/opt/cam/m06hf/13if13df-6he13ei.log,13if13df-6he13ei,---,[],"td M06HF/6-31g(d,p)",-7.65429016555,0.243541885533,107,3.6184,-1313.916167,3.9099,4.08333333333
/home/ccollins/allmols/4/opt/cam/m06hf/6dh6al-12ef12dh.log,6dh6al-12ef12dh,---,[],"td M06HF/6-31g(d,p)",-8.17348336957,-0.0966004126976,113,6.4343,-1513.7515588,4.0433,2.81666666667
/home/ccollins/allmols/4/opt/cam/m06hf/4ei4ad-6af-6ff-.log,4ei4ad-6af-6ff-,---,[],"td M06HF/6-31g(d,p)",-8.84886991694,-0.252521642207,109,5.9093,-1390.5380247,4.3561,4.06666666667
/home/ccollins/allmols/4/opt/cam/m06hf/6al13ff-6af-12hl.log,6al13ff-6af-12hl,---,[],"td M06HF/6-31g(d,p)",-7.43278950095,0.706951752644,107,2.5121,-1442.8818107,4.0689,2.86666666667
/home/ccollins/allmols/4/opt/cam/m06hf/13ef4ed-6if-6di.log,13ef4ed-6if-6di,---,[],"td M06HF/6-31g(d,p)",-8.66192770983,-0.39810254585,118,2.8809,-1500.9197391,4.2076,5.51666666667
/home/ccollins/allmols/4/opt/cam/m06hf/12ad6id-13li6hh-.log,12ad6id-13li6hh-,---,[],"td M06HF/6-31g(d,p)",-7.91034928766,-0.186125865592,111,6.3164,-1421.2200958,3.8357,3.25
/home/ccollins/allmols/4/opt/cam/m06hf/4ii4ha-12hf-13ff-.log,4ii4ha-12hf-13ff-,---,[],"td M06HF/6-31g(d,p)",-7.17128810207,1.2645130079,103,2.3527,-1315.7868322,4.2641,1.73333333333
/home/ccollins/allmols/4/opt/cam/m06hf/6ii6hf6fe6ha-.log,6ii6hf6fe6ha-,---,[],"td M06HF/6-31g(d,p)",-8.03443319806,-0.0514295154925,111,8.7547,-1405.201588,3.9130,3.05
/home/ccollins/allmols/4/opt/cam/m06hf/4dh4ai12fa6le.log,4dh4ai12fa6le,---,[],"td M06HF/6-31g(d,p)",-8.0488552315,0.474294420654,110,8.1646,-1391.7198732,4.3410,4.2
/home/ccollins/allmols/4/opt/cam/m06hf/12ae4ee6eh-6fa-.log,12ae4ee6eh-6fa-,---,[],"td M06HF/6-31g(d,p)",-8.54491875924,-0.0421776449807,110,6.9345,-1390.1356056,4.2510,5.25
/home/ccollins/allmols/4/opt/cam/m06hf/13hi12ff-13le4lf.log,13hi12ff-13le4lf,---,[],"td M06HF/6-31g(d,p)",-7.40204063719,0.989678030933,109,7.9400,-1407.9389369,4.2268,2.35
/home/ccollins/allmols/4/opt/cam/m06hf/6dh4ia13lh-13fe-.log,6dh4ia13lh-13fe-,---,[],"td M06HF/6-31g(d,p)",-7.31278729813,0.853893225479,111,6.8963,-1405.1336351,4.2979,3.36666666667
/home/ccollins/allmols/4/opt/cam/m06hf/12ed4hh13ll4hf.log,12ed4hh13ll4hf,---,[],"td M06HF/6-31g(d,p)",-7.58217999833,0.382047829373,119,1.8912,-1539.4636055,4.0148,2.58333333333
/home/ccollins/allmols/4/opt/cam/m06hf/6lf4ae-13aa4fi.log,6lf4ae-13aa4fi,---,[],"td M06HF/6-31g(d,p)",-7.5840847952,0.394020838271,104,3.4788,-1299.5165031,4.0222,3.0
/home/ccollins/allmols/4/opt/cam/m06hf/4ha6ld6ia12fl-.log,4ha6ld6ia12fl-,---,[],"td M06HF/6-31g(d,p)",-8.51063241558,0.0772803301581,112,6.4978,-1446.0878113,4.5167,4.1
/home/ccollins/allmols/4/opt/cam/m06hf/12fh12he4ha-12he.log,12fh12he4ha-12he,---,[],"td M06HF/6-31g(d,p)",-7.27741249911,0.866410462054,104,3.1983,-1367.3498909,4.0509,2.48333333333
/home/ccollins/allmols/4/opt/cam/m06hf/12ed4ha-6ai-4ii.log,12ed4ha-6ai-4ii,---,[],"td M06HF/6-31g(d,p)",-8.66410462054,0.324087581755,106,2.6658,-1280.6325746,4.3577,4.36666666667
/home/ccollins/allmols/4/opt/cam/m06hf/4fd12ei6ff6ii-.log,4fd12ei6ff6ii-,---,[],"td M06HF/6-31g(d,p)",-8.45240005412,-0.227487169057,114,8.3000,-1466.9266211,4.1364,3.3
/home/ccollins/allmols/4/opt/cam/m06hf/4hi13hf-6da12li.log,4hi13hf-6da12li,---,[],"td M06HF/6-31g(d,p)",-7.69238610296,0.407898644039,109,4.8935,-1388.141963,4.0060,3.75
/home/ccollins/allmols/4/opt/cam/m06hf/12ll6ea13ii-13dh-.log,12ll6ea13ii-13dh-,---,[],"td M06HF/6-31g(d,p)",-7.57673772156,0.475382876008,112,9.1810,-1426.1605383,4.1327,3.88333333333
/home/ccollins/allmols/4/opt/cam/m06hf/13fa13id6fl12dh.log,13fa13id6fl12dh,---,[],"td M06HF/6-31g(d,p)",-7.9106214015,-0.322454898723,108,5.1427,-1438.8695299,3.7978,3.13333333333
/home/ccollins/allmols/4/opt/cam/m06hf/6fi6al-12ll-4ff-.log,6fi6al-12ll-4ff-,---,[],"td M06HF/6-31g(d,p)",-7.74381561845,0.525723936146,118,7.9199,-1563.3848783,4.2705,4.41666666667
/home/ccollins/allmols/4/opt/cam/m06hf/13lf6hi6hh-4hh-.log,13lf6hi6hh-4hh-,---,[],"td M06HF/6-31g(d,p)",-7.68259000477,0.617154185911,111,3.1109,-1396.6653286,4.2078,3.41666666667
/home/ccollins/allmols/4/opt/cam/m06hf/6ia12ha4fd-6fi.log,6ia12ha4fd-6fi,---,[],"td M06HF/6-31g(d,p)",-8.07933198142,0.154832774155,104,9.3074,-1331.6237501,4.1938,3.58333333333
/home/ccollins/allmols/4/opt/cam/m06hf/4ea4ih-12ee-12al.log,4ea4ih-12ee-12al,---,[],"td M06HF/6-31g(d,p)",-7.71388309621,0.579058248509,109,1.9568,-1358.293245,4.0676,3.03333333333
/home/ccollins/allmols/4/opt/cam/m06hf/13ih4ff-12fe4id-.log,13ih4ff-12fe4id-,---,[],"td M06HF/6-31g(d,p)",-7.41591844295,0.330890427719,111,5.2505,-1428.8053293,4.0447,3.4
/home/ccollins/allmols/4/opt/cam/m06hf/12hi12df-4di-13ld-.log,12hi12df-4di-13ld-,---,[],"td M06HF/6-31g(d,p)",-8.38137834225,-0.235378470376,114,9.6914,-1498.9863591,4.0679,4.21666666667
/home/ccollins/allmols/4/opt/cam/m06hf/4he12al12de-4ah-.log,4he12al12de-4ah-,---,[],"td M06HF/6-31g(d,p)",-7.76422415634,0.312930914373,109,6.6880,-1390.4178034,3.9349,4.06666666667
/home/ccollins/allmols/4/opt/cam/m06hf/4ld12ee12da6al-.log,4ld12ee12da6al-,---,[],"td M06HF/6-31g(d,p)",-8.42464444259,-0.186397979431,115,3.9248,-1502.4832176,4.0890,3.26666666667
/home/ccollins/allmols/4/opt/cam/m06hf/12ah12hl12if-12fi-.log,12ah12hl12if-12fi-,---,[],"td M06HF/6-31g(d,p)",-7.07795305543,1.32328959704,101,5.6988,-1370.4572245,4.1655,2.0
/home/ccollins/allmols/4/opt/cam/m06hf/13el4dh13fa4al.log,13el4dh13fa4al,---,[],"td M06HF/6-31g(d,p)",-7.6532017102,0.706407524966,111,8.6020,-1408.9509114,4.2419,2.93333333333
/home/ccollins/allmols/4/opt/cam/m06hf/12if6el-12il4fl.log,12if6el-12il4fl,---,[],"td M06HF/6-31g(d,p)",-7.7688500916,0.652256871088,121,2.5060,-1585.368021,4.2499,11.5666666667
/home/ccollins/allmols/4/opt/cam/m06hf/12ia13di-6el4li-.log,12ia13di-6el4li-,---,[],"td M06HF/6-31g(d,p)",-7.60857504067,0.41143612394,109,6.4279,-1427.8497933,4.1581,2.23333333333
/home/ccollins/allmols/4/opt/cam/m06hf/12dl12ai-6fa-12lf.log,12dl12ai-6fa-12lf,---,[],"td M06HF/6-31g(d,p)",-7.83061993296,0.422592791322,106,4.0219,-1445.4474839,4.0886,3.05
/home/ccollins/allmols/4/opt/cam/m06hf/6lf12ee-12hd-4ed.log,6lf12ee-12hd-4ed,---,[],"td M06HF/6-31g(d,p)",-8.05048791453,-0.501777918351,121,3.6290,-1594.675096,3.8466,3.65
/home/ccollins/allmols/4/opt/cam/m06hf/12id12ai4da4ae.log,12id12ai4da4ae,---,[],"td M06HF/6-31g(d,p)",-8.48559794243,-0.0563275645871,101,6.0773,-1259.959567,4.2449,2.98333333333
/home/ccollins/allmols/4/opt/cam/m06hf/4ea13dd-6aa-13fh-.log,4ea13dd-6aa-13fh-,---,[],"td M06HF/6-31g(d,p)",-8.14137393662,0.189935459332,101,11.1776,-1288.2398749,4.2385,2.88333333333
/home/ccollins/allmols/4/opt/cam/m06hf/6hf12ei13ea-13ef-.log,6hf12ei13ea-13ef-,---,[],"td M06HF/6-31g(d,p)",-7.53428796274,0.578241906993,106,4.5247,-1368.3327351,4.1158,3.75
/home/ccollins/allmols/4/opt/cam/m06hf/4da4eh-4ia-4dd-.log,4da4eh-4ia-4dd-,---,[],"td M06HF/6-31g(d,p)",-8.63145095991,-0.489260681776,113,4.5456,-1372.6668895,4.3868,5.41666666667
/home/ccollins/allmols/4/opt/cam/m06hf/12ia13di12id-4hi-.log,12ia13di12id-4hi-,---,[],"td M06HF/6-31g(d,p)",-8.1024616577,0.659876058568,104,6.1279,-1295.719156,4.3433,3.18333333333
/home/ccollins/allmols/4/opt/cam/m06hf/12hh13ae13al-6ll-.log,12hh13ae13al-6ll-,---,[],"td M06HF/6-31g(d,p)",-6.9486989821,1.10668698152,110,2.2614,-1425.1739316,4.0617,3.16666666667
/home/ccollins/allmols/4/opt/cam/m06hf/4ea6di-13he-6ef.log,4ea6di-13he-6ef,---,[],"td M06HF/6-31g(d,p)",-8.16831320664,0.104763827855,114,4.5718,-1425.6814275,4.2119,5.71666666667
/home/ccollins/allmols/4/opt/cam/m06hf/13fi13ee4hl-12ii-.log,13fi13ee4hl-12ii-,---,[],"td M06HF/6-31g(d,p)",-7.69891683508,0.999474129122,112,3.3101,-1394.0592796,4.3306,3.71666666667
/home/ccollins/allmols/4/opt/cam/m06hf/4ih4ih12ef-6ie.log,4ih4ih12ef-6ie,---,[],"td M06HF/6-31g(d,p)",-7.92205018272,0.531166212918,114,2.3866,-1395.0785915,4.1555,5.25
/home/ccollins/allmols/4/opt/cam/m06hf/4af13al-6if-6hl-.log,4af13al-6if-6hl-,---,[],"td M06HF/6-31g(d,p)",-7.46979698299,0.717836306187,110,6.5580,-1409.2373506,4.0945,3.28333333333
/home/ccollins/allmols/4/opt/cam/m06hf/13hh12el4de4hh-.log,13hh12el4de4hh-,---,[],"td M06HF/6-31g(d,p)",-7.44258559914,0.108845535434,117,6.6650,-1481.2443198,3.8635,4.28333333333
/home/ccollins/allmols/4/opt/cam/m06hf/4ee4af6li-12le-.log,4ee4af6li-12le-,---,[],"td M06HF/6-31g(d,p)",-8.39552826186,0.473750192976,120,1.9017,-1510.9022383,4.3107,4.5
/home/ccollins/allmols/4/opt/cam/m06hf/6ll13id6ei13ea-.log,6ll13id6ei13ea-,---,[],"td M06HF/6-31g(d,p)",-7.9846363656,0.168982693761,117,7.0571,-1465.2509112,4.1189,4.86666666667
/home/ccollins/allmols/4/opt/cam/m06hf/6fh4ei4id-12le.log,6fh4ei4id-12le,---,[],"td M06HF/6-31g(d,p)",-8.43307997159,0.533615237465,120,2.8483,-1507.1393218,4.3282,4.41666666667
/home/ccollins/allmols/4/opt/cam/m06hf/12df4ii-12id-4da.log,12df4ii-12id-4da,---,[],"td M06HF/6-31g(d,p)",-9.06520041862,-0.0274834976971,109,4.3015,-1390.5365754,4.7717,4.5
/home/ccollins/allmols/4/opt/cam/m06hf/6el6fi4dh12if.log,6el6fi4dh12if,---,[],"td M06HF/6-31g(d,p)",-8.26055979792,0.298236767089,118,4.2116,-1522.2495545,4.3489,4.65
/home/ccollins/allmols/4/opt/cam/m06hf/13ll12fi-13ae-13ld.log,13ll12fi-13ae-13ld,---,[],"td M06HF/6-31g(d,p)",-7.20775135644,1.17689235188,113,1.3275,-1483.1204043,4.2054,3.16666666667
/home/ccollins/allmols/4/opt/cam/m06hf/4he4ih-4ad-6hl-.log,4he4ih-4ad-6hl-,---,[],"td M06HF/6-31g(d,p)",-8.23688589397,0.451164744374,117,7.2333,-1429.4227286,4.4086,4.31666666667
/home/ccollins/allmols/4/opt/cam/m06hf/4ai6fi-13ei13ie-.log,4ai6fi-13ei13ie-,---,[],"td M06HF/6-31g(d,p)",-7.82463342851,0.816885743432,107,5.0956,-1281.8228991,4.3481,4.03333333333
/home/ccollins/allmols/4/opt/cam/m06hf/4lh12ee-6hd-13ai.log,4lh12ee-6hd-13ai,---,[],"td M06HF/6-31g(d,p)",-7.85048424317,0.0451708972051,113,7.3804,-1425.9416707,3.8582,3.46666666667
/home/ccollins/allmols/4/opt/cam/m06hf/4de4df-13ee-4fi-.log,4de4df-13ee-4fi-,---,[],"td M06HF/6-31g(d,p)",-8.09511458406,-0.230480421281,120,11.0007,-1505.6995089,4.2808,5.83333333333
/home/ccollins/allmols/4/opt/cam/m06hf/6hf12al-12ad-4eh.log,6hf12al-12ad-4eh,---,[],"td M06HF/6-31g(d,p)",-7.86844375652,0.439191735476,107,6.3434,-1405.5139772,4.1260,2.78333333333
/home/ccollins/allmols/4/opt/cam/m06hf/12ea4ai-4ea-4ad.log,12ea4ai-4ea-4ad,---,[],"td M06HF/6-31g(d,p)",-8.56396672794,0.406538074846,100,4.2414,-1206.7896887,4.3491,3.95
/home/ccollins/allmols/4/opt/cam/m06hf/6ee4fe-12dd13dh-.log,6ee4fe-12dd13dh-,---,[],"td M06HF/6-31g(d,p)",-8.60260689302,-0.530621985241,119,10.6762,-1552.5471961,4.1116,5.11666666667
/home/ccollins/allmols/4/opt/cam/m06hf/12af12ad-13ld-12ad-.log,12af12ad-13ld-12ad-,---,[],"td M06HF/6-31g(d,p)",-8.27470971753,-0.125172365749,99,6.8191,-1362.8146201,4.0131,2.03333333333
/home/ccollins/allmols/4/opt/cam/m06hf/13ee4eh12de-12fh-.log,13ee4eh12de-12fh-,---,[],"td M06HF/6-31g(d,p)",-8.14572775804,-0.0152383749608,121,10.6310,-1580.1705858,4.0077,4.51666666667
/home/ccollins/allmols/4/opt/cam/m06hf/4fa13ee-13de-12hh-.log,4fa13ee-13de-12hh-,---,[],"td M06HF/6-31g(d,p)",-7.73646854481,0.790762814928,108,7.2114,-1385.3607757,4.2855,4.3
/home/ccollins/allmols/4/opt/cam/m06hf/13if6af-13ei-4el-.log,13if6af-13ei-4el-,---,[],"td M06HF/6-31g(d,p)",-7.67252179274,0.617154185911,111,4.9143,-1392.8824948,4.0959,3.93333333333
/home/ccollins/allmols/4/opt/cam/m06hf/6ef6eh-4fd13id-.log,6ef6eh-4fd13id-,---,[],"td M06HF/6-31g(d,p)",-8.75852812253,-0.0794572408668,118,7.2619,-1516.9663632,4.2983,6.13333333333
/home/ccollins/allmols/4/opt/cam/m06hf/13dl4ae6id-13il.log,13dl4ae6id-13il,---,[],"td M06HF/6-31g(d,p)",-8.3838273668,0.3385096152,117,5.7348,-1465.2778815,4.3819,5.31666666667
/home/ccollins/allmols/4/opt/cam/m06hf/4ei12fh13ee12hi.log,4ei12fh13ee12hi,---,[],"td M06HF/6-31g(d,p)",-7.34897843866,0.770082163195,110,5.1863,-1391.587719,4.0775,3.58333333333
/home/ccollins/allmols/4/opt/cam/m06hf/6ad12af6fa4ha.log,6ad12af6fa4ha,---,[],"td M06HF/6-31g(d,p)",-8.18300735393,-0.304767499215,96,1.8561,-1253.0129162,3.9586,2.26666666667
/home/ccollins/allmols/4/opt/cam/m06hf/13ea4ll4hh-6hh.log,13ea4ll4hh-6hh,---,[],"td M06HF/6-31g(d,p)",-8.28831540946,-0.0165989441537,121,8.0167,-1522.9139518,4.3189,6.16666666667
/home/ccollins/allmols/4/opt/cam/m06hf/6il13ad4de12di.log,6il13ad4de12di,---,[],"td M06HF/6-31g(d,p)",-8.53675534409,-0.481097266618,115,12.4085,-1462.8665743,4.2068,4.75
/home/ccollins/allmols/4/opt/cam/m06hf/12ea12hi13al-12la.log,12ea12hi13al-12la,---,[],"td M06HF/6-31g(d,p)",-7.0678848434,1.21689308615,99,2.2470,-1296.2107471,4.1150,2.06666666667
/home/ccollins/allmols/4/opt/cam/m06hf/13ed12fd4ll4fi-.log,13ed12fd4ll4fi-,---,[],"td M06HF/6-31g(d,p)",-7.46462682006,0.727632404376,115,6.3746,-1448.2366964,4.2273,3.43333333333
/home/ccollins/allmols/4/opt/cam/m06hf/6di12he6ah13li.log,6di12he6ah13li,---,[],"td M06HF/6-31g(d,p)",-7.60449333309,0.290889693447,111,6.2863,-1405.1248093,3.9148,4.31666666667
/home/ccollins/allmols/4/opt/cam/m06hf/4ih4fa4al-6eh-.log,4ih4fa4al-6eh-,---,[],"td M06HF/6-31g(d,p)",-8.1264076755,0.862328754476,111,4.6927,-1357.044353,4.3562,3.26666666667
/home/ccollins/allmols/4/opt/cam/m06hf/13dl12da13hh13di-.log,13dl12da13hh13di-,---,[],"td M06HF/6-31g(d,p)",-7.79442879243,0.389939130692,107,6.0202,-1397.9324797,4.0674,2.83333333333
/home/ccollins/allmols/4/opt/cam/m06hf/13dl6ld13ah13ii.log,13dl6ld13ah13ii,---,[],"td M06HF/6-31g(d,p)",-7.44775576207,0.104219600178,112,7.8016,-1422.4419466,3.7275,2.48333333333
/home/ccollins/allmols/4/opt/cam/m06hf/13da12ha12fa-13ie-.log,13da12ha12fa-13ie-,---,[],"td M06HF/6-31g(d,p)",-7.37782250555,0.779606147546,93,7.7384,-1214.8292877,3.9989,1.95
/home/ccollins/allmols/4/opt/cam/m06hf/4ei4ih12hh-12ie-.log,4ei4ih12hh-12ie-,---,[],"td M06HF/6-31g(d,p)",-7.46517104774,1.2658735771,111,3.7025,-1356.960097,4.2821,4.6
/home/ccollins/allmols/4/opt/cam/m06hf/6hi12ei-12fe13hd.log,6hi12ei-12fe13hd,---,[],"td M06HF/6-31g(d,p)",-7.56803007872,0.78831379038,110,5.3012,-1423.7130676,4.0636,3.2
/home/ccollins/allmols/4/opt/cam/m06hf/13ai12hf-4fe6ai-.log,13ai12hf-4fe6ai-,---,[],"td M06HF/6-31g(d,p)",-7.37238022878,0.537424831205,101,3.9602,-1277.4300571,4.1624,2.21666666667
/home/ccollins/allmols/4/opt/cam/m06hf/4ih12hd-12lh-4if.log,4ih12hd-12lh-4if,---,[],"td M06HF/6-31g(d,p)",-7.66000455617,0.367897909767,113,5.7386,-1447.2841026,3.8906,4.03333333333
/home/ccollins/allmols/4/opt/cam/m06hf/6he4fh-13ii-6ha-.log,6he4fh-13ii-6ha-,---,[],"td M06HF/6-31g(d,p)",-7.66599106061,1.09933990788,108,3.0293,-1331.1947409,4.3603,3.55
/home/ccollins/allmols/4/opt/cam/m06hf/12le4he13hf-13ai-.log,12le4he13hf-13ai-,---,[],"td M06HF/6-31g(d,p)",-7.22081282069,0.756748585105,108,3.4586,-1370.7846694,4.0048,2.25
/home/ccollins/allmols/4/opt/cam/m06hf/4ie12df-4ii-4dh-.log,4ie12df-4ii-4dh-,---,[],"td M06HF/6-31g(d,p)",-8.55852445117,0.386401650791,116,8.4560,-1432.0155018,4.2832,3.78333333333
/home/ccollins/allmols/4/opt/cam/m06hf/4ae6hf13fe-12ei-.log,4ae6hf13fe-12ei-,---,[],"td M06HF/6-31g(d,p)",-7.48557958563,0.7115776879,109,2.7863,-1390.4143549,4.0091,3.76666666667
/home/ccollins/allmols/4/opt/cam/m06hf/4aa12if6ad-13he-.log,4aa12if6ad-13he-,---,[],"td M06HF/6-31g(d,p)",-7.63524219685,0.215242046321,99,7.0443,-1255.1569233,3.7845,2.03333333333
/home/ccollins/allmols/4/opt/cam/m06hf/4ef13li4la-12ih.log,4ef13li4la-12ih,---,[],"td M06HF/6-31g(d,p)",-7.33074681148,0.8998804642,113,3.8965,-1415.1805035,4.2338,3.96666666667
/home/ccollins/allmols/4/opt/cam/m06hf/6ll12eh13ai4fh-.log,6ll12eh13ai4fh-,---,[],"td M06HF/6-31g(d,p)",-6.98842760254,0.743687120853,113,3.5742,-1447.2477375,3.9140,3.2
/home/ccollins/allmols/4/opt/cam/m06hf/6fi4da4al-12ei.log,6fi4da4al-12ei,---,[],"td M06HF/6-31g(d,p)",-8.51335355397,0.235650584215,110,1.9766,-1375.6776485,4.3531,4.41666666667
/home/ccollins/allmols/4/opt/cam/m06hf/6he13da-12hh12fl.log,6he13da-12hh12fl,---,[],"td M06HF/6-31g(d,p)",-7.2836711174,0.739333299435,108,11.8034,-1438.7859636,4.0561,2.66666666667
/home/ccollins/allmols/4/opt/cam/m06hf/6di6hi6dl-6hd.log,6di6hi6dl-6hd,---,[],"td M06HF/6-31g(d,p)",-8.74927625202,-0.276195546164,123,10.8965,-1569.8069136,4.2526,4.11666666667
/home/ccollins/allmols/4/opt/cam/m06hf/13lh12al-4ff-13fe-.log,13lh12al-4ff-13fe-,---,[],"td M06HF/6-31g(d,p)",-7.0537349238,1.12818397477,110,3.4163,-1464.8782059,4.0602,1.71666666667
/home/ccollins/allmols/4/opt/cam/m06hf/13hf4de-6af6ha-.log,13hf4de-6af6ha-,---,[],"td M06HF/6-31g(d,p)",-8.21865426678,-0.327625061656,106,4.0249,-1364.6446936,4.0773,2.55
/home/ccollins/allmols/4/opt/cam/m06hf/6hi6hd-4hf-4hi.log,6hi6hd-4hf-4hi,---,[],"td M06HF/6-31g(d,p)",-7.89211766048,0.462593525594,115,8.7341,-1424.6857823,4.2950,5.05
/home/ccollins/allmols/4/opt/cam/m06hf/6af4dd13la-12ha-.log,6af4dd13la-12ha-,---,[],"td M06HF/6-31g(d,p)",-7.54544463012,-0.35184319329,103,3.7204,-1346.4202873,3.5470,3.13333333333
/home/ccollins/allmols/4/opt/cam/m06hf/13hi6ef-12dh-12fe-.log,13hi6ef-12dh-12fe-,---,[],"td M06HF/6-31g(d,p)",-7.83415741286,0.249528389982,110,4.5193,-1459.5772798,4.0898,3.45
/home/ccollins/allmols/4/opt/cam/m06hf/12dl12dl-4af-13hh.log,12dl12dl-4af-13hh,---,[],"td M06HF/6-31g(d,p)",-7.41591844295,0.1692548076,112,4.8177,-1497.975097,3.9511,2.18333333333
/home/ccollins/allmols/4/opt/cam/m06hf/13fa4la-6fe-4aa-.log,13fa4la-6fe-4aa-,---,[],"td M06HF/6-31g(d,p)",-8.16014979148,0.391299699885,100,3.8001,-1260.1943903,4.3486,2.6
/home/ccollins/allmols/4/opt/cam/m06hf/6ef13al4fi-6fe-.log,6ef13al4fi-6fe-,---,[],"td M06HF/6-31g(d,p)",-7.93973758223,0.670488498273,114,4.2801,-1466.8680473,4.3422,4.76666666667
/home/ccollins/allmols/4/opt/cam/m06hf/12hh12ed13hh-12ef.log,12hh12ed13hh-12ef,---,[],"td M06HF/6-31g(d,p)",-7.24394249697,0.493614503193,107,7.6674,-1437.4956554,3.6540,2.96666666667
/home/ccollins/allmols/4/opt/cam/m06hf/6dl4da-4ah-13fl.log,6dl4da-4ah-13fl,---,[],"td M06HF/6-31g(d,p)",-7.86490627662,0.146941472836,114,8.0783,-1463.1296678,4.4778,5.0
/home/ccollins/allmols/4/opt/cam/m06hf/13ef13le12ae4la-.log,13ef13le12ae4la-,---,[],"td M06HF/6-31g(d,p)",-7.87633505784,0.84409712729,116,4.9329,-1489.1833217,4.3869,3.9
/home/ccollins/allmols/4/opt/cam/m06hf/6fl12ii4el-12il.log,6fl12ii4el-12il,---,[],"td M06HF/6-31g(d,p)",-7.88177733461,0.7461361454,121,5.0119,-1549.4912177,4.3706,4.2
/home/ccollins/allmols/4/opt/cam/m06hf/4ai13ah13eh-13id.log,4ai13ah13eh-13id,---,[],"td M06HF/6-31g(d,p)",-7.27060965315,1.07648234544,100,7.6467,-1216.6674689,4.1561,3.5
/home/ccollins/allmols/4/opt/cam/m06hf/12ae6fi12da-12da.log,12ae6fi12da-12da,---,[],"td M06HF/6-31g(d,p)",-8.67798242631,-0.294699287187,98,7.5231,-1309.6564047,4.1805,1.83333333333
/home/ccollins/allmols/4/opt/cam/m06hf/6hi6ai-12fa6fa.log,6hi6ai-12fa6fa,---,[],"td M06HF/6-31g(d,p)",-8.13157783843,0.508580764315,98,6.5301,-1255.4373305,4.3527,2.56666666667
/home/ccollins/allmols/4/opt/cam/m06hf/13ha13fd6eh-12ad-.log,13ha13fd6eh-12ad-,---,[],"td M06HF/6-31g(d,p)",-7.6842226878,-0.231568876636,102,4.7225,-1341.3337592,3.8630,2.73333333333
/home/ccollins/allmols/4/opt/cam/m06hf/4ea13li6fl13lf-.log,4ea13li6fl13lf-,---,[],"td M06HF/6-31g(d,p)",-7.61347308977,0.587493777505,117,2.5396,-1506.3982604,4.0771,3.68333333333
/home/ccollins/allmols/4/opt/cam/m06hf/12hd6ae13he13hi.log,12hd6ae13he13hi,---,[],"td M06HF/6-31g(d,p)",-7.09455199959,0.0263950423427,106,4.0889,-1344.7009832,3.4028,2.56666666667
/home/ccollins/allmols/4/opt/cam/m06hf/13le6fe6dd6lf-.log,13le6fe6dd6lf-,---,[],"td M06HF/6-31g(d,p)",-8.84206707098,-0.530621985241,126,4.8782,-1667.3202596,4.3285,6.23333333333
/home/ccollins/allmols/4/opt/cam/m06hf/13de13lf4dh-6af.log,13de13lf4dh-6af,---,[],"td M06HF/6-31g(d,p)",-8.23035516184,0.127349276458,113,11.8691,-1477.9069181,4.2974,4.6
/home/ccollins/allmols/4/opt/cam/m06hf/13le12ae4ai4lf-.log,13le12ae4ai4lf-,---,[],"td M06HF/6-31g(d,p)",-7.40204063719,0.754843788235,107,5.2289,-1374.9135567,4.2172,2.86666666667
/home/ccollins/allmols/4/opt/cam/m06hf/13el6ll6fi-12id.log,13el6ll6fi-12id,---,[],"td M06HF/6-31g(d,p)",-7.43986446075,1.27675813064,112,3.7617,-1358.1755961,4.3730,3.4
/home/ccollins/allmols/4/opt/cam/m06hf/4fi6al-4ll13dl.log,4fi6al-4ll13dl,---,[],"td M06HF/6-31g(d,p)",-8.30437012593,0.587493777505,124,4.3643,-1583.8548364,4.5952,3.96666666667
/home/ccollins/allmols/4/opt/cam/m06hf/4dd13da-6ha12ea.log,4dd13da-6ha12ea,---,[],"td M06HF/6-31g(d,p)",-8.41702525511,-0.780150375223,103,5.9770,-1325.1211983,4.0286,3.56666666667
/home/ccollins/allmols/4/opt/cam/m06hf/13ff4fd-12fi13de-.log,13ff4fd-12fi13de-,---,[],"td M06HF/6-31g(d,p)",-7.96885376296,-0.231296762797,110,4.0752,-1479.5266973,3.8281,3.56666666667
/home/ccollins/allmols/4/opt/cam/m06hf/13lf6dd-6ah-6il.log,13lf6dd-6ah-6il,---,[],"td M06HF/6-31g(d,p)",-8.58709640422,-0.718108420026,118,8.1652,-1534.4921824,3.9909,4.61666666667
/home/ccollins/allmols/4/opt/cam/m06hf/13hd12ff13dh-4if.log,13hd12ff13dh-4if,---,[],"td M06HF/6-31g(d,p)",-7.78708171878,0.359734494609,108,8.1976,-1438.8669839,3.9732,2.13333333333
/home/ccollins/allmols/4/opt/cam/m06hf/13ha12fl13af13dd-.log,13ha12fl13af13dd-,---,[],"td M06HF/6-31g(d,p)",-7.64912000262,0.51919320402,101,11.7324,-1361.4348331,4.0307,1.68333333333
/home/ccollins/allmols/4/opt/cam/m06hf/6ai6dh-13di6fi-.log,6ai6dh-13di6fi-,---,[],"td M06HF/6-31g(d,p)",-8.66056714064,0.0234017901183,110,4.7970,-1384.156089,4.2719,3.51666666667
/home/ccollins/allmols/4/opt/cam/m06hf/6il13ie-6id4he.log,6il13ie-6id4he,---,[],"td M06HF/6-31g(d,p)",-8.03089571816,0.300413677798,120,8.7688,-1467.4589726,4.2717,4.58333333333
/home/ccollins/allmols/4/opt/cam/m06hf/12la6df13fd4hi-.log,12la6df13fd4hi-,---,[],"td M06HF/6-31g(d,p)",-8.27198857914,0.0563275645871,111,1.7988,-1460.929677,4.2299,2.53333333333
/home/ccollins/allmols/4/opt/cam/m06hf/6hi13ed6ha12dl.log,6hi13ed6ha12dl,---,[],"td M06HF/6-31g(d,p)",-8.35035736466,-0.161091392442,113,8.6111,-1458.0636169,4.1525,3.9
/home/ccollins/allmols/4/opt/cam/m06hf/6eh6ei4fd-13le-.log,6eh6ei4fd-13le-,---,[],"td M06HF/6-31g(d,p)",-8.45620964786,0.38449685392,122,6.8198,-1540.1629147,4.2649,6.55
/home/ccollins/allmols/4/opt/cam/m06hf/6ah6ed12ha13fh-.log,6ah6ed12ha13fh-,---,[],"td M06HF/6-31g(d,p)",-7.44122502994,0.0253065869884,103,5.8343,-1342.541057,3.5785,2.75
/home/ccollins/allmols/4/opt/cam/m06hf/12df4ei4if-13al.log,12df4ei4if-13al,---,[],"td M06HF/6-31g(d,p)",-7.78055098666,0.419599539098,111,4.4454,-1412.7631293,4.4906,4.26666666667
/home/ccollins/allmols/4/opt/cam/m06hf/6le6fd-12ha-6ff-.log,6le6fd-12ha-6ff-,---,[],"td M06HF/6-31g(d,p)",-8.09429824255,-0.400551570397,114,4.1244,-1534.8895676,3.6663,2.81666666667
/home/ccollins/allmols/4/opt/cam/m06hf/6he6al-12he-6hf.log,6he6al-12he-6hf,---,[],"td M06HF/6-31g(d,p)",-7.36176778908,0.31918953266,114,6.3722,-1479.0757904,3.7194,3.73333333333
/home/ccollins/allmols/4/opt/cam/m06hf/12fe4hh6il13df.log,12fe4hh6il13df,---,[],"td M06HF/6-31g(d,p)",-8.02518132755,0.454430110437,115,3.6871,-1500.1727966,4.1466,3.31666666667
/home/ccollins/allmols/4/opt/cam/m06hf/12el12ii13df-13ae-.log,12el12ii13df-13ae-,---,[],"td M06HF/6-31g(d,p)",-7.8809609931,0.830219321523,107,7.4798,-1389.4121737,4.3742,3.4
/home/ccollins/allmols/4/opt/cam/m06hf/13dd4ll4ee13ae-.log,13dd4ll4ee13ae-,---,[],"td M06HF/6-31g(d,p)",-7.86599473197,0.900968919555,105,9.9553,-1316.7751921,4.4934,1.71666666667
/home/ccollins/allmols/4/opt/cam/m06hf/6hi12ed-13fe-4ia-.log,6hi12ed-13fe-4ia-,---,[],"td M06HF/6-31g(d,p)",-7.94245872062,0.683549962525,109,6.7786,-1370.599388,4.3050,4.06666666667
/home/ccollins/allmols/4/opt/cam/m06hf/13hf6ff12de-4ia.log,13hf6ff12de-4ia,---,[],"td M06HF/6-31g(d,p)",-8.31743159019,0.0185037410238,107,1.9885,-1405.5331494,4.1739,2.18333333333
/home/ccollins/allmols/4/opt/cam/m06hf/6ea13eh13aa-4ea-.log,6ea13eh13aa-4ea-,---,[],"td M06HF/6-31g(d,p)",-7.21700322695,0.64028386219,97,3.0775,-1180.8674022,3.9826,3.08333333333
/home/ccollins/allmols/4/opt/cam/m06hf/13ee13de-4la6hi.log,13ee13de-4la6hi,---,[],"td M06HF/6-31g(d,p)",-7.96150668932,0.32109432953,114,10.8648,-1481.3214245,4.0640,4.21666666667
/home/ccollins/allmols/4/opt/cam/m06hf/4ia13li-4di-12if-.log,4ia13li-4di-12if-,---,[],"td M06HF/6-31g(d,p)",-7.87143700875,0.41334092081,109,6.6694,-1340.0419464,4.2455,3.46666666667
/home/ccollins/allmols/4/opt/cam/m06hf/6lh13dd-6fa6hd.log,6lh13dd-6fa6hd,---,[],"td M06HF/6-31g(d,p)",-8.661655596,-0.436198483252,116,9.9125,-1528.3219728,4.0257,4.66666666667
/home/ccollins/allmols/4/opt/cam/m06hf/13fa12ih-12id-13ih-.log,13fa12ih-12id-13ih-,---,[],"td M06HF/6-31g(d,p)",-7.51333519717,1.02450860227,99,5.1427,-1272.6334339,4.2521,2.51666666667
/home/ccollins/allmols/4/opt/cam/m06hf/4hd13ai-12li-6lf.log,4hd13ai-12li-6lf,---,[],"td M06HF/6-31g(d,p)",-7.28475957276,0.737972730242,113,3.1813,-1447.3095924,3.9782,2.98333333333
/home/ccollins/allmols/4/opt/cam/m06hf/12dl12hf-13hi-13fl-.log,12dl12hf-13hi-13fl-,---,[],"td M06HF/6-31g(d,p)",-7.02325817388,1.18696056391,111,6.6831,-1498.1903989,4.0574,2.91666666667
/home/ccollins/allmols/4/opt/cam/m06hf/13hl12ia-13hl-13ae.log,13hl12ia-13hl-13ae,---,[],"td M06HF/6-31g(d,p)",-6.99904004224,1.43893797844,103,2.4034,-1311.8657788,4.2081,1.98333333333
/home/ccollins/allmols/4/opt/cam/m06hf/13ah4lh12fd-4fe-.log,13ah4lh12fd-4fe-,---,[],"td M06HF/6-31g(d,p)",-7.38707437606,0.191568142364,111,4.1564,-1444.8323917,3.8991,3.68333333333
/home/ccollins/allmols/4/opt/cam/m06hf/6ha13eh-6fd-13fe13li.log,6ha13eh-6fd-13fe13li,---,[],"td M06HF/6-31g(d,p)",-7.50245064362,0.22503814451,138,9.0847,-1781.4684576,3.7867,4.26666666667
/home/ccollins/allmols/4/opt/cam/m06hf/13ei13ei-12lh4ii.log,13ei13ei-12lh4ii,---,[],"td M06HF/6-31g(d,p)",-7.38680226223,0.71729207851,110,7.2618,-1411.432988,4.1545,3.95
/home/ccollins/allmols/4/opt/cam/m06hf/12ef6la4if-12fe-.log,12ef6la4if-12fe-,---,[],"td M06HF/6-31g(d,p)",-8.05511384979,0.420415880614,111,2.3603,-1468.4370649,4.3622,3.01666666667
/home/ccollins/allmols/4/opt/cam/m06hf/12hf4hh-6dd13hh.log,12hf4hh-6dd13hh,---,[],"td M06HF/6-31g(d,p)",-7.96041823396,-0.400279456558,111,3.9241,-1453.2791018,3.6492,2.28333333333
/home/ccollins/allmols/4/opt/cam/m06hf/6dh13ia-13fl13ae.log,6dh13ia-13fl13ae,---,[],"td M06HF/6-31g(d,p)",-7.30979404591,0.742870779337,104,6.5929,-1327.7244018,4.0920,2.53333333333
/home/ccollins/allmols/4/opt/cam/m06hf/13da4ei12ad13lf-.log,13da4ei12ad13lf-,---,[],"td M06HF/6-31g(d,p)",-8.18191889857,0.0949677296661,106,8.9550,-1368.4162825,4.2513,3.05
/home/ccollins/allmols/4/opt/cam/m06hf/13al12ea-13el6li.log,13al12ea-13el6li,---,[],"td M06HF/6-31g(d,p)",-7.16013143468,0.98831746174,112,2.6580,-1429.9407695,4.0438,3.93333333333
/home/ccollins/allmols/4/opt/cam/m06hf/4di6ae-13hh13li.log,4di6ae-13hh13li,---,[],"td M06HF/6-31g(d,p)",-7.1418998075,0.535792148174,111,6.7271,-1369.2431539,3.7323,3.56666666667
/home/ccollins/allmols/4/opt/cam/m06hf/6if13di-12ii-6fi.log,6if13di-12ii-6fi,---,[],"td M06HF/6-31g(d,p)",-8.22681768194,0.49796832461,109,6.5963,-1372.1541527,4.4477,3.43333333333
/home/ccollins/allmols/4/opt/cam/m06hf/4he12ff6he4fi-.log,4he12ff6he4fi-,---,[],"td M06HF/6-31g(d,p)",-7.6926582168,0.617426299749,114,2.0030,-1466.8618276,4.0764,3.21666666667
/home/ccollins/allmols/4/opt/cam/m06hf/12hd13id-12id-12ed.log,12hd13id-12id-12ed,---,[],"td M06HF/6-31g(d,p)",-8.61267510505,-0.454974338114,111,7.7925,-1475.443696,4.1076,3.38333333333
/home/ccollins/allmols/4/opt/cam/m06hf/13al13dl-6fa6ee.log,13al13dl-6fa6ee,---,[],"td M06HF/6-31g(d,p)",-8.04695043463,0.219323753899,113,3.3863,-1461.8015044,4.1586,3.43333333333
/home/ccollins/allmols/4/opt/cam/m06hf/13he6ai12lh-6fe.log,13he6ai12lh-6fe,---,[],"td M06HF/6-31g(d,p)",-7.9155194506,0.32680872014,111,5.2511,-1424.9226708,4.1925,4.7
/home/ccollins/allmols/4/opt/cam/m06hf/12eh12fh-4hf12ll.log,12eh12fh-4hf12ll,---,[],"td M06HF/6-31g(d,p)",-7.18298899713,0.915118839161,114,3.4423,-1540.0329066,3.9931,2.93333333333
/home/ccollins/allmols/4/opt/cam/m06hf/6af13hi-12ah12fd.log,6af13hi-12ah12fd,---,[],"td M06HF/6-31g(d,p)",-7.35550917079,0.876478674082,98,3.7274,-1307.3387581,4.0684,1.63333333333
/home/ccollins/allmols/4/opt/cam/m06hf/4li12ll12fl13ia.log,4li12ll12fl13ia,---,[],"td M06HF/6-31g(d,p)",-7.32856990077,1.1192042181,116,1.9590,-1510.4302472,4.2309,2.1
/home/ccollins/allmols/4/opt/cam/m06hf/12ih13ai-12hh-12ih-.log,12ih13ai-12hh-12ih-,---,[],"td M06HF/6-31g(d,p)",-6.93835865624,1.66207132608,97,3.1335,-1235.7310098,4.3397,1.46666666667
/home/ccollins/allmols/4/opt/cam/m06hf/4ai12ll6hi-6al-.log,4ai12ll6hi-6al-,---,[],"td M06HF/6-31g(d,p)",-7.82354497315,0.625589714907,114,6.4255,-1432.4672434,4.1819,4.28333333333
/home/ccollins/allmols/4/opt/cam/m06hf/12fa13fi-12ed-13di-.log,12fa13fi-12ed-13di-,---,[],"td M06HF/6-31g(d,p)",-7.78027887282,0.210616111065,103,7.8862,-1366.2020333,4.0253,3.03333333333
/home/ccollins/allmols/4/opt/cam/m06hf/4il12ih-12ah13la-.log,4il12ih-12ah13la-,---,[],"td M06HF/6-31g(d,p)",-6.85373125244,1.22696129818,104,3.2406,-1316.9510506,4.1162,2.15
/home/ccollins/allmols/4/opt/cam/m06hf/6ea13ae13de4fl-.log,6ea13ae13de4fl-,---,[],"td M06HF/6-31g(d,p)",-7.99715360217,0.684366304041,111,9.1698,-1407.4320776,4.3232,3.25
/home/ccollins/allmols/4/opt/cam/m06hf/4af12ea-12ah-6fl.log,4af12ea-12ah-6fl,---,[],"td M06HF/6-31g(d,p)",-7.61211252057,0.554568003036,101,4.4924,-1333.1509635,4.0019,1.76666666667
/home/ccollins/allmols/4/opt/cam/m06hf/12ef6hh-13ea-13ha-.log,12ef6hh-13ea-13ha-,---,[],"td M06HF/6-31g(d,p)",-7.23523485413,0.565996784257,100,2.7074,-1288.374553,3.7444,1.96666666667
/home/ccollins/allmols/4/opt/cam/m06hf/12ei6ef13ea-4ee.log,12ei6ef13ea-4ee,---,[],"td M06HF/6-31g(d,p)",-8.03633799493,0.234834242699,113,0.6953,-1412.1371493,4.1454,3.48333333333
/home/ccollins/allmols/4/opt/cam/m06hf/12ff6dh6lf-4hd-.log,12ff6dh6lf-4hd-,---,[],"td M06HF/6-31g(d,p)",-8.71281299765,0.0331978883074,118,13.2361,-1590.2523176,4.4159,3.2
/home/ccollins/allmols/4/opt/cam/m06hf/4fl6hi-6dh-6ia.log,4fl6hi-6dh-6ia,---,[],"td M06HF/6-31g(d,p)",-8.54927258066,0.543139221815,115,6.7894,-1444.5142996,4.5749,4.31666666667
/home/ccollins/allmols/4/opt/cam/m06hf/4ia13di-4ha13dl.log,4ia13di-4ha13dl,---,[],"td M06HF/6-31g(d,p)",-8.29783939381,0.577153451639,107,5.0247,-1313.9810481,4.5956,3.55
/home/ccollins/allmols/4/opt/cam/m06hf/12ee6eh13ih12lf.log,12ee6eh13ih12lf,---,[],"td M06HF/6-31g(d,p)",-7.15849875165,0.488988567937,114,2.2642,-1482.7825427,3.9521,4.48333333333
/home/ccollins/allmols/4/opt/cam/m06hf/6aa12le-4ef12af-.log,6aa12le-4ef12af-,---,[],"td M06HF/6-31g(d,p)",-8.12776824469,0.402184253428,103,2.9208,-1353.9244651,4.2921,2.93333333333
/home/ccollins/allmols/4/opt/cam/m06hf/6fd4fe-6ii13lh.log,6fd4fe-6ii13lh,---,[],"td M06HF/6-31g(d,p)",-7.79361245091,0.442729215378,118,3.3079,-1502.3967734,4.3983,5.88333333333
/home/ccollins/allmols/4/opt/cam/m06hf/6hi6ae-12eh12la-.log,6hi6ae-12eh12la-,---,[],"td M06HF/6-31g(d,p)",-8.12341442328,0.456062793468,107,4.7602,-1369.5600143,4.2861,3.55
/home/ccollins/allmols/4/opt/cam/m06hf/6el13ah-6hd12il-.log,6el13ah-6hd12il-,---,[],"td M06HF/6-31g(d,p)",-7.59823471481,0.420415880614,115,8.2485,-1480.3107717,3.9395,3.3
/home/ccollins/allmols/4/opt/cam/m06hf/13al6ah-4af-13la.log,13al6ah-4af-13la,---,[],"td M06HF/6-31g(d,p)",-7.22489452827,0.968997379201,99,3.0822,-1256.6254611,4.2038,1.86666666667
/home/ccollins/allmols/4/opt/cam/m06hf/12fd4ll-12le6ef.log,12fd4ll-12le6ef,---,[],"td M06HF/6-31g(d,p)",-7.55986666357,0.732530453471,103,1.4351,-1335.6304658,4.2961,2.01666666667
/home/ccollins/allmols/4/opt/cam/m06hf/13ei4dd6ie13ie.log,13ei4dd6ie13ie,---,[],"td M06HF/6-31g(d,p)",-8.38709273286,-0.65388955412,117,2.8288,-1427.8849895,4.2964,5.61666666667
/home/ccollins/allmols/4/opt/cam/m06hf/13hi6aa-6ff-4al-.log,13hi6aa-6ff-4al-,---,[],"td M06HF/6-31g(d,p)",-7.97484026741,0.156465457186,102,3.8751,-1294.7488997,4.0436,3.18333333333
/home/ccollins/allmols/4/opt/cam/m06hf/4fd4ih12ei-13il-.log,4fd4ih12ei-13il-,---,[],"td M06HF/6-31g(d,p)",-7.67497081729,0.632936788549,115,4.0257,-1432.2194356,4.1488,4.06666666667
/home/ccollins/allmols/4/opt/cam/m06hf/6li12ai-13fi12ed-.log,6li12ai-13fi12ed-,---,[],"td M06HF/6-31g(d,p)",-7.52802934445,0.521642228567,108,4.8077,-1390.6928649,3.9788,2.71666666667
/home/ccollins/allmols/4/opt/cam/m06hf/13al6ee-13ha12ee.log,13al6ee-13ha12ee,---,[],"td M06HF/6-31g(d,p)",-7.16149200388,0.223949689155,108,3.6667,-1369.2483913,3.6282,2.2
/home/ccollins/allmols/4/opt/cam/m06hf/13ih4fl6ee4hh-.log,13ih4fl6ee4hh-,---,[],"td M06HF/6-31g(d,p)",-7.82735456689,0.306128068408,110,7.9798,-1403.8904111,4.0869,3.76666666667
/home/ccollins/allmols/4/opt/cam/m06hf/4ee13ih13ad12fh-.log,4ee13ih13ad12fh-,---,[],"td M06HF/6-31g(d,p)",-7.33292372219,0.314835711243,106,8.7316,-1348.5201917,4.1269,3.18333333333
/home/ccollins/allmols/4/opt/cam/m06hf/4fd6hl12il6lh-.log,4fd6hl12il6lh-,---,[],"td M06HF/6-31g(d,p)",-7.70925716095,0.641100203706,124,7.3728,-1615.922681,4.1899,5.41666666667
/home/ccollins/allmols/4/opt/cam/m06hf/12fl6aa-4ef13il-.log,12fl6aa-4ef13il-,---,[],"td M06HF/6-31g(d,p)",-7.78844228798,0.202452695907,109,3.4120,-1411.747428,4.2544,2.63333333333
/home/ccollins/allmols/4/opt/cam/m06hf/6ai4ad6hd-6fh.log,6ai4ad6hd-6fh,---,[],"td M06HF/6-31g(d,p)",-8.2836894742,-0.242453430179,109,10.5759,-1382.9586612,4.0375,4.33333333333
/home/ccollins/allmols/4/opt/cam/m06hf/6fh13dl-6fe12ae.log,6fh13dl-6fe12ae,---,[],"td M06HF/6-31g(d,p)",-8.17729296332,0.130342528682,113,4.6491,-1497.7084472,4.0985,3.5
/home/ccollins/allmols/4/opt/cam/m06hf/12el6if4lf-12fd.log,12el6if4lf-12fd,---,[],"td M06HF/6-31g(d,p)",-6.8273362101,0.807905986759,106,6.3349,-1417.9669945,3.6575,2.3
/home/ccollins/allmols/4/opt/cam/m06hf/12fa12ld12ee4fh-.log,12fa12ld12ee4fh-,---,[],"td M06HF/6-31g(d,p)",-7.93429530546,0.202180582069,110,2.1093,-1483.2180181,4.0190,3.2
/home/ccollins/allmols/4/opt/cam/m06hf/4el12lh6ff-4ld.log,4el12lh6ff-4ld,---,[],"td M06HF/6-31g(d,p)",-7.78408846656,0.287080099707,126,7.2109,-1656.5856577,3.9901,5.41666666667
/home/ccollins/allmols/4/opt/cam/m06hf/13al4ei6eh13al.log,13al4ei6eh13al,---,[],"td M06HF/6-31g(d,p)",-7.75170691977,0.947772499791,111,2.8160,-1372.993329,4.3253,3.95
/home/ccollins/allmols/4/opt/cam/m06hf/4fi13da6ea-4eh.log,4fi13da6ea-4eh,---,[],"td M06HF/6-31g(d,p)",-8.34790834011,0.14231553758,108,6.6095,-1333.5221729,4.3835,4.68333333333
/home/ccollins/allmols/4/opt/cam/m06hf/6ed13ie-13dd-6ie-.log,6ed13ie-13dd-6ie-,---,[],"td M06HF/6-31g(d,p)",-8.72179275432,-0.569806377997,119,11.4970,-1496.8315866,4.2565,4.13333333333
/home/ccollins/allmols/4/opt/cam/m06hf/12hl13ed-4ff-6da-.log,12hl13ed-4ff-6da-,---,[],"td M06HF/6-31g(d,p)",-8.07307336314,0.193200825395,113,1.9121,-1497.7403253,4.2792,3.91666666667
/home/ccollins/allmols/4/opt/cam/m06hf/4ah12ha6ih-12ah.log,4ah12ha6ih-12ah,---,[],"td M06HF/6-31g(d,p)",-7.49211031776,0.695522971423,95,6.3417,-1197.4515087,4.1166,1.91666666667
/home/ccollins/allmols/4/opt/cam/m06hf/4fl13el-12ha-13fa-.log,4fl13el-12ha-13fa-,---,[],"td M06HF/6-31g(d,p)",-6.82107759181,1.05144787229,106,2.4452,-1389.6982173,4.0072,2.1
/home/ccollins/allmols/4/opt/cam/m06hf/4fd6ee-6hl4il.log,4fd6ee-6hl4il,---,[],"td M06HF/6-31g(d,p)",-8.02899092129,-0.114832039883,127,5.6677,-1600.5862488,3.9396,4.08333333333
/home/ccollins/allmols/4/opt/cam/m06hf/4ah12ee4ii-13hd-.log,4ah12ee4ii-13hd-,---,[],"td M06HF/6-31g(d,p)",-8.01973905077,0.600283127918,109,5.2484,-1334.7103471,4.3080,4.53333333333
/home/ccollins/allmols/4/opt/cam/m06hf/12ad13fi13ih-6ei.log,12ad13fi13ih-6ei,---,[],"td M06HF/6-31g(d,p)",-7.49864104988,0.604636949336,104,5.8258,-1311.6909115,4.0394,3.06666666667
/home/ccollins/allmols/4/opt/cam/m06hf/6ha12if-12id-13ei-.log,6ha12if-12id-13ei-,---,[],"td M06HF/6-31g(d,p)",-7.90109741715,0.57878613467,104,6.9028,-1331.5458217,4.2016,3.26666666667
/home/ccollins/allmols/4/opt/cam/m06hf/12eh6fh13hf-13hf-.log,12eh6fh13hf-13hf-,---,[],"td M06HF/6-31g(d,p)",-6.8273362101,0.807905986759,106,6.3349,-1417.9669945,3.6574,2.3
/home/ccollins/allmols/4/opt/cam/m06hf/4he4da13li12el-.log,4he4da13li12el-,---,[],"td M06HF/6-31g(d,p)",-7.85266115388,0.329529858526,117,4.1051,-1469.027975,4.2038,4.2
/home/ccollins/allmols/4/opt/cam/m06hf/12il12li4ii6hd.log,12il12li4ii6hd,---,[],"td M06HF/6-31g(d,p)",-7.31360363965,0.589942802052,109,8.2134,-1372.0962369,4.1003,3.6
/home/ccollins/allmols/4/opt/cam/m06hf/6ef6dl13hl13de-.log,6ef6dl13hl13de-,---,[],"td M06HF/6-31g(d,p)",-7.94436351749,-0.151023180415,123,7.7058,-1609.3597767,3.7856,4.2
/home/ccollins/allmols/4/opt/cam/m06hf/6df13dh6ha4fi.log,6df13dh6ha4fi,---,[],"td M06HF/6-31g(d,p)",-8.022732303,0.0557833369099,110,4.2967,-1420.0545372,4.0598,3.98333333333
/home/ccollins/allmols/4/opt/cam/m06hf/12da12al4lh-4ed.log,12da12al4lh-4ed,---,[],"td M06HF/6-31g(d,p)",-8.10627125144,0.0565996784257,113,6.2325,-1465.6449949,4.2343,3.43333333333
/home/ccollins/allmols/4/opt/cam/m06hf/4li4dd-13hi-12ed-.log,4li4dd-13hi-12ed-,---,[],"td M06HF/6-31g(d,p)",-8.22464077123,-0.521642228567,119,4.8750,-1502.1580649,3.7783,3.43333333333
/home/ccollins/allmols/4/opt/cam/m06hf/12hh4lh13ed13ll-.log,12hh4lh13ed13ll-,---,[],"td M06HF/6-31g(d,p)",-7.58354056752,0.664501993824,120,8.6212,-1556.6863272,4.1829,4.6
/home/ccollins/allmols/4/opt/cam/m06hf/4eh6lf-6al6df.log,4eh6lf-6al6df,---,[],"td M06HF/6-31g(d,p)",-8.34110549414,-0.046531466398,121,4.9752,-1576.3809603,4.4178,4.95
/home/ccollins/allmols/4/opt/cam/m06hf/4aa12dl13il-12id-.log,4aa12dl13il-12id-,---,[],"td M06HF/6-31g(d,p)",-7.91497522292,0.168438466084,108,3.0895,-1390.7284151,4.1991,3.66666666667
/home/ccollins/allmols/4/opt/cam/m06hf/13el13id6eh4df-.log,13el13id6eh4df-,---,[],"td M06HF/6-31g(d,p)",-8.15416328704,0.108301307757,119,6.1442,-1518.1642373,4.3073,33.5166666667
/home/ccollins/allmols/4/opt/cam/m06hf/12hl4ed12hi-13aa-.log,12hl4ed12hi-13aa-,---,[],"td M06HF/6-31g(d,p)",-7.43442218398,-0.00272113838585,104,5.2935,-1331.5174726,3.6264,2.63333333333
/home/ccollins/allmols/4/opt/cam/m06hf/12ad13ei-4da-13hh.log,12ad13ei-4da-13hh,---,[],"td M06HF/6-31g(d,p)",-7.89728782341,0.247895706951,102,11.2759,-1289.4170048,4.1302,3.08333333333
/home/ccollins/allmols/4/opt/cam/m06hf/12da4he-4ah4af.log,12da4he-4ah4af,---,[],"td M06HF/6-31g(d,p)",-8.40831761227,0.535792148174,102,3.6034,-1277.2286539,4.3867,2.03333333333
/home/ccollins/allmols/4/opt/cam/m06hf/12ih6ia-12ia-4he.log,12ih6ia-12ia-4he,---,[],"td M06HF/6-31g(d,p)",-7.64041235979,0.712666143254,101,4.9516,-1241.527788,4.1984,2.25
/home/ccollins/allmols/4/opt/cam/m06hf/13de13dd13ha-4fi.log,13de13dd13ha-4fi,---,[],"td M06HF/6-31g(d,p)",-7.98164311337,0.477015559039,108,13.2228,-1381.6595585,4.1275,3.35
/home/ccollins/allmols/4/opt/cam/m06hf/12he12ie13dl-6ld-.log,12he12ie13dl-6ld-,---,[],"td M06HF/6-31g(d,p)",-7.97456815357,0.134152122422,120,8.5406,-1575.0779237,4.0217,4.18333333333
/home/ccollins/allmols/4/opt/cam/m06hf/4id13fl-13de-13ae.log,4id13fl-13de-13ae,---,[],"td M06HF/6-31g(d,p)",-7.73701277248,-0.124356024233,112,8.9281,-1424.7255461,3.9076,3.88333333333
/home/ccollins/allmols/4/opt/cam/m06hf/6id13el-13ah-4dd.log,6id13el-13ah-4dd,---,[],"td M06HF/6-31g(d,p)",-7.80395277678,-0.389667016854,115,3.4796,-1459.0422006,3.6123,4.2
/home/ccollins/allmols/4/opt/cam/m06hf/13ii6de6lh-13ea-.log,13ii6de6lh-13ea-,---,[],"td M06HF/6-31g(d,p)",-7.89973684796,-0.159186595572,113,4.2747,-1406.0853721,4.0102,3.93333333333
/home/ccollins/allmols/4/opt/cam/m06hf/6dh6af12di6dd-.log,6dh6af12di6dd-,---,[],"td M06HF/6-31g(d,p)",-9.27826555423,-0.98260307113,114,6.8277,-1509.8017965,4.4235,3.11666666667
/home/ccollins/allmols/4/opt/cam/m06hf/12ea12lf4ea-4af.log,12ea12lf4ea-4af,---,[],"td M06HF/6-31g(d,p)",-7.84803521863,0.301502133152,103,2.2338,-1337.9018613,4.1150,2.38333333333
/home/ccollins/allmols/4/opt/cam/m06hf/13ea13lh-4al4dl.log,13ea13lh-4al4dl,---,[],"td M06HF/6-31g(d,p)",-7.74299927693,0.980426160421,116,6.1175,-1445.6557886,4.4187,4.48333333333
/home/ccollins/allmols/4/opt/cam/m06hf/12fh4ef13if6da-.log,12fh4ef13if6da-,---,[],"td M06HF/6-31g(d,p)",-7.6757871588,0.184765296399,107,2.8231,-1405.5323486,3.9258,3.06666666667
/home/ccollins/allmols/4/opt/cam/m06hf/6aa4dd13aa12hf.log,6aa4dd13aa12hf,---,[],"td M06HF/6-31g(d,p)",-7.62082016341,-0.516744179473,95,1.5459,-1231.9285093,3.6103,2.46666666667
/home/ccollins/allmols/4/opt/cam/m06hf/13hf6fh6ef12fa-.log,13hf6fh6ef12fa-,---,[],"td M06HF/6-31g(d,p)",-7.93674433001,0.645181911285,105,4.3048,-1420.5634726,4.2567,3.25
/home/ccollins/allmols/4/opt/cam/m06hf/13fi13ad4dd12ii-.log,13fi13ad4dd12ii-,---,[],"td M06HF/6-31g(d,p)",-8.34654777092,-0.697699882132,106,4.5274,-1348.6257792,4.1190,2.78333333333
/home/ccollins/allmols/4/opt/cam/m06hf/6hl12aa4le4ai-.log,6hl12aa4le4ai-,---,[],"td M06HF/6-31g(d,p)",-7.53347162122,0.719468989219,108,2.5552,-1338.78472,4.1283,3.03333333333
/home/ccollins/allmols/4/opt/cam/m06hf/4ei6if6ee-4fe-.log,4ei6if6ee-4fe-,---,[],"td M06HF/6-31g(d,p)",-8.87363227625,0.192656597718,121,2.2389,-1490.810401,4.1880,5.43333333333
/home/ccollins/allmols/4/opt/cam/m06hf/6el12ih-4aa-12hi-.log,6el12ih-4aa-12hi-,---,[],"td M06HF/6-31g(d,p)",-7.19768314441,0.926547620382,105,5.8283,-1316.6961972,4.1218,3.45
/home/ccollins/allmols/4/opt/cam/m06hf/6eh12hh-13eh-6el.log,6eh12hh-13eh-6el,---,[],"td M06HF/6-31g(d,p)",-7.3076171352,0.69225760536,117,6.0037,-1497.2408234,3.9048,3.91666666667
/home/ccollins/allmols/4/opt/cam/m06hf/4el13af-4ae6dd-.log,4el13af-4ae6dd-,---,[],"td M06HF/6-31g(d,p)",-7.9296693702,-0.571983288705,114,4.1192,-1445.5697773,4.1609,4.01666666667
/home/ccollins/allmols/4/opt/cam/m06hf/4da4ih-12di-13ad-.log,4da4ih-12di-13ad-,---,[],"td M06HF/6-31g(d,p)",-8.47906721031,-0.0361911405318,105,5.9094,-1311.5549293,4.1768,3.63333333333
/home/ccollins/allmols/4/opt/cam/m06hf/6if13aa-12ia-13il-.log,6if13aa-12ia-13il-,---,[],"td M06HF/6-31g(d,p)",-7.21564265776,0.910765017744,96,2.2400,-1202.4981138,4.1091,2.15
/home/ccollins/allmols/4/opt/cam/m06hf/13ea13af4ef-4ff-.log,13ea13af4ef-4ff-,---,[],"td M06HF/6-31g(d,p)",-7.69673992437,0.705046955774,103,3.5022,-1334.1280795,4.2717,2.56666666667
/home/ccollins/allmols/4/opt/cam/m06hf/13he4la4fh12fh.log,13he4la4fh12fh,---,[],"td M06HF/6-31g(d,p)",-7.43088470408,0.63075987784,111,3.5188,-1408.8851775,4.2869,3.25
/home/ccollins/allmols/4/opt/cam/m06hf/6dl6aa-13ai6ii.log,6dl6aa-13ai6ii,---,[],"td M06HF/6-31g(d,p)",-7.90409066938,0.185853751753,104,9.5749,-1275.8799187,4.2232,3.4
/home/ccollins/allmols/4/opt/cam/m06hf/13il13dd-13ad-13le-.log,13il13dd-13ad-13le-,---,[],"td M06HF/6-31g(d,p)",-8.10599913761,0.600555241757,113,11.8405,-1458.0429922,4.3825,4.66666666667
/home/ccollins/allmols/4/opt/cam/m06hf/6dd6di-13af12fh-.log,6dd6di-13af12fh-,---,[],"td M06HF/6-31g(d,p)",-7.56095511892,-0.848450948708,109,2.7317,-1454.6721,3.7229,3.36666666667
/home/ccollins/allmols/4/opt/cam/m06hf/12ai4af-6dh-6ah-.log,12ai4af-6dh-6ah-,---,[],"td M06HF/6-31g(d,p)",-8.47933932414,0.466947347012,100,8.9189,-1272.4554039,4.5829,2.53333333333
/home/ccollins/allmols/4/opt/cam/m06hf/12hh4ef-13fa-13il-.log,12hh4ef-13fa-13il-,---,[],"td M06HF/6-31g(d,p)",-7.06761272957,1.00872599963,106,4.0535,-1369.8398189,4.1280,2.13333333333
/home/ccollins/allmols/4/opt/cam/m06hf/4ii4il12ha12eh.log,4ii4il12ha12eh,---,[],"td M06HF/6-31g(d,p)",-7.52802934445,0.870220055795,109,4.1217,-1339.9655068,4.1286,3.33333333333
/home/ccollins/allmols/4/opt/cam/m06hf/13ee4ad-4ea-12he-.log,13ee4ad-4ea-12he-,---,[],"td M06HF/6-31g(d,p)",-8.22790613729,0.142859765257,109,3.5568,-1353.0270646,4.3263,3.38333333333
/home/ccollins/allmols/4/opt/cam/m06hf/13lh6ee12ll12fe-.log,13lh6ee12ll12fe-,---,[],"td M06HF/6-31g(d,p)",-7.26244623799,0.594840851147,113,3.2669,-1443.4863818,4.0140,3.53333333333
/home/ccollins/allmols/4/opt/cam/m06hf/4ih12ef-6ee12if.log,4ih12ef-6ee12if,---,[],"td M06HF/6-31g(d,p)",-7.83742277892,-0.0751034194494,113,1.9249,-1449.5185436,3.9642,3.63333333333
/home/ccollins/allmols/4/opt/cam/m06hf/13dd6eh13el6ii-.log,13dd6eh13el6ii-,---,[],"td M06HF/6-31g(d,p)",-8.14219027814,-0.219051640061,119,6.3450,-1498.311483,3.9356,5.38333333333
/home/ccollins/allmols/4/opt/cam/m06hf/13aa6af13hi-12ea-.log,13aa6af13hi-12ea-,---,[],"td M06HF/6-31g(d,p)",-7.53156682435,0.839471192034,90,2.8517,-1140.8869272,4.1746,1.61666666667
/home/ccollins/allmols/4/opt/cam/m06hf/6la12fh12fi-4de-.log,6la12fh12fi-4de-,---,[],"td M06HF/6-31g(d,p)",-7.66626317445,-0.170071149116,111,3.4117,-1464.6793899,3.9631,2.8
/home/ccollins/allmols/4/opt/cam/m06hf/13la4ed-6ea-4df.log,13la4ed-6ea-4df,---,[],"td M06HF/6-31g(d,p)",-7.47496714593,0.429123523448,118,4.8683,-1466.4367828,4.2278,4.61666666667
/home/ccollins/allmols/4/opt/cam/m06hf/12ae13ld-6ae-12dh.log,12ae13ld-6ae-12dh,---,[],"td M06HF/6-31g(d,p)",-8.32722768838,-0.292794490317,108,6.8696,-1421.2590663,4.1910,3.5
/home/ccollins/allmols/4/opt/cam/m06hf/13he6ff-13dl6ia-.log,13he6ff-13dl6ia-,---,[],"td M06HF/6-31g(d,p)",-8.09157710416,0.00435382141736,111,4.2782,-1441.0392645,3.9802,3.91666666667
/home/ccollins/allmols/4/opt/cam/m06hf/13da12ai4ah-4ll-.log,13da12ai4ah-4ll-,---,[],"td M06HF/6-31g(d,p)",-7.70191008731,-0.160819278604,114,4.4542,-1462.9855487,3.7405,4.48333333333
/home/ccollins/allmols/4/opt/cam/m06hf/13lh4hh-12hi4df-.log,13lh4hh-12hi4df-,---,[],"td M06HF/6-31g(d,p)",-7.57020698943,0.740693868628,114,5.1244,-1440.9031382,4.0315,2.81666666667
/home/ccollins/allmols/4/opt/cam/m06hf/12ih13la-12fa-13ha.log,12ih13la-12fa-13ha,---,[],"td M06HF/6-31g(d,p)",-6.48284009045,1.54152489558,93,2.1955,-1216.2852542,3.9702,1.11666666667
/home/ccollins/allmols/4/opt/cam/m06hf/13ih12ih12eh-13lh.log,13ih12ih12eh-13lh,---,[],"td M06HF/6-31g(d,p)",-6.66570058998,1.16192609076,107,2.5136,-1367.208428,3.7272,2.28333333333
/home/ccollins/allmols/4/opt/cam/m06hf/12le13ia12eh-4il-.log,12le13ia12eh-4il-,---,[],"td M06HF/6-31g(d,p)",-7.32856990077,0.874573877212,112,3.0023,-1413.8887511,4.0257,2.65
/home/ccollins/allmols/4/opt/cam/m06hf/6di13fh-12eh6aa-.log,6di13fh-12eh6aa-,---,[],"td M06HF/6-31g(d,p)",-7.7533396028,0.276467660002,103,7.3224,-1326.5251003,3.9175,3.53333333333
/home/ccollins/allmols/4/opt/cam/m06hf/12il13dd-4dd-12fi-.log,12il13dd-4dd-12fi-,---,[],"td M06HF/6-31g(d,p)",-8.6080491698,-0.664229879986,116,9.3452,-1535.8692775,4.1078,3.05
/home/ccollins/allmols/4/opt/cam/m06hf/6fh13ah6de-13dh.log,6fh13ah6de-13dh,---,[],"td M06HF/6-31g(d,p)",-7.72776090197,-0.29796465325,109,6.0363,-1414.9445819,3.6302,3.28333333333
/home/ccollins/allmols/4/opt/cam/m06hf/12lf6eh-12hi-13id-.log,12lf6eh-12hi-13id-,---,[],"td M06HF/6-31g(d,p)",-7.84232082802,0.425858157385,112,7.2702,-1462.0464463,4.0836,3.45
/home/ccollins/allmols/4/opt/cam/m06hf/4ai13eh-4il-12ff.log,4ai13eh-4il-12ff,---,[],"td M06HF/6-31g(d,p)",-7.59388089339,1.19566820674,109,3.9875,-1375.86906,4.3451,2.58333333333
/home/ccollins/allmols/4/opt/cam/m06hf/12fl13ea4af-13le-.log,12fl13ea4af-13le-,---,[],"td M06HF/6-31g(d,p)",-7.49700836685,0.922738026641,108,5.2903,-1410.4805392,4.3310,3.28333333333
/home/ccollins/allmols/4/opt/cam/m06hf/12id13ei6de4df.log,12id13ei6de4df,---,[],"td M06HF/6-31g(d,p)",-8.4423318421,-0.656338578667,117,4.9756,-1499.6982055,4.0359,3.51666666667
/home/ccollins/allmols/4/opt/cam/m06hf/4ii4de6dh-13ea-.log,4ii4de6dh-13ea-,---,[],"td M06HF/6-31g(d,p)",-8.45865867241,-0.0756476471266,114,5.1287,-1389.8490576,4.2576,3.91666666667
/home/ccollins/allmols/4/opt/cam/m06hf/6dl12ae13ea-6hh-.log,6dl12ae13ea-6hh-,---,[],"td M06HF/6-31g(d,p)",-7.58326845368,0.272658066262,109,5.1190,-1402.655757,3.9779,4.08333333333
/home/ccollins/allmols/4/opt/cam/m06hf/4hf4ei4ha-6ie.log,4hf4ei4ha-6ie,---,[],"td M06HF/6-31g(d,p)",-8.19144288292,0.974439655973,113,5.8256,-1357.9980408,4.3590,4.68333333333
/home/ccollins/allmols/4/opt/cam/m06hf/12af6ea13da4ff.log,12af6ea13da4ff,---,[],"td M06HF/6-31g(d,p)",-8.13756434288,0.0304767499215,99,4.8410,-1310.8998927,4.1241,2.0
/home/ccollins/allmols/4/opt/cam/m06hf/13df13aa12dd-13li.log,13df13aa12dd-13li,---,[],"td M06HF/6-31g(d,p)",-8.27035589611,0.0370074820475,103,9.7882,-1362.4397911,4.0642,3.06666666667
/home/ccollins/allmols/4/opt/cam/m06hf/4hh6ee-4he6ld.log,4hh6ee-4he6ld,---,[],"td M06HF/6-31g(d,p)",-7.93266262243,0.214969932482,125,6.7152,-1558.4130436,4.1811,11.1666666667
/home/ccollins/allmols/4/opt/cam/m06hf/4la13af-4ed13fi.log,4la13af-4ed13fi,---,[],"td M06HF/6-31g(d,p)",-7.58925495813,-0.0519737431697,107,3.3965,-1353.6212299,3.6914,2.51666666667
/home/ccollins/allmols/4/opt/cam/m06hf/6aa6fh-13ah12fe-.log,6aa6fh-13ah12fe-,---,[],"td M06HF/6-31g(d,p)",-6.95876719413,0.274834976971,97,4.4193,-1270.2087528,3.5989,2.5
/home/ccollins/allmols/4/opt/cam/m06hf/13ll12fd13li-12di-.log,13ll12fd13li-12di-,---,[],"td M06HF/6-31g(d,p)",-7.66898431284,0.114559926044,117,7.6085,-1558.326509,3.8141,3.36666666667
/home/ccollins/allmols/4/opt/cam/m06hf/13dh6ie-13al-4fd.log,13dh6ie-13al-4fd,---,[],"td M06HF/6-31g(d,p)",-7.77402025453,0.244902454726,113,6.3299,-1442.0280213,3.9900,3.73333333333
/home/ccollins/allmols/4/opt/cam/m06hf/13he12eh6ll-4ei-.log,13he12eh6ll-4ei-,---,[],"td M06HF/6-31g(d,p)",-7.39632624658,0.581235159217,121,2.4885,-1524.3195426,3.9243,4.06666666667
/home/ccollins/allmols/4/opt/cam/m06hf/12ae4ad-12eh12fi.log,12ae4ad-12eh12fi,---,[],"td M06HF/6-31g(d,p)",-7.47415080441,-0.126805048781,102,3.2694,-1332.8637603,3.6915,1.68333333333
/home/ccollins/allmols/4/opt/cam/m06hf/6lf4ia12el4ii.log,6lf4ia12el4ii,---,[],"td M06HF/6-31g(d,p)",-8.19688515969,0.437014824767,116,2.0214,-1437.2534085,4.3177,3.9
/home/ccollins/allmols/4/opt/cam/m06hf/12ia13fl6le12ih.log,12ia13fl6le12ih,---,[],"td M06HF/6-31g(d,p)",-7.40149640951,0.697699882132,110,1.9843,-1428.9833832,4.1435,2.46666666667
/home/ccollins/allmols/4/opt/cam/m06hf/12di13fa13lh13eh-.log,12di13fa13lh13eh-,---,[],"td M06HF/6-31g(d,p)",-7.20176485199,1.16546357066,105,3.9649,-1364.798458,4.2159,1.98333333333
/home/ccollins/allmols/4/opt/cam/m06hf/12fi12ii-12ae-12ai-.log,12fi12ii-12ae-12ai-,---,[],"td M06HF/6-31g(d,p)",-7.57837040459,0.937160060086,95,2.9739,-1224.8503406,4.2716,2.03333333333
/home/ccollins/allmols/4/opt/cam/m06hf/13he12hl-4af-12da.log,13he12hl-4af-12da,---,[],"td M06HF/6-31g(d,p)",-7.46326625087,0.226398713703,104,4.4785,-1367.4127649,3.9102,2.58333333333
/home/ccollins/allmols/4/opt/cam/m06hf/12hh12aa4li6he.log,12hh12aa4li6he,---,[],"td M06HF/6-31g(d,p)",-7.45265381116,0.952126321209,105,3.3751,-1332.7476976,4.2842,2.95
/home/ccollins/allmols/4/opt/cam/m06hf/4hi12ah-4hi-6di.log,4hi12ah-4hi-6di,---,[],"td M06HF/6-31g(d,p)",-7.67170545122,0.597289875694,108,5.5452,-1315.1764949,4.3478,3.41666666667
/home/ccollins/allmols/4/opt/cam/m06hf/4df13le-4he6ia-.log,4df13le-4he6ia-,---,[],"td M06HF/6-31g(d,p)",-8.1144346666,0.705591183451,116,3.8672,-1448.0135845,4.3660,4.06666666667
/home/ccollins/allmols/4/opt/cam/m06hf/4fl12ia-6ld-4eh-.log,4fl12ia-6ld-4eh-,---,[],"td M06HF/6-31g(d,p)",-8.20042263959,0.537152717367,118,3.3305,-1506.1988158,4.3731,8.15
/home/ccollins/allmols/4/opt/cam/m06hf/4he13li-13ii-12li-.log,4he13li-13ii-12li-,---,[],"td M06HF/6-31g(d,p)",-7.23387428494,1.23648528253,114,2.7640,-1396.5279169,4.4168,3.16666666667
/home/ccollins/allmols/4/opt/cam/m06hf/12de6hh4dl-4ed.log,12de6hh4dl-4ed,---,[],"td M06HF/6-31g(d,p)",-8.25049158589,-0.195649849943,124,7.0194,-1593.1292606,3.8256,4.46666666667
/home/ccollins/allmols/4/opt/cam/m06hf/12ll4df-13dl6el.log,12ll4df-13dl6el,---,[],"td M06HF/6-31g(d,p)",-8.23225995871,-0.017687399508,129,6.0493,-1710.6745939,4.1788,4.3
/home/ccollins/allmols/4/opt/cam/m06hf/4le13fl-13dd13fd-.log,4le13fl-13dd13fd-,---,[],"td M06HF/6-31g(d,p)",-8.2349810971,0.345040347326,120,11.9749,-1591.178712,4.3238,3.95
/home/ccollins/allmols/4/opt/cam/m06hf/13il4de12ea13lf.log,13il4de12ea13lf,---,[],"td M06HF/6-31g(d,p)",-7.66218146687,-0.161635620119,114,5.7167,-1466.8039284,3.7665,3.68333333333
/home/ccollins/allmols/4/opt/cam/m06hf/13li13dh-12lh13di.log,13li13dh-12lh13di,---,[],"td M06HF/6-31g(d,p)",-7.88694749755,1.01280770721,123,4.2339,-1603.8906783,4.6282,3.2
/home/ccollins/allmols/4/opt/cam/m06hf/12ie6fd6eh-6ah-.log,12ie6fd6eh-6ah-,---,[],"td M06HF/6-31g(d,p)",-8.43770590684,-0.199731557521,112,7.9043,-1440.761196,4.2636,4.81666666667
/home/ccollins/allmols/4/opt/cam/m06hf/6fd12di13hi12ie.log,6fd12di13hi12ie,---,[],"td M06HF/6-31g(d,p)",-7.77157122999,-0.0285719530514,110,6.3977,-1423.7621568,4.1109,3.61666666667
/home/ccollins/allmols/4/opt/cam/m06hf/13ll6de4lf-6li-.log,13ll6de4lf-6li-,---,[],"td M06HF/6-31g(d,p)",-8.26600207469,-0.0182316271852,130,3.8766,-1676.0140007,4.2205,3.35
/home/ccollins/allmols/4/opt/cam/m06hf/4if12fh13fa12fl.log,4if12fh13fa12fl,---,[],"td M06HF/6-31g(d,p)",-6.82842466545,1.31512618188,104,5.8673,-1408.5899584,4.0427,1.41666666667
/home/ccollins/allmols/4/opt/cam/m06hf/13di13ae12il6hi-.log,13di13ae12il6hi-,---,[],"td M06HF/6-31g(d,p)",-7.7617751318,0.709672891029,108,7.6947,-1351.0080199,4.2031,3.78333333333
/home/ccollins/allmols/4/opt/cam/m06hf/13de4al-12il-12il.log,13de4al-12il-12il,---,[],"td M06HF/6-31g(d,p)",-8.0657262895,0.437559052445,116,7.6444,-1489.1170498,4.3265,3.48333333333
/home/ccollins/allmols/4/opt/cam/m06hf/6hi13hl-12al6ii.log,6hi13hl-12al6ii,---,[],"td M06HF/6-31g(d,p)",-7.17917940339,0.970902176071,111,3.5902,-1390.5595714,4.0183,3.63333333333
/home/ccollins/allmols/4/opt/cam/m06hf/6fl13di12lh13ld-.log,6fl13di12lh13ld-,---,[],"td M06HF/6-31g(d,p)",-7.51959381546,0.269936927876,120,7.2037,-1592.6509945,4.0240,3.08333333333
/home/ccollins/allmols/4/opt/cam/m06hf/12lf12id4ea-6id.log,12lf12id4ea-6id,---,[],"td M06HF/6-31g(d,p)",-8.76995690375,-0.1191858613,113,7.5819,-1465.651716,4.2780,4.56666666667
/home/ccollins/allmols/4/opt/cam/m06hf/13ef4hf4af-4ll.log,13ef4hf4af-4ll,---,[],"td M06HF/6-31g(d,p)",-8.04422929625,0.125716593426,117,5.7584,-1485.1558962,4.1360,4.48333333333
/home/ccollins/allmols/4/opt/cam/m06hf/13li4fl-6if-12ll-.log,13li4fl-6if-12ll-,---,[],"td M06HF/6-31g(d,p)",-7.61592211431,0.242181316341,122,2.6324,-1617.0902222,4.0140,3.71666666667
/home/ccollins/allmols/4/opt/cam/m06hf/12ia12hf4hd4lf.log,12ia12hf4hd4lf,---,[],"td M06HF/6-31g(d,p)",-6.97427768293,1.68003083942,119,1.9450,-1489.0056698,4.5344,2.45
/home/ccollins/allmols/4/opt/cam/m06hf/13ed6ll-6ed12fe-.log,13ed6ll-6ed12fe-,---,[],"td M06HF/6-31g(d,p)",-8.54872835298,-0.397014090495,125,5.9060,-1650.0138574,4.1298,5.51666666667
/home/ccollins/allmols/4/opt/cam/m06hf/13dh12ha6hi6ei.log,13dh12ha6hi6ei,---,[],"td M06HF/6-31g(d,p)",-7.61782691118,0.715659395478,107,5.5102,-1345.9824703,4.1473,2.85
/home/ccollins/allmols/4/opt/cam/m06hf/13hd6el-4df12ee.log,13hd6el-4df12ee,---,[],"td M06HF/6-31g(d,p)",-8.42219541804,-0.185581637915,121,5.2504,-1574.8264909,4.2567,3.88333333333
/home/ccollins/allmols/4/opt/cam/m06hf/13lf6lf6ea-13ah-.log,13lf6lf6ea-13ah-,---,[],"td M06HF/6-31g(d,p)",-7.63252105847,0.472933851461,109,2.3681,-1423.9880851,4.1878,3.48333333333
/home/ccollins/allmols/4/opt/cam/m06hf/13dl13fl-12ia-12hh.log,13dl13fl-12ia-12hh,---,[],"td M06HF/6-31g(d,p)",-7.37428502565,1.25471690972,107,9.0936,-1422.9877288,4.3205,2.6
/home/ccollins/allmols/4/opt/cam/m06hf/6ad12fl-13ai-6hl.log,6ad12fl-13ai-6hl,---,[],"td M06HF/6-31g(d,p)",-7.45156535581,-0.00408170757877,109,1.6847,-1424.0233812,3.7209,3.65
/home/ccollins/allmols/4/opt/cam/m06hf/13da13da6he13dd.log,13da13da6he13dd,---,[],"td M06HF/6-31g(d,p)",-8.85567276291,-0.516472065634,106,7.4315,-1375.4394293,4.2634,2.71666666667
/home/ccollins/allmols/4/opt/cam/m06hf/13ld6hi-4eh13ll-.log,13ld6hi-4eh13ll-,---,[],"td M06HF/6-31g(d,p)",-7.98790173166,0.648447277348,123,7.4000,-1558.9245462,4.3964,5.48333333333
/home/ccollins/allmols/4/opt/cam/m06hf/12ee4ih4ef-6fl-.log,12ee4ih4ef-6fl-,---,[],"td M06HF/6-31g(d,p)",-8.52614290438,0.4421849877,120,5.5232,-1526.952633,4.3278,6.36666666667
/home/ccollins/allmols/4/opt/cam/m06hf/13ee12ld-12ea6ld-.log,13ee12ld-12ea6ld-,---,[],"td M06HF/6-31g(d,p)",-8.22491288507,-0.235106356537,118,1.8876,-1556.5557809,3.9905,4.45
/home/ccollins/allmols/4/opt/cam/m06hf/4eh4fi-13he13ii.log,4eh4fi-13he13ii,---,[],"td M06HF/6-31g(d,p)",-7.47360657673,1.12219747032,111,3.7636,-1337.1446487,4.3515,4.33333333333
/home/ccollins/allmols/4/opt/cam/m06hf/4ld13fd-12fl13eh.log,4ld13fd-12fl13eh,---,[],"td M06HF/6-31g(d,p)",-7.46381047855,0.211704566419,118,6.4925,-1574.140688,3.7208,3.78333333333
/home/ccollins/allmols/4/opt/cam/m06hf/6ld12fd13dh-6df.log,6ld12fd13dh-6df,---,[],"td M06HF/6-31g(d,p)",-8.63281152911,-0.625861828745,119,10.0467,-1622.098867,3.8648,4.3
/home/ccollins/allmols/4/opt/cam/m06hf/13df4ie-4fh13af-.log,13df4ie-4fh13af-,---,[],"td M06HF/6-31g(d,p)",-7.98300368257,0.515927837957,107,10.0743,-1369.6619853,4.3620,3.5
/home/ccollins/allmols/4/opt/cam/m06hf/4fi6aa-12df6li.log,4fi6aa-12df6li,---,[],"td M06HF/6-31g(d,p)",-8.55879656501,0.0718380533864,108,3.8260,-1390.7674554,4.3793,2.73333333333
/home/ccollins/allmols/4/opt/cam/m06hf/13el4ha-6ff-6ii.log,13el4ha-6ff-6ii,---,[],"td M06HF/6-31g(d,p)",-8.23579743861,0.643005000576,112,3.6197,-1410.1880846,4.3925,4.03333333333
/home/ccollins/allmols/4/opt/cam/m06hf/12di6ia-12df-6hf.log,12di6ia-12df-6hf,---,[],"td M06HF/6-31g(d,p)",-8.35253427536,-0.415245717681,107,5.0395,-1421.6193815,4.0091,3.06666666667
/home/ccollins/allmols/4/opt/cam/m06hf/6hh13fl-12aa6ai.log,6hh13fl-12aa6ai,---,[],"td M06HF/6-31g(d,p)",-7.13727387224,0.775524439967,99,4.4259,-1272.6693618,3.8592,3.15
/home/ccollins/allmols/4/opt/cam/m06hf/4ie6fd-6hd-13fh-.log,4ie6fd-6hd-13fh-,---,[],"td M06HF/6-31g(d,p)",-7.96368360003,-0.0908860220874,116,9.8316,-1496.1864014,3.8547,4.6
/home/ccollins/allmols/4/opt/cam/m06hf/6df12de13hf6af-.log,6df12de13hf6af-,---,[],"td M06HF/6-31g(d,p)",-7.91633579211,-0.250616845337,109,2.7897,-1474.4769207,3.8087,2.4
/home/ccollins/allmols/4/opt/cam/m06hf/6if4ai-6aa-4eh-.log,6if4ai-6aa-4eh-,---,[],"td M06HF/6-31g(d,p)",-8.32586711918,0.55756125526,103,0.9859,-1242.5648354,4.3881,3.31666666667
/home/ccollins/allmols/4/opt/cam/m06hf/4hh6hl12fa6ia.log,4hh6hl12fa6ia,---,[],"td M06HF/6-31g(d,p)",-7.61619422815,0.837294281326,106,5.8927,-1350.0577589,4.1436,3.21666666667
/home/ccollins/allmols/4/opt/cam/m06hf/13fd13il-6ld4ef-.log,13fd13il-6ld4ef-,---,[],"td M06HF/6-31g(d,p)",-7.21673111311,0.641644431383,113,4.0098,-1467.0937302,3.8137,3.18333333333
/home/ccollins/allmols/4/opt/cam/m06hf/12de12hh-13aa13id.log,12de12hh-13aa13id,---,[],"td M06HF/6-31g(d,p)",-7.72776090197,0.45198108589,99,7.3743,-1287.1960196,3.9384,2.78333333333
/home/ccollins/allmols/4/opt/cam/m06hf/4hl6id12fi-6da-.log,4hl6id12fi-6da-,---,[],"td M06HF/6-31g(d,p)",-8.39960996944,0.00108845535434,114,3.3429,-1463.1216751,4.2221,3.65
/home/ccollins/allmols/4/opt/cam/m06hf/4le6le-13di-13al-.log,4le6le-13di-13al-,---,[],"td M06HF/6-31g(d,p)",-7.86681107349,0.363816202188,121,5.7897,-1524.3877654,4.2779,4.68333333333
/home/ccollins/allmols/4/opt/cam/m06hf/6eh6dh-4ia-6ae.log,6eh6dh-4ia-6ae,---,[],"td M06HF/6-31g(d,p)",-8.84288341249,0.449259947504,111,9.5677,-1367.7826427,4.3682,6.15
/home/ccollins/allmols/4/opt/cam/m06hf/4hh12il-13ai13hl.log,4hh12il-13ai13hl,---,[],"td M06HF/6-31g(d,p)",-7.11251151293,1.35866439605,108,2.8029,-1352.4463636,4.2548,2.61666666667
/home/ccollins/allmols/4/opt/cam/m06hf/13fi13hf6ae-4el-.log,13fi13hf6ae-4el-,---,[],"td M06HF/6-31g(d,p)",-8.11906060186,0.145853017482,121,5.6326,-1576.3798264,4.3047,3.66666666667
/home/ccollins/allmols/4/opt/cam/m06hf/6dh4ii-6ll6ad.log,6dh4ii-6ll6ad,---,[],"td M06HF/6-31g(d,p)",-9.01213822009,0.109389763111,121,8.0477,-1520.6939819,4.6014,6.61666666667
/home/ccollins/allmols/4/opt/cam/m06hf/6ll13al-12if13de.log,6ll13al-12if13de,---,[],"td M06HF/6-31g(d,p)",-7.32530453471,0.525723936146,116,9.7371,-1521.2301593,3.8155,3.25
/home/ccollins/allmols/4/opt/cam/m06hf/13fi13he13ie-12el-.log,13fi13he13ie-12el-,---,[],"td M06HF/6-31g(d,p)",-7.34353616189,0.899336236523,111,1.3722,-1408.8144612,4.2312,2.9
/home/ccollins/allmols/4/opt/cam/m06hf/6ld13ia6ad-13he.log,6ld13ia6ad-13he,---,[],"td M06HF/6-31g(d,p)",-7.92177806888,-0.0375517097247,109,5.7221,-1382.8806254,3.8043,3.68333333333
/home/ccollins/allmols/4/opt/cam/m06hf/13ii4hh13il12ii-.log,13ii4hh13il12ii-,---,[],"td M06HF/6-31g(d,p)",-7.20475810421,1.42152269277,108,3.9972,-1300.5540291,4.3332,2.91666666667
/home/ccollins/allmols/4/opt/cam/m06hf/4ie12ef-6ih4la.log,4ie12ef-6ih4la,---,[],"td M06HF/6-31g(d,p)",-7.95252693264,0.544499791008,114,2.1399,-1414.9178986,4.2967,3.91666666667
/home/ccollins/allmols/4/opt/cam/m06hf/12af12id-13fe4fd-.log,12af12id-13fe4fd-,---,[],"td M06HF/6-31g(d,p)",-8.02382075835,0.305039613054,106,5.3749,-1424.1641434,4.2007,3.08333333333
/home/ccollins/allmols/4/opt/cam/m06hf/13fd13hf-6fe-6hd-.log,13fd13hf-6fe-6hd-,---,[],"td M06HF/6-31g(d,p)",-8.22001483597,-0.307216523762,113,4.6084,-1510.0066746,3.9407,3.23333333333
/home/ccollins/allmols/4/opt/cam/m06hf/4hh12fh13dd-6if.log,4hh12fh13dd-6if,---,[],"td M06HF/6-31g(d,p)",-7.88204944845,0.236194811892,111,7.7996,-1457.1148219,3.9970,3.3
/home/ccollins/allmols/4/opt/cam/m06hf/4ea4ed-13ai-13de.log,4ea4ed-13ai-13de,---,[],"td M06HF/6-31g(d,p)",-8.23144361719,-0.434293686382,109,6.7906,-1333.248852,4.0326,3.96666666667
/home/ccollins/allmols/4/opt/cam/m06hf/6hf4dl-12li4fi.log,6hf4dl-12li4fi,---,[],"td M06HF/6-31g(d,p)",-7.98626904863,0.37497286957,120,6.4056,-1544.5635447,4.3209,4.23333333333
/home/ccollins/allmols/4/opt/cam/m06hf/4la6ie-6ld-12af-.log,4la6ie-6ld-12af-,---,[],"td M06HF/6-31g(d,p)",-8.62872982153,0.165717327698,114,5.7786,-1466.8870755,4.3337,3.95
/home/ccollins/allmols/4/opt/cam/m06hf/4ld13if13al-13al-.log,4ld13if13al-13al-,---,[],"td M06HF/6-31g(d,p)",-6.84012556051,0.46912425772,110,6.4719,-1409.1933973,3.8953,3.1
/home/ccollins/allmols/4/opt/cam/m06hf/12ad12il4aa-4ia-.log,12ad12il4aa-4ia-,---,[],"td M06HF/6-31g(d,p)",-8.17783719099,0.429667751126,97,1.8873,-1206.0841784,4.3204,2.0
/home/ccollins/allmols/4/opt/cam/m06hf/6ee4ih13fa-4ld-.log,6ee4ih13fa-4ld-,---,[],"td M06HF/6-31g(d,p)",-7.64313349817,0.326536606302,116,4.0585,-1447.9962168,4.2622,6.16666666667
/home/ccollins/allmols/4/opt/cam/m06hf/6ei4fe-12hh-6hl-.log,6ei4fe-12hh-6hl-,---,[],"td M06HF/6-31g(d,p)",-7.4959199115,0.59620142034,118,5.8946,-1502.3274602,3.9652,3.78333333333
/home/ccollins/allmols/4/opt/cam/m06hf/4ii4fl12da-6ei-.log,4ii4fl12da-6ei-,---,[],"td M06HF/6-31g(d,p)",-8.6461451072,0.272658066262,114,3.9321,-1414.9698305,4.2464,4.9
/home/ccollins/allmols/4/opt/cam/m06hf/6la12ha13ff13ef-.log,6la12ha13ff13ef-,---,[],"td M06HF/6-31g(d,p)",-7.18870338774,0.80763387292,102,2.5652,-1366.4364876,3.8987,2.3
/home/ccollins/allmols/4/opt/cam/m06hf/6fa4ef6fl-4fe-.log,6fa4ef6fl-4fe-,---,[],"td M06HF/6-31g(d,p)",-8.32559500534,0.230480421281,117,9.0229,-1524.8273136,4.3690,3.55
/home/ccollins/allmols/4/opt/cam/m06hf/4il12di6he-6hd.log,4il12di6he-6hd,---,[],"td M06HF/6-31g(d,p)",-8.3541669584,0.0383680512405,120,8.7571,-1519.4476411,4.1288,3.31666666667
/home/ccollins/allmols/4/opt/cam/m06hf/13hl6ff-6ld4ie.log,13hl6ff-6ld4ie,---,[],"td M06HF/6-31g(d,p)",-8.28940386481,0.335244249137,122,6.0929,-1577.5799684,4.4076,5.18333333333
/home/ccollins/allmols/4/opt/cam/m06hf/13de13if-4de-4ef.log,13de13if-4de-4ef,---,[],"td M06HF/6-31g(d,p)",-8.39471192034,-0.366809454412,117,7.8622,-1483.6287654,4.1605,4.66666666667
/home/ccollins/allmols/4/opt/cam/m06hf/4ha12hl6hl12df.log,4ha12hl6hl12df,---,[],"td M06HF/6-31g(d,p)",-7.62163650492,0.238643836439,113,6.0051,-1499.2007287,3.7291,3.66666666667
/home/ccollins/allmols/4/opt/cam/m06hf/12de13hf6lf4lf-.log,12de13hf6lf4lf-,---,[],"td M06HF/6-31g(d,p)",-7.70544756721,0.39619774898,119,1.9435,-1595.2206909,4.0000,2.98333333333
