/home/ccollins/allmols/O/opt/b3lyp/b3lyp/12ea12ea12ea_TD.log,12ea12ea12ea,---,[],"td B3LYP/6-31g(d,p)",-5.15574089967,-1.61880522574,70,0.6270,-916.1478031,3.3666,0.366666666667
/home/ccollins/allmols/O/opt/b3lyp/b3lyp/12el12el12el12el-_TD.log,12el12el12el12el-,---,[],"td B3LYP/6-31g(d,p)",-4.32797060269,-1.48438098948,125,3.4835,-1679.1879209,2.5531,1.93333333333
/home/ccollins/allmols/O/opt/b3lyp/b3lyp/12if12if-12if-12if-_TD.log,12if12if-12if-12if-,---,[],"td B3LYP/6-31g(d,p)",-4.24470376809,-0.961650305559,101,4.8321,-1374.6950745,3.0376,1.08333333333
/home/ccollins/allmols/O/opt/b3lyp/b3lyp/12ia12ia-12ia12ia-_TD.log,12ia12ia-12ia12ia-,---,[],"td B3LYP/6-31g(d,p)",-4.50702150848,-1.1276397471,85,0.1125,-1073.8422199,3.1643,0.766666666667
/home/ccollins/allmols/O/opt/b3lyp/b3lyp/12ie12ie12ie12ie_TD.log,12ie12ie12ie12ie,---,[],"td B3LYP/6-31g(d,p)",-5.08716821234,-1.40628431781,109,1.0009,-1378.416439,3.2941,2.06666666667
/home/ccollins/allmols/O/opt/b3lyp/b3lyp/12ff12ff12ff12ff-_TD.log,12ff12ff12ff12ff-,---,[],"td B3LYP/6-31g(d,p)",-4.33749458704,-1.21879788302,101,4.5673,-1518.2806918,2.9843,0.666666666667
/home/ccollins/allmols/O/opt/b3lyp/b3lyp/4fa4fa4fa4fa_TD.log,4fa4fa4fa4fa,---,[],"td B3LYP/6-31g(d,p)",-5.31574383676,-1.05607380755,97,5.9769,-1226.3235356,3.8436,1.15
/home/ccollins/allmols/O/opt/b3lyp/b3lyp/12ff12ff-12ff12ff_TD.log,12ff12ff-12ff12ff,---,[],"td B3LYP/6-31g(d,p)",-4.14647067236,-0.974167542134,101,5.4968,-1518.2722978,3.0348,0.7
/home/ccollins/allmols/O/opt/b3lyp/b3lyp/12il12il-12il-12il_TD.log,12il12il-12il-12il,---,[],"td B3LYP/6-31g(d,p)",-4.47001402643,-1.04981518926,117,2.5801,-1531.9024116,3.1290,1.96666666667
/home/ccollins/allmols/O/opt/b3lyp/b3lyp/12fe12fe_TD.log,12fe12fe,---,[],"td B3LYP/6-31g(d,p)",-5.13995829703,-1.12410226719,55,3.3281,-761.5877308,3.7977,0.216666666667
/home/ccollins/allmols/O/opt/b3lyp/b3lyp/12ef12ef12ef12ef-_TD.log,12ef12ef12ef12ef-,---,[],"td B3LYP/6-31g(d,p)",-4.81505437376,-1.83404727206,109,0.4021,-1522.0048274,2.7193,1.16666666667
/home/ccollins/allmols/O/opt/b3lyp/b3lyp/12ae12ae-12ae12ae_TD.log,12ae12ae-12ae12ae,---,[],"td B3LYP/6-31g(d,p)",-4.98757454742,-1.81772044175,93,0.7648,-1221.1356087,2.9276,0.883333333333
/home/ccollins/allmols/O/opt/b3lyp/b3lyp/4ei4ei4ei4ei_TD.log,4ei4ei4ei4ei,---,[],"td B3LYP/6-31g(d,p)",-5.9486806253,-1.04110754643,121,2.9135,-1387.2964648,4.4032,1.98333333333
/home/ccollins/allmols/O/opt/b3lyp/b3lyp/4fe4fe-4fe4fe-_TD.log,4fe4fe-4fe4fe-,---,[],"td B3LYP/6-31g(d,p)",-5.65044385822,-1.28573788731,121,2.8593,-1530.9024603,3.8788,2.41666666667
/home/ccollins/allmols/O/opt/b3lyp/b3lyp/12ei12ei12ei12ei_TD.log,12ei12ei12ei12ei,---,[],"td B3LYP/6-31g(d,p)",-5.08716821234,-1.40601220397,109,1.0012,-1378.416439,3.2943,1.8
/home/ccollins/allmols/O/opt/b3lyp/b3lyp/12if12if-12if12if-_TD.log,12if12if-12if12if-,---,[],"td B3LYP/6-31g(d,p)",-4.26864978588,-1.10124470475,101,4.2595,-1374.7042746,2.9723,1.2
/home/ccollins/allmols/O/opt/b3lyp/b3lyp/12aa12aa12aa-12aa-_TD.log,12aa12aa12aa-12aa-,---,[],"td B3LYP/6-31g(d,p)",-4.68743298346,-1.27947926903,69,0.0000,-916.5521044,3.2339,0.416666666667
/home/ccollins/allmols/O/opt/b3lyp/b3lyp/4le_TD.log,4le,---,[],"td B3LYP/6-31g(d,p)",-5.72500304999,-0.46150507024,35,1.9909,-422.929246,4.8306,0.0833333333333
/home/ccollins/allmols/O/opt/b3lyp/b3lyp/12af12af-12af_TD.log,12af12af-12af,---,[],"td B3LYP/6-31g(d,p)",-4.61450647472,-1.01090291034,64,2.0313,-913.353379,3.4580,0.283333333333
/home/ccollins/allmols/O/opt/b3lyp/b3lyp/12ee12ee-12ee12ee-_TD.log,12ee12ee-12ee12ee-,---,[],"td B3LYP/6-31g(d,p)",-5.18295228353,-2.08493623124,117,0.0320,-1525.7081845,2.7830,1.51666666667
/home/ccollins/allmols/O/opt/b3lyp/b3lyp/12al12al-12al-12al-_TD.log,12al12al-12al-12al-,---,[],"td B3LYP/6-31g(d,p)",-4.26266328143,-0.933894694023,101,2.6011,-1374.605423,3.0495,0.933333333333
/home/ccollins/allmols/O/opt/b3lyp/b3lyp/4if4if-4if-4if-_TD.log,4if4if-4if-4if-,---,[],"td B3LYP/6-31g(d,p)",-5.38812611782,-0.767905252487,113,2.7572,-1383.6014976,4.0551,2.01666666667
/home/ccollins/allmols/O/opt/b3lyp/b3lyp/111111_TD.log,111111,---,[],"td B3LYP/6-31g(d,p)",-7.18924761541,-4.02320310348,22,3.5630,-341.1217535,1.6785,0.0166666666667
/home/ccollins/allmols/O/opt/b3lyp/b3lyp/12fi12fi_TD.log,12fi12fi,---,[],"td B3LYP/6-31g(d,p)",-4.82321778892,-0.198643102167,51,4.3325,-687.9340046,4.4214,0.2
/home/ccollins/allmols/O/opt/b3lyp/b3lyp/4fa4fa_TD.log,4fa4fa,---,[],"td B3LYP/6-31g(d,p)",-5.57234718654,-0.843280785775,49,3.0642,-613.7549902,4.3155,0.2
/home/ccollins/allmols/O/opt/b3lyp/b3lyp/12el12el12el_TD.log,12el12el12el,---,[],"td B3LYP/6-31g(d,p)",-4.5579067963,-1.32056845865,94,3.8667,-1259.6826543,3.0210,0.95
/home/ccollins/allmols/O/opt/b3lyp/b3lyp/12aa12aa12aa-12aa_TD.log,12aa12aa12aa-12aa,---,[],"td B3LYP/6-31g(d,p)",-4.7116511151,-1.29879935157,69,0.9456,-916.5547343,3.2324,0.383333333333
/home/ccollins/allmols/O/opt/b3lyp/b3lyp/12aa_TD.log,12aa,---,[],"td B3LYP/6-31g(d,p)",-6.12228925432,0.505315398252,18,0.6311,-230.0273714,6.4982,0.0166666666667
/home/ccollins/allmols/O/opt/b3lyp/b3lyp/4aa4aa-4aa_TD.log,4aa4aa-4aa,---,[],"td B3LYP/6-31g(d,p)",-5.59738165969,-1.32465016623,61,0.0001,-694.3799893,4.0023,0.35
/home/ccollins/allmols/O/opt/b3lyp/b3lyp/12ee12ee-12ee-12ee-_TD.log,12ee12ee-12ee-12ee-,---,[],"td B3LYP/6-31g(d,p)",-5.28771611138,-2.00738378724,117,0.2405,-1525.7014694,2.9237,1.88333333333
/home/ccollins/allmols/O/opt/b3lyp/b3lyp/12al_TD.log,12al,---,[],"td B3LYP/6-31g(d,p)",-5.55030596562,0.536064262012,26,1.9837,-344.5443667,5.7895,0.0333333333333
/home/ccollins/allmols/O/opt/b3lyp/b3lyp/4fe4fe_TD.log,4fe4fe,---,[],"td B3LYP/6-31g(d,p)",-5.65942361489,-0.867771031247,61,2.9768,-766.0476814,4.2822,0.4
/home/ccollins/allmols/O/opt/b3lyp/b3lyp/22-2-_TD.log,22-2-,---,[],"td B3LYP/6-31g(d,p)",-5.68581865723,-1.34995675322,22,0.0959,-233.4054357,4.5720,0.0333333333333
/home/ccollins/allmols/O/opt/b3lyp/b3lyp/12le12le-12le12le_TD.log,12le12le-12le12le,---,[],"td B3LYP/6-31g(d,p)",-4.8964164115,-1.51649042243,125,2.5303,-1679.1945791,3.0279,2.08333333333
/home/ccollins/allmols/O/opt/b3lyp/b3lyp/12il12il-12il_TD.log,12il12il-12il,---,[],"td B3LYP/6-31g(d,p)",-4.61695549927,-0.899608350362,88,3.6993,-1149.2236688,3.5244,0.983333333333
/home/ccollins/allmols/O/opt/b3lyp/b3lyp/4ae4ae4ae-4ae-_TD.log,4ae4ae4ae-4ae-,---,[],"td B3LYP/6-31g(d,p)",-5.86731858757,-1.45907440249,105,1.4095,-1230.0190898,3.9667,1.81666666667
/home/ccollins/allmols/O/opt/b3lyp/b3lyp/12ll12ll12ll-12ll_TD.log,12ll12ll12ll-12ll,---,[],"td B3LYP/6-31g(d,p)",-3.91653447875,-0.661236627761,133,4.5064,-1832.645222,3.0264,1.66666666667
/home/ccollins/allmols/O/opt/b3lyp/b3lyp/12af12af-12af12af-_TD.log,12af12af-12af12af-,---,[],"td B3LYP/6-31g(d,p)",-4.44389109793,-1.30152048995,85,4.3822,-1217.4153978,2.9757,0.566666666667
/home/ccollins/allmols/O/opt/b3lyp/b3lyp/12ea12ea-12ea-12ea-_TD.log,12ea12ea-12ea-12ea-,---,[],"td B3LYP/6-31g(d,p)",-4.99138414116,-1.84112223187,93,0.8153,-1221.1356633,2.9307,0.833333333333
/home/ccollins/allmols/O/opt/b3lyp/b3lyp/4ea4ea-4ea4ea-_TD.log,4ea4ea-4ea4ea-,---,[],"td B3LYP/6-31g(d,p)",-5.85480135099,-1.46152342704,105,1.5409,-1230.0194313,3.9432,1.86666666667
/home/ccollins/allmols/O/opt/b3lyp/b3lyp/12ai12ai-12ai12ai-_TD.log,12ai12ai-12ai12ai-,---,[],"td B3LYP/6-31g(d,p)",-4.50702150848,-1.1276397471,85,0.1125,-1073.8422199,3.1643,0.766666666667
/home/ccollins/allmols/O/opt/b3lyp/b3lyp/12fe12fe12fe12fe_TD.log,12fe12fe12fe12fe,---,[],"td B3LYP/6-31g(d,p)",-4.53559346153,-1.66588091982,109,5.5758,-1521.9903258,2.6266,1.11666666667
/home/ccollins/allmols/O/opt/b3lyp/b3lyp/4ef_TD.log,4ef,---,[],"td B3LYP/6-31g(d,p)",-5.80745354308,-0.487627998744,31,1.6848,-383.6242756,4.8381,0.0666666666667
/home/ccollins/allmols/O/opt/b3lyp/b3lyp/12fl12fl12fl12fl_TD.log,12fl12fl12fl12fl,---,[],"td B3LYP/6-31g(d,p)",-3.76469495682,-0.67103272595,117,5.0929,-1675.4246429,2.9369,1.21666666667
/home/ccollins/allmols/O/opt/b3lyp/b3lyp/12al12al12al-12al-_TD.log,12al12al12al-12al-,---,[],"td B3LYP/6-31g(d,p)",-4.14075628175,-0.969269493039,101,4.3022,-1374.6166265,2.9826,0.883333333333
/home/ccollins/allmols/O/opt/b3lyp/b3lyp/4ae4ae4ae-4ae_TD.log,4ae4ae4ae-4ae,---,[],"td B3LYP/6-31g(d,p)",-5.86078785544,-1.45880228865,105,1.6536,-1230.0192541,3.9610,1.86666666667
/home/ccollins/allmols/O/opt/b3lyp/b3lyp/12li12li12li_TD.log,12li12li12li,---,[],"td B3LYP/6-31g(d,p)",-4.5579067963,-0.844641354968,88,1.0332,-1149.2284424,3.5154,0.933333333333
/home/ccollins/allmols/O/opt/b3lyp/b3lyp/4ia4ia4ia_TD.log,4ia4ia4ia,---,[],"td B3LYP/6-31g(d,p)",-5.82840630865,-0.708040207998,73,0.8885,-812.3391513,4.6572,0.9
/home/ccollins/allmols/O/opt/b3lyp/b3lyp/12fe12fe-12fe-12fe-_TD.log,12fe12fe-12fe-12fe-,---,[],"td B3LYP/6-31g(d,p)",-4.81505437376,-1.8343193859,109,0.4034,-1522.0048274,2.7192,1.18333333333
/home/ccollins/allmols/O/opt/b3lyp/b3lyp/12ei12ei12ei-12ei_TD.log,12ei12ei12ei-12ei,---,[],"td B3LYP/6-31g(d,p)",-4.844986896,-1.5839746544,109,1.2412,-1378.4223327,2.9699,1.73333333333
/home/ccollins/allmols/O/opt/b3lyp/b3lyp/12ae_TD.log,12ae,---,[],"td B3LYP/6-31g(d,p)",-6.13262958019,-0.243541885533,24,0.4259,-306.1730886,5.7088,0.0333333333333
/home/ccollins/allmols/O/opt/b3lyp/b3lyp/12aa12aa-12aa12aa-_TD.log,12aa12aa-12aa12aa-,---,[],"td B3LYP/6-31g(d,p)",-4.73614136057,-1.31811943411,69,0.0001,-916.5573974,3.2310,0.483333333333
/home/ccollins/allmols/O/opt/b3lyp/b3lyp/12al12al-12al12al-_TD.log,12al12al-12al12al-,---,[],"td B3LYP/6-31g(d,p)",-4.20361457846,-1.0381142942,101,3.9554,-1374.6224384,2.9490,0.933333333333
/home/ccollins/allmols/O/opt/b3lyp/b3lyp/4la4la-_TD.log,4la4la-,---,[],"td B3LYP/6-31g(d,p)",-5.57180295886,-0.446538809118,57,1.3112,-692.3682928,4.5639,0.316666666667
/home/ccollins/allmols/O/opt/b3lyp/b3lyp/4ia_TD.log,4ia,---,[],"td B3LYP/6-31g(d,p)",-6.41181837858,0.122179113525,25,0.3425,-271.5787786,5.4250,0.1
/home/ccollins/allmols/O/opt/b3lyp/b3lyp/12le12le-_TD.log,12le12le-,---,[],"td B3LYP/6-31g(d,p)",-4.98512552288,-0.934166807862,63,2.1638,-840.1927186,3.8388,0.283333333333
/home/ccollins/allmols/O/opt/b3lyp/b3lyp/12aa12aa12aa12aa-_TD.log,12aa12aa12aa12aa-,---,[],"td B3LYP/6-31g(d,p)",-4.68117436518,-1.28029561054,69,0.8235,-916.5517931,3.2136,0.4
/home/ccollins/allmols/O/opt/b3lyp/b3lyp/22-2-2_TD.log,22-2-2,---,[],"td B3LYP/6-31g(d,p)",-5.34050619607,-1.73744685936,29,0.0003,-310.8100267,3.8308,0.0833333333333
/home/ccollins/allmols/O/opt/b3lyp/b3lyp/12lf12lf-12lf_TD.log,12lf12lf-12lf,---,[],"td B3LYP/6-31g(d,p)",-4.32388889511,-0.729537201246,88,3.8095,-1256.8812042,3.4457,0.616666666667
/home/ccollins/allmols/O/opt/b3lyp/b3lyp/4ff4ff-4ff-4ff_TD.log,4ff4ff-4ff-4ff,---,[],"td B3LYP/6-31g(d,p)",-5.22268090396,-1.09961202172,113,0.7801,-1527.2085677,3.6002,1.71666666667
/home/ccollins/allmols/O/opt/b3lyp/b3lyp/12la12la-12la-12la_TD.log,12la12la-12la-12la,---,[],"td B3LYP/6-31g(d,p)",-4.1813012437,-1.09825145253,101,2.9611,-1374.6246051,2.8931,1.0
/home/ccollins/allmols/O/opt/b3lyp/b3lyp/12la12la-12la12la-_TD.log,12la12la-12la12la-,---,[],"td B3LYP/6-31g(d,p)",-4.20361457846,-1.0381142942,101,3.9554,-1374.6224384,2.9490,1.0
/home/ccollins/allmols/O/opt/b3lyp/b3lyp/12ie12ie12ie12ie-_TD.log,12ie12ie12ie12ie-,---,[],"td B3LYP/6-31g(d,p)",-4.95845836669,-1.48982326625,109,1.5040,-1378.4199059,3.1295,1.85
/home/ccollins/allmols/O/opt/b3lyp/b3lyp/12lf12lf-12lf12lf-_TD.log,12lf12lf-12lf12lf-,---,[],"td B3LYP/6-31g(d,p)",-4.09585749838,-0.943418678374,117,6.7632,-1675.4486084,2.9743,1.8
/home/ccollins/allmols/O/opt/b3lyp/b3lyp/4ff4ff4ff4ff-_TD.log,4ff4ff4ff4ff-,---,[],"td B3LYP/6-31g(d,p)",-5.08771244002,-1.06831893028,113,1.1863,-1527.1935754,3.5502,1.71666666667
/home/ccollins/allmols/O/opt/b3lyp/b3lyp/12la12la-12la_TD.log,12la12la-12la,---,[],"td B3LYP/6-31g(d,p)",-4.46457174966,-0.883553633885,76,1.1705,-1031.2620274,3.4027,0.583333333333
/home/ccollins/allmols/O/opt/b3lyp/b3lyp/4ea4ea-4ea_TD.log,4ea4ea-4ea,---,[],"td B3LYP/6-31g(d,p)",-5.94541525924,-1.33281358139,79,1.2085,-922.8139595,4.1629,0.9
/home/ccollins/allmols/O/opt/b3lyp/b3lyp/12ea12ea12ea-12ea-_TD.log,12ea12ea12ea-12ea-,---,[],"td B3LYP/6-31g(d,p)",-4.98240438449,-1.82071369397,93,0.7702,-1221.1354637,2.9443,1.03333333333
/home/ccollins/allmols/O/opt/b3lyp/b3lyp/12fe12fe12fe12fe-_TD.log,12fe12fe12fe12fe-,---,[],"td B3LYP/6-31g(d,p)",-4.69097046337,-1.80765222972,109,4.5914,-1521.9973411,2.6339,1.16666666667
/home/ccollins/allmols/O/opt/b3lyp/b3lyp/12ee12ee12ee12ee_TD.log,12ee12ee12ee12ee,---,[],"td B3LYP/6-31g(d,p)",-5.12825740197,-2.16384924443,117,0.1534,-1525.6901078,2.6988,1.4
/home/ccollins/allmols/O/opt/b3lyp/b3lyp/12la12la-12la12la_TD.log,12la12la-12la12la,---,[],"td B3LYP/6-31g(d,p)",-4.28334393317,-1.08192462221,101,0.9824,-1374.6133441,2.9782,1.0
/home/ccollins/allmols/O/opt/b3lyp/b3lyp/12lf12lf12lf-12lf-_TD.log,12lf12lf12lf-12lf-,---,[],"td B3LYP/6-31g(d,p)",-4.45722467602,-1.27893504135,117,2.8760,-1675.4792012,2.9972,1.83333333333
/home/ccollins/allmols/O/opt/b3lyp/b3lyp/4if4if4if4if-_TD.log,4if4if4if4if-,---,[],"td B3LYP/6-31g(d,p)",-5.37588099508,-0.589942802052,113,4.1944,-1383.5926356,4.2590,2.18333333333
/home/ccollins/allmols/O/opt/b3lyp/b3lyp/12ae12ae12ae12ae_TD.log,12ae12ae12ae12ae,---,[],"td B3LYP/6-31g(d,p)",-4.97805056307,-1.82343483236,93,0.4433,-1221.1355437,2.9413,0.883333333333
/home/ccollins/allmols/O/opt/b3lyp/b3lyp/4fi_TD.log,4fi,---,[],"td B3LYP/6-31g(d,p)",-5.74405101869,0.049796832461,29,1.3486,-346.7983657,5.0765,0.0666666666667
/home/ccollins/allmols/O/opt/b3lyp/b3lyp/12ae12ae12ae_TD.log,12ae12ae12ae,---,[],"td B3LYP/6-31g(d,p)",-5.15574089967,-1.61880522574,70,0.6269,-916.1478031,3.3666,0.366666666667
/home/ccollins/allmols/O/opt/b3lyp/b3lyp/4ia4ia4ia4ia-_TD.log,4ia4ia4ia4ia-,---,[],"td B3LYP/6-31g(d,p)",-5.71765597635,-0.845185582645,97,1.0435,-1082.7195457,4.3951,1.88333333333
/home/ccollins/allmols/O/opt/b3lyp/b3lyp/12ee12ee-12ee12ee_TD.log,12ee12ee-12ee12ee,---,[],"td B3LYP/6-31g(d,p)",-5.21397326113,-2.07432379153,117,0.1757,-1525.7045881,2.8320,1.73333333333
/home/ccollins/allmols/O/opt/b3lyp/b3lyp/12el12el-_TD.log,12el12el-,---,[],"td B3LYP/6-31g(d,p)",-4.98512552288,-0.934166807862,63,2.1638,-840.1927186,3.8388,0.383333333333
/home/ccollins/allmols/O/opt/b3lyp/b3lyp/4if4if4if-4if-_TD.log,4if4if4if-4if-,---,[],"td B3LYP/6-31g(d,p)",-5.34812538355,-0.551030523134,113,2.0816,-1383.5970169,4.1997,2.11666666667
/home/ccollins/allmols/O/opt/b3lyp/b3lyp/12af12af12af_TD.log,12af12af12af,---,[],"td B3LYP/6-31g(d,p)",-4.70566461065,-1.00382795054,64,1.2955,-913.3437935,3.5712,0.233333333333
/home/ccollins/allmols/O/opt/b3lyp/b3lyp/12fl12fl-12fl12fl_TD.log,12fl12fl-12fl12fl,---,[],"td B3LYP/6-31g(d,p)",-3.92360943856,-0.799470457762,117,8.0005,-1675.4371963,2.9508,1.33333333333
/home/ccollins/allmols/O/opt/b3lyp/b3lyp/12aa12aa-12aa-12aa-_TD.log,12aa12aa-12aa-12aa-,---,[],"td B3LYP/6-31g(d,p)",-4.68117436518,-1.28029561054,69,0.8235,-916.5517931,3.2136,0.383333333333
/home/ccollins/allmols/O/opt/b3lyp/b3lyp/12aa12aa-12aa-12aa_TD.log,12aa12aa-12aa-12aa,---,[],"td B3LYP/6-31g(d,p)",-4.71001843207,-1.30696276672,69,0.2830,-916.5548403,3.2094,0.316666666667
/home/ccollins/allmols/O/opt/b3lyp/b3lyp/22-_TD.log,22-,---,[],"td B3LYP/6-31g(d,p)",-6.20582820277,-0.848450948708,15,0.0781,-155.9954888,5.5054,0.0166666666667
/home/ccollins/allmols/O/opt/b3lyp/b3lyp/12if12if12if12if_TD.log,12if12if12if12if,---,[],"td B3LYP/6-31g(d,p)",-4.79736697425,-0.794844522507,101,2.2037,-1374.6889272,3.5827,1.1
/home/ccollins/allmols/O/opt/b3lyp/b3lyp/12ll12ll-12ll12ll-_TD.log,12ll12ll-12ll12ll-,---,[],"td B3LYP/6-31g(d,p)",-4.44035361803,-0.770898504711,133,3.5894,-1832.6822095,3.3185,1.9
/home/ccollins/allmols/O/opt/b3lyp/b3lyp/4fi4fi-_TD.log,4fi4fi-,---,[],"td B3LYP/6-31g(d,p)",-5.67547833137,-0.536880603528,57,0.9955,-692.4006434,4.4559,0.466666666667
/home/ccollins/allmols/O/opt/b3lyp/b3lyp/12ee12ee12ee12ee-_TD.log,12ee12ee12ee12ee-,---,[],"td B3LYP/6-31g(d,p)",-5.28771611138,-2.00738378724,117,0.2403,-1525.7014693,2.9238,1.8
/home/ccollins/allmols/O/opt/b3lyp/b3lyp/4ie4ie-4ie_TD.log,4ie4ie-4ie,---,[],"td B3LYP/6-31g(d,p)",-5.97561989532,-0.992671283158,91,2.5107,-1040.7713547,4.4352,1.6
/home/ccollins/allmols/O/opt/b3lyp/b3lyp/12ei12ei-_TD.log,12ei12ei-,---,[],"td B3LYP/6-31g(d,p)",-5.26676334581,-1.05961128745,55,0.8151,-689.8049981,4.0373,0.3
/home/ccollins/allmols/O/opt/b3lyp/b3lyp/4aa_TD.log,4aa,---,[],"td B3LYP/6-31g(d,p)",-6.71821856082,0.0710217118707,21,0.0001,-232.2582113,5.5340,0.0166666666667
/home/ccollins/allmols/O/opt/b3lyp/b3lyp/12fe12fe-12fe12fe_TD.log,12fe12fe-12fe12fe,---,[],"td B3LYP/6-31g(d,p)",-4.59192102612,-1.66914628588,109,5.9445,-1521.9959223,2.6872,1.1
/home/ccollins/allmols/O/opt/b3lyp/b3lyp/4ai4ai-4ai-4ai-_TD.log,4ai4ai-4ai-4ai-,---,[],"td B3LYP/6-31g(d,p)",-5.71738386251,-0.845185582645,97,1.0435,-1082.7195457,4.3950,1.65
/home/ccollins/allmols/O/opt/b3lyp/b3lyp/4ae4ae4ae4ae-_TD.log,4ae4ae4ae4ae-,---,[],"td B3LYP/6-31g(d,p)",-5.86786281525,-1.45689749178,105,1.6122,-1230.0190424,3.9796,1.76666666667
/home/ccollins/allmols/O/opt/b3lyp/b3lyp/12ff12ff-12ff12ff-_TD.log,12ff12ff-12ff12ff-,---,[],"td B3LYP/6-31g(d,p)",-4.34783491291,-1.18913747462,101,0.0002,-1518.2774892,3.0178,0.633333333333
/home/ccollins/allmols/O/opt/b3lyp/b3lyp/12al12al-12al-12al_TD.log,12al12al-12al-12al,---,[],"td B3LYP/6-31g(d,p)",-4.28334393317,-1.02233169156,101,2.6002,-1374.6108167,2.9793,0.95
/home/ccollins/allmols/O/opt/b3lyp/b3lyp/12fa12fa12fa_TD.log,12fa12fa12fa,---,[],"td B3LYP/6-31g(d,p)",-4.39137312708,-0.833484687586,64,5.5088,-913.3471653,3.4466,0.266666666667
/home/ccollins/allmols/O/opt/b3lyp/b3lyp/4fa4fa-4fa_TD.log,4fa4fa-4fa,---,[],"td B3LYP/6-31g(d,p)",-5.5184686465,-0.89226127672,73,2.4515,-920.0447996,4.1190,0.566666666667
/home/ccollins/allmols/O/opt/b3lyp/b3lyp/4aa4aa4aa4aa-_TD.log,4aa4aa4aa4aa-,---,[],"td B3LYP/6-31g(d,p)",-5.64935540286,-1.21308349241,81,0.0001,-925.4499939,4.0439,0.783333333333
/home/ccollins/allmols/O/opt/b3lyp/b3lyp/12ea12ea-12ea_TD.log,12ea12ea-12ea,---,[],"td B3LYP/6-31g(d,p)",-5.16635333937,-1.62016579493,70,0.7490,-916.1478648,3.3270,0.4
/home/ccollins/allmols/O/opt/b3lyp/b3lyp/4ef4ef-_TD.log,4ef4ef-,---,[],"td B3LYP/6-31g(d,p)",-5.67058028227,-0.698788337486,61,1.8433,-766.0472133,4.3739,0.383333333333
/home/ccollins/allmols/O/opt/b3lyp/b3lyp/4ie4ie-4ie4ie-_TD.log,4ie4ie-4ie4ie-,---,[],"td B3LYP/6-31g(d,p)",-5.95466712975,-1.00056258448,121,3.2304,-1387.2962794,4.4276,2.2
/home/ccollins/allmols/O/opt/b3lyp/b3lyp/11_TD.log,11,---,[],"td B3LYP/6-31g(d,p)",-7.29673258165,-1.17145007511,8,2.1825,-114.5031992,4.0597,0.0
/home/ccollins/allmols/O/opt/b3lyp/b3lyp/12el12el-12el-12el_TD.log,12el12el-12el-12el,---,[],"td B3LYP/6-31g(d,p)",-4.81314957689,-1.68084718094,125,2.2235,-1679.1963435,2.8049,2.11666666667
/home/ccollins/allmols/O/opt/b3lyp/b3lyp/4ff4ff-4ff4ff-_TD.log,4ff4ff-4ff4ff-,---,[],"td B3LYP/6-31g(d,p)",-5.2109800089,-1.18804901926,113,1.0467,-1527.2069661,3.5198,1.8
/home/ccollins/allmols/O/opt/b3lyp/b3lyp/12le12le_TD.log,12le12le,---,[],"td B3LYP/6-31g(d,p)",-5.20336082142,-1.01389616257,63,1.9272,-840.1788166,3.9435,0.35
/home/ccollins/allmols/O/opt/b3lyp/b3lyp/12lf12lf_TD.log,12lf12lf,---,[],"td B3LYP/6-31g(d,p)",-5.37125505983,-0.0484362632681,59,1.0624,-838.3226478,4.8174,0.35
/home/ccollins/allmols/O/opt/b3lyp/b3lyp/12il12il-12il12il_TD.log,12il12il-12il12il,---,[],"td B3LYP/6-31g(d,p)",-4.46566020502,-1.0571622629,117,2.7254,-1531.9021568,3.1645,2.05
/home/ccollins/allmols/O/opt/b3lyp/b3lyp/12al12al-12al_TD.log,12al12al-12al,---,[],"td B3LYP/6-31g(d,p)",-4.421849877,-0.808722328274,76,3.7017,-1031.2603091,3.4161,0.483333333333
/home/ccollins/allmols/O/opt/b3lyp/b3lyp/4el_TD.log,4el,---,[],"td B3LYP/6-31g(d,p)",-5.72554727767,-0.460960842563,35,1.9892,-422.929246,4.8307,0.1
/home/ccollins/allmols/O/opt/b3lyp/b3lyp/4aa4aa-_TD.log,4aa4aa-,---,[],"td B3LYP/6-31g(d,p)",-5.92310192448,-0.921649571287,41,0.0006,-463.3186111,4.7361,0.166666666667
/home/ccollins/allmols/O/opt/b3lyp/b3lyp/4ae4ae-4ae-4ae-_TD.log,4ae4ae-4ae-4ae-,---,[],"td B3LYP/6-31g(d,p)",-5.86759070141,-1.45580903643,105,1.3924,-1230.0191287,3.9698,1.7
/home/ccollins/allmols/O/opt/b3lyp/b3lyp/12ai12ai12ai-12ai-_TD.log,12ai12ai12ai-12ai-,---,[],"td B3LYP/6-31g(d,p)",-4.46076215592,-1.09498608647,85,0.0922,-1073.8380295,3.1701,0.733333333333
/home/ccollins/allmols/O/opt/b3lyp/b3lyp/4ai4ai-4ai4ai_TD.log,4ai4ai-4ai4ai,---,[],"td B3LYP/6-31g(d,p)",-5.72445882231,-0.84409712729,97,1.0784,-1082.7196333,4.3983,1.58333333333
/home/ccollins/allmols/O/opt/b3lyp/b3lyp/12ie12ie_TD.log,12ie12ie,---,[],"td B3LYP/6-31g(d,p)",-5.46731124485,-0.947228272114,55,1.1284,-689.8027337,4.2244,0.383333333333
/home/ccollins/allmols/O/opt/b3lyp/b3lyp/4ff4ff-_TD.log,4ff4ff-,---,[],"td B3LYP/6-31g(d,p)",-5.28309017613,-0.71348248477,57,0.9940,-764.1993532,4.0065,0.35
/home/ccollins/allmols/O/opt/b3lyp/b3lyp/4fa4fa4fa-4fa_TD.log,4fa4fa4fa-4fa,---,[],"td B3LYP/6-31g(d,p)",-5.47846791223,-1.11158503062,97,3.7593,-1226.3263153,3.8801,1.33333333333
/home/ccollins/allmols/O/opt/b3lyp/b3lyp/12fe12fe-12fe12fe-_TD.log,12fe12fe-12fe12fe-,---,[],"td B3LYP/6-31g(d,p)",-4.75872680917,-1.82125792165,109,3.4600,-1522.0052493,2.6853,1.25
/home/ccollins/allmols/O/opt/b3lyp/b3lyp/4af4af_TD.log,4af4af,---,[],"td B3LYP/6-31g(d,p)",-5.67275719298,-0.60382060782,49,2.8184,-613.7597523,4.5513,0.216666666667
/home/ccollins/allmols/O/opt/b3lyp/b3lyp/12ef12ef-12ef12ef-_TD.log,12ef12ef-12ef12ef-,---,[],"td B3LYP/6-31g(d,p)",-4.75872680917,-1.82125792165,109,3.4598,-1522.0052493,2.6853,1.16666666667
/home/ccollins/allmols/O/opt/b3lyp/b3lyp/12lf12lf12lf12lf_TD.log,12lf12lf12lf12lf,---,[],"td B3LYP/6-31g(d,p)",-4.22538368555,-1.00600486125,117,6.0659,-1675.4926297,3.0363,1.8
/home/ccollins/allmols/O/opt/b3lyp/b3lyp/12el12el-12el12el-_TD.log,12el12el-12el12el-,---,[],"td B3LYP/6-31g(d,p)",-4.72634526238,-1.62941766545,125,2.1397,-1679.1982497,2.8146,2.15
/home/ccollins/allmols/O/opt/b3lyp/b3lyp/12af12af-12af-12af-_TD.log,12af12af-12af-12af-,---,[],"td B3LYP/6-31g(d,p)",-4.30456881257,-1.19838934513,85,5.2587,-1217.4108909,2.9318,0.516666666667
/home/ccollins/allmols/O/opt/b3lyp/b3lyp/4fa4fa4fa4fa-_TD.log,4fa4fa4fa4fa-,---,[],"td B3LYP/6-31g(d,p)",-5.51738019115,-1.22015845221,97,3.2061,-1226.3267653,3.8629,1.3
/home/ccollins/allmols/O/opt/b3lyp/b3lyp/12il_TD.log,12il,---,[],"td B3LYP/6-31g(d,p)",-5.89534631294,0.632392560871,30,1.6857,-383.8641999,6.3541,0.0833333333333
/home/ccollins/allmols/O/opt/b3lyp/b3lyp/12ai12ai12ai_TD.log,12ai12ai12ai,---,[],"td B3LYP/6-31g(d,p)",-4.67001769779,-0.878655584791,64,1.6568,-805.6721397,3.6480,0.366666666667
/home/ccollins/allmols/O/opt/b3lyp/b3lyp/2222-_TD.log,2222-,---,[],"td B3LYP/6-31g(d,p)",-5.35846570941,-1.66941839972,29,0.0995,-310.8157907,3.9589,0.0666666666667
/home/ccollins/allmols/O/opt/b3lyp/b3lyp/12il12il12il12il-_TD.log,12il12il12il12il-,---,[],"td B3LYP/6-31g(d,p)",-4.48906199514,-0.936615832409,117,3.7043,-1531.9038481,3.2486,1.91666666667
/home/ccollins/allmols/O/opt/b3lyp/b3lyp/12la12la12la-12la-_TD.log,12la12la12la-12la-,---,[],"td B3LYP/6-31g(d,p)",-4.14075628175,-0.969269493039,101,4.3022,-1374.6166265,2.9826,1.0
/home/ccollins/allmols/O/opt/b3lyp/b3lyp/12fa12fa-12fa12fa_TD.log,12fa12fa-12fa12fa,---,[],"td B3LYP/6-31g(d,p)",-4.25967002921,-1.11974844578,85,6.7610,-1217.4092707,2.9821,0.516666666667
/home/ccollins/allmols/O/opt/b3lyp/b3lyp/12af12af12af-12af_TD.log,12af12af12af-12af,---,[],"td B3LYP/6-31g(d,p)",-4.46457174966,-1.29417341631,85,1.8846,-1217.4068511,3.0025,0.516666666667
/home/ccollins/allmols/O/opt/b3lyp/b3lyp/4ff4ff-4ff4ff_TD.log,4ff4ff-4ff4ff,---,[],"td B3LYP/6-31g(d,p)",-5.07846056951,-1.04274022946,113,0.4716,-1527.2003456,3.5361,2.0
/home/ccollins/allmols/O/opt/b3lyp/b3lyp/4ff4ff4ff-4ff_TD.log,4ff4ff4ff-4ff,---,[],"td B3LYP/6-31g(d,p)",-5.08417496012,-1.03893063572,113,0.3914,-1527.200343,3.5474,1.98333333333
/home/ccollins/allmols/O/opt/b3lyp/b3lyp/111111-_TD.log,111111-,---,[],"td B3LYP/6-31g(d,p)",-7.12911045709,-3.91000374663,22,1.8867,-341.1305353,1.7311,0.0166666666667
/home/ccollins/allmols/O/opt/b3lyp/b3lyp/12ff12ff12ff_TD.log,12ff12ff12ff,---,[],"td B3LYP/6-31g(d,p)",-4.37504629677,-0.780966716739,76,6.4075,-1139.0012747,3.5051,0.366666666667
/home/ccollins/allmols/O/opt/b3lyp/b3lyp/12ei12ei12ei_TD.log,12ei12ei12ei,---,[],"td B3LYP/6-31g(d,p)",-5.21832708254,-1.25471690972,82,1.1748,-1034.1096075,3.6263,0.75
/home/ccollins/allmols/O/opt/b3lyp/b3lyp/22_TD.log,22,---,[],"td B3LYP/6-31g(d,p)",-6.24991064462,-0.640828089867,15,0.0002,-156.0016677,6.0300,0.0166666666667
/home/ccollins/allmols/O/opt/b3lyp/b3lyp/12ea12ea12ea-12ea_TD.log,12ea12ea12ea-12ea,---,[],"td B3LYP/6-31g(d,p)",-4.98757454742,-1.81772044175,93,0.7645,-1221.1356087,2.9277,1.08333333333
/home/ccollins/allmols/O/opt/b3lyp/b3lyp/12ii12ii-12ii-12ii-_TD.log,12ii12ii-12ii-12ii-,---,[],"td B3LYP/6-31g(d,p)",-4.6305611912,-0.652256871088,101,1.5033,-1231.118263,3.5931,1.53333333333
/home/ccollins/allmols/O/opt/b3lyp/b3lyp/22-2-2-_TD.log,22-2-2-,---,[],"td B3LYP/6-31g(d,p)",-5.35846570941,-1.66941839972,29,0.0994,-310.8157909,3.9588,0.0833333333333
/home/ccollins/allmols/O/opt/b3lyp/b3lyp/4ia4ia-4ia-4ia-_TD.log,4ia4ia-4ia-4ia-,---,[],"td B3LYP/6-31g(d,p)",-5.72092134241,-0.840015419712,97,1.1595,-1082.7194714,4.4054,1.8
/home/ccollins/allmols/O/opt/b3lyp/b3lyp/4af4af4af4af-_TD.log,4af4af4af4af-,---,[],"td B3LYP/6-31g(d,p)",-5.1157401654,-1.37063740495,97,4.8567,-1226.3112238,3.4327,1.25
/home/ccollins/allmols/O/opt/b3lyp/b3lyp/4if4if4if4if_TD.log,4if4if4if4if,---,[],"td B3LYP/6-31g(d,p)",-5.36935026296,-0.651712643411,113,6.2078,-1383.5912723,4.2045,2.25
/home/ccollins/allmols/O/opt/b3lyp/b3lyp/12ae12ae-12ae12ae-_TD.log,12ae12ae-12ae12ae-,---,[],"td B3LYP/6-31g(d,p)",-5.00852731299,-1.8378568658,93,0.8833,-1221.1360572,2.9202,0.9
/home/ccollins/allmols/O/opt/b3lyp/b3lyp/4ie4ie4ie_TD.log,4ie4ie4ie,---,[],"td B3LYP/6-31g(d,p)",-5.97208241542,-0.979609818906,91,1.9825,-1040.77239,4.4352,1.83333333333
/home/ccollins/allmols/O/opt/b3lyp/b3lyp/12fl12fl-12fl-12fl_TD.log,12fl12fl-12fl-12fl,---,[],"td B3LYP/6-31g(d,p)",-4.22783271009,-1.03566526965,117,3.1961,-1675.4856569,2.9938,1.55
/home/ccollins/allmols/O/opt/b3lyp/b3lyp/12le12le12le-12le-_TD.log,12le12le12le-12le-,---,[],"td B3LYP/6-31g(d,p)",-4.45749678986,-1.45009464582,125,4.3149,-1679.1783054,2.7467,1.86666666667
/home/ccollins/allmols/O/opt/b3lyp/b3lyp/4ff4ff4ff4ff_TD.log,4ff4ff4ff4ff,---,[],"td B3LYP/6-31g(d,p)",-4.93287966587,-0.9499494105,113,0.8349,-1527.1859611,3.5251,1.83333333333
/home/ccollins/allmols/O/opt/b3lyp/b3lyp/4la4la-4la-4la-_TD.log,4la4la-4la-4la-,---,[],"td B3LYP/6-31g(d,p)",-5.20091179687,-0.869675828117,113,3.4789,-1383.5396115,3.8871,2.0
/home/ccollins/allmols/O/opt/b3lyp/b3lyp/1111-11-_TD.log,1111-11-,---,[],"td B3LYP/6-31g(d,p)",-7.12911045709,-3.91000374663,22,1.8868,-341.1305353,1.7311,0.0166666666667
/home/ccollins/allmols/O/opt/b3lyp/b3lyp/12el12el12el-12el_TD.log,12el12el12el-12el,---,[],"td B3LYP/6-31g(d,p)",-4.75954315069,-1.61880522574,125,3.6346,-1679.1942262,2.8534,2.11666666667
/home/ccollins/allmols/O/opt/b3lyp/b3lyp/12le12le-12le_TD.log,12le12le-12le,---,[],"td B3LYP/6-31g(d,p)",-4.73178753915,-1.38043350314,94,2.2455,-1259.6903915,3.1061,0.966666666667
/home/ccollins/allmols/O/opt/b3lyp/b3lyp/12ei12ei_TD.log,12ei12ei,---,[],"td B3LYP/6-31g(d,p)",-5.46731124485,-0.946956158275,55,1.1288,-689.8027337,4.2244,0.35
/home/ccollins/allmols/O/opt/b3lyp/b3lyp/12le12le-12le12le-_TD.log,12le12le-12le12le-,---,[],"td B3LYP/6-31g(d,p)",-4.72634526238,-1.62941766545,125,2.1401,-1679.1982496,2.8145,2.08333333333
/home/ccollins/allmols/O/opt/b3lyp/b3lyp/12fl12fl12fl-12fl_TD.log,12fl12fl12fl-12fl,---,[],"td B3LYP/6-31g(d,p)",-3.94020838271,-0.814980946562,117,7.6777,-1675.4376656,2.9600,1.66666666667
/home/ccollins/allmols/O/opt/b3lyp/b3lyp/4fi4fi4fi4fi-_TD.log,4fi4fi4fi4fi-,---,[],"td B3LYP/6-31g(d,p)",-5.51384271125,-0.792123384121,113,3.4200,-1383.5998701,4.2517,2.25
/home/ccollins/allmols/O/opt/b3lyp/b3lyp/12ae12ae-12ae_TD.log,12ae12ae-12ae,---,[],"td B3LYP/6-31g(d,p)",-5.16635333937,-1.62016579493,70,0.7486,-916.1478648,3.3269,0.416666666667
/home/ccollins/allmols/O/opt/b3lyp/b3lyp/12lf12lf-_TD.log,12lf12lf-,---,[],"td B3LYP/6-31g(d,p)",-4.68498395892,-0.334155793782,59,3.4552,-838.3225194,4.2648,0.266666666667
/home/ccollins/allmols/O/opt/b3lyp/b3lyp/12fe12fe-12fe-12fe_TD.log,12fe12fe-12fe-12fe,---,[],"td B3LYP/6-31g(d,p)",-4.706753066,-1.73227669643,109,3.4585,-1522.0001984,2.7078,1.15
/home/ccollins/allmols/O/opt/b3lyp/b3lyp/4ei4ei-4ei4ei_TD.log,4ei4ei-4ei4ei,---,[],"td B3LYP/6-31g(d,p)",-5.95085753601,-1.04001909107,121,2.9528,-1387.2964469,4.4054,1.86666666667
/home/ccollins/allmols/O/opt/b3lyp/b3lyp/12ia12ia-12ia_TD.log,12ia12ia-12ia,---,[],"td B3LYP/6-31g(d,p)",-4.71382802581,-0.873757535696,64,0.9374,-805.6774282,3.6517,0.383333333333
/home/ccollins/allmols/O/opt/b3lyp/b3lyp/4fa4fa-4fa-4fa-_TD.log,4fa4fa-4fa-4fa-,---,[],"td B3LYP/6-31g(d,p)",-5.63438914174,-1.2919965056,97,4.9495,-1226.3337712,3.8625,1.25
/home/ccollins/allmols/O/opt/b3lyp/b3lyp/12ea12ea12ea12ea-_TD.log,12ea12ea12ea12ea-,---,[],"td B3LYP/6-31g(d,p)",-4.9796832461,-1.81744832791,93,0.3261,-1221.1351866,2.9012,0.85
/home/ccollins/allmols/O/opt/b3lyp/b3lyp/12ia12ia-12ia-12ia_TD.log,12ia12ia-12ia-12ia,---,[],"td B3LYP/6-31g(d,p)",-4.49341581655,-1.12301381184,85,0.2583,-1073.8405349,3.1451,0.866666666667
/home/ccollins/allmols/O/opt/b3lyp/b3lyp/4ia4ia-4ia_TD.log,4ia4ia-4ia,---,[],"td B3LYP/6-31g(d,p)",-5.83711395148,-0.703686386581,73,0.7892,-812.3392664,4.6649,0.85
/home/ccollins/allmols/O/opt/b3lyp/b3lyp/4fa4fa-4fa4fa-_TD.log,4fa4fa-4fa4fa-,---,[],"td B3LYP/6-31g(d,p)",-5.56880970664,-1.17199430279,97,3.0753,-1226.330243,3.9127,1.15
/home/ccollins/allmols/O/opt/b3lyp/b3lyp/4ee_TD.log,4ee,---,[],"td B3LYP/6-31g(d,p)",-6.13671128777,-1.39104594285,33,0.0003,-384.5486638,4.7626,0.0666666666667
/home/ccollins/allmols/O/opt/b3lyp/b3lyp/12la12la_TD.log,12la12la,---,[],"td B3LYP/6-31g(d,p)",-4.92471625071,-0.417150514551,51,1.2420,-687.8961313,4.3010,0.216666666667
/home/ccollins/allmols/O/opt/b3lyp/b3lyp/12il12il-_TD.log,12il12il-,---,[],"td B3LYP/6-31g(d,p)",-4.92009031545,-0.37497286957,59,1.4676,-766.5478453,4.3855,0.316666666667
/home/ccollins/allmols/O/opt/b3lyp/b3lyp/222-_TD.log,222-,---,[],"td B3LYP/6-31g(d,p)",-5.68581865723,-1.3505009809,22,0.0959,-233.4054354,4.5718,0.0333333333333
/home/ccollins/allmols/O/opt/b3lyp/b3lyp/12la12la-12la-12la-_TD.log,12la12la-12la-12la-,---,[],"td B3LYP/6-31g(d,p)",-4.04034627531,-0.998385673768,101,5.1639,-1374.6273992,2.8799,0.966666666667
/home/ccollins/allmols/O/opt/b3lyp/b3lyp/12ai12ai-12ai-12ai_TD.log,12ai12ai-12ai-12ai,---,[],"td B3LYP/6-31g(d,p)",-4.49341581655,-1.12301381184,85,0.2583,-1073.8405349,3.1451,0.75
/home/ccollins/allmols/O/opt/b3lyp/b3lyp/12el12el-12el12el_TD.log,12el12el-12el12el,---,[],"td B3LYP/6-31g(d,p)",-4.83056486256,-1.61690042887,125,3.2339,-1679.1943724,2.9215,2.31666666667
/home/ccollins/allmols/O/opt/b3lyp/b3lyp/4ef4ef4ef_TD.log,4ef4ef4ef,---,[],"td B3LYP/6-31g(d,p)",-5.55465978703,-1.09280917576,91,3.9562,-1148.4714201,3.9841,1.0
/home/ccollins/allmols/O/opt/b3lyp/b3lyp/12if12if-12if_TD.log,12if12if-12if,---,[],"td B3LYP/6-31g(d,p)",-4.44144207338,-0.789674359573,76,1.5305,-1031.319302,3.4630,0.633333333333
/home/ccollins/allmols/O/opt/b3lyp/b3lyp/12ll12ll-_TD.log,12ll12ll-,---,[],"td B3LYP/6-31g(d,p)",-4.39327792395,-0.0440824418508,67,0.0004,-916.9312707,4.2365,0.35
/home/ccollins/allmols/O/opt/b3lyp/b3lyp/4fi4fi-4fi-4fi_TD.log,4fi4fi-4fi-4fi,---,[],"td B3LYP/6-31g(d,p)",-5.44608636544,-0.742054437821,113,2.0633,-1383.6025786,4.1172,2.51666666667
/home/ccollins/allmols/O/opt/b3lyp/b3lyp/4ae4ae4ae4ae_TD.log,4ae4ae4ae4ae,---,[],"td B3LYP/6-31g(d,p)",-5.86922338444,-1.45580903643,105,1.4918,-1230.01894,3.9821,1.91666666667
/home/ccollins/allmols/O/opt/b3lyp/b3lyp/12la12la12la12la-_TD.log,12la12la12la12la-,---,[],"td B3LYP/6-31g(d,p)",-4.26266328143,-0.933894694023,101,2.6011,-1374.605423,3.0496,1.1
/home/ccollins/allmols/O/opt/b3lyp/b3lyp/12la12la12la_TD.log,12la12la12la,---,[],"td B3LYP/6-31g(d,p)",-4.55192029185,-0.786136879672,76,0.8568,-1031.2464458,3.5405,0.616666666667
/home/ccollins/allmols/O/opt/b3lyp/b3lyp/12if12if12if12if-_TD.log,12if12if12if12if-,---,[],"td B3LYP/6-31g(d,p)",-4.63954094787,-0.993215510835,101,1.5718,-1374.6967309,3.3329,1.11666666667
/home/ccollins/allmols/O/opt/b3lyp/b3lyp/4ei4ei-4ei4ei-_TD.log,4ei4ei-4ei4ei-,---,[],"td B3LYP/6-31g(d,p)",-5.95466712975,-1.00328372286,121,3.2135,-1387.2962787,4.4269,1.91666666667
/home/ccollins/allmols/O/opt/b3lyp/b3lyp/12fa12fa12fa12fa_TD.log,12fa12fa12fa12fa,---,[],"td B3LYP/6-31g(d,p)",-4.12823904517,-1.03022299288,85,6.1162,-1217.4022786,2.9397,0.516666666667
/home/ccollins/allmols/O/opt/b3lyp/b3lyp/4ie4ie4ie4ie_TD.log,4ie4ie4ie4ie,---,[],"td B3LYP/6-31g(d,p)",-5.9486806253,-1.04056331875,121,2.9109,-1387.296465,4.4030,2.15
/home/ccollins/allmols/O/opt/b3lyp/b3lyp/4fi4fi-4fi-4fi-_TD.log,4fi4fi-4fi-4fi-,---,[],"td B3LYP/6-31g(d,p)",-5.55193864865,-0.941785995342,113,3.9248,-1383.6058153,4.0999,2.63333333333
/home/ccollins/allmols/O/opt/b3lyp/b3lyp/4ii4ii4ii_TD.log,4ii4ii4ii,---,[],"td B3LYP/6-31g(d,p)",-6.08528177227,0.00217691070868,85,0.1613,-930.2966765,5.1863,1.41666666667
/home/ccollins/allmols/O/opt/b3lyp/b3lyp/4ai_TD.log,4ai,---,[],"td B3LYP/6-31g(d,p)",-6.41181837858,0.122179113525,25,0.3424,-271.5787786,5.4250,0.0666666666667
/home/ccollins/allmols/O/opt/b3lyp/b3lyp/12fi12fi12fi12fi_TD.log,12fi12fi12fi12fi,---,[],"td B3LYP/6-31g(d,p)",-4.21558758736,-0.719741103057,101,5.4678,-1374.6824636,3.1972,1.1
/home/ccollins/allmols/O/opt/b3lyp/b3lyp/12fi12fi12fi12fi-_TD.log,12fi12fi12fi12fi-,---,[],"td B3LYP/6-31g(d,p)",-4.24470376809,-0.961650305559,101,4.8321,-1374.6950745,3.0376,1.06666666667
/home/ccollins/allmols/O/opt/b3lyp/b3lyp/12fe12fe-12fe_TD.log,12fe12fe-12fe,---,[],"td B3LYP/6-31g(d,p)",-4.8428099853,-1.50043570596,82,3.8870,-1141.7946766,3.1377,0.583333333333
/home/ccollins/allmols/O/opt/b3lyp/b3lyp/12el12el_TD.log,12el12el,---,[],"td B3LYP/6-31g(d,p)",-4.95192763457,-0.993215510835,63,2.8474,-840.1847532,3.7343,0.383333333333
/home/ccollins/allmols/O/opt/b3lyp/b3lyp/12fa12fa12fa12fa-_TD.log,12fa12fa12fa12fa-,---,[],"td B3LYP/6-31g(d,p)",-4.3040245849,-1.19893357281,85,5.2592,-1217.4108911,2.9311,0.533333333333
/home/ccollins/allmols/O/opt/b3lyp/b3lyp/12ff12ff12ff-12ff_TD.log,12ff12ff12ff-12ff,---,[],"td B3LYP/6-31g(d,p)",-4.23790092212,-1.07784291463,101,5.3182,-1518.2733049,3.0237,0.6
/home/ccollins/allmols/O/opt/b3lyp/b3lyp/4ai4ai4ai4ai_TD.log,4ai4ai4ai4ai,---,[],"td B3LYP/6-31g(d,p)",-5.7236424808,-0.833756801424,97,1.1007,-1082.7194149,4.4126,1.66666666667
/home/ccollins/allmols/O/opt/b3lyp/b3lyp/12ee12ee12ee-12ee-_TD.log,12ee12ee12ee-12ee-,---,[],"td B3LYP/6-31g(d,p)",-5.12172666985,-2.1622165614,117,0.0002,-1525.6963002,2.7016,1.61666666667
/home/ccollins/allmols/O/opt/b3lyp/b3lyp/222-2-_TD.log,222-2-,---,[],"td B3LYP/6-31g(d,p)",-5.36554066922,-1.68166352245,29,0.1191,-310.8159994,3.9135,0.05
/home/ccollins/allmols/O/opt/b3lyp/b3lyp/12il12il-12il12il-_TD.log,12il12il-12il12il-,---,[],"td B3LYP/6-31g(d,p)",-4.39708751769,-1.03049510672,117,1.8349,-1531.9088134,3.1228,1.93333333333
/home/ccollins/allmols/O/opt/b3lyp/b3lyp/12il12il12il12il_TD.log,12il12il12il12il,---,[],"td B3LYP/6-31g(d,p)",-4.63437078494,-0.868315258924,117,2.2231,-1531.8968461,3.4136,1.85
/home/ccollins/allmols/O/opt/b3lyp/b3lyp/4fe4fe4fe-4fe-_TD.log,4fe4fe4fe-4fe-,---,[],"td B3LYP/6-31g(d,p)",-5.61996710829,-1.50805489344,121,3.3361,-1530.9028062,3.6523,2.38333333333
/home/ccollins/allmols/O/opt/b3lyp/b3lyp/12fa12fa-12fa_TD.log,12fa12fa-12fa,---,[],"td B3LYP/6-31g(d,p)",-4.53586557537,-0.931717783315,64,4.5600,-913.3537709,3.4744,0.283333333333
/home/ccollins/allmols/O/opt/b3lyp/b3lyp/4il_TD.log,4il,---,[],"td B3LYP/6-31g(d,p)",-5.66132841176,0.128165617973,33,1.1513,-386.1033149,5.0639,0.183333333333
/home/ccollins/allmols/O/opt/b3lyp/b3lyp/222_TD.log,222,---,[],"td B3LYP/6-31g(d,p)",-5.71085313038,-1.23049877808,22,0.0004,-233.4112785,4.8618,0.0333333333333
/home/ccollins/allmols/O/opt/b3lyp/b3lyp/12le12le-12le-12le-_TD.log,12le12le-12le-12le-,---,[],"td B3LYP/6-31g(d,p)",-4.72444046551,-1.52410960991,125,2.3118,-1679.1946796,2.8708,2.1
/home/ccollins/allmols/O/opt/b3lyp/b3lyp/4aa4aa_TD.log,4aa4aa,---,[],"td B3LYP/6-31g(d,p)",-5.92282981064,-0.920561115933,41,0.0003,-463.3186118,4.7368,0.216666666667
/home/ccollins/allmols/O/opt/b3lyp/b3lyp/12ia12ia-12ia-12ia-_TD.log,12ia12ia-12ia-12ia-,---,[],"td B3LYP/6-31g(d,p)",-4.46348329431,-1.10614275385,85,1.2823,-1073.8373573,3.1482,0.8
/home/ccollins/allmols/O/opt/b3lyp/b3lyp/12fl12fl12fl_TD.log,12fl12fl12fl,---,[],"td B3LYP/6-31g(d,p)",-4.05422408108,-0.524363366953,88,5.5657,-1256.8656113,3.4299,0.65
/home/ccollins/allmols/O/opt/b3lyp/b3lyp/4fe4fe-4fe-4fe-_TD.log,4fe4fe-4fe-4fe-,---,[],"td B3LYP/6-31g(d,p)",-5.55520401471,-1.49145594928,121,6.0660,-1530.90653,3.6468,2.43333333333
/home/ccollins/allmols/O/opt/b3lyp/b3lyp/4ef4ef_TD.log,4ef4ef,---,[],"td B3LYP/6-31g(d,p)",-5.65969572873,-0.867498917409,61,2.9746,-766.0476813,4.2827,0.366666666667
/home/ccollins/allmols/O/opt/b3lyp/b3lyp/12ia12ia12ia-12ia_TD.log,12ia12ia12ia-12ia,---,[],"td B3LYP/6-31g(d,p)",-4.48361971836,-1.10287738778,85,1.4584,-1073.8402602,3.1748,0.716666666667
/home/ccollins/allmols/O/opt/b3lyp/b3lyp/22-2_TD.log,22-2,---,[],"td B3LYP/6-31g(d,p)",-5.65887938721,-1.46750993149,22,0.0001,-233.3991102,4.3253,0.0333333333333
/home/ccollins/allmols/O/opt/b3lyp/b3lyp/4ef4ef4ef4ef-_TD.log,4ef4ef4ef4ef-,---,[],"td B3LYP/6-31g(d,p)",-5.47003238323,-1.11621096588,121,3.1731,-1530.8944138,3.8748,2.43333333333
/home/ccollins/allmols/O/opt/b3lyp/b3lyp/11111111_TD.log,11111111,---,[],"td B3LYP/6-31g(d,p)",-7.26680005941,-4.19300213875,29,2.6003,-454.4271225,1.6792,0.0333333333333
/home/ccollins/allmols/O/opt/b3lyp/b3lyp/4ia4ia4ia-4ia-_TD.log,4ia4ia4ia-4ia-,---,[],"td B3LYP/6-31g(d,p)",-5.72527516383,-0.837566395164,97,1.0163,-1082.7194944,4.4087,1.93333333333
/home/ccollins/allmols/O/opt/b3lyp/b3lyp/4ff_TD.log,4ff,---,[],"td B3LYP/6-31g(d,p)",-5.41615384319,-0.0772803301581,29,0.0002,-382.6957579,4.7702,0.05
/home/ccollins/allmols/O/opt/b3lyp/b3lyp/12ef12ef-_TD.log,12ef12ef-,---,[],"td B3LYP/6-31g(d,p)",-5.29996123412,-1.26723414629,55,1.3546,-761.5927563,3.8648,0.216666666667
/home/ccollins/allmols/O/opt/b3lyp/b3lyp/1111-_TD.log,1111-,---,[],"td B3LYP/6-31g(d,p)",-7.32775355925,-3.11624767947,15,0.0173,-227.8213535,2.5482,0.0
/home/ccollins/allmols/O/opt/b3lyp/b3lyp/4ea4ea-4ea4ea_TD.log,4ea4ea-4ea4ea,---,[],"td B3LYP/6-31g(d,p)",-5.86024362776,-1.4647887931,105,1.5597,-1230.0193057,3.9509,1.9
/home/ccollins/allmols/O/opt/b3lyp/b3lyp/4ae4ae-4ae4ae-_TD.log,4ae4ae-4ae4ae-,---,[],"td B3LYP/6-31g(d,p)",-5.85480135099,-1.4612513132,105,1.5408,-1230.0194313,3.9434,1.76666666667
/home/ccollins/allmols/O/opt/b3lyp/b3lyp/4ef4ef-4ef-4ef_TD.log,4ef4ef-4ef-4ef,---,[],"td B3LYP/6-31g(d,p)",-5.5184686465,-1.37744025092,121,3.5391,-1530.9018401,3.6537,2.25
/home/ccollins/allmols/O/opt/b3lyp/b3lyp/12ei_TD.log,12ei,---,[],"td B3LYP/6-31g(d,p)",-6.03085900456,-0.172792287501,28,0.7184,-345.4959033,5.6230,0.05
/home/ccollins/allmols/O/opt/b3lyp/b3lyp/12af12af-_TD.log,12af12af-,---,[],"td B3LYP/6-31g(d,p)",-5.00825519916,-0.613616706009,43,1.8067,-609.2994045,4.2864,0.133333333333
/home/ccollins/allmols/O/opt/b3lyp/b3lyp/4ia4ia-_TD.log,4ia4ia-,---,[],"td B3LYP/6-31g(d,p)",-6.05153965629,-0.447083036795,49,0.4647,-541.9589216,5.0349,0.266666666667
/home/ccollins/allmols/O/opt/b3lyp/b3lyp/12ii12ii-_TD.log,12ii12ii-,---,[],"td B3LYP/6-31g(d,p)",-4.90485194049,-0.268848472522,51,0.1283,-616.1551639,4.4752,0.25
/home/ccollins/allmols/O/opt/b3lyp/b3lyp/4fe4fe4fe_TD.log,4fe4fe4fe,---,[],"td B3LYP/6-31g(d,p)",-5.55465978703,-1.09253706192,91,3.9564,-1148.4714198,3.9844,1.11666666667
/home/ccollins/allmols/O/opt/b3lyp/b3lyp/4ae4ae-_TD.log,4ae4ae-,---,[],"td B3LYP/6-31g(d,p)",-6.10188071643,-1.10968023375,53,0.7481,-615.6085569,4.4624,0.25
/home/ccollins/allmols/O/opt/b3lyp/b3lyp/4af4af-4af4af_TD.log,4af4af-4af4af,---,[],"td B3LYP/6-31g(d,p)",-5.47846791223,-1.11185714446,97,3.7612,-1226.3263154,3.8799,1.21666666667
/home/ccollins/allmols/O/opt/b3lyp/b3lyp/12fi12fi12fi_TD.log,12fi12fi12fi,---,[],"td B3LYP/6-31g(d,p)",-4.41423068952,-0.565724670418,76,5.5669,-1031.3081369,3.6263,0.55
/home/ccollins/allmols/O/opt/b3lyp/b3lyp/4ae4ae-4ae_TD.log,4ae4ae-4ae,---,[],"td B3LYP/6-31g(d,p)",-5.9451431454,-1.33308569523,79,1.2088,-922.8139596,4.1627,0.8
/home/ccollins/allmols/O/opt/b3lyp/b3lyp/12ie12ie-12ie-12ie-_TD.log,12ie12ie-12ie-12ie-,---,[],"td B3LYP/6-31g(d,p)",-4.96172373276,-1.47404066361,109,0.7953,-1378.4189741,3.1190,1.83333333333
/home/ccollins/allmols/O/opt/b3lyp/b3lyp/12ff12ff-_TD.log,12ff12ff-,---,[],"td B3LYP/6-31g(d,p)",-4.9619958466,-0.543955563331,51,0.0002,-759.7284005,4.3580,0.15
/home/ccollins/allmols/O/opt/b3lyp/b3lyp/12ai12ai_TD.log,12ai12ai,---,[],"td B3LYP/6-31g(d,p)",-5.10267870114,-0.440008076992,43,1.4694,-537.5102116,4.5264,0.15
/home/ccollins/allmols/O/opt/b3lyp/b3lyp/4ai4ai-4ai_TD.log,4ai4ai-4ai,---,[],"td B3LYP/6-31g(d,p)",-5.83711395148,-0.703414272742,73,0.7894,-812.3392664,4.6652,0.766666666667
/home/ccollins/allmols/O/opt/b3lyp/b3lyp/4ia4ia4ia4ia_TD.log,4ia4ia4ia4ia,---,[],"td B3LYP/6-31g(d,p)",-5.72337036696,-0.834028915263,97,1.1006,-1082.7194148,4.4125,1.81666666667
/home/ccollins/allmols/O/opt/b3lyp/b3lyp/4al_TD.log,4al,---,[],"td B3LYP/6-31g(d,p)",-5.86432533534,0.0843552899613,29,1.3146,-346.7833184,5.1811,0.116666666667
/home/ccollins/allmols/O/opt/b3lyp/b3lyp/4ea4ea-4ea-4ea_TD.log,4ea4ea-4ea-4ea,---,[],"td B3LYP/6-31g(d,p)",-5.85969940009,-1.46261188239,105,1.4304,-1230.0192769,3.9576,1.81666666667
/home/ccollins/allmols/O/opt/b3lyp/b3lyp/4ff4ff4ff-4ff-_TD.log,4ff4ff4ff-4ff-,---,[],"td B3LYP/6-31g(d,p)",-5.24608269408,-1.15267422025,113,1.4111,-1527.2017894,3.5976,1.6
/home/ccollins/allmols/O/opt/b3lyp/b3lyp/4ae4ae4ae_TD.log,4ae4ae4ae,---,[],"td B3LYP/6-31g(d,p)",-5.9655516833,-1.33390203674,79,1.2352,-922.8136813,4.2108,0.883333333333
/home/ccollins/allmols/O/opt/b3lyp/b3lyp/12ef12ef_TD.log,12ef12ef,---,[],"td B3LYP/6-31g(d,p)",-5.23737505124,-1.15784438318,55,2.3568,-761.5891118,3.8468,0.233333333333
/home/ccollins/allmols/O/opt/b3lyp/b3lyp/12fa12fa-_TD.log,12fa12fa-,---,[],"td B3LYP/6-31g(d,p)",-5.00825519916,-0.613616706009,43,1.8067,-609.2994046,4.2864,0.166666666667
/home/ccollins/allmols/O/opt/b3lyp/b3lyp/4aa4aa4aa-4aa-_TD.log,4aa4aa4aa-4aa-,---,[],"td B3LYP/6-31g(d,p)",-5.43112010432,-1.53771530184,81,0.0000,-925.4414004,3.5980,0.783333333333
/home/ccollins/allmols/O/opt/b3lyp/b3lyp/12ll12ll12ll12ll_TD.log,12ll12ll12ll12ll,---,[],"td B3LYP/6-31g(d,p)",-3.96170537596,-0.580418817702,133,3.1108,-1832.6311138,3.0867,1.66666666667
/home/ccollins/allmols/O/opt/b3lyp/b3lyp/4aa4aa-4aa-4aa-_TD.log,4aa4aa-4aa-4aa-,---,[],"td B3LYP/6-31g(d,p)",-5.64282467074,-1.19974991432,81,0.0044,-925.4499285,4.0519,0.8
/home/ccollins/allmols/O/opt/b3lyp/b3lyp/12aa12aa12aa_TD.log,12aa12aa12aa,---,[],"td B3LYP/6-31g(d,p)",-4.87192616602,-1.03865852188,52,1.0512,-687.7077879,3.7127,0.233333333333
/home/ccollins/allmols/O/opt/b3lyp/b3lyp/4fa4fa4fa_TD.log,4fa4fa4fa,---,[],"td B3LYP/6-31g(d,p)",-5.45016807302,-0.90178526107,73,4.3937,-920.0415837,4.1191,0.566666666667
/home/ccollins/allmols/O/opt/b3lyp/b3lyp/4if4if4if_TD.log,4if4if4if,---,[],"td B3LYP/6-31g(d,p)",-5.4338412427,-0.568717922642,85,4.5388,-1037.9934624,4.3206,0.9
/home/ccollins/allmols/O/opt/b3lyp/b3lyp/4ei4ei4ei-4ei_TD.log,4ei4ei4ei-4ei,---,[],"td B3LYP/6-31g(d,p)",-5.95493924359,-0.997569332252,121,3.1973,-1387.2962758,4.4279,1.98333333333
/home/ccollins/allmols/O/opt/b3lyp/b3lyp/4ia4ia_TD.log,4ia4ia,---,[],"td B3LYP/6-31g(d,p)",-6.05670981922,-0.440008076992,49,0.6284,-541.9588957,5.0300,0.283333333333
/home/ccollins/allmols/O/opt/b3lyp/b3lyp/4ff4ff4ff_TD.log,4ff4ff4ff,---,[],"td B3LYP/6-31g(d,p)",-5.03927617675,-0.808722328274,85,0.6153,-1145.6890388,3.7538,0.833333333333
/home/ccollins/allmols/O/opt/b3lyp/b3lyp/4ea4ea4ea4ea_TD.log,4ea4ea4ea4ea,---,[],"td B3LYP/6-31g(d,p)",-5.86922338444,-1.45580903643,105,1.4915,-1230.0189401,3.9821,1.9
/home/ccollins/allmols/O/opt/b3lyp/b3lyp/12ei12ei-12ei12ei-_TD.log,12ei12ei-12ei12ei-,---,[],"td B3LYP/6-31g(d,p)",-4.80933998315,-1.61826099806,109,1.4058,-1378.4254145,2.9035,1.83333333333
/home/ccollins/allmols/O/opt/b3lyp/b3lyp/12aa12aa-12aa_TD.log,12aa12aa-12aa,---,[],"td B3LYP/6-31g(d,p)",-4.91872974626,-1.06995161332,52,0.6482,-687.7136328,3.7059,0.25
/home/ccollins/allmols/O/opt/b3lyp/b3lyp/4li_TD.log,4li,---,[],"td B3LYP/6-31g(d,p)",-5.66132841176,0.128165617973,33,1.1515,-386.1033149,5.0639,0.116666666667
/home/ccollins/allmols/O/opt/b3lyp/b3lyp/1111-11-11-_TD.log,1111-11-11-,---,[],"td B3LYP/6-31g(d,p)",-7.32775355925,-4.300487105,29,3.1847,-454.4363796,1.6558,0.0333333333333
/home/ccollins/allmols/O/opt/b3lyp/b3lyp/12ff12ff-12ff-12ff_TD.log,12ff12ff-12ff-12ff,---,[],"td B3LYP/6-31g(d,p)",-4.18211758521,-1.03920274956,101,0.5286,-1518.2708217,2.9810,0.883333333333
/home/ccollins/allmols/O/opt/b3lyp/b3lyp/4fe4fe-4fe-4fe_TD.log,4fe4fe-4fe-4fe,---,[],"td B3LYP/6-31g(d,p)",-5.52118978489,-1.38206618617,121,2.8320,-1530.9019482,3.6503,2.31666666667
/home/ccollins/allmols/O/opt/b3lyp/b3lyp/12ei12ei-12ei12ei_TD.log,12ei12ei-12ei12ei,---,[],"td B3LYP/6-31g(d,p)",-4.86022527097,-1.58479099592,109,1.4724,-1378.4231221,2.9933,1.71666666667
/home/ccollins/allmols/O/opt/b3lyp/b3lyp/12ef12ef12ef12ef_TD.log,12ef12ef12ef12ef,---,[],"td B3LYP/6-31g(d,p)",-4.7617200614,-1.7412564531,109,1.8067,-1522.0015891,2.7717,1.1
/home/ccollins/allmols/O/opt/b3lyp/b3lyp/111111-11_TD.log,111111-11,---,[],"td B3LYP/6-31g(d,p)",-7.10298752858,-4.06456440694,29,2.9379,-454.4404322,1.6593,0.0333333333333
/home/ccollins/allmols/O/opt/b3lyp/b3lyp/4aa4aa4aa-4aa_TD.log,4aa4aa4aa-4aa,---,[],"td B3LYP/6-31g(d,p)",-5.43112010432,-1.53798741568,81,0.0001,-925.4414003,3.5979,0.766666666667
/home/ccollins/allmols/O/opt/b3lyp/b3lyp/12al12al12al12al-_TD.log,12al12al12al12al-,---,[],"td B3LYP/6-31g(d,p)",-4.04116261682,-0.997841446091,101,5.1621,-1374.6273984,2.8807,0.95
/home/ccollins/allmols/O/opt/b3lyp/b3lyp/4ai4ai4ai4ai-_TD.log,4ai4ai4ai4ai-,---,[],"td B3LYP/6-31g(d,p)",-5.72309825312,-0.837022167487,97,1.1480,-1082.7194683,4.4099,1.65
/home/ccollins/allmols/O/opt/b3lyp/b3lyp/12il12il-12il-12il-_TD.log,12il12il-12il-12il-,---,[],"td B3LYP/6-31g(d,p)",-4.43899304884,-0.880288267822,117,1.7074,-1531.9043159,3.2460,1.96666666667
/home/ccollins/allmols/O/opt/b3lyp/b3lyp/12la12la12la12la_TD.log,12la12la12la12la,---,[],"td B3LYP/6-31g(d,p)",-4.33640613169,-0.969813720717,101,0.3491,-1374.5966194,3.0849,1.03333333333
/home/ccollins/allmols/O/opt/b3lyp/b3lyp/22-22_TD.log,22-22,---,[],"td B3LYP/6-31g(d,p)",-5.34377156213,-1.76220921868,29,0.0173,-310.8097231,3.7610,0.0666666666667
/home/ccollins/allmols/O/opt/b3lyp/b3lyp/12il12il_TD.log,12il12il,---,[],"td B3LYP/6-31g(d,p)",-5.16853025008,-0.358101811578,59,2.6151,-766.541523,4.5524,0.366666666667
/home/ccollins/allmols/O/opt/b3lyp/b3lyp/12ia12ia-12ia12ia_TD.log,12ia12ia-12ia12ia,---,[],"td B3LYP/6-31g(d,p)",-4.49123890584,-1.1156667382,85,1.4558,-1073.8399481,3.1675,0.75
/home/ccollins/allmols/O/opt/b3lyp/b3lyp/4lf4lf-4lf-4lf-_TD.log,4lf4lf-4lf-4lf-,---,[],"td B3LYP/6-31g(d,p)",-4.81206112154,-0.867498917409,129,6.8214,-1684.4093265,3.4594,1.35
/home/ccollins/allmols/O/opt/b3lyp/b3lyp/4ii4ii_TD.log,4ii4ii,---,[],"td B3LYP/6-31g(d,p)",-6.10895567623,0.065579435099,57,0.1611,-620.5978704,5.2463,0.433333333333
/home/ccollins/allmols/O/opt/b3lyp/b3lyp/4if4if-4if4if-_TD.log,4if4if-4if4if-,---,[],"td B3LYP/6-31g(d,p)",-5.52227824024,-0.625861828745,113,2.4207,-1383.5995712,4.2929,2.33333333333
/home/ccollins/allmols/O/opt/b3lyp/b3lyp/4fe4fe-4fe_TD.log,4fe4fe-4fe,---,[],"td B3LYP/6-31g(d,p)",-5.63302857255,-1.10260527395,91,2.3232,-1148.474757,3.9490,1.21666666667
/home/ccollins/allmols/O/opt/b3lyp/b3lyp/12lf12lf12lf12lf-_TD.log,12lf12lf12lf12lf-,---,[],"td B3LYP/6-31g(d,p)",-4.22674425474,-0.863689323669,117,2.4498,-1675.4232289,3.0954,2.05
/home/ccollins/allmols/O/opt/b3lyp/b3lyp/12ll_TD.log,12ll,---,[],"td B3LYP/6-31g(d,p)",-5.48663132739,0.792395497959,34,2.5136,-459.059826,5.9815,0.1
/home/ccollins/allmols/O/opt/b3lyp/b3lyp/1111_TD.log,1111,---,[],"td B3LYP/6-31g(d,p)",-7.25509916435,-3.13992158343,15,3.2509,-227.8146323,2.4571,0.0
/home/ccollins/allmols/O/opt/b3lyp/b3lyp/12ai12ai12ai12ai_TD.log,12ai12ai12ai12ai,---,[],"td B3LYP/6-31g(d,p)",-4.42729215378,-1.0917207204,85,1.4674,-1073.834137,3.1465,0.733333333333
/home/ccollins/allmols/O/opt/b3lyp/b3lyp/4ai4ai-_TD.log,4ai4ai-,---,[],"td B3LYP/6-31g(d,p)",-6.05153965629,-0.447355150634,49,0.4646,-541.9589215,5.0348,0.216666666667
/home/ccollins/allmols/O/opt/b3lyp/b3lyp/4fi4fi_TD.log,4fi4fi,---,[],"td B3LYP/6-31g(d,p)",-5.57153084503,-0.313203028211,57,2.8744,-692.3957873,4.6205,0.45
/home/ccollins/allmols/O/opt/b3lyp/b3lyp/12aa12aa_TD.log,12aa12aa,---,[],"td B3LYP/6-31g(d,p)",-5.25615090611,-0.616337844395,35,0.9796,-458.8672364,4.5575,0.0666666666667
/home/ccollins/allmols/O/opt/b3lyp/b3lyp/12ll12ll-12ll-12ll_TD.log,12ll12ll-12ll-12ll,---,[],"td B3LYP/6-31g(d,p)",-4.49613695494,-0.925187051189,133,2.3125,-1832.6804825,3.2578,1.85
/home/ccollins/allmols/O/opt/b3lyp/b3lyp/12li12li-_TD.log,12li12li-,---,[],"td B3LYP/6-31g(d,p)",-4.92009031545,-0.375244983409,59,1.4673,-766.5478452,4.3854,0.316666666667
/home/ccollins/allmols/O/opt/b3lyp/b3lyp/12fa_TD.log,12fa,---,[],"td B3LYP/6-31g(d,p)",-5.67520621753,0.537424831205,22,2.0576,-305.2386079,5.9028,0.0166666666667
/home/ccollins/allmols/O/opt/b3lyp/b3lyp/4ee4ee_TD.log,4ee4ee,---,[],"td B3LYP/6-31g(d,p)",-6.06351266519,-1.58996115885,65,0.0966,-767.8956838,4.0421,0.45
/home/ccollins/allmols/O/opt/b3lyp/b3lyp/1111-1111-_TD.log,1111-1111-,---,[],"td B3LYP/6-31g(d,p)",-7.12611720486,-3.61612080095,29,0.3781,-454.4455676,2.1185,0.0333333333333
/home/ccollins/allmols/O/opt/b3lyp/b3lyp/12ei12ei-12ei_TD.log,12ei12ei-12ei,---,[],"td B3LYP/6-31g(d,p)",-4.96281218811,-1.43104667712,82,1.2046,-1034.1151826,3.2811,0.766666666667
/home/ccollins/allmols/O/opt/b3lyp/b3lyp/12ai_TD.log,12ai,---,[],"td B3LYP/6-31g(d,p)",-5.95330656056,0.650624188057,22,0.9312,-269.3489664,6.4264,0.0333333333333
/home/ccollins/allmols/O/opt/b3lyp/b3lyp/4ii4ii4ii4ii_TD.log,4ii4ii4ii4ii,---,[],"td B3LYP/6-31g(d,p)",-6.07684624328,-0.0356469128546,113,0.0594,-1239.995511,5.1780,2.01666666667
/home/ccollins/allmols/O/opt/b3lyp/b3lyp/4ff4ff-4ff_TD.log,4ff4ff-4ff,---,[],"td B3LYP/6-31g(d,p)",-5.15900626573,-0.918656319063,85,0.0007,-1145.7031101,3.7092,0.783333333333
/home/ccollins/allmols/O/opt/b3lyp/b3lyp/4ei4ei-_TD.log,4ei4ei-,---,[],"td B3LYP/6-31g(d,p)",-6.01181103586,-0.880016153984,61,1.4999,-694.2482783,4.5002,0.533333333333
/home/ccollins/allmols/O/opt/b3lyp/b3lyp/4ea4ea-4ea-4ea-_TD.log,4ea4ea-4ea-4ea-,---,[],"td B3LYP/6-31g(d,p)",-5.87031183979,-1.45798594714,105,1.2819,-1230.0191356,3.9779,1.83333333333
/home/ccollins/allmols/O/opt/b3lyp/b3lyp/12fl12fl-12fl_TD.log,12fl12fl-12fl,---,[],"td B3LYP/6-31g(d,p)",-4.21259433513,-0.623140690359,88,6.0362,-1256.8764232,3.4392,0.65
/home/ccollins/allmols/O/opt/b3lyp/b3lyp/4ea_TD.log,4ea,---,[],"td B3LYP/6-31g(d,p)",-6.29589788334,-0.795932977861,27,0.6282,-308.4034341,5.0587,0.0666666666667
/home/ccollins/allmols/O/opt/b3lyp/b3lyp/222-2_TD.log,222-2,---,[],"td B3LYP/6-31g(d,p)",-5.34377156213,-1.76193710484,29,0.0172,-310.8097231,3.7611,0.0666666666667
/home/ccollins/allmols/O/opt/b3lyp/b3lyp/12ff12ff-12ff_TD.log,12ff12ff-12ff,---,[],"td B3LYP/6-31g(d,p)",-4.40824418508,-0.782871513609,76,3.0415,-1138.9967902,3.5027,0.35
/home/ccollins/allmols/O/opt/b3lyp/b3lyp/12ll12ll12ll-12ll-_TD.log,12ll12ll12ll-12ll-,---,[],"td B3LYP/6-31g(d,p)",-3.77013723359,-0.50966921967,133,0.0023,-1832.6454721,3.0308,1.28333333333
/home/ccollins/allmols/O/opt/b3lyp/b3lyp/12if12if-12if12if_TD.log,12if12if-12if12if,---,[],"td B3LYP/6-31g(d,p)",-4.33912727008,-0.97117428991,101,2.3229,-1374.6957891,3.1373,1.21666666667
/home/ccollins/allmols/O/opt/b3lyp/b3lyp/12if12if-12if-12if_TD.log,12if12if-12if-12if,---,[],"td B3LYP/6-31g(d,p)",-4.19762807401,-0.968725265362,101,3.2109,-1374.6962629,2.9726,1.33333333333
/home/ccollins/allmols/O/opt/b3lyp/b3lyp/4ia4ia-4ia4ia-_TD.log,4ia4ia-4ia4ia-,---,[],"td B3LYP/6-31g(d,p)",-5.72282613928,-0.848178834869,97,1.0584,-1082.7196687,4.3934,1.95
/home/ccollins/allmols/O/opt/b3lyp/b3lyp/4af4af-4af_TD.log,4af4af-4af,---,[],"td B3LYP/6-31g(d,p)",-5.5184686465,-0.891989162881,73,2.4503,-920.0447997,4.1191,0.566666666667
/home/ccollins/allmols/O/opt/b3lyp/b3lyp/12ff12ff12ff-12ff-_TD.log,12ff12ff12ff-12ff-,---,[],"td B3LYP/6-31g(d,p)",-4.39001255789,-1.26560146326,101,0.0005,-1518.2810923,3.0086,0.633333333333
/home/ccollins/allmols/O/opt/b3lyp/b3lyp/4fe4fe-4fe4fe_TD.log,4fe4fe-4fe4fe,---,[],"td B3LYP/6-31g(d,p)",-5.52908108621,-1.14777617115,121,2.5251,-1530.89831,3.8618,2.56666666667
/home/ccollins/allmols/O/opt/b3lyp/b3lyp/4aa4aa-4aa4aa-_TD.log,4aa4aa-4aa4aa-,---,[],"td B3LYP/6-31g(d,p)",-5.6496275167,-1.21253926473,81,0.0000,-925.4499939,4.0443,0.766666666667
/home/ccollins/allmols/O/opt/b3lyp/b3lyp/12fi12fi-_TD.log,12fi12fi-,---,[],"td B3LYP/6-31g(d,p)",-4.85532722187,-0.429667751126,51,1.8079,-687.9439769,4.3011,0.216666666667
/home/ccollins/allmols/O/opt/b3lyp/b3lyp/12lf12lf-12lf-12lf_TD.log,12lf12lf-12lf-12lf,---,[],"td B3LYP/6-31g(d,p)",-4.00633204549,-0.921649571287,117,5.7315,-1675.4446643,2.8975,1.33333333333
/home/ccollins/allmols/O/opt/b3lyp/b3lyp/4ie4ie-4ie4ie_TD.log,4ie4ie-4ie4ie,---,[],"td B3LYP/6-31g(d,p)",-5.9486806253,-1.01797787015,121,2.8967,-1387.2964225,4.4106,2.06666666667
/home/ccollins/allmols/O/opt/b3lyp/b3lyp/12ee12ee-12ee_TD.log,12ee12ee-12ee,---,[],"td B3LYP/6-31g(d,p)",-5.31982554434,-1.92221215576,88,0.0424,-1144.5776039,3.1154,0.85
/home/ccollins/allmols/O/opt/b3lyp/b3lyp/12af12af12af12af_TD.log,12af12af12af12af,---,[],"td B3LYP/6-31g(d,p)",-4.51708972051,-1.24818617759,85,1.1631,-1217.396565,3.0868,0.533333333333
/home/ccollins/allmols/O/opt/b3lyp/b3lyp/4ef4ef-4ef4ef-_TD.log,4ef4ef-4ef4ef-,---,[],"td B3LYP/6-31g(d,p)",-5.55602035623,-1.12464649487,121,2.7082,-1530.898004,3.8704,2.76666666667
/home/ccollins/allmols/O/opt/b3lyp/b3lyp/4ie4ie-4ie-4ie-_TD.log,4ie4ie-4ie-4ie-,---,[],"td B3LYP/6-31g(d,p)",-5.94895273914,-1.01716152863,121,2.9037,-1387.2964178,4.4113,2.06666666667
/home/ccollins/allmols/O/opt/b3lyp/b3lyp/4fe4fe4fe4fe_TD.log,4fe4fe4fe4fe,---,[],"td B3LYP/6-31g(d,p)",-5.48363807516,-1.21743731383,121,4.6844,-1530.8951572,3.8046,2.36666666667
/home/ccollins/allmols/O/opt/b3lyp/b3lyp/12ea_TD.log,12ea,---,[],"td B3LYP/6-31g(d,p)",-6.13262958019,-0.243541885533,24,0.4259,-306.1730886,5.7088,0.0333333333333
/home/ccollins/allmols/O/opt/b3lyp/b3lyp/4ff4ff-4ff-4ff-_TD.log,4ff4ff-4ff-4ff-,---,[],"td B3LYP/6-31g(d,p)",-5.38812611782,-1.22260747676,113,1.1274,-1527.2087748,3.6293,1.76666666667
/home/ccollins/allmols/O/opt/b3lyp/b3lyp/4ea4ea4ea-4ea_TD.log,4ea4ea4ea-4ea,---,[],"td B3LYP/6-31g(d,p)",-5.85942728625,-1.45145521501,105,1.6806,-1230.0192761,3.9595,1.9
/home/ccollins/allmols/O/opt/b3lyp/b3lyp/4li4li-4li-4li-_TD.log,4li4li-4li-4li-,---,[],"td B3LYP/6-31g(d,p)",-5.32826107333,-0.404905391814,129,3.1880,-1540.8106237,4.3671,2.03333333333
/home/ccollins/allmols/O/opt/b3lyp/b3lyp/12ii12ii12ii_TD.log,12ii12ii12ii,---,[],"td B3LYP/6-31g(d,p)",-4.90784519272,-0.423409132838,76,2.0547,-923.6327136,4.1085,0.683333333333
/home/ccollins/allmols/O/opt/b3lyp/b3lyp/12ia12ia_TD.log,12ia12ia,---,[],"td B3LYP/6-31g(d,p)",-5.10240658731,-0.440008076992,43,1.4695,-537.5102117,4.5262,0.166666666667
/home/ccollins/allmols/O/opt/b3lyp/b3lyp/12fe12fe12fe-12fe_TD.log,12fe12fe12fe-12fe,---,[],"td B3LYP/6-31g(d,p)",-4.6686571286,-1.73363726562,109,5.9205,-1521.9977507,2.7170,1.2
/home/ccollins/allmols/O/opt/b3lyp/b3lyp/12ae12ae_TD.log,12ae12ae,---,[],"td B3LYP/6-31g(d,p)",-5.47465831849,-1.23702951021,47,0.6350,-611.1600606,4.0719,0.15
/home/ccollins/allmols/O/opt/b3lyp/b3lyp/12le_TD.log,12le,---,[],"td B3LYP/6-31g(d,p)",-5.96255843107,-0.174424970533,32,1.5644,-420.6917782,5.2240,0.0833333333333
/home/ccollins/allmols/O/opt/b3lyp/b3lyp/4ae_TD.log,4ae,---,[],"td B3LYP/6-31g(d,p)",-6.29616999718,-0.795932977861,27,0.6283,-308.403434,5.0587,0.05
/home/ccollins/allmols/O/opt/b3lyp/b3lyp/4ia4ia-4ia-4ia_TD.log,4ia4ia-4ia-4ia,---,[],"td B3LYP/6-31g(d,p)",-5.72554727767,-0.839471192034,97,1.0506,-1082.7195463,4.4068,1.88333333333
/home/ccollins/allmols/O/opt/b3lyp/b3lyp/4ea4ea4ea4ea-_TD.log,4ea4ea4ea4ea-,---,[],"td B3LYP/6-31g(d,p)",-5.8640532215,-1.45254367037,105,1.6468,-1230.0190655,3.9732,1.78333333333
/home/ccollins/allmols/O/opt/b3lyp/b3lyp/4fa4fa-4fa-4fa_TD.log,4fa4fa-4fa-4fa,---,[],"td B3LYP/6-31g(d,p)",-5.4458142516,-1.0952582003,97,2.7459,-1226.3296513,3.8543,1.3
/home/ccollins/allmols/O/opt/b3lyp/b3lyp/4ei4ei4ei_TD.log,4ei4ei4ei,---,[],"td B3LYP/6-31g(d,p)",-5.97181030158,-0.979881932744,91,1.9851,-1040.7723906,4.4349,1.56666666667
/home/ccollins/allmols/O/opt/b3lyp/b3lyp/12af12af12af-12af-_TD.log,12af12af12af-12af-,---,[],"td B3LYP/6-31g(d,p)",-4.4422584149,-1.29009170873,85,3.6933,-1217.4089991,2.9949,0.6
/home/ccollins/allmols/O/opt/b3lyp/b3lyp/4ea4ea4ea-4ea-_TD.log,4ea4ea4ea-4ea-,---,[],"td B3LYP/6-31g(d,p)",-5.86242053847,-1.46016285785,105,1.4411,-1230.0191567,3.9603,1.95
/home/ccollins/allmols/O/opt/b3lyp/b3lyp/12li12li-12li12li_TD.log,12li12li-12li12li,---,[],"td B3LYP/6-31g(d,p)",-4.3802164597,-1.0775708008,117,1.2773,-1531.9089063,3.0713,2.01666666667
/home/ccollins/allmols/O/opt/b3lyp/b3lyp/12ee12ee12ee_TD.log,12ee12ee12ee,---,[],"td B3LYP/6-31g(d,p)",-5.27982481006,-1.98697524935,88,0.1882,-1144.565873,3.0723,0.816666666667
/home/ccollins/allmols/O/opt/b3lyp/b3lyp/4ie4ie-_TD.log,4ie4ie-,---,[],"td B3LYP/6-31g(d,p)",-6.0120831497,-0.879199812468,61,1.5001,-694.2482782,4.5010,0.633333333333
/home/ccollins/allmols/O/opt/b3lyp/b3lyp/12fi12fi-12fi-12fi-_TD.log,12fi12fi-12fi-12fi-,---,[],"td B3LYP/6-31g(d,p)",-4.63954094787,-0.993215510835,101,1.5718,-1374.6967309,3.3329,1.01666666667
/home/ccollins/allmols/O/opt/b3lyp/b3lyp/12ae12ae12ae12ae-_TD.log,12ae12ae12ae12ae-,---,[],"td B3LYP/6-31g(d,p)",-4.99138414116,-1.84112223187,93,0.8154,-1221.1356633,2.9307,0.916666666667
/home/ccollins/allmols/O/opt/b3lyp/b3lyp/12ii12ii12ii12ii-_TD.log,12ii12ii12ii12ii-,---,[],"td B3LYP/6-31g(d,p)",-4.63028907736,-0.651984757249,101,1.5056,-1231.1182628,3.5931,1.41666666667
/home/ccollins/allmols/O/opt/b3lyp/b3lyp/12li12li12li12li_TD.log,12li12li12li12li,---,[],"td B3LYP/6-31g(d,p)",-4.3802164597,-1.07729868696,117,1.2765,-1531.9089062,3.0715,1.83333333333
/home/ccollins/allmols/O/opt/b3lyp/b3lyp/12al12al12al-12al_TD.log,12al12al12al-12al,---,[],"td B3LYP/6-31g(d,p)",-4.14864758307,-1.02804608217,101,6.1114,-1374.6217103,2.9293,0.9
/home/ccollins/allmols/O/opt/b3lyp/b3lyp/4ai4ai4ai_TD.log,4ai4ai4ai,---,[],"td B3LYP/6-31g(d,p)",-5.82867842249,-0.708040207998,73,0.8884,-812.3391514,4.6575,0.75
/home/ccollins/allmols/O/opt/b3lyp/b3lyp/12ie12ie12ie-12ie-_TD.log,12ie12ie12ie-12ie-,---,[],"td B3LYP/6-31g(d,p)",-4.91981820162,-1.52764708982,109,1.2002,-1378.4199619,3.0929,1.88333333333
/home/ccollins/allmols/O/opt/b3lyp/b3lyp/12fl12fl12fl12fl-_TD.log,12fl12fl12fl12fl-,---,[],"td B3LYP/6-31g(d,p)",-3.90673838056,-0.823960703235,117,5.8124,-1675.4435893,2.9078,1.25
/home/ccollins/allmols/O/opt/b3lyp/b3lyp/12aa12aa-_TD.log,12aa12aa-,---,[],"td B3LYP/6-31g(d,p)",-5.268123915,-0.6114397953,35,0.0001,-458.8700505,4.5646,0.0666666666667
/home/ccollins/allmols/O/opt/b3lyp/b3lyp/12ie12ie-12ie12ie_TD.log,12ie12ie-12ie12ie,---,[],"td B3LYP/6-31g(d,p)",-4.844986896,-1.5839746544,109,1.2412,-1378.4223327,2.9700,1.83333333333
/home/ccollins/allmols/O/opt/b3lyp/b3lyp/4aa4aa4aa4aa_TD.log,4aa4aa4aa4aa,---,[],"td B3LYP/6-31g(d,p)",-5.43112010432,-1.53798741568,81,0.0001,-925.4414001,3.5980,0.716666666667
/home/ccollins/allmols/O/opt/b3lyp/b3lyp/12il12il12il-12il_TD.log,12il12il12il-12il,---,[],"td B3LYP/6-31g(d,p)",-4.42647581226,-1.03484892814,117,1.4598,-1531.9066909,3.1482,1.83333333333
/home/ccollins/allmols/O/opt/b3lyp/b3lyp/12el12el-12el-12el-_TD.log,12el12el-12el-12el-,---,[],"td B3LYP/6-31g(d,p)",-4.77124404575,-1.40220261023,125,4.3559,-1679.1918774,3.0378,2.21666666667
/home/ccollins/allmols/O/opt/b3lyp/b3lyp/12ia12ia12ia-12ia-_TD.log,12ia12ia12ia-12ia-,---,[],"td B3LYP/6-31g(d,p)",-4.46076215592,-1.09498608647,85,0.0922,-1073.8380295,3.1701,0.766666666667
/home/ccollins/allmols/O/opt/b3lyp/b3lyp/2222_TD.log,2222,---,[],"td B3LYP/6-31g(d,p)",-5.37778579195,-1.59077750037,29,0.0006,-310.8215754,4.1317,0.05
/home/ccollins/allmols/O/opt/b3lyp/b3lyp/4ai4ai_TD.log,4ai4ai,---,[],"td B3LYP/6-31g(d,p)",-6.05643770538,-0.44028019083,49,0.6281,-541.9588956,5.0295,0.266666666667
/home/ccollins/allmols/O/opt/b3lyp/b3lyp/12ia12ia12ia12ia-_TD.log,12ia12ia12ia12ia-,---,[],"td B3LYP/6-31g(d,p)",-4.44987760238,-1.10614275385,85,1.4035,-1073.8378335,3.1383,0.8
/home/ccollins/allmols/O/opt/b3lyp/b3lyp/12ia_TD.log,12ia,---,[],"td B3LYP/6-31g(d,p)",-5.95330656056,0.650624188057,22,0.9313,-269.3489664,6.4264,0.0333333333333
/home/ccollins/allmols/O/opt/b3lyp/b3lyp/4ie4ie4ie4ie-_TD.log,4ie4ie4ie4ie-,---,[],"td B3LYP/6-31g(d,p)",-5.94813639763,-1.045189254,121,2.9235,-1387.2964657,4.4022,1.95
/home/ccollins/allmols/O/opt/b3lyp/b3lyp/12li12li-12li-12li-_TD.log,12li12li-12li-12li-,---,[],"td B3LYP/6-31g(d,p)",-4.47763321391,-0.933350466346,117,1.9658,-1531.9040526,3.2432,1.93333333333
/home/ccollins/allmols/O/opt/b3lyp/b3lyp/4ie4ie-4ie-4ie_TD.log,4ie4ie-4ie-4ie,---,[],"td B3LYP/6-31g(d,p)",-5.95112964985,-1.03348835895,121,2.9565,-1387.2964544,4.4075,2.11666666667
/home/ccollins/allmols/O/opt/b3lyp/b3lyp/12al12al-12al12al_TD.log,12al12al-12al12al,---,[],"td B3LYP/6-31g(d,p)",-4.15681099822,-1.02859030985,101,5.7274,-1374.6225388,2.9285,0.95
/home/ccollins/allmols/O/opt/b3lyp/b3lyp/12fa12fa_TD.log,12fa12fa,---,[],"td B3LYP/6-31g(d,p)",-4.82430624427,-0.441912873862,43,4.0547,-609.2923003,4.2848,0.133333333333
/home/ccollins/allmols/O/opt/b3lyp/b3lyp/4ef4ef4ef-4ef_TD.log,4ef4ef4ef-4ef,---,[],"td B3LYP/6-31g(d,p)",-5.51955710186,-1.08845535434,121,3.5951,-1530.8982615,3.8900,2.63333333333
/home/ccollins/allmols/O/opt/b3lyp/b3lyp/4fe4fe4fe4fe-_TD.log,4fe4fe4fe4fe-,---,[],"td B3LYP/6-31g(d,p)",-5.64636215064,-1.37009317728,121,3.0497,-1530.8993152,3.7893,2.65
/home/ccollins/allmols/O/opt/b3lyp/b3lyp/4ie_TD.log,4ie,---,[],"td B3LYP/6-31g(d,p)",-6.08963559369,-0.693073946876,31,1.1221,-347.7243856,4.9894,0.0833333333333
/home/ccollins/allmols/O/opt/b3lyp/b3lyp/12ll12ll-12ll_TD.log,12ll12ll-12ll,---,[],"td B3LYP/6-31g(d,p)",-4.78376128232,-0.577969793154,100,2.5428,-1374.8066545,3.8752,1.13333333333
/home/ccollins/allmols/O/opt/b3lyp/b3lyp/12ie12ie-12ie12ie-_TD.log,12ie12ie-12ie12ie-,---,[],"td B3LYP/6-31g(d,p)",-4.80961209699,-1.61798888423,109,1.4040,-1378.4254154,2.9040,1.91666666667
/home/ccollins/allmols/O/opt/b3lyp/b3lyp/12if12if12if-12if_TD.log,12if12if12if-12if,---,[],"td B3LYP/6-31g(d,p)",-4.38620296415,-1.03838640804,101,1.4200,-1374.6961013,3.1138,1.11666666667
/home/ccollins/allmols/O/opt/b3lyp/b3lyp/12fi12fi-12fi12fi-_TD.log,12fi12fi-12fi12fi-,---,[],"td B3LYP/6-31g(d,p)",-4.26864978588,-1.10124470475,101,4.2595,-1374.7042746,2.9723,1.05
/home/ccollins/allmols/O/opt/b3lyp/b3lyp/12ai12ai12ai-12ai_TD.log,12ai12ai12ai-12ai,---,[],"td B3LYP/6-31g(d,p)",-4.49151101968,-1.11539462436,85,1.4557,-1073.8399481,3.1677,0.75
/home/ccollins/allmols/O/opt/b3lyp/b3lyp/12ef12ef12ef-12ef_TD.log,12ef12ef12ef-12ef,---,[],"td B3LYP/6-31g(d,p)",-4.73178753915,-1.77391011374,109,1.6945,-1522.0018886,2.7017,1.18333333333
/home/ccollins/allmols/O/opt/b3lyp/b3lyp/4af4af4af-4af-_TD.log,4af4af4af-4af-,---,[],"td B3LYP/6-31g(d,p)",-5.30295448634,-0.969269493039,97,2.4566,-1226.3260249,3.8687,1.35
/home/ccollins/allmols/O/opt/b3lyp/b3lyp/12ii12ii12ii12ii_TD.log,12ii12ii12ii12ii,---,[],"td B3LYP/6-31g(d,p)",-4.78974778677,-0.546676701717,101,1.7946,-1231.1135535,3.8011,1.41666666667
/home/ccollins/allmols/O/opt/b3lyp/b3lyp/4fi4fi-4fi4fi-_TD.log,4fi4fi-4fi4fi-,---,[],"td B3LYP/6-31g(d,p)",-5.62404881587,-0.744503462368,113,2.6392,-1383.6038777,4.2983,2.63333333333
/home/ccollins/allmols/O/opt/b3lyp/b3lyp/4ef4ef-4ef_TD.log,4ef4ef-4ef,---,[],"td B3LYP/6-31g(d,p)",-5.62676995426,-1.12301381184,91,1.8776,-1148.4747058,3.9333,1.08333333333
/home/ccollins/allmols/O/opt/b3lyp/b3lyp/12ff12ff-12ff-12ff-_TD.log,12ff12ff-12ff-12ff-,---,[],"td B3LYP/6-31g(d,p)",-4.33749458704,-1.21879788302,101,4.5674,-1518.2806918,2.9843,0.633333333333
/home/ccollins/allmols/O/opt/b3lyp/b3lyp/4ff4ff_TD.log,4ff4ff,---,[],"td B3LYP/6-31g(d,p)",-5.19764643081,-0.557017027583,57,0.3260,-764.1920563,4.1137,0.316666666667
/home/ccollins/allmols/O/opt/b3lyp/b3lyp/12ll12ll12ll12ll-_TD.log,12ll12ll12ll12ll-,---,[],"td B3LYP/6-31g(d,p)",-4.4887898813,-0.646814594316,133,4.1772,-1832.6770682,3.4615,1.71666666667
/home/ccollins/allmols/O/opt/b3lyp/b3lyp/12la_TD.log,12la,---,[],"td B3LYP/6-31g(d,p)",-5.72309825312,0.635930040773,26,1.0241,-344.5466862,5.9947,0.05
/home/ccollins/allmols/O/opt/b3lyp/b3lyp/12if12if12if_TD.log,12if12if12if,---,[],"td B3LYP/6-31g(d,p)",-4.90457982665,-0.604909063174,76,1.8002,-1031.313154,3.9335,0.65
/home/ccollins/allmols/O/opt/b3lyp/b3lyp/4ei4ei4ei-4ei-_TD.log,4ei4ei4ei-4ei-,---,[],"td B3LYP/6-31g(d,p)",-5.94840851147,-1.02342014692,121,2.9186,-1387.2964252,4.4097,1.86666666667
/home/ccollins/allmols/O/opt/b3lyp/b3lyp/12ea12ea_TD.log,12ea12ea,---,[],"td B3LYP/6-31g(d,p)",-5.47465831849,-1.23702951021,47,0.6350,-611.1600606,4.0718,0.15
/home/ccollins/allmols/O/opt/b3lyp/b3lyp/12ll12ll12ll_TD.log,12ll12ll12ll,---,[],"td B3LYP/6-31g(d,p)",-4.2003492124,-0.43647059709,100,4.3498,-1374.7741394,3.5532,0.966666666667
/home/ccollins/allmols/O/opt/b3lyp/b3lyp/4fl_TD.log,4fl,---,[],"td B3LYP/6-31g(d,p)",-5.36145896164,-0.00680284596462,33,2.4961,-422.0008586,4.7733,0.0833333333333
/home/ccollins/allmols/O/opt/b3lyp/b3lyp/4ie4ie4ie-4ie_TD.log,4ie4ie4ie-4ie,---,[],"td B3LYP/6-31g(d,p)",-5.95493924359,-0.997025104575,121,3.1962,-1387.2962756,4.4283,2.06666666667
/home/ccollins/allmols/O/opt/b3lyp/b3lyp/4ee4ee4ee4ee_TD.log,4ee4ee4ee4ee,---,[],"td B3LYP/6-31g(d,p)",-5.94677582843,-1.76928417848,129,0.2270,-1534.5900463,3.7732,4.16666666667
/home/ccollins/allmols/O/opt/b3lyp/b3lyp/12ei12ei12ei-12ei-_TD.log,12ei12ei12ei-12ei-,---,[],"td B3LYP/6-31g(d,p)",-4.91981820162,-1.52764708982,109,1.2004,-1378.4199619,3.0930,1.7
/home/ccollins/allmols/O/opt/b3lyp/b3lyp/12ae12ae-12ae-12ae_TD.log,12ae12ae-12ae-12ae,---,[],"td B3LYP/6-31g(d,p)",-5.00090812551,-1.83976166267,93,0.7857,-1221.1353271,2.8930,0.933333333333
/home/ccollins/allmols/O/opt/b3lyp/b3lyp/12fl12fl-12fl12fl-_TD.log,12fl12fl-12fl12fl-,---,[],"td B3LYP/6-31g(d,p)",-4.09585749838,-0.943418678374,117,6.7635,-1675.4486083,2.9744,1.58333333333
/home/ccollins/allmols/O/opt/b3lyp/b3lyp/12ie12ie12ie_TD.log,12ie12ie12ie,---,[],"td B3LYP/6-31g(d,p)",-5.21859919638,-1.25471690972,82,1.1746,-1034.1096075,3.6263,0.85
/home/ccollins/allmols/O/opt/b3lyp/b3lyp/1111-1111_TD.log,1111-1111,---,[],"td B3LYP/6-31g(d,p)",-7.10271541474,-4.06538074846,29,2.9383,-454.4404322,1.6584,0.0333333333333
/home/ccollins/allmols/O/opt/b3lyp/b3lyp/12il12il12il-12il-_TD.log,12il12il12il-12il-,---,[],"td B3LYP/6-31g(d,p)",-4.43273443055,-1.03022299288,117,1.1518,-1531.9070699,3.1585,1.83333333333
/home/ccollins/allmols/O/opt/b3lyp/b3lyp/12al12al12al12al_TD.log,12al12al12al12al,---,[],"td B3LYP/6-31g(d,p)",-3.99789651649,-0.986684778709,101,5.8772,-1374.625829,2.8625,0.883333333333
/home/ccollins/allmols/O/opt/b3lyp/b3lyp/4fi4fi4fi-4fi-_TD.log,4fi4fi4fi-4fi-,---,[],"td B3LYP/6-31g(d,p)",-5.6235045882,-0.908588107035,113,2.3658,-1383.6009687,4.1698,2.33333333333
/home/ccollins/allmols/O/opt/b3lyp/b3lyp/4fi4fi4fi-4fi_TD.log,4fi4fi4fi-4fi,---,[],"td B3LYP/6-31g(d,p)",-5.54921751026,-0.691713377683,113,3.6366,-1383.5981131,4.2641,2.51666666667
/home/ccollins/allmols/O/opt/b3lyp/b3lyp/12af_TD.log,12af,---,[],"td B3LYP/6-31g(d,p)",-5.75520768607,0.582323614572,22,0.9581,-305.2391756,6.0187,0.0333333333333
/home/ccollins/allmols/O/opt/b3lyp/b3lyp/12af12af12af12af-_TD.log,12af12af12af12af-,---,[],"td B3LYP/6-31g(d,p)",-4.53532134769,-1.32437805239,85,1.6474,-1217.4056684,3.0344,0.5
/home/ccollins/allmols/O/opt/b3lyp/b3lyp/4le4le-_TD.log,4le4le-,---,[],"td B3LYP/6-31g(d,p)",-5.5805106017,-0.638651179159,69,2.3141,-844.6571499,4.3473,0.566666666667
/home/ccollins/allmols/O/opt/b3lyp/b3lyp/4af4af-4af-4af_TD.log,4af4af-4af-4af,---,[],"td B3LYP/6-31g(d,p)",-5.44608636544,-1.09580242798,97,2.7467,-1226.3296512,3.8542,1.2
/home/ccollins/allmols/O/opt/b3lyp/b3lyp/12al12al_TD.log,12al12al,---,[],"td B3LYP/6-31g(d,p)",-4.70620883833,-0.420143766775,51,3.9158,-687.9039526,4.1851,0.2
/home/ccollins/allmols/O/opt/b3lyp/b3lyp/12ee12ee-_TD.log,12ee12ee-,---,[],"td B3LYP/6-31g(d,p)",-5.56717702361,-1.64710506495,59,0.0001,-763.4476913,3.7478,0.266666666667
/home/ccollins/allmols/O/opt/b3lyp/b3lyp/12fe12fe12fe-12fe-_TD.log,12fe12fe12fe-12fe-,---,[],"td B3LYP/6-31g(d,p)",-4.78512185152,-1.85010198854,109,2.6335,-1522.0016962,2.7141,1.11666666667
/home/ccollins/allmols/O/opt/b3lyp/b3lyp/4ia4ia4ia-4ia_TD.log,4ia4ia4ia-4ia,---,[],"td B3LYP/6-31g(d,p)",-5.72445882231,-0.84409712729,97,1.0783,-1082.7196333,4.3981,1.73333333333
/home/ccollins/allmols/O/opt/b3lyp/b3lyp/12ae12ae-_TD.log,12ae12ae-,---,[],"td B3LYP/6-31g(d,p)",-5.46459010646,-1.22124690757,47,0.5597,-611.1598349,4.0901,0.15
/home/ccollins/allmols/O/opt/b3lyp/b3lyp/12ie12ie12ie-12ie_TD.log,12ie12ie12ie-12ie,---,[],"td B3LYP/6-31g(d,p)",-4.86022527097,-1.58479099592,109,1.4724,-1378.4231221,2.9933,1.8
/home/ccollins/allmols/O/opt/b3lyp/b3lyp/4ei4ei4ei4ei-_TD.log,4ei4ei4ei4ei-,---,[],"td B3LYP/6-31g(d,p)",-5.96664013865,-0.998929901445,121,2.6120,-1387.2945454,4.4486,2.13333333333
/home/ccollins/allmols/O/opt/b3lyp/b3lyp/12ef12ef-12ef-12ef-_TD.log,12ef12ef-12ef-12ef-,---,[],"td B3LYP/6-31g(d,p)",-4.69097046337,-1.80765222972,109,4.5915,-1521.9973411,2.6339,1.18333333333
/home/ccollins/allmols/O/opt/b3lyp/b3lyp/12fi12fi-12fi12fi_TD.log,12fi12fi-12fi12fi,---,[],"td B3LYP/6-31g(d,p)",-4.13694668801,-0.891989162881,101,6.9562,-1374.6953703,3.0397,1.13333333333
/home/ccollins/allmols/O/opt/b3lyp/b3lyp/12fa12fa-12fa-12fa-_TD.log,12fa12fa-12fa-12fa-,---,[],"td B3LYP/6-31g(d,p)",-4.53532134769,-1.32437805239,85,1.6474,-1217.4056684,3.0344,0.55
/home/ccollins/allmols/O/opt/b3lyp/b3lyp/12ll12ll-12ll-12ll-_TD.log,12ll12ll-12ll-12ll-,---,[],"td B3LYP/6-31g(d,p)",-4.47926589695,-0.632936788549,133,3.7096,-1832.6773809,3.4605,1.4
/home/ccollins/allmols/O/opt/b3lyp/b3lyp/4ef4ef4ef-4ef-_TD.log,4ef4ef4ef-4ef-,---,[],"td B3LYP/6-31g(d,p)",-5.46186896808,-1.07294486554,121,3.3429,-1530.8975402,3.8550,2.61666666667
/home/ccollins/allmols/O/opt/b3lyp/b3lyp/4fa4fa-_TD.log,4fa4fa-,---,[],"td B3LYP/6-31g(d,p)",-5.8118073645,-0.719741103057,49,1.4929,-613.7636389,4.4728,0.266666666667
/home/ccollins/allmols/O/opt/b3lyp/b3lyp/4fe4fe-_TD.log,4fe4fe-,---,[],"td B3LYP/6-31g(d,p)",-5.71194158574,-1.03239990359,61,1.5202,-766.0516565,4.0439,0.516666666667
/home/ccollins/allmols/O/opt/b3lyp/b3lyp/12aa12aa-12aa12aa_TD.log,12aa12aa-12aa12aa,---,[],"td B3LYP/6-31g(d,p)",-4.7116511151,-1.29879935157,69,0.9456,-916.5547343,3.2324,0.383333333333
/home/ccollins/allmols/O/opt/b3lyp/b3lyp/12el12el12el-12el-_TD.log,12el12el12el-12el-,---,[],"td B3LYP/6-31g(d,p)",-4.45749678986,-1.45009464582,125,4.3149,-1679.1783054,2.7467,1.8
/home/ccollins/allmols/O/opt/b3lyp/b3lyp/4ei_TD.log,4ei,---,[],"td B3LYP/6-31g(d,p)",-6.08963559369,-0.693346060714,31,1.1220,-347.7243856,4.9894,0.0833333333333
/home/ccollins/allmols/O/opt/b3lyp/b3lyp/4af_TD.log,4af,---,[],"td B3LYP/6-31g(d,p)",-5.96745648017,0.0146941472836,25,1.3353,-307.4784665,5.2093,0.05
/home/ccollins/allmols/O/opt/b3lyp/b3lyp/4if_TD.log,4if,---,[],"td B3LYP/6-31g(d,p)",-5.74377890485,0.0500689462996,29,1.3485,-346.7983659,5.0765,0.0666666666667
/home/ccollins/allmols/O/opt/b3lyp/b3lyp/2_TD.log,2,---,[],"td B3LYP/6-31g(d,p)",-7.27768461295,0.473205965299,8,0.0003,-78.5938075,8.2968,0.0
/home/ccollins/allmols/O/opt/b3lyp/b3lyp/4ll_TD.log,4ll,---,[],"td B3LYP/6-31g(d,p)",-5.28309017613,0.0424497588192,37,0.0010,-461.3058221,4.7500,0.0833333333333
/home/ccollins/allmols/O/opt/b3lyp/b3lyp/12ii12ii-12ii12ii_TD.log,12ii12ii-12ii12ii,---,[],"td B3LYP/6-31g(d,p)",-4.49423215807,-0.788858018058,101,1.4423,-1231.1217873,3.3962,1.58333333333
/home/ccollins/allmols/O/opt/b3lyp/b3lyp/4ei4ei_TD.log,4ei4ei,---,[],"td B3LYP/6-31g(d,p)",-6.01126680818,-0.88464208924,61,1.5131,-694.2482833,4.4948,0.533333333333
/home/ccollins/allmols/O/opt/b3lyp/b3lyp/12ef12ef-12ef12ef_TD.log,12ef12ef-12ef12ef,---,[],"td B3LYP/6-31g(d,p)",-4.70566461065,-1.73554206249,109,3.3752,-1522.0017974,2.7174,1.25
/home/ccollins/allmols/O/opt/b3lyp/b3lyp/4af4af4af4af_TD.log,4af4af4af4af,---,[],"td B3LYP/6-31g(d,p)",-5.14159098006,-1.41716887135,97,7.1006,-1226.3121435,3.4174,1.13333333333
/home/ccollins/allmols/O/opt/b3lyp/b3lyp/12af12af-12af12af_TD.log,12af12af-12af12af,---,[],"td B3LYP/6-31g(d,p)",-4.42810849529,-1.2383900794,85,3.0493,-1217.406454,3.0174,0.5
/home/ccollins/allmols/O/opt/b3lyp/b3lyp/4fi4fi-4fi4fi_TD.log,4fi4fi-4fi4fi,---,[],"td B3LYP/6-31g(d,p)",-5.43901140564,-0.569534264158,113,4.0325,-1383.598339,4.3014,2.68333333333
/home/ccollins/allmols/O/opt/b3lyp/b3lyp/4af4af-4af4af-_TD.log,4af4af-4af4af-,---,[],"td B3LYP/6-31g(d,p)",-5.43465758422,-1.06178819816,97,2.8180,-1226.3258572,3.8843,1.21666666667
/home/ccollins/allmols/O/opt/b3lyp/b3lyp/12ff_TD.log,12ff,---,[],"td B3LYP/6-31g(d,p)",-5.66241686711,0.731169884278,26,2.6700,-380.4515252,5.6867,0.0333333333333
/home/ccollins/allmols/O/opt/b3lyp/b3lyp/12ff12ff12ff12ff_TD.log,12ff12ff12ff12ff,---,[],"td B3LYP/6-31g(d,p)",-4.1418447371,-1.00654908893,101,6.7386,-1518.2770534,3.0038,0.75
/home/ccollins/allmols/O/opt/b3lyp/b3lyp/4aa4aa-4aa-4aa_TD.log,4aa4aa-4aa-4aa,---,[],"td B3LYP/6-31g(d,p)",-5.43112010432,-1.53798741568,81,0.0000,-925.4414003,3.5979,0.816666666667
/home/ccollins/allmols/O/opt/b3lyp/b3lyp/12ii_TD.log,12ii,---,[],"td B3LYP/6-31g(d,p)",-5.81017468147,0.78831379038,26,1.1840,-308.670653,6.4589,0.05
/home/ccollins/allmols/O/opt/b3lyp/b3lyp/12al12al12al_TD.log,12al12al12al,---,[],"td B3LYP/6-31g(d,p)",-4.26728921669,-0.79810988857,76,5.3041,-1031.2647781,3.3627,0.533333333333
/home/ccollins/allmols/O/opt/b3lyp/b3lyp/12ia12ia12ia12ia_TD.log,12ia12ia12ia12ia,---,[],"td B3LYP/6-31g(d,p)",-4.42729215378,-1.0917207204,85,1.4674,-1073.834137,3.1465,0.883333333333
/home/ccollins/allmols/O/opt/b3lyp/b3lyp/12ll12ll-12ll12ll_TD.log,12ll12ll-12ll12ll,---,[],"td B3LYP/6-31g(d,p)",-4.68688875579,-0.729809315085,133,2.9063,-1832.6779916,3.5472,1.65
/home/ccollins/allmols/O/opt/b3lyp/b3lyp/12ff12ff_TD.log,12ff12ff,---,[],"td B3LYP/6-31g(d,p)",-4.77777477787,-0.343679778133,51,4.9875,-759.7257217,4.3543,0.183333333333
/home/ccollins/allmols/O/opt/b3lyp/b3lyp/12ei12ei-12ei-12ei_TD.log,12ei12ei-12ei-12ei,---,[],"td B3LYP/6-31g(d,p)",-4.87845689815,-1.54615083084,109,1.3163,-1378.4230872,2.9863,1.73333333333
/home/ccollins/allmols/O/opt/b3lyp/b3lyp/12ia12ia12ia_TD.log,12ia12ia12ia,---,[],"td B3LYP/6-31g(d,p)",-4.67001769779,-0.878655584791,64,1.6569,-805.6721397,3.6480,0.416666666667
/home/ccollins/allmols/O/opt/b3lyp/b3lyp/12ai12ai-12ai-12ai-_TD.log,12ai12ai-12ai-12ai-,---,[],"td B3LYP/6-31g(d,p)",-4.44987760238,-1.10614275385,85,1.4035,-1073.8378335,3.1383,0.85
/home/ccollins/allmols/O/opt/b3lyp/b3lyp/4fe_TD.log,4fe,---,[],"td B3LYP/6-31g(d,p)",-5.80636508772,-0.488716454099,31,1.6845,-383.6242759,4.8379,0.0666666666667
/home/ccollins/allmols/O/opt/b3lyp/b3lyp/22-22-_TD.log,22-22-,---,[],"td B3LYP/6-31g(d,p)",-5.32417936575,-1.83241458903,29,0.0858,-310.8034473,3.6364,0.0833333333333
/home/ccollins/allmols/O/opt/b3lyp/b3lyp/12fi12fi12fi-12fi_TD.log,12fi12fi12fi-12fi,---,[],"td B3LYP/6-31g(d,p)",-4.18701563431,-0.936615832409,101,6.6910,-1374.6964282,3.0465,1.06666666667
/home/ccollins/allmols/O/opt/b3lyp/b3lyp/4ia4ia-4ia4ia_TD.log,4ia4ia-4ia4ia,---,[],"td B3LYP/6-31g(d,p)",-5.71983288705,-0.849539404062,97,1.1467,-1082.7195626,4.3937,2.0
/home/ccollins/allmols/O/opt/b3lyp/b3lyp/12ee_TD.log,12ee,---,[],"td B3LYP/6-31g(d,p)",-6.27031918251,-0.46531466398,30,0.1321,-382.3176637,5.1744,0.0666666666667
/home/ccollins/allmols/O/opt/b3lyp/b3lyp/4fa_TD.log,4fa,---,[],"td B3LYP/6-31g(d,p)",-5.96745648017,0.0146941472836,25,1.3356,-307.4784667,5.2093,0.05
/home/ccollins/allmols/O/opt/b3lyp/b3lyp/12ii12ii-12ii12ii-_TD.log,12ii12ii-12ii12ii-,---,[],"td B3LYP/6-31g(d,p)",-4.41559125872,-0.859335502251,101,0.5756,-1231.1251214,3.2632,1.75
/home/ccollins/allmols/O/opt/b3lyp/b3lyp/12li12li-12li12li-_TD.log,12li12li-12li12li-,---,[],"td B3LYP/6-31g(d,p)",-4.39708751769,-1.03049510672,117,1.8350,-1531.9088134,3.1228,1.9
/home/ccollins/allmols/O/opt/b3lyp/b3lyp/12fl12fl-_TD.log,12fl12fl-,---,[],"td B3LYP/6-31g(d,p)",-4.68498395892,-0.334155793782,59,3.4552,-838.3225194,4.2648,0.216666666667
/home/ccollins/allmols/O/opt/b3lyp/b3lyp/4lf4lf-_TD.log,4lf4lf-,---,[],"td B3LYP/6-31g(d,p)",-5.12689683278,-0.233201559667,65,2.3512,-842.8006656,4.3051,0.4
/home/ccollins/allmols/O/opt/b3lyp/b3lyp/12fl12fl12fl-12fl-_TD.log,12fl12fl12fl-12fl-,---,[],"td B3LYP/6-31g(d,p)",-4.06701343149,-0.877567129436,117,5.5389,-1675.4345123,3.0166,1.9
/home/ccollins/allmols/O/opt/b3lyp/b3lyp/12fe12fe12fe_TD.log,12fe12fe12fe,---,[],"td B3LYP/6-31g(d,p)",-4.75709412614,-1.47594546048,82,4.8455,-1141.7888379,3.0719,0.533333333333
/home/ccollins/allmols/O/opt/b3lyp/b3lyp/12fa12fa-12fa-12fa_TD.log,12fa12fa-12fa-12fa,---,[],"td B3LYP/6-31g(d,p)",-4.40171345295,-1.19702877594,85,4.5016,-1217.406808,3.0234,0.666666666667
/home/ccollins/allmols/O/opt/b3lyp/b3lyp/12ee12ee_TD.log,12ee12ee,---,[],"td B3LYP/6-31g(d,p)",-5.56636068209,-1.6615270984,59,0.1104,-763.4415324,3.6810,0.283333333333
/home/ccollins/allmols/O/opt/b3lyp/b3lyp/12ei12ei12ei12ei-_TD.log,12ei12ei12ei12ei-,---,[],"td B3LYP/6-31g(d,p)",-4.95682568366,-1.48165985109,109,0.8163,-1378.4190872,3.1107,1.63333333333
/home/ccollins/allmols/O/opt/b3lyp/b3lyp/1111-11-11_TD.log,1111-11-11,---,[],"td B3LYP/6-31g(d,p)",-7.1263893187,-3.61693714247,29,0.3772,-454.4455676,2.1178,0.0333333333333
/home/ccollins/allmols/O/opt/b3lyp/b3lyp/12ef12ef-12ef_TD.log,12ef12ef-12ef,---,[],"td B3LYP/6-31g(d,p)",-4.88036169502,-1.54016432639,82,2.0282,-1141.7955974,3.0746,0.6
/home/ccollins/allmols/O/opt/b3lyp/b3lyp/4ee4ee4ee_TD.log,4ee4ee4ee,---,[],"td B3LYP/6-31g(d,p)",-5.99466786403,-1.70261628803,97,0.1874,-1151.2428472,3.8835,1.41666666667
/home/ccollins/allmols/O/opt/b3lyp/b3lyp/11111111-_TD.log,11111111-,---,[],"td B3LYP/6-31g(d,p)",-7.17346501278,-4.10456514121,29,3.4114,-454.4378484,1.7126,0.0333333333333
/home/ccollins/allmols/O/opt/b3lyp/b3lyp/4fi4fi4fi_TD.log,4fi4fi4fi,---,[],"td B3LYP/6-31g(d,p)",-5.43411335654,-0.568445808804,85,4.5362,-1037.9934624,4.3207,1.0
/home/ccollins/allmols/O/opt/b3lyp/b3lyp/12lf12lf12lf_TD.log,12lf12lf12lf,---,[],"td B3LYP/6-31g(d,p)",-4.43545556893,-0.771442732388,88,4.6790,-1256.9127809,3.5211,0.85
/home/ccollins/allmols/O/opt/b3lyp/b3lyp/4af4af-4af-4af-_TD.log,4af4af-4af-4af-,---,[],"td B3LYP/6-31g(d,p)",-5.40254815126,-1.06614201958,97,3.9797,-1226.3292446,3.8433,1.2
/home/ccollins/allmols/O/opt/b3lyp/b3lyp/4ai4ai4ai-4ai-_TD.log,4ai4ai4ai-4ai-,---,[],"td B3LYP/6-31g(d,p)",-5.72636361918,-0.835661598294,97,1.0007,-1082.7194881,4.4113,1.66666666667
/home/ccollins/allmols/O/opt/b3lyp/b3lyp/12ae12ae-12ae-12ae-_TD.log,12ae12ae-12ae-12ae-,---,[],"td B3LYP/6-31g(d,p)",-4.9796832461,-1.81744832791,93,0.3259,-1221.1351866,2.9013,0.9
/home/ccollins/allmols/O/opt/b3lyp/b3lyp/4fa4fa-4fa4fa_TD.log,4fa4fa-4fa4fa,---,[],"td B3LYP/6-31g(d,p)",-5.34486001748,-1.00818177196,97,3.8293,-1226.3266237,3.8743,1.26666666667
/home/ccollins/allmols/O/opt/b3lyp/b3lyp/4li4li-_TD.log,4li4li-,---,[],"td B3LYP/6-31g(d,p)",-5.49533897022,-0.140138626871,65,0.9939,-771.0066521,4.7207,0.533333333333
/home/ccollins/allmols/O/opt/b3lyp/b3lyp/4ea4ea_TD.log,4ea4ea,---,[],"td B3LYP/6-31g(d,p)",-6.12881998645,-1.11757153507,53,0.9519,-615.6084149,4.5060,0.3
/home/ccollins/allmols/O/opt/b3lyp/b3lyp/12ai12ai12ai12ai-_TD.log,12ai12ai12ai12ai-,---,[],"td B3LYP/6-31g(d,p)",-4.46348329431,-1.10614275385,85,1.2822,-1073.8373573,3.1481,0.766666666667
/home/ccollins/allmols/O/opt/b3lyp/b3lyp/4la_TD.log,4la,---,[],"td B3LYP/6-31g(d,p)",-5.86432533534,0.0843552899613,29,1.3144,-346.7833184,5.1812,0.116666666667
/home/ccollins/allmols/O/opt/b3lyp/b3lyp/12ie_TD.log,12ie,---,[],"td B3LYP/6-31g(d,p)",-6.03085900456,-0.172792287501,28,0.7184,-345.4959033,5.6230,0.0666666666667
/home/ccollins/allmols/O/opt/b3lyp/b3lyp/4ae4ae_TD.log,4ae4ae,---,[],"td B3LYP/6-31g(d,p)",-6.12854787261,-1.11729942123,53,0.9519,-615.608415,4.5058,0.266666666667
/home/ccollins/allmols/O/opt/b3lyp/b3lyp/12ea12ea-_TD.log,12ea12ea-,---,[],"td B3LYP/6-31g(d,p)",-5.46459010646,-1.22124690757,47,0.5600,-611.1598349,4.0901,0.166666666667
/home/ccollins/allmols/O/opt/b3lyp/b3lyp/12la12la12la-12la_TD.log,12la12la12la-12la,---,[],"td B3LYP/6-31g(d,p)",-4.27028246891,-1.05879494593,101,1.6504,-1374.6123717,2.9951,1.1
/home/ccollins/allmols/O/opt/b3lyp/b3lyp/4ie4ie_TD.log,4ie4ie,---,[],"td B3LYP/6-31g(d,p)",-6.01126680818,-0.884914203078,61,1.5129,-694.2482833,4.4948,0.516666666667
/home/ccollins/allmols/O/opt/b3lyp/b3lyp/4af4af4af-4af_TD.log,4af4af4af-4af,---,[],"td B3LYP/6-31g(d,p)",-5.34486001748,-1.00818177196,97,3.8288,-1226.3266237,3.8745,1.26666666667
/home/ccollins/allmols/O/opt/b3lyp/b3lyp/111111-11-_TD.log,111111-11-,---,[],"td B3LYP/6-31g(d,p)",-7.06679638805,-4.37858377667,29,0.0280,-454.4388861,1.3053,0.0333333333333
/home/ccollins/allmols/O/opt/b3lyp/b3lyp/12li_TD.log,12li,---,[],"td B3LYP/6-31g(d,p)",-5.63085166184,0.810627125144,30,1.0716,-383.8691198,6.0882,0.1
/home/ccollins/allmols/O/opt/b3lyp/b3lyp/12lf_TD.log,12lf,---,[],"td B3LYP/6-31g(d,p)",-5.66432166398,0.818246312625,30,0.3835,-419.7552015,6.0080,0.0833333333333
/home/ccollins/allmols/O/opt/b3lyp/b3lyp/4ae4ae-4ae4ae_TD.log,4ae4ae-4ae4ae,---,[],"td B3LYP/6-31g(d,p)",-5.86078785544,-1.45989074401,105,1.5271,-1230.019318,3.9497,1.68333333333
/home/ccollins/allmols/O/opt/b3lyp/b3lyp/4ai4ai-4ai4ai-_TD.log,4ai4ai-4ai4ai-,---,[],"td B3LYP/6-31g(d,p)",-5.72255402544,-0.848178834869,97,1.0584,-1082.7196686,4.3931,1.73333333333
/home/ccollins/allmols/O/opt/b3lyp/b3lyp/12ef12ef12ef-12ef-_TD.log,12ef12ef12ef-12ef-,---,[],"td B3LYP/6-31g(d,p)",-4.78539396535,-1.85010198854,109,2.6336,-1522.001696,2.7142,1.26666666667
/home/ccollins/allmols/O/opt/b3lyp/b3lyp/12if12if-_TD.log,12if12if-,---,[],"td B3LYP/6-31g(d,p)",-4.85532722187,-0.429667751126,51,1.8079,-687.9439769,4.3011,0.233333333333
/home/ccollins/allmols/O/opt/b3lyp/b3lyp/12fl12fl-12fl-12fl-_TD.log,12fl12fl-12fl-12fl-,---,[],"td B3LYP/6-31g(d,p)",-4.34810702675,-1.17689235188,117,1.7188,-1675.4932781,2.9911,1.76666666667
/home/ccollins/allmols/O/opt/b3lyp/b3lyp/12la12la-_TD.log,12la12la-,---,[],"td B3LYP/6-31g(d,p)",-4.7772305502,-0.381775715535,51,1.9149,-687.9051873,4.2630,0.2
/home/ccollins/allmols/O/opt/b3lyp/b3lyp/4if4if-4if_TD.log,4if4if-4if,---,[],"td B3LYP/6-31g(d,p)",-5.54268677814,-0.515111496441,85,2.3877,-1038.0006095,4.4043,1.15
/home/ccollins/allmols/O/opt/b3lyp/b3lyp/12le12le12le12le_TD.log,12le12le12le12le,---,[],"td B3LYP/6-31g(d,p)",-4.72688949006,-1.48764635554,125,0.2259,-1679.1536064,2.8942,2.08333333333
/home/ccollins/allmols/O/opt/b3lyp/b3lyp/4ii_TD.log,4ii,---,[],"td B3LYP/6-31g(d,p)",-6.14106510918,0.164356758505,29,0.0798,-310.8991931,5.3122,0.0833333333333
/home/ccollins/allmols/O/opt/b3lyp/b3lyp/12fi12fi-12fi-12fi_TD.log,12fi12fi-12fi-12fi,---,[],"td B3LYP/6-31g(d,p)",-4.34157629462,-0.918112091385,101,4.3825,-1374.695577,3.1492,1.18333333333
/home/ccollins/allmols/O/opt/b3lyp/b3lyp/12ii12ii-12ii_TD.log,12ii12ii-12ii,---,[],"td B3LYP/6-31g(d,p)",-4.58566240783,-0.649807846541,76,1.0980,-923.6400386,3.6881,0.883333333333
/home/ccollins/allmols/O/opt/b3lyp/b3lyp/12if_TD.log,12if,---,[],"td B3LYP/6-31g(d,p)",-5.65425345196,0.761646634199,26,0.9195,-344.5616014,6.0640,0.0666666666667
/home/ccollins/allmols/O/opt/b3lyp/b3lyp/12fa12fa-12fa12fa-_TD.log,12fa12fa-12fa12fa-,---,[],"td B3LYP/6-31g(d,p)",-4.44389109793,-1.30152048995,85,4.3823,-1217.4153978,2.9757,0.516666666667
/home/ccollins/allmols/O/opt/b3lyp/b3lyp/12ii12ii_TD.log,12ii12ii,---,[],"td B3LYP/6-31g(d,p)",-5.21206846426,-0.0704774841935,51,1.7350,-616.1516905,4.7951,0.266666666667
/home/ccollins/allmols/O/opt/b3lyp/b3lyp/12el12el12el12el_TD.log,12el12el12el12el,---,[],"td B3LYP/6-31g(d,p)",-4.32742637502,-1.48900692474,125,4.1978,-1679.1807443,2.5854,2.08333333333
/home/ccollins/allmols/O/opt/b3lyp/b3lyp/4aa4aa4aa_TD.log,4aa4aa4aa,---,[],"td B3LYP/6-31g(d,p)",-5.59738165969,-1.32437805239,61,0.0003,-694.3799892,4.0026,0.366666666667
/home/ccollins/allmols/O/opt/b3lyp/b3lyp/12li12li_TD.log,12li12li,---,[],"td B3LYP/6-31g(d,p)",-4.99220048268,-0.118913747462,59,1.6732,-766.54779,4.5698,0.4
/home/ccollins/allmols/O/opt/b3lyp/b3lyp/4ei4ei-4ei_TD.log,4ei4ei-4ei,---,[],"td B3LYP/6-31g(d,p)",-5.97698046452,-0.948588841307,91,2.4510,-1040.7722177,4.4536,1.61666666667
/home/ccollins/allmols/O/opt/b3lyp/b3lyp/12ii12ii12ii-12ii_TD.log,12ii12ii12ii-12ii,---,[],"td B3LYP/6-31g(d,p)",-4.49423215807,-0.788858018058,101,1.4423,-1231.1217873,3.3961,1.5
/home/ccollins/allmols/O/opt/b3lyp/b3lyp/12fi12fi-12fi_TD.log,12fi12fi-12fi,---,[],"td B3LYP/6-31g(d,p)",-4.37422995525,-0.734163136502,76,4.9012,-1031.3201827,3.4771,0.45
/home/ccollins/allmols/O/opt/b3lyp/b3lyp/12ea12ea12ea12ea_TD.log,12ea12ea12ea12ea,---,[],"td B3LYP/6-31g(d,p)",-4.97805056307,-1.82343483236,93,0.4435,-1221.1355437,2.9414,0.816666666667
/home/ccollins/allmols/O/opt/b3lyp/b3lyp/12fl_TD.log,12fl,---,[],"td B3LYP/6-31g(d,p)",-5.56282320219,0.68273362101,30,2.6837,-419.7484675,5.8657,0.0833333333333
/home/ccollins/allmols/O/opt/b3lyp/b3lyp/12af12af-12af-12af_TD.log,12af12af-12af-12af,---,[],"td B3LYP/6-31g(d,p)",-4.32361678128,-1.20981812635,85,3.6492,-1217.4100552,2.9290,0.566666666667
/home/ccollins/allmols/O/opt/b3lyp/b3lyp/4aa4aa-4aa4aa_TD.log,4aa4aa-4aa4aa,---,[],"td B3LYP/6-31g(d,p)",-5.43112010432,-1.53798741568,81,0.0001,-925.4414003,3.5979,0.733333333333
/home/ccollins/allmols/O/opt/b3lyp/b3lyp/12lf12lf12lf-12lf_TD.log,12lf12lf12lf-12lf,---,[],"td B3LYP/6-31g(d,p)",-4.27191515194,-1.07158429635,117,3.7573,-1675.4847727,3.0107,1.75
/home/ccollins/allmols/O/opt/b3lyp/b3lyp/12fa12fa12fa-12fa_TD.log,12fa12fa12fa-12fa,---,[],"td B3LYP/6-31g(d,p)",-4.30239190187,-1.15512324479,85,6.5079,-1217.4101394,2.9880,0.533333333333
/home/ccollins/allmols/O/opt/b3lyp/b3lyp/12ii12ii-12ii-12ii_TD.log,12ii12ii-12ii-12ii,---,[],"td B3LYP/6-31g(d,p)",-4.51409646829,-0.773347529258,101,0.4415,-1231.1224807,3.3749,1.75
/home/ccollins/allmols/O/opt/b3lyp/b3lyp/12fe_TD.log,12fe,---,[],"td B3LYP/6-31g(d,p)",-5.97208241542,-0.415789945358,28,1.4505,-381.3878609,5.0031,0.05
/home/ccollins/allmols/O/opt/b3lyp/b3lyp/12le12le12le12le-_TD.log,12le12le12le12le-,---,[],"td B3LYP/6-31g(d,p)",-4.77124404575,-1.40220261023,125,4.3555,-1679.1918774,3.0379,2.43333333333
/home/ccollins/allmols/O/opt/b3lyp/b3lyp/12ll12ll_TD.log,12ll12ll,---,[],"td B3LYP/6-31g(d,p)",-4.6150507024,-0.122179113525,67,4.1586,-916.9166951,4.3423,0.5
/home/ccollins/allmols/O/opt/b3lyp/b3lyp/4lf_TD.log,4lf,---,[],"td B3LYP/6-31g(d,p)",-5.36091473396,-0.00680284596462,33,2.4961,-422.0008581,4.7728,0.0833333333333
/home/ccollins/allmols/O/opt/b3lyp/b3lyp/4ai4ai-4ai-4ai_TD.log,4ai4ai-4ai-4ai,---,[],"td B3LYP/6-31g(d,p)",-5.7258193915,-0.839199078196,97,1.0498,-1082.719546,4.4070,1.65
/home/ccollins/allmols/O/opt/b3lyp/b3lyp/4if4if-4if4if_TD.log,4if4if-4if4if,---,[],"td B3LYP/6-31g(d,p)",-5.54921751026,-0.691713377683,113,3.6369,-1383.5981132,4.2641,2.45
/home/ccollins/allmols/O/opt/b3lyp/b3lyp/12fl12fl_TD.log,12fl12fl,---,[],"td B3LYP/6-31g(d,p)",-4.5304232986,-0.201364240553,59,4.7164,-838.3066295,4.2558,0.233333333333
/home/ccollins/allmols/O/opt/b3lyp/b3lyp/12ii12ii12ii-12ii-_TD.log,12ii12ii12ii-12ii-,---,[],"td B3LYP/6-31g(d,p)",-4.56062793468,-0.729537201246,101,1.1029,-1231.1192323,3.5050,1.75
/home/ccollins/allmols/O/opt/b3lyp/b3lyp/4if4if4if-4if_TD.log,4if4if4if-4if,---,[],"td B3LYP/6-31g(d,p)",-5.43846717796,-0.57116694719,113,4.0354,-1383.5983377,4.2997,2.31666666667
/home/ccollins/allmols/O/opt/b3lyp/b3lyp/4ea4ea4ea_TD.log,4ea4ea4ea,---,[],"td B3LYP/6-31g(d,p)",-5.96527956946,-1.33417415058,79,1.2355,-922.8136813,4.2104,0.866666666667
/home/ccollins/allmols/O/opt/b3lyp/b3lyp/4ef4ef4ef4ef_TD.log,4ef4ef4ef4ef,---,[],"td B3LYP/6-31g(d,p)",-5.483910189,-1.21743731383,121,4.6849,-1530.8951572,3.8046,2.38333333333
/home/ccollins/allmols/O/opt/b3lyp/b3lyp/12if12if12if-12if-_TD.log,12if12if12if-12if-,---,[],"td B3LYP/6-31g(d,p)",-4.42919695065,-1.04274022946,101,3.6261,-1374.696982,3.1546,1.08333333333
/home/ccollins/allmols/O/opt/b3lyp/b3lyp/12ai12ai-12ai12ai_TD.log,12ai12ai-12ai12ai,---,[],"td B3LYP/6-31g(d,p)",-4.48361971836,-1.10287738778,85,1.4584,-1073.8402602,3.1748,0.7
/home/ccollins/allmols/O/opt/b3lyp/b3lyp/4ef4ef-4ef-4ef-_TD.log,4ef4ef-4ef-4ef-,---,[],"td B3LYP/6-31g(d,p)",-5.47248140778,-1.2919965056,121,5.5307,-1530.9014987,3.6887,2.11666666667
/home/ccollins/allmols/O/opt/b3lyp/b3lyp/12lf12lf-12lf-12lf-_TD.log,12lf12lf-12lf-12lf-,---,[],"td B3LYP/6-31g(d,p)",-3.90673838056,-0.823960703235,117,5.8123,-1675.4435893,2.9078,1.23333333333
/home/ccollins/allmols/O/opt/b3lyp/b3lyp/4fi4fi4fi4fi_TD.log,4fi4fi4fi4fi,---,[],"td B3LYP/6-31g(d,p)",-5.3696223768,-0.651712643411,113,6.2078,-1383.5912722,4.2045,2.35
/home/ccollins/allmols/O/opt/b3lyp/b3lyp/4le4le-4le-4le-_TD.log,4le4le-4le-4le-,---,[],"td B3LYP/6-31g(d,p)",-5.37397619821,-0.995392421544,137,3.2613,-1688.1128286,3.8966,2.66666666667
/home/ccollins/allmols/O/opt/b3lyp/b3lyp/4if4if-_TD.log,4if4if-,---,[],"td B3LYP/6-31g(d,p)",-5.56554434058,-0.258780260494,57,1.1304,-692.3972117,4.6894,0.35
/home/ccollins/allmols/O/opt/b3lyp/b3lyp/4af4af4af_TD.log,4af4af4af,---,[],"td B3LYP/6-31g(d,p)",-5.44989595918,-0.90178526107,73,4.3942,-920.0415837,4.1190,0.55
/home/ccollins/allmols/O/opt/b3lyp/b3lyp/4ea4ea-_TD.log,4ea4ea-,---,[],"td B3LYP/6-31g(d,p)",-6.10188071643,-1.10968023375,53,0.7479,-615.6085568,4.4625,0.283333333333
/home/ccollins/allmols/O/opt/b3lyp/b3lyp/12fi12fi12fi-12fi-_TD.log,12fi12fi12fi-12fi-,---,[],"td B3LYP/6-31g(d,p)",-4.42919695065,-1.04274022946,101,3.6261,-1374.696982,3.1546,1.03333333333
/home/ccollins/allmols/O/opt/b3lyp/b3lyp/12ae12ae12ae-12ae_TD.log,12ae12ae12ae-12ae,---,[],"td B3LYP/6-31g(d,p)",-5.00444560542,-1.84248280106,93,0.9209,-1221.1359181,2.9357,0.933333333333
/home/ccollins/allmols/O/opt/b3lyp/b3lyp/12el_TD.log,12el,---,[],"td B3LYP/6-31g(d,p)",-5.79031037125,-0.260685057364,32,1.3802,-420.6879602,4.9666,0.0833333333333
/home/ccollins/allmols/O/opt/b3lyp/b3lyp/12ea12ea-12ea12ea_TD.log,12ea12ea-12ea12ea,---,[],"td B3LYP/6-31g(d,p)",-5.00444560542,-1.84248280106,93,0.9208,-1221.1359181,2.9357,0.866666666667
/home/ccollins/allmols/O/opt/b3lyp/b3lyp/12li12li-12li_TD.log,12li12li-12li,---,[],"td B3LYP/6-31g(d,p)",-4.5579067963,-0.844369241129,88,1.0339,-1149.2284424,3.5155,0.916666666667
/home/ccollins/allmols/O/opt/b3lyp/b3lyp/12aa12aa12aa12aa_TD.log,12aa12aa12aa12aa,---,[],"td B3LYP/6-31g(d,p)",-4.65423509516,-1.25580536507,69,0.8594,-916.5484382,3.2187,0.316666666667
/home/ccollins/allmols/O/opt/b3lyp/b3lyp/12ee12ee12ee-12ee_TD.log,12ee12ee12ee-12ee,---,[],"td B3LYP/6-31g(d,p)",-5.21397326113,-2.07432379153,117,0.1759,-1525.7045881,2.8321,1.8
/home/ccollins/allmols/O/opt/b3lyp/b3lyp/12ie12ie-_TD.log,12ie12ie-,---,[],"td B3LYP/6-31g(d,p)",-5.26703545965,-1.05961128745,55,0.8149,-689.8049982,4.0374,0.35
/home/ccollins/allmols/O/opt/b3lyp/b3lyp/4af4af-_TD.log,4af4af-,---,[],"td B3LYP/6-31g(d,p)",-5.65017174438,-0.552935320005,49,1.3112,-613.7592083,4.5573,0.233333333333
/home/ccollins/allmols/O/opt/b3lyp/b3lyp/4fe4fe4fe-4fe_TD.log,4fe4fe4fe-4fe,---,[],"td B3LYP/6-31g(d,p)",-5.61724596991,-1.28900325338,121,1.3460,-1530.8985041,3.8039,2.53333333333
/home/ccollins/allmols/O/opt/b3lyp/b3lyp/12lf12lf-12lf12lf_TD.log,12lf12lf-12lf12lf,---,[],"td B3LYP/6-31g(d,p)",-4.19599539098,-0.977705022036,117,2.5305,-1675.4840797,3.0298,1.5
/home/ccollins/allmols/O/opt/b3lyp/b3lyp/4ae4ae-4ae-4ae_TD.log,4ae4ae-4ae-4ae,---,[],"td B3LYP/6-31g(d,p)",-5.86160419696,-1.46424456543,105,1.5205,-1230.0192897,3.9567,1.85
/home/ccollins/allmols/O/opt/b3lyp/b3lyp/4ie4ie4ie-4ie-_TD.log,4ie4ie4ie-4ie-,---,[],"td B3LYP/6-31g(d,p)",-5.95085753601,-1.04137966026,121,2.9653,-1387.2964474,4.4051,2.03333333333
/home/ccollins/allmols/O/opt/b3lyp/b3lyp/12le12le12le-12le_TD.log,12le12le12le-12le,---,[],"td B3LYP/6-31g(d,p)",-4.60253346583,-1.54506237549,125,2.9238,-1679.1781903,2.7885,2.05
/home/ccollins/allmols/O/opt/b3lyp/b3lyp/4ei4ei-4ei-4ei_TD.log,4ei4ei-4ei-4ei,---,[],"td B3LYP/6-31g(d,p)",-5.94895273914,-1.01688941479,121,2.9021,-1387.2964177,4.4113,1.83333333333
/home/ccollins/allmols/O/opt/b3lyp/b3lyp/12ai12ai-_TD.log,12ai12ai-,---,[],"td B3LYP/6-31g(d,p)",-5.07383463425,-0.435110027897,43,0.1506,-537.5128201,4.5059,0.15
/home/ccollins/allmols/O/opt/b3lyp/b3lyp/12el12el-12el_TD.log,12el12el-12el,---,[],"td B3LYP/6-31g(d,p)",-4.9655333265,-1.48438098948,94,1.8899,-1259.6923926,3.2326,0.95
/home/ccollins/allmols/O/opt/b3lyp/b3lyp/4if4if-4if-4if_TD.log,4if4if-4if-4if,---,[],"td B3LYP/6-31g(d,p)",-5.44608636544,-0.742054437821,113,2.0635,-1383.6025786,4.1172,2.33333333333
/home/ccollins/allmols/O/opt/b3lyp/b3lyp/4fi4fi-4fi_TD.log,4fi4fi-4fi,---,[],"td B3LYP/6-31g(d,p)",-5.54268677814,-0.51538361028,85,2.3899,-1038.0006094,4.4042,1.25
/home/ccollins/allmols/O/opt/b3lyp/b3lyp/12li12li12li-12li-_TD.log,12li12li12li-12li-,---,[],"td B3LYP/6-31g(d,p)",-4.43273443055,-1.03022299288,117,1.1508,-1531.9070699,3.1585,1.86666666667
/home/ccollins/allmols/O/opt/b3lyp/b3lyp/12ei12ei-12ei-12ei-_TD.log,12ei12ei-12ei-12ei-,---,[],"td B3LYP/6-31g(d,p)",-4.95845836669,-1.48982326625,109,1.5037,-1378.4199059,3.1296,1.66666666667
/home/ccollins/allmols/O/opt/b3lyp/b3lyp/12ai12ai-12ai_TD.log,12ai12ai-12ai,---,[],"td B3LYP/6-31g(d,p)",-4.71355591197,-0.873757535696,64,0.9375,-805.6774282,3.6516,0.366666666667
/home/ccollins/allmols/O/opt/b3lyp/b3lyp/12ef12ef12ef_TD.log,12ef12ef12ef,---,[],"td B3LYP/6-31g(d,p)",-4.92907007213,-1.53200091123,82,2.3512,-1141.7952812,3.1811,0.633333333333
/home/ccollins/allmols/O/opt/b3lyp/b3lyp/12ef_TD.log,12ef,---,[],"td B3LYP/6-31g(d,p)",-5.9952120917,-0.210343997226,28,1.5249,-381.3841431,5.2739,0.05
/home/ccollins/allmols/O/opt/b3lyp/b3lyp/4if4if_TD.log,4if4if,---,[],"td B3LYP/6-31g(d,p)",-5.57125873119,-0.314291483566,57,2.8777,-692.3957864,4.6198,0.383333333333
/home/ccollins/allmols/O/opt/b3lyp/b3lyp/12fe12fe-_TD.log,12fe12fe-,---,[],"td B3LYP/6-31g(d,p)",-5.29996123412,-1.26723414629,55,1.3546,-761.5927563,3.8648,0.216666666667
/home/ccollins/allmols/O/opt/b3lyp/b3lyp/12ea12ea-12ea12ea-_TD.log,12ea12ea-12ea12ea-,---,[],"td B3LYP/6-31g(d,p)",-5.00852731299,-1.8378568658,93,0.8834,-1221.1360572,2.9202,0.95
/home/ccollins/allmols/O/opt/b3lyp/b3lyp/12ae12ae12ae-12ae-_TD.log,12ae12ae12ae-12ae-,---,[],"td B3LYP/6-31g(d,p)",-4.98240438449,-1.82071369397,93,0.7702,-1221.1354637,2.9443,0.883333333333
/home/ccollins/allmols/O/opt/b3lyp/b3lyp/12ie12ie-12ie_TD.log,12ie12ie-12ie,---,[],"td B3LYP/6-31g(d,p)",-4.96281218811,-1.43104667712,82,1.2048,-1034.1151826,3.2811,0.866666666667
/home/ccollins/allmols/O/opt/b3lyp/b3lyp/4ai4ai4ai-4ai_TD.log,4ai4ai4ai-4ai,---,[],"td B3LYP/6-31g(d,p)",-5.72146557009,-0.847634607192,97,1.1352,-1082.7195588,4.3965,1.81666666667
/home/ccollins/allmols/O/opt/b3lyp/b3lyp/12ef12ef-12ef-12ef_TD.log,12ef12ef-12ef-12ef,---,[],"td B3LYP/6-31g(d,p)",-4.63192176039,-1.76737938161,109,2.9196,-1521.9968095,2.5652,1.21666666667
/home/ccollins/allmols/O/opt/b3lyp/b3lyp/12le12le12le_TD.log,12le12le12le,---,[],"td B3LYP/6-31g(d,p)",-4.88852511018,-1.31811943411,94,1.2795,-1259.6664983,3.2918,1.0
/home/ccollins/allmols/O/opt/b3lyp/b3lyp/12fa12fa12fa-12fa-_TD.log,12fa12fa12fa-12fa-,---,[],"td B3LYP/6-31g(d,p)",-4.4422584149,-1.29009170873,85,3.6933,-1217.4089991,2.9949,0.633333333333
/home/ccollins/allmols/O/opt/b3lyp/b3lyp/4fa4fa4fa-4fa-_TD.log,4fa4fa4fa-4fa-,---,[],"td B3LYP/6-31g(d,p)",-5.68690711259,-1.28383309044,97,2.8207,-1226.3299015,3.9137,1.15
/home/ccollins/allmols/O/opt/b3lyp/b3lyp/12li12li12li-12li_TD.log,12li12li12li-12li,---,[],"td B3LYP/6-31g(d,p)",-4.37967223202,-1.07811502847,117,1.2776,-1531.9089063,3.0706,1.96666666667
/home/ccollins/allmols/O/opt/b3lyp/b3lyp/12ia12ia-_TD.log,12ia12ia-,---,[],"td B3LYP/6-31g(d,p)",-5.07383463425,-0.435110027897,43,0.1505,-537.5128201,4.5059,0.166666666667
/home/ccollins/allmols/O/opt/b3lyp/b3lyp/12ea12ea-12ea-12ea_TD.log,12ea12ea-12ea-12ea,---,[],"td B3LYP/6-31g(d,p)",-5.00090812551,-1.83976166267,93,0.7858,-1221.1353271,2.8930,0.9
/home/ccollins/allmols/O/opt/b3lyp/b3lyp/12li12li-12li-12li_TD.log,12li12li-12li-12li,---,[],"td B3LYP/6-31g(d,p)",-4.41069320962,-1.01171925186,117,1.4805,-1531.9068964,3.1142,1.96666666667
/home/ccollins/allmols/O/opt/b3lyp/b3lyp/12af12af_TD.log,12af12af,---,[],"td B3LYP/6-31g(d,p)",-5.03791560756,-0.545044018686,43,1.3207,-609.2911118,4.3811,0.133333333333
/home/ccollins/allmols/O/opt/b3lyp/b3lyp/12li12li12li12li-_TD.log,12li12li12li12li-,---,[],"td B3LYP/6-31g(d,p)",-4.40579516053,-1.01117502418,117,1.3384,-1531.9070011,3.1124,2.05
/home/ccollins/allmols/O/opt/b3lyp/b3lyp/12al12al-_TD.log,12al12al-,---,[],"td B3LYP/6-31g(d,p)",-4.7772305502,-0.381775715535,51,1.9149,-687.9051873,4.2630,0.183333333333
/home/ccollins/allmols/O/opt/b3lyp/b3lyp/12fi_TD.log,12fi,---,[],"td B3LYP/6-31g(d,p)",-5.58840190302,0.700421020518,26,2.3692,-344.5605353,5.9690,0.05
/home/ccollins/allmols/O/opt/b3lyp/b3lyp/12ie12ie-12ie-12ie_TD.log,12ie12ie-12ie-12ie,---,[],"td B3LYP/6-31g(d,p)",-4.87927323967,-1.54451814781,109,1.3166,-1378.4230851,2.9885,1.85
/home/ccollins/allmols/O/opt/b3lyp/b3lyp/4ei4ei-4ei-4ei-_TD.log,4ei4ei-4ei-4ei-,---,[],"td B3LYP/6-31g(d,p)",-5.9486806253,-1.04083543259,121,2.9138,-1387.2964647,4.4034,2.06666666667
/home/ccollins/allmols/O/opt/b3lyp/b3lyp/12if12if_TD.log,12if12if,---,[],"td B3LYP/6-31g(d,p)",-5.12091032833,-0.211704566419,51,1.3969,-687.9372939,4.5948,0.233333333333
