/home/ccollins/allmols/O/opt/b3lyp/cam/12ea12ea12ea_TD.log,12ea12ea12ea,---,[],"td CAM-B3LYP/6-31g(d,p)",-6.39059349917,-0.466947347012,70,0.6560,-915.6811048,3.6861,0.533333333333
/home/ccollins/allmols/O/opt/b3lyp/cam/12el12el12el12el-_TD.log,12el12el12el12el-,---,[],"td CAM-B3LYP/6-31g(d,p)",-5.51003311751,-0.400551570397,125,3.8065,-1678.3871453,2.9978,1.61666666667
/home/ccollins/allmols/O/opt/b3lyp/cam/12if12if-12if-12if-_TD.log,12if12if-12if-12if-,---,[],"td CAM-B3LYP/6-31g(d,p)",-5.49642742558,0.13660114697,101,5.0242,-1374.0732291,3.4212,0.966666666667
/home/ccollins/allmols/O/opt/b3lyp/cam/12ia12ia-12ia12ia-_TD.log,12ia12ia-12ia12ia-,---,[],"td CAM-B3LYP/6-31g(d,p)",-5.72854052989,0.00680284596462,85,0.0873,-1073.2995908,3.4992,0.783333333333
/home/ccollins/allmols/O/opt/b3lyp/cam/12ie12ie12ie12ie_TD.log,12ie12ie12ie12ie,---,[],"td CAM-B3LYP/6-31g(d,p)",-6.33263325155,-0.238643836439,109,0.9779,-1377.6983117,3.7420,1.7
/home/ccollins/allmols/O/opt/b3lyp/cam/12ff12ff12ff12ff-_TD.log,12ff12ff12ff12ff-,---,[],"td CAM-B3LYP/6-31g(d,p)",-5.60336816414,-0.184765296399,101,4.7412,-1517.6793461,3.3086,0.833333333333
/home/ccollins/allmols/O/opt/b3lyp/cam/4fa4fa4fa4fa_TD.log,4fa4fa4fa4fa,---,[],"td CAM-B3LYP/6-31g(d,p)",-6.61372684681,0.0878927698629,97,6.2219,-1225.6934216,4.3573,1.45
/home/ccollins/allmols/O/opt/b3lyp/cam/12ff12ff-12ff12ff_TD.log,12ff12ff-12ff12ff,---,[],"td CAM-B3LYP/6-31g(d,p)",-5.39846644369,0.0838110622842,101,5.6500,-1517.6706038,3.3579,0.966666666667
/home/ccollins/allmols/O/opt/b3lyp/cam/12il12il-12il-12il_TD.log,12il12il-12il-12il,---,[],"td CAM-B3LYP/6-31g(d,p)",-5.70568296745,0.0772803301581,117,2.6823,-1531.1804663,3.4978,1.56666666667
/home/ccollins/allmols/O/opt/b3lyp/cam/12fe12fe_TD.log,12fe12fe,---,[],"td CAM-B3LYP/6-31g(d,p)",-6.47059496771,0.0737428502565,55,3.5291,-761.2338911,4.1538,0.233333333333
/home/ccollins/allmols/O/opt/b3lyp/cam/12ef12ef12ef12ef-_TD.log,12ef12ef12ef12ef-,---,[],"td CAM-B3LYP/6-31g(d,p)",-6.01670908495,-0.761102406522,109,0.5209,-1521.3043126,3.1027,1.1
/home/ccollins/allmols/O/opt/b3lyp/cam/12ae12ae-12ae12ae_TD.log,12ae12ae-12ae12ae,---,[],"td CAM-B3LYP/6-31g(d,p)",-6.17807259123,-0.703958500419,93,0.7714,-1220.5154271,3.2947,0.8
/home/ccollins/allmols/O/opt/b3lyp/cam/4ei4ei4ei4ei_TD.log,4ei4ei4ei4ei,---,[],"td CAM-B3LYP/6-31g(d,p)",-7.29700469549,0.169799035277,121,2.8545,-1386.4703235,4.9330,3.38333333333
/home/ccollins/allmols/O/opt/b3lyp/cam/4fe4fe-4fe4fe-_TD.log,4fe4fe-4fe4fe-,---,[],"td CAM-B3LYP/6-31g(d,p)",-6.99849581457,-0.108029193918,121,2.6494,-1530.0963257,4.4988,2.35
/home/ccollins/allmols/O/opt/b3lyp/cam/12ei12ei12ei12ei_TD.log,12ei12ei12ei12ei,---,[],"td CAM-B3LYP/6-31g(d,p)",-6.33263325155,-0.2383717226,109,0.9781,-1377.6983125,3.7423,1.6
/home/ccollins/allmols/O/opt/b3lyp/cam/12if12if-12if12if-_TD.log,12if12if-12if12if-,---,[],"td CAM-B3LYP/6-31g(d,p)",-5.50540718225,-0.0160547164765,101,4.4617,-1374.0823067,3.3282,1.0
/home/ccollins/allmols/O/opt/b3lyp/cam/12aa12aa12aa-12aa-_TD.log,12aa12aa12aa-12aa-,---,[],"td CAM-B3LYP/6-31g(d,p)",-5.91983655841,-0.133335780907,69,0.0000,-916.1097404,3.5744,0.366666666667
/home/ccollins/allmols/O/opt/b3lyp/cam/4le_TD.log,4le,---,[],"td CAM-B3LYP/6-31g(d,p)",-7.08176264917,0.787225335026,35,1.9466,-422.6951158,5.0866,0.133333333333
/home/ccollins/allmols/O/opt/b3lyp/cam/12af12af-12af_TD.log,12af12af-12af,---,[],"td CAM-B3LYP/6-31g(d,p)",-5.9119452571,0.127077162619,64,2.1288,-912.9597732,3.7772,0.4
/home/ccollins/allmols/O/opt/b3lyp/cam/12ee12ee-12ee12ee-_TD.log,12ee12ee-12ee12ee-,---,[],"td CAM-B3LYP/6-31g(d,p)",-6.35521870015,-1.00301160902,117,0.0344,-1524.9104842,3.1603,1.48333333333
/home/ccollins/allmols/O/opt/b3lyp/cam/12al12al-12al-12al-_TD.log,12al12al-12al-12al-,---,[],"td CAM-B3LYP/6-31g(d,p)",-5.51193791438,0.19428928075,101,2.7059,-1373.9822955,3.4428,0.833333333333
/home/ccollins/allmols/O/opt/b3lyp/cam/4if4if-4if-4if-_TD.log,4if4if-4if-4if-,---,[],"td CAM-B3LYP/6-31g(d,p)",-6.75767506742,0.444089784571,113,2.7385,-1382.8721847,4.6551,2.83333333333
/home/ccollins/allmols/O/opt/b3lyp/cam/111111_TD.log,111111,---,[],"td CAM-B3LYP/6-31g(d,p)",-8.860570812,-2.53991056935,22,3.7012,-340.9852687,1.9690,0.0166666666667
/home/ccollins/allmols/O/opt/b3lyp/cam/12fi12fi_TD.log,12fi12fi,---,[],"td CAM-B3LYP/6-31g(d,p)",-6.2074608858,1.04709405087,51,4.4570,-687.6195357,4.7212,0.333333333333
/home/ccollins/allmols/O/opt/b3lyp/cam/4fa4fa_TD.log,4fa4fa,---,[],"td CAM-B3LYP/6-31g(d,p)",-6.92175971208,0.34612880268,49,3.1568,-613.4350092,4.7137,0.216666666667
/home/ccollins/allmols/O/opt/b3lyp/cam/12el12el12el_TD.log,12el12el12el,---,[],"td CAM-B3LYP/6-31g(d,p)",-5.79194305428,-0.197554646813,94,4.1468,-1259.0803035,3.4102,0.933333333333
/home/ccollins/allmols/O/opt/b3lyp/cam/12aa12aa12aa-12aa_TD.log,12aa12aa12aa-12aa,---,[],"td CAM-B3LYP/6-31g(d,p)",-5.9451431454,-0.153200091123,69,0.9844,-916.112439,3.5712,0.433333333333
/home/ccollins/allmols/O/opt/b3lyp/cam/12aa_TD.log,12aa,---,[],"td CAM-B3LYP/6-31g(d,p)",-7.6447661812,1.94044378295,18,0.6530,-229.911639,6.5746,0.0166666666667
/home/ccollins/allmols/O/opt/b3lyp/cam/4aa4aa-4aa_TD.log,4aa4aa-4aa,---,[],"td CAM-B3LYP/6-31g(d,p)",-6.85318702476,-0.17496919821,61,0.0001,-693.9633148,4.3524,0.433333333333
/home/ccollins/allmols/O/opt/b3lyp/cam/12ee12ee-12ee-12ee-_TD.log,12ee12ee-12ee-12ee-,---,[],"td CAM-B3LYP/6-31g(d,p)",-6.49481309934,-0.897159325814,117,0.2940,-1524.904394,3.3542,1.96666666667
/home/ccollins/allmols/O/opt/b3lyp/cam/12al_TD.log,12al,---,[],"td CAM-B3LYP/6-31g(d,p)",-7.05645606218,1.93636207537,26,2.0405,-344.3830853,6.0616,0.05
/home/ccollins/allmols/O/opt/b3lyp/cam/4fe4fe_TD.log,4fe4fe,---,[],"td CAM-B3LYP/6-31g(d,p)",-6.99985638376,0.342863436617,61,2.9654,-765.639779,4.7527,0.45
/home/ccollins/allmols/O/opt/b3lyp/cam/22-2-_TD.log,22-2-,---,[],"td CAM-B3LYP/6-31g(d,p)",-7.05618394835,-0.0666678904533,22,0.0942,-233.2509393,4.7710,0.05
/home/ccollins/allmols/O/opt/b3lyp/cam/12le12le-12le12le_TD.log,12le12le-12le12le,---,[],"td CAM-B3LYP/6-31g(d,p)",-6.1383439708,-0.398646773527,125,2.4646,-1678.3948978,3.4298,1.91666666667
/home/ccollins/allmols/O/opt/b3lyp/cam/12il12il-12il_TD.log,12il12il-12il,---,[],"td CAM-B3LYP/6-31g(d,p)",-5.88146850717,0.25578700827,88,3.8355,-1148.6803814,3.8027,0.866666666667
/home/ccollins/allmols/O/opt/b3lyp/cam/4ae4ae4ae-4ae-_TD.log,4ae4ae4ae-4ae-,---,[],"td CAM-B3LYP/6-31g(d,p)",-7.15169590569,-0.300413677798,105,1.3983,-1229.2916476,4.5142,1.83333333333
/home/ccollins/allmols/O/opt/b3lyp/cam/12ll12ll12ll-12ll_TD.log,12ll12ll12ll-12ll,---,[],"td CAM-B3LYP/6-31g(d,p)",-5.15519667199,0.416062059196,133,4.6726,-1831.8432214,3.3707,1.6
/home/ccollins/allmols/O/opt/b3lyp/cam/12af12af-12af12af-_TD.log,12af12af-12af12af-,---,[],"td CAM-B3LYP/6-31g(d,p)",-5.69207727552,-0.212248794096,85,4.5940,-1216.892817,3.3609,0.55
/home/ccollins/allmols/O/opt/b3lyp/cam/12ea12ea-12ea-12ea-_TD.log,12ea12ea-12ea-12ea-,---,[],"td CAM-B3LYP/6-31g(d,p)",-6.18079372962,-0.730081428923,93,0.8538,-1220.5154296,3.2999,0.883333333333
/home/ccollins/allmols/O/opt/b3lyp/cam/4ea4ea-4ea4ea-_TD.log,4ea4ea-4ea4ea-,---,[],"td CAM-B3LYP/6-31g(d,p)",-7.13781809992,-0.300685791636,105,1.5281,-1229.2919311,4.4921,1.68333333333
/home/ccollins/allmols/O/opt/b3lyp/cam/12ai12ai-12ai12ai-_TD.log,12ai12ai-12ai12ai-,---,[],"td CAM-B3LYP/6-31g(d,p)",-5.72854052989,0.00680284596462,85,0.0873,-1073.2995908,3.4992,0.666666666667
/home/ccollins/allmols/O/opt/b3lyp/cam/12fe12fe12fe12fe_TD.log,12fe12fe12fe12fe,---,[],"td CAM-B3LYP/6-31g(d,p)",-5.73452703434,-0.58259572841,109,5.8717,-1521.2891661,3.1266,0.983333333333
/home/ccollins/allmols/O/opt/b3lyp/cam/4ef_TD.log,4ef,---,[],"td CAM-B3LYP/6-31g(d,p)",-7.17455346813,0.763551431069,31,1.6463,-383.4153884,5.0902,0.0833333333333
/home/ccollins/allmols/O/opt/b3lyp/cam/12fl12fl12fl12fl_TD.log,12fl12fl12fl12fl,---,[],"td CAM-B3LYP/6-31g(d,p)",-4.99301682419,0.398374659688,117,5.1038,-1674.7201825,3.2662,1.2
/home/ccollins/allmols/O/opt/b3lyp/cam/12al12al12al-12al-_TD.log,12al12al12al-12al-,---,[],"td CAM-B3LYP/6-31g(d,p)",-5.36798969376,0.145308789804,101,4.5019,-1373.9929038,3.3833,0.9
/home/ccollins/allmols/O/opt/b3lyp/cam/4ae4ae4ae-4ae_TD.log,4ae4ae4ae-4ae,---,[],"td CAM-B3LYP/6-31g(d,p)",-7.14516517356,-0.299325222443,105,1.6462,-1229.2917783,4.5126,1.85
/home/ccollins/allmols/O/opt/b3lyp/cam/12li12li12li_TD.log,12li12li12li,---,[],"td CAM-B3LYP/6-31g(d,p)",-5.83194378855,0.304767499215,88,0.9940,-1148.6851223,3.8032,0.883333333333
/home/ccollins/allmols/O/opt/b3lyp/cam/4ia4ia4ia_TD.log,4ia4ia4ia,---,[],"td CAM-B3LYP/6-31g(d,p)",-7.15441704407,0.508308650477,73,0.8772,-811.8489027,5.1144,0.916666666667
/home/ccollins/allmols/O/opt/b3lyp/cam/12fe12fe-12fe-12fe-_TD.log,12fe12fe-12fe-12fe-,---,[],"td CAM-B3LYP/6-31g(d,p)",-6.01670908495,-0.761102406522,109,0.5223,-1521.3043118,3.1026,1.13333333333
/home/ccollins/allmols/O/opt/b3lyp/cam/12ei12ei12ei-12ei_TD.log,12ei12ei12ei-12ei,---,[],"td CAM-B3LYP/6-31g(d,p)",-6.03929453355,-0.465586777819,109,1.2153,-1377.7031989,3.3376,1.4
/home/ccollins/allmols/O/opt/b3lyp/cam/12ae_TD.log,12ae,---,[],"td CAM-B3LYP/6-31g(d,p)",-7.5876222751,1.12573495023,24,0.4134,-306.0128415,5.8682,0.0333333333333
/home/ccollins/allmols/O/opt/b3lyp/cam/12aa12aa-12aa12aa-_TD.log,12aa12aa-12aa12aa-,---,[],"td CAM-B3LYP/6-31g(d,p)",-5.97044973239,-0.17306440134,69,0.0001,-916.1151722,3.5678,0.366666666667
/home/ccollins/allmols/O/opt/b3lyp/cam/12al12al-12al12al-_TD.log,12al12al-12al12al-,---,[],"td CAM-B3LYP/6-31g(d,p)",-5.44009986099,0.0696611426777,101,4.1592,-1373.9989947,3.3472,0.866666666667
/home/ccollins/allmols/O/opt/b3lyp/cam/4la4la-_TD.log,4la4la-,---,[],"td CAM-B3LYP/6-31g(d,p)",-6.94244036382,0.783687855125,57,1.3172,-691.9981898,4.9561,0.383333333333
/home/ccollins/allmols/O/opt/b3lyp/cam/4ia_TD.log,4ia,---,[],"td CAM-B3LYP/6-31g(d,p)",-7.83878334812,1.45907440249,25,0.3421,-271.409016,5.5306,0.0833333333333
/home/ccollins/allmols/O/opt/b3lyp/cam/12le12le-_TD.log,12le12le-,---,[],"td CAM-B3LYP/6-31g(d,p)",-6.29861902172,0.266671561813,63,2.1979,-839.7886352,4.1619,0.366666666667
/home/ccollins/allmols/O/opt/b3lyp/cam/12aa12aa12aa12aa-_TD.log,12aa12aa12aa12aa-,---,[],"td CAM-B3LYP/6-31g(d,p)",-5.91439428164,-0.1346963501,69,0.8711,-916.1094123,3.5533,0.35
/home/ccollins/allmols/O/opt/b3lyp/cam/22-2-2_TD.log,22-2-2,---,[],"td CAM-B3LYP/6-31g(d,p)",-6.63930554763,-0.524091253115,29,0.0003,-310.605922,4.0589,0.0666666666667
/home/ccollins/allmols/O/opt/b3lyp/cam/12lf12lf-12lf_TD.log,12lf12lf-12lf,---,[],"td CAM-B3LYP/6-31g(d,p)",-5.61887865294,0.368442137444,88,3.9856,-1256.3520124,3.7109,0.883333333333
/home/ccollins/allmols/O/opt/b3lyp/cam/4ff4ff-4ff-4ff_TD.log,4ff4ff-4ff-4ff,---,[],"td CAM-B3LYP/6-31g(d,p)",-6.57508668173,0.0446266695279,113,0.7989,-1526.5004722,4.1242,2.31666666667
/home/ccollins/allmols/O/opt/b3lyp/cam/12la12la-12la-12la_TD.log,12la12la-12la-12la,---,[],"td CAM-B3LYP/6-31g(d,p)",-5.40826254188,-0.0108845535434,101,3.1568,-1374.0009358,3.2641,0.816666666667
/home/ccollins/allmols/O/opt/b3lyp/cam/12la12la-12la12la-_TD.log,12la12la-12la12la-,---,[],"td CAM-B3LYP/6-31g(d,p)",-5.44009986099,0.0696611426777,101,4.1592,-1373.9989947,3.3472,0.9
/home/ccollins/allmols/O/opt/b3lyp/cam/12ie12ie12ie12ie-_TD.log,12ie12ie12ie12ie-,---,[],"td CAM-B3LYP/6-31g(d,p)",-6.17780047739,-0.345584575003,109,1.5175,-1377.7010837,3.5495,1.56666666667
/home/ccollins/allmols/O/opt/b3lyp/cam/12lf12lf-12lf12lf-_TD.log,12lf12lf-12lf12lf-,---,[],"td CAM-B3LYP/6-31g(d,p)",-5.33751294384,0.114832039883,117,6.9677,-1674.7450561,3.2986,1.45
/home/ccollins/allmols/O/opt/b3lyp/cam/4ff4ff4ff4ff-_TD.log,4ff4ff4ff4ff-,---,[],"td CAM-B3LYP/6-31g(d,p)",-6.4218865906,0.0525179708469,113,1.1936,-1526.4852491,4.0722,1.96666666667
/home/ccollins/allmols/O/opt/b3lyp/cam/12la12la-12la_TD.log,12la12la-12la,---,[],"td CAM-B3LYP/6-31g(d,p)",-5.74894906778,0.257419691301,76,1.2468,-1030.7929838,3.7219,0.65
/home/ccollins/allmols/O/opt/b3lyp/cam/4ea4ea-4ea_TD.log,4ea4ea-4ea,---,[],"td CAM-B3LYP/6-31g(d,p)",-7.25020111526,-0.151023180415,79,1.2048,-922.2660429,4.6789,0.983333333333
/home/ccollins/allmols/O/opt/b3lyp/cam/12ea12ea12ea-12ea-_TD.log,12ea12ea12ea-12ea-,---,[],"td CAM-B3LYP/6-31g(d,p)",-6.17181397294,-0.708584435675,93,0.7630,-1220.5152396,3.3127,0.766666666667
/home/ccollins/allmols/O/opt/b3lyp/cam/12fe12fe12fe12fe-_TD.log,12fe12fe12fe12fe-,---,[],"td CAM-B3LYP/6-31g(d,p)",-5.89616265446,-0.740693868628,109,4.9045,-1521.2963819,3.0906,1.28333333333
/home/ccollins/allmols/O/opt/b3lyp/cam/12ee12ee12ee12ee_TD.log,12ee12ee12ee12ee,---,[],"td CAM-B3LYP/6-31g(d,p)",-6.30134016011,-1.09117649273,117,0.2090,-1524.892293,3.0943,1.3
/home/ccollins/allmols/O/opt/b3lyp/cam/12la12la-12la12la_TD.log,12la12la-12la12la,---,[],"td CAM-B3LYP/6-31g(d,p)",-5.53261856611,0.0214969932482,101,1.1083,-1373.9903326,3.3815,0.966666666667
/home/ccollins/allmols/O/opt/b3lyp/cam/12lf12lf12lf-12lf-_TD.log,12lf12lf12lf-12lf-,---,[],"td CAM-B3LYP/6-31g(d,p)",-5.71820020402,-0.228031396734,117,2.9147,-1674.7761702,3.3259,1.28333333333
/home/ccollins/allmols/O/opt/b3lyp/cam/4if4if4if4if-_TD.log,4if4if4if4if-,---,[],"td CAM-B3LYP/6-31g(d,p)",-6.73046368356,0.616065730556,113,4.3854,-1382.8633983,4.7513,2.56666666667
/home/ccollins/allmols/O/opt/b3lyp/cam/12ae12ae12ae12ae_TD.log,12ae12ae12ae12ae,---,[],"td CAM-B3LYP/6-31g(d,p)",-6.16664381001,-0.710761346384,93,0.4925,-1220.5153502,3.3114,0.933333333333
/home/ccollins/allmols/O/opt/b3lyp/cam/4fi_TD.log,4fi,---,[],"td CAM-B3LYP/6-31g(d,p)",-7.15496127175,1.36410667283,29,1.3877,-346.6085705,5.2222,0.0833333333333
/home/ccollins/allmols/O/opt/b3lyp/cam/12ae12ae12ae_TD.log,12ae12ae12ae,---,[],"td CAM-B3LYP/6-31g(d,p)",-6.39059349917,-0.466947347012,70,0.6559,-915.6811046,3.6861,0.45
/home/ccollins/allmols/O/opt/b3lyp/cam/4ia4ia4ia4ia-_TD.log,4ia4ia4ia4ia-,---,[],"td CAM-B3LYP/6-31g(d,p)",-7.02216971852,0.350210510259,97,1.0231,-1082.0689928,4.9068,1.65
/home/ccollins/allmols/O/opt/b3lyp/cam/12ee12ee-12ee12ee_TD.log,12ee12ee-12ee12ee,---,[],"td CAM-B3LYP/6-31g(d,p)",-6.39685211745,-0.98641266487,117,0.2069,-1524.9071734,3.2143,1.53333333333
/home/ccollins/allmols/O/opt/b3lyp/cam/12el12el-_TD.log,12el12el-,---,[],"td CAM-B3LYP/6-31g(d,p)",-6.29861902172,0.266671561813,63,2.1979,-839.7886352,4.1619,0.333333333333
/home/ccollins/allmols/O/opt/b3lyp/cam/4if4if4if-4if-_TD.log,4if4if4if-4if-,---,[],"td CAM-B3LYP/6-31g(d,p)",-6.71087148718,0.660420286246,113,2.1809,-1382.8677231,4.7315,2.23333333333
/home/ccollins/allmols/O/opt/b3lyp/cam/12af12af12af_TD.log,12af12af12af,---,[],"td CAM-B3LYP/6-31g(d,p)",-6.00691298676,0.139866513033,64,1.2859,-912.9499164,3.8839,0.516666666667
/home/ccollins/allmols/O/opt/b3lyp/cam/12fl12fl-12fl12fl_TD.log,12fl12fl-12fl12fl,---,[],"td CAM-B3LYP/6-31g(d,p)",-5.15710146886,0.270753269392,117,8.1340,-1674.7333343,3.2868,1.16666666667
/home/ccollins/allmols/O/opt/b3lyp/cam/12aa12aa-12aa-12aa-_TD.log,12aa12aa-12aa-12aa-,---,[],"td CAM-B3LYP/6-31g(d,p)",-5.91439428164,-0.1346963501,69,0.8711,-916.1094123,3.5533,0.366666666667
/home/ccollins/allmols/O/opt/b3lyp/cam/12aa12aa-12aa-12aa_TD.log,12aa12aa-12aa-12aa,---,[],"td CAM-B3LYP/6-31g(d,p)",-5.94378257621,-0.161907733958,69,0.2733,-916.1125294,3.5459,0.45
/home/ccollins/allmols/O/opt/b3lyp/cam/22-_TD.log,22-,---,[],"td CAM-B3LYP/6-31g(d,p)",-7.70082163195,0.54041808343,15,0.0762,-155.8907472,5.6640,0.0166666666667
/home/ccollins/allmols/O/opt/b3lyp/cam/12if12if12if12if_TD.log,12if12if12if12if,---,[],"td CAM-B3LYP/6-31g(d,p)",-6.12501039271,0.377694007956,101,2.1602,-1374.0681819,4.0304,1.03333333333
/home/ccollins/allmols/O/opt/b3lyp/cam/12ll12ll-12ll12ll-_TD.log,12ll12ll-12ll12ll-,---,[],"td CAM-B3LYP/6-31g(d,p)",-5.73316646515,0.364088316027,133,3.7539,-1831.8800792,3.7552,1.55
/home/ccollins/allmols/O/opt/b3lyp/cam/4fi4fi-_TD.log,4fi4fi-,---,[],"td CAM-B3LYP/6-31g(d,p)",-7.07441557553,0.714843053963,57,1.0673,-692.0309479,4.9231,0.366666666667
/home/ccollins/allmols/O/opt/b3lyp/cam/12ee12ee12ee12ee-_TD.log,12ee12ee12ee12ee-,---,[],"td CAM-B3LYP/6-31g(d,p)",-6.49481309934,-0.897159325814,117,0.2938,-1524.9043948,3.3543,1.75
/home/ccollins/allmols/O/opt/b3lyp/cam/4ie4ie-4ie_TD.log,4ie4ie-4ie,---,[],"td CAM-B3LYP/6-31g(d,p)",-7.33183526683,0.220956436931,91,2.4849,-1040.1491071,4.9835,2.13333333333
/home/ccollins/allmols/O/opt/b3lyp/cam/12ei12ei-_TD.log,12ei12ei-,---,[],"td CAM-B3LYP/6-31g(d,p)",-6.57046074647,0.151023180415,55,0.7654,-689.4414397,4.2920,0.383333333333
/home/ccollins/allmols/O/opt/b3lyp/cam/4aa_TD.log,4aa,---,[],"td CAM-B3LYP/6-31g(d,p)",-8.17321125574,1.41444773296,21,0.0001,-232.1136527,5.6236,0.0333333333333
/home/ccollins/allmols/O/opt/b3lyp/cam/12fe12fe-12fe12fe_TD.log,12fe12fe-12fe12fe,---,[],"td CAM-B3LYP/6-31g(d,p)",-5.78323541145,-0.586677435989,109,6.2872,-1521.2949984,3.1196,1.03333333333
/home/ccollins/allmols/O/opt/b3lyp/cam/4ai4ai-4ai-4ai-_TD.log,4ai4ai-4ai-4ai-,---,[],"td CAM-B3LYP/6-31g(d,p)",-7.02216971852,0.350210510259,97,1.0230,-1082.0689926,4.9067,1.61666666667
/home/ccollins/allmols/O/opt/b3lyp/cam/4ae4ae4ae4ae-_TD.log,4ae4ae4ae4ae-,---,[],"td CAM-B3LYP/6-31g(d,p)",-7.1525122472,-0.299053108605,105,1.6063,-1229.2916036,4.5267,2.01666666667
/home/ccollins/allmols/O/opt/b3lyp/cam/12ff12ff-12ff12ff-_TD.log,12ff12ff-12ff12ff-,---,[],"td CAM-B3LYP/6-31g(d,p)",-5.61180369314,-0.145853017482,101,0.0002,-1517.6754544,3.3356,0.766666666667
/home/ccollins/allmols/O/opt/b3lyp/cam/12al12al-12al-12al_TD.log,12al12al-12al-12al,---,[],"td CAM-B3LYP/6-31g(d,p)",-5.53561181833,0.0993215510835,101,2.7532,-1373.9879908,3.4007,0.966666666667
/home/ccollins/allmols/O/opt/b3lyp/cam/12fa12fa12fa_TD.log,12fa12fa12fa,---,[],"td CAM-B3LYP/6-31g(d,p)",-5.67738312824,0.30966554831,64,5.7183,-912.9533923,3.7942,0.35
/home/ccollins/allmols/O/opt/b3lyp/cam/4fa4fa-4fa_TD.log,4fa4fa-4fa,---,[],"td CAM-B3LYP/6-31g(d,p)",-6.85726873234,0.29034546577,73,2.4738,-919.5698205,4.5744,0.766666666667
/home/ccollins/allmols/O/opt/b3lyp/cam/4aa4aa4aa4aa-_TD.log,4aa4aa4aa4aa-,---,[],"td CAM-B3LYP/6-31g(d,p)",-6.91250784157,-0.0514295154925,81,0.0001,-924.8982684,4.5109,0.85
/home/ccollins/allmols/O/opt/b3lyp/cam/12ea12ea-12ea_TD.log,12ea12ea-12ea,---,[],"td CAM-B3LYP/6-31g(d,p)",-6.40256650806,-0.468307916205,70,0.7360,-915.6811725,3.6484,0.466666666667
/home/ccollins/allmols/O/opt/b3lyp/cam/4ef4ef-_TD.log,4ef4ef-,---,[],"td CAM-B3LYP/6-31g(d,p)",-7.01972069397,0.531710440595,61,1.7616,-765.6393043,4.8597,0.466666666667
/home/ccollins/allmols/O/opt/b3lyp/cam/4ie4ie-4ie4ie-_TD.log,4ie4ie-4ie4ie-,---,[],"td CAM-B3LYP/6-31g(d,p)",-7.30544022449,0.215786273998,121,3.1783,-1386.4701325,4.9424,3.43333333333
/home/ccollins/allmols/O/opt/b3lyp/cam/11_TD.log,11,---,[],"td CAM-B3LYP/6-31g(d,p)",-9.00125366655,0.456879134984,8,2.2610,-114.4518581,4.0298,0.0
/home/ccollins/allmols/O/opt/b3lyp/cam/12el12el-12el-12el_TD.log,12el12el-12el-12el,---,[],"td CAM-B3LYP/6-31g(d,p)",-6.01698119879,-0.579330362347,125,2.4831,-1678.3963851,3.2301,1.63333333333
/home/ccollins/allmols/O/opt/b3lyp/cam/4ff4ff-4ff4ff-_TD.log,4ff4ff-4ff4ff-,---,[],"td CAM-B3LYP/6-31g(d,p)",-6.56474635586,-0.0653073212604,113,1.0685,-1526.4994824,4.0978,1.78333333333
/home/ccollins/allmols/O/opt/b3lyp/cam/12le12le_TD.log,12le12le,---,[],"td CAM-B3LYP/6-31g(d,p)",-6.53835131352,0.171975945986,63,1.8979,-839.7752204,4.2464,0.45
/home/ccollins/allmols/O/opt/b3lyp/cam/12lf12lf_TD.log,12lf12lf,---,[],"td CAM-B3LYP/6-31g(d,p)",-6.83522751141,1.22396804595,59,1.1677,-837.9679402,5.2382,0.4
/home/ccollins/allmols/O/opt/b3lyp/cam/12il12il-12il12il_TD.log,12il12il-12il12il,---,[],"td CAM-B3LYP/6-31g(d,p)",-5.69724743845,0.0683005734848,117,2.8195,-1531.180543,3.5084,1.63333333333
/home/ccollins/allmols/O/opt/b3lyp/cam/12al12al-12al_TD.log,12al12al-12al,---,[],"td CAM-B3LYP/6-31g(d,p)",-5.708131992,0.348577827227,76,3.8759,-1030.791131,3.7764,0.483333333333
/home/ccollins/allmols/O/opt/b3lyp/cam/4el_TD.log,4el,---,[],"td CAM-B3LYP/6-31g(d,p)",-7.08257899069,0.787769562703,35,1.9449,-422.6951166,5.0868,0.1
/home/ccollins/allmols/O/opt/b3lyp/cam/4aa4aa-_TD.log,4aa4aa-,---,[],"td CAM-B3LYP/6-31g(d,p)",-7.24421461081,0.293338717995,41,0.0005,-463.0380831,5.0031,0.15
/home/ccollins/allmols/O/opt/b3lyp/cam/4ae4ae-4ae-4ae-_TD.log,4ae4ae-4ae-4ae-,---,[],"td CAM-B3LYP/6-31g(d,p)",-7.15169590569,-0.296876197896,105,1.3838,-1229.2916721,4.5122,1.81666666667
/home/ccollins/allmols/O/opt/b3lyp/cam/12ai12ai12ai-12ai-_TD.log,12ai12ai12ai-12ai-,---,[],"td CAM-B3LYP/6-31g(d,p)",-5.67683890056,0.040000734272,85,0.0491,-1073.2951266,3.5113,0.733333333333
/home/ccollins/allmols/O/opt/b3lyp/cam/4ai4ai-4ai4ai_TD.log,4ai4ai-4ai4ai,---,[],"td CAM-B3LYP/6-31g(d,p)",-7.02897256449,0.351571079452,97,1.0617,-1082.0690632,4.9043,1.48333333333
/home/ccollins/allmols/O/opt/b3lyp/cam/12ie12ie_TD.log,12ie12ie,---,[],"td CAM-B3LYP/6-31g(d,p)",-6.80393441998,0.295515628703,55,1.1431,-689.4397425,4.5371,0.45
/home/ccollins/allmols/O/opt/b3lyp/cam/4ff4ff-_TD.log,4ff4ff-,---,[],"td CAM-B3LYP/6-31g(d,p)",-6.6806668511,0.488716454099,57,1.0198,-763.8405398,4.5259,0.3
/home/ccollins/allmols/O/opt/b3lyp/cam/4fa4fa4fa-4fa_TD.log,4fa4fa4fa-4fa,---,[],"td CAM-B3LYP/6-31g(d,p)",-6.79577100482,0.0389122789176,97,3.8446,-1225.6960777,4.3929,1.46666666667
/home/ccollins/allmols/O/opt/b3lyp/cam/12fe12fe-12fe12fe-_TD.log,12fe12fe-12fe12fe-,---,[],"td CAM-B3LYP/6-31g(d,p)",-5.95793249582,-0.752666877526,109,3.7188,-1521.305031,3.0758,0.983333333333
/home/ccollins/allmols/O/opt/b3lyp/cam/4af4af_TD.log,4af4af,---,[],"td CAM-B3LYP/6-31g(d,p)",-7.04693207783,0.618786868942,49,2.8977,-613.4400789,4.9331,0.2
/home/ccollins/allmols/O/opt/b3lyp/cam/12ef12ef-12ef12ef-_TD.log,12ef12ef-12ef12ef-,---,[],"td CAM-B3LYP/6-31g(d,p)",-5.95793249582,-0.752666877526,109,3.7185,-1521.3050318,3.0759,1.05
/home/ccollins/allmols/O/opt/b3lyp/cam/12lf12lf12lf12lf_TD.log,12lf12lf12lf12lf,---,[],"td CAM-B3LYP/6-31g(d,p)",-5.47411409081,0.0653073212604,117,6.3550,-1674.790912,3.3704,1.21666666667
/home/ccollins/allmols/O/opt/b3lyp/cam/12el12el-12el12el-_TD.log,12el12el-12el12el-,---,[],"td CAM-B3LYP/6-31g(d,p)",-5.92527883519,-0.539329628075,125,2.2379,-1678.3978645,3.1972,1.66666666667
/home/ccollins/allmols/O/opt/b3lyp/cam/12af12af-12af-12af-_TD.log,12af12af-12af-12af-,---,[],"td CAM-B3LYP/6-31g(d,p)",-5.55003385178,-0.113743584528,85,5.4813,-1216.8881078,3.3244,0.583333333333
/home/ccollins/allmols/O/opt/b3lyp/cam/4fa4fa4fa4fa-_TD.log,4fa4fa4fa4fa-,---,[],"td CAM-B3LYP/6-31g(d,p)",-6.8295131208,-0.0764639886424,97,3.3459,-1225.6965571,4.3938,1.46666666667
/home/ccollins/allmols/O/opt/b3lyp/cam/12il_TD.log,12il,---,[],"td CAM-B3LYP/6-31g(d,p)",-7.40557811709,2.04656818,30,1.7366,-383.677787,6.4987,0.0833333333333
/home/ccollins/allmols/O/opt/b3lyp/cam/12ai12ai12ai_TD.log,12ai12ai12ai,---,[],"td CAM-B3LYP/6-31g(d,p)",-5.93480281954,0.296604084058,64,1.7208,-805.2632084,3.9298,0.416666666667
/home/ccollins/allmols/O/opt/b3lyp/cam/2222-_TD.log,2222-,---,[],"td CAM-B3LYP/6-31g(d,p)",-6.6425709137,-0.465042550142,29,0.0986,-310.6112604,4.1943,0.0666666666667
/home/ccollins/allmols/O/opt/b3lyp/cam/12il12il12il12il-_TD.log,12il12il12il12il-,---,[],"td CAM-B3LYP/6-31g(d,p)",-5.74377890485,0.202180582069,117,3.8136,-1531.1821916,3.6427,1.51666666667
/home/ccollins/allmols/O/opt/b3lyp/cam/12la12la12la-12la-_TD.log,12la12la12la-12la-,---,[],"td CAM-B3LYP/6-31g(d,p)",-5.36798969376,0.145308789804,101,4.5019,-1373.9929039,3.3833,0.9
/home/ccollins/allmols/O/opt/b3lyp/cam/12fa12fa-12fa12fa_TD.log,12fa12fa-12fa12fa,---,[],"td CAM-B3LYP/6-31g(d,p)",-5.49806010861,-0.0187758548624,85,7.0162,-1216.8865038,3.3831,0.433333333333
/home/ccollins/allmols/O/opt/b3lyp/cam/12af12af12af-12af_TD.log,12af12af12af-12af,---,[],"td CAM-B3LYP/6-31g(d,p)",-5.7187444317,-0.207078631163,85,2.0316,-1216.883941,3.3879,0.666666666667
/home/ccollins/allmols/O/opt/b3lyp/cam/4ff4ff-4ff4ff_TD.log,4ff4ff-4ff4ff,---,[],"td CAM-B3LYP/6-31g(d,p)",-6.42487984283,0.0846274037999,113,0.4685,-1526.4924729,4.0942,1.8
/home/ccollins/allmols/O/opt/b3lyp/cam/4ff4ff4ff-4ff_TD.log,4ff4ff4ff-4ff,---,[],"td CAM-B3LYP/6-31g(d,p)",-6.43005000576,0.0892533390559,113,0.3918,-1526.4925052,4.1039,1.7
/home/ccollins/allmols/O/opt/b3lyp/cam/111111-_TD.log,111111-,---,[],"td CAM-B3LYP/6-31g(d,p)",-8.79880097064,-2.4302486924,22,1.9617,-340.9943821,2.0253,0.0166666666667
/home/ccollins/allmols/O/opt/b3lyp/cam/12ff12ff12ff_TD.log,12ff12ff12ff,---,[],"td CAM-B3LYP/6-31g(d,p)",-5.67956003894,0.32109432953,76,6.6259,-1138.5489738,3.7859,0.466666666667
/home/ccollins/allmols/O/opt/b3lyp/cam/12ei12ei12ei_TD.log,12ei12ei12ei,---,[],"td CAM-B3LYP/6-31g(d,p)",-6.49508521318,-0.0625861828745,82,1.1850,-1033.5690558,4.0196,0.85
/home/ccollins/allmols/O/opt/b3lyp/cam/22_TD.log,22,---,[],"td CAM-B3LYP/6-31g(d,p)",-7.70980138863,0.732530453471,15,0.0002,-155.8963594,6.1955,0.0166666666667
/home/ccollins/allmols/O/opt/b3lyp/cam/12ea12ea12ea-12ea_TD.log,12ea12ea12ea-12ea,---,[],"td CAM-B3LYP/6-31g(d,p)",-6.17807259123,-0.703958500419,93,0.7710,-1220.5154275,3.2947,0.816666666667
/home/ccollins/allmols/O/opt/b3lyp/cam/12ii12ii-12ii-12ii-_TD.log,12ii12ii-12ii-12ii-,---,[],"td CAM-B3LYP/6-31g(d,p)",-5.90650298032,0.5423228803,101,1.5790,-1230.4778114,4.0126,1.15
/home/ccollins/allmols/O/opt/b3lyp/cam/22-2-2-_TD.log,22-2-2-,---,[],"td CAM-B3LYP/6-31g(d,p)",-6.64229879986,-0.465042550142,29,0.0985,-310.6112567,4.1942,0.0666666666667
/home/ccollins/allmols/O/opt/b3lyp/cam/4ia4ia-4ia-4ia-_TD.log,4ia4ia-4ia-4ia-,---,[],"td CAM-B3LYP/6-31g(d,p)",-7.02706776762,0.356469128546,97,1.1467,-1082.0689383,4.9245,1.51666666667
/home/ccollins/allmols/O/opt/b3lyp/cam/4af4af4af4af-_TD.log,4af4af4af4af-,---,[],"td CAM-B3LYP/6-31g(d,p)",-6.35848406621,-0.283814733644,97,5.0765,-1225.6800069,3.9054,1.28333333333
/home/ccollins/allmols/O/opt/b3lyp/cam/4if4if4if4if_TD.log,4if4if4if4if,---,[],"td CAM-B3LYP/6-31g(d,p)",-6.72502140679,0.549397840103,113,6.4610,-1382.8618258,4.7143,2.56666666667
/home/ccollins/allmols/O/opt/b3lyp/cam/12ae12ae-12ae12ae-_TD.log,12ae12ae-12ae12ae-,---,[],"td CAM-B3LYP/6-31g(d,p)",-6.20065803983,-0.725727607506,93,0.8750,-1220.5159035,3.2862,0.816666666667
/home/ccollins/allmols/O/opt/b3lyp/cam/4ie4ie4ie_TD.log,4ie4ie4ie,---,[],"td CAM-B3LYP/6-31g(d,p)",-7.3266651039,0.241364974825,91,1.9466,-1040.1502618,4.9634,2.03333333333
/home/ccollins/allmols/O/opt/b3lyp/cam/12fl12fl-12fl-12fl_TD.log,12fl12fl-12fl-12fl,---,[],"td CAM-B3LYP/6-31g(d,p)",-5.47302563546,0.0302046360829,117,3.2362,-1674.7832971,3.3192,1.25
/home/ccollins/allmols/O/opt/b3lyp/cam/12le12le12le-12le-_TD.log,12le12le12le-12le-,---,[],"td CAM-B3LYP/6-31g(d,p)",-5.64472946761,-0.352387420967,125,4.4482,-1678.377524,3.1683,1.51666666667
/home/ccollins/allmols/O/opt/b3lyp/cam/4ff4ff4ff4ff_TD.log,4ff4ff4ff4ff,---,[],"td CAM-B3LYP/6-31g(d,p)",-6.25290389684,0.172248059824,113,0.8517,-1526.4772206,4.0249,1.56666666667
/home/ccollins/allmols/O/opt/b3lyp/cam/4la4la-4la-4la-_TD.log,4la4la-4la-4la-,---,[],"td CAM-B3LYP/6-31g(d,p)",-6.49345253015,0.287624327384,113,3.6264,-1382.8087386,4.3949,2.3
/home/ccollins/allmols/O/opt/b3lyp/cam/1111-11-_TD.log,1111-11-,---,[],"td CAM-B3LYP/6-31g(d,p)",-8.79880097064,-2.4302486924,22,1.9618,-340.9943821,2.0253,0.0166666666667
/home/ccollins/allmols/O/opt/b3lyp/cam/12el12el12el-12el_TD.log,12el12el12el-12el,---,[],"td CAM-B3LYP/6-31g(d,p)",-5.95847672349,-0.515655724118,125,3.9306,-1678.3938628,3.2550,1.66666666667
/home/ccollins/allmols/O/opt/b3lyp/cam/12le12le-12le_TD.log,12le12le-12le,---,[],"td CAM-B3LYP/6-31g(d,p)",-5.97181030158,-0.274018635455,94,2.2059,-1259.0885764,3.4388,0.95
/home/ccollins/allmols/O/opt/b3lyp/cam/12ei12ei_TD.log,12ei12ei,---,[],"td CAM-B3LYP/6-31g(d,p)",-6.80393441998,0.295515628703,55,1.1435,-689.4397426,4.5371,0.483333333333
/home/ccollins/allmols/O/opt/b3lyp/cam/12le12le-12le12le-_TD.log,12le12le-12le12le-,---,[],"td CAM-B3LYP/6-31g(d,p)",-5.92500672135,-0.539329628075,125,2.2384,-1678.3978644,3.1972,1.8
/home/ccollins/allmols/O/opt/b3lyp/cam/12fl12fl12fl-12fl_TD.log,12fl12fl12fl-12fl,---,[],"td CAM-B3LYP/6-31g(d,p)",-5.17397252685,0.252521642207,117,7.7981,-1674.733596,3.2871,1.23333333333
/home/ccollins/allmols/O/opt/b3lyp/cam/4fi4fi4fi4fi-_TD.log,4fi4fi4fi4fi-,---,[],"td CAM-B3LYP/6-31g(d,p)",-6.88828970994,0.407354416362,113,3.6578,-1382.8709397,4.8252,2.28333333333
/home/ccollins/allmols/O/opt/b3lyp/cam/12ae12ae-12ae_TD.log,12ae12ae-12ae,---,[],"td CAM-B3LYP/6-31g(d,p)",-6.40256650806,-0.468580030043,70,0.7356,-915.6811715,3.6483,0.5
/home/ccollins/allmols/O/opt/b3lyp/cam/12lf12lf-_TD.log,12lf12lf-,---,[],"td CAM-B3LYP/6-31g(d,p)",-6.05262811164,0.859335502251,59,3.5558,-837.967142,4.4744,0.283333333333
/home/ccollins/allmols/O/opt/b3lyp/cam/12fe12fe-12fe-12fe_TD.log,12fe12fe-12fe-12fe,---,[],"td CAM-B3LYP/6-31g(d,p)",-5.90133281739,-0.654978009474,109,3.6366,-1521.2995204,3.0805,1.13333333333
/home/ccollins/allmols/O/opt/b3lyp/cam/4ei4ei-4ei4ei_TD.log,4ei4ei-4ei4ei,---,[],"td CAM-B3LYP/6-31g(d,p)",-7.29890949236,0.171703832147,121,2.8955,-1386.4702704,4.9306,3.38333333333
/home/ccollins/allmols/O/opt/b3lyp/cam/12ia12ia-12ia_TD.log,12ia12ia-12ia,---,[],"td CAM-B3LYP/6-31g(d,p)",-5.98351119664,0.30776075144,64,0.9598,-805.2688794,3.9385,0.516666666667
/home/ccollins/allmols/O/opt/b3lyp/cam/4fa4fa-4fa-4fa-_TD.log,4fa4fa-4fa-4fa-,---,[],"td CAM-B3LYP/6-31g(d,p)",-6.9846180088,-0.129798301005,97,4.9480,-1225.7034353,4.4346,1.45
/home/ccollins/allmols/O/opt/b3lyp/cam/12ea12ea12ea12ea-_TD.log,12ea12ea12ea12ea-,---,[],"td CAM-B3LYP/6-31g(d,p)",-6.17072551759,-0.702053703549,93,0.3239,-1220.5150649,3.2743,1.0
/home/ccollins/allmols/O/opt/b3lyp/cam/12ia12ia-12ia-12ia_TD.log,12ia12ia-12ia-12ia,---,[],"td CAM-B3LYP/6-31g(d,p)",-5.71384638261,0.00979609818906,85,0.2326,-1073.2978392,3.4815,0.7
/home/ccollins/allmols/O/opt/b3lyp/cam/4ia4ia-4ia_TD.log,4ia4ia-4ia,---,[],"td CAM-B3LYP/6-31g(d,p)",-7.16203623155,0.512934585733,73,0.7835,-811.8489969,5.1194,0.85
/home/ccollins/allmols/O/opt/b3lyp/cam/4fa4fa-4fa4fa-_TD.log,4fa4fa-4fa4fa-,---,[],"td CAM-B3LYP/6-31g(d,p)",-6.88937816529,-0.0179595133466,97,3.0575,-1225.6999295,4.4181,1.68333333333
/home/ccollins/allmols/O/opt/b3lyp/cam/4ee_TD.log,4ee,---,[],"td CAM-B3LYP/6-31g(d,p)",-7.47387869057,-0.198915216006,33,0.0003,-384.3153095,4.8806,0.0833333333333
/home/ccollins/allmols/O/opt/b3lyp/cam/12la12la_TD.log,12la12la,---,[],"td CAM-B3LYP/6-31g(d,p)",-6.3027007293,0.818790540302,51,1.2264,-687.5814233,4.5675,0.233333333333
/home/ccollins/allmols/O/opt/b3lyp/cam/12il12il-_TD.log,12il12il-,---,[],"td CAM-B3LYP/6-31g(d,p)",-6.28038739454,0.854165339318,59,1.4973,-766.1830278,4.6249,0.433333333333
/home/ccollins/allmols/O/opt/b3lyp/cam/222-_TD.log,222-,---,[],"td CAM-B3LYP/6-31g(d,p)",-7.05618394835,-0.0672121181305,22,0.0943,-233.250937,4.7706,0.05
/home/ccollins/allmols/O/opt/b3lyp/cam/12la12la-12la-12la-_TD.log,12la12la-12la-12la-,---,[],"td CAM-B3LYP/6-31g(d,p)",-5.25342976772,0.0968725265362,101,5.4638,-1374.0031235,3.2734,0.866666666667
/home/ccollins/allmols/O/opt/b3lyp/cam/12ai12ai-12ai-12ai_TD.log,12ai12ai-12ai-12ai,---,[],"td CAM-B3LYP/6-31g(d,p)",-5.71384638261,0.00979609818906,85,0.2326,-1073.2978392,3.4815,0.75
/home/ccollins/allmols/O/opt/b3lyp/cam/12el12el-12el12el_TD.log,12el12el-12el12el,---,[],"td CAM-B3LYP/6-31g(d,p)",-6.03766185052,-0.511846130378,125,3.4577,-1678.3945561,3.3074,1.75
/home/ccollins/allmols/O/opt/b3lyp/cam/4ef4ef4ef_TD.log,4ef4ef4ef,---,[],"td CAM-B3LYP/6-31g(d,p)",-6.87277922114,0.0827226069298,91,4.0277,-1147.8644533,4.5149,1.15
/home/ccollins/allmols/O/opt/b3lyp/cam/12if12if-12if_TD.log,12if12if-12if,---,[],"td CAM-B3LYP/6-31g(d,p)",-5.72990109908,0.347761485712,76,1.6277,-1030.8509729,3.7682,0.583333333333
/home/ccollins/allmols/O/opt/b3lyp/cam/12ll12ll-_TD.log,12ll12ll-,---,[],"td CAM-B3LYP/6-31g(d,p)",-5.74214622182,1.1608376354,67,0.0005,-916.5257094,4.4561,0.366666666667
/home/ccollins/allmols/O/opt/b3lyp/cam/4fi4fi-4fi-4fi_TD.log,4fi4fi-4fi-4fi,---,[],"td CAM-B3LYP/6-31g(d,p)",-6.81944490878,0.468580030043,113,2.1167,-1382.8734914,4.6995,2.41666666667
/home/ccollins/allmols/O/opt/b3lyp/cam/4ae4ae4ae4ae_TD.log,4ae4ae4ae4ae,---,[],"td CAM-B3LYP/6-31g(d,p)",-7.1538728164,-0.299053108605,105,1.4885,-1229.2915052,4.5257,1.98333333333
/home/ccollins/allmols/O/opt/b3lyp/cam/12la12la12la12la-_TD.log,12la12la12la12la-,---,[],"td CAM-B3LYP/6-31g(d,p)",-5.51193791438,0.19428928075,101,2.7059,-1373.9822956,3.4428,0.866666666667
/home/ccollins/allmols/O/opt/b3lyp/cam/12la12la12la_TD.log,12la12la12la,---,[],"td CAM-B3LYP/6-31g(d,p)",-5.85643403402,0.37687766644,76,0.8488,-1030.7778379,3.8864,0.583333333333
/home/ccollins/allmols/O/opt/b3lyp/cam/12if12if12if12if-_TD.log,12if12if12if12if-,---,[],"td CAM-B3LYP/6-31g(d,p)",-5.93425859186,0.139866513033,101,1.6211,-1374.0755029,3.7428,1.01666666667
/home/ccollins/allmols/O/opt/b3lyp/cam/4ei4ei-4ei4ei-_TD.log,4ei4ei-4ei4ei-,---,[],"td CAM-B3LYP/6-31g(d,p)",-7.30516811065,0.213065135612,121,3.1616,-1386.4701309,4.9423,3.36666666667
/home/ccollins/allmols/O/opt/b3lyp/cam/12fa12fa12fa12fa_TD.log,12fa12fa12fa12fa,---,[],"td CAM-B3LYP/6-31g(d,p)",-5.36554066922,0.0647630935832,85,6.3848,-1216.8792923,3.3593,0.466666666667
/home/ccollins/allmols/O/opt/b3lyp/cam/4ie4ie4ie4ie_TD.log,4ie4ie4ie4ie,---,[],"td CAM-B3LYP/6-31g(d,p)",-7.29700469549,0.170071149116,121,2.8519,-1386.4703245,4.9329,3.26666666667
/home/ccollins/allmols/O/opt/b3lyp/cam/4fi4fi-4fi-4fi-_TD.log,4fi4fi-4fi-4fi-,---,[],"td CAM-B3LYP/6-31g(d,p)",-6.94216824998,0.260685057364,113,3.8745,-1382.8764873,4.6873,2.28333333333
/home/ccollins/allmols/O/opt/b3lyp/cam/4ii4ii4ii_TD.log,4ii4ii4ii,---,[],"td CAM-B3LYP/6-31g(d,p)",-7.47605560128,1.30424162834,85,0.1642,-929.7320934,5.3474,1.8
/home/ccollins/allmols/O/opt/b3lyp/cam/4ai_TD.log,4ai,---,[],"td CAM-B3LYP/6-31g(d,p)",-7.83878334812,1.45907440249,25,0.3420,-271.4090167,5.5306,0.0666666666667
/home/ccollins/allmols/O/opt/b3lyp/cam/12fi12fi12fi12fi_TD.log,12fi12fi12fi12fi,---,[],"td CAM-B3LYP/6-31g(d,p)",-5.48799189658,0.416878400712,101,5.6843,-1374.0610253,3.6547,0.983333333333
/home/ccollins/allmols/O/opt/b3lyp/cam/12fi12fi12fi12fi-_TD.log,12fi12fi12fi12fi-,---,[],"td CAM-B3LYP/6-31g(d,p)",-5.49642742558,0.13660114697,101,5.0242,-1374.0732291,3.4212,1.0
/home/ccollins/allmols/O/opt/b3lyp/cam/12fe12fe-12fe_TD.log,12fe12fe-12fe,---,[],"td CAM-B3LYP/6-31g(d,p)",-6.08419331692,-0.384224740082,82,4.1305,-1141.267418,3.4776,0.616666666667
/home/ccollins/allmols/O/opt/b3lyp/cam/12el12el_TD.log,12el12el,---,[],"td CAM-B3LYP/6-31g(d,p)",-6.27249609322,0.2038132651,63,3.0399,-839.7809313,4.0551,0.366666666667
/home/ccollins/allmols/O/opt/b3lyp/cam/12fa12fa12fa12fa-_TD.log,12fa12fa12fa12fa-,---,[],"td CAM-B3LYP/6-31g(d,p)",-5.5494896241,-0.114287812206,85,5.4818,-1216.8881017,3.3236,0.533333333333
/home/ccollins/allmols/O/opt/b3lyp/cam/12ff12ff12ff-12ff_TD.log,12ff12ff12ff-12ff,---,[],"td CAM-B3LYP/6-31g(d,p)",-5.50159758851,-0.0334700021459,101,5.4486,-1517.671558,3.3446,0.783333333333
/home/ccollins/allmols/O/opt/b3lyp/cam/4ai4ai4ai4ai_TD.log,4ai4ai4ai4ai,---,[],"td CAM-B3LYP/6-31g(d,p)",-7.03060524752,0.363544088349,97,1.0813,-1082.068901,4.9312,1.5
/home/ccollins/allmols/O/opt/b3lyp/cam/12ee12ee12ee-12ee-_TD.log,12ee12ee12ee-12ee-,---,[],"td CAM-B3LYP/6-31g(d,p)",-6.28936715121,-1.09144860656,117,0.0002,-1524.8982746,3.0847,1.48333333333
/home/ccollins/allmols/O/opt/b3lyp/cam/222-2-_TD.log,222-2-,---,[],"td CAM-B3LYP/6-31g(d,p)",-6.65536026411,-0.475110762169,29,0.1167,-310.6114695,4.1317,0.0833333333333
/home/ccollins/allmols/O/opt/b3lyp/cam/12il12il-12il12il-_TD.log,12il12il-12il12il-,---,[],"td CAM-B3LYP/6-31g(d,p)",-5.63384491406,0.0838110622842,117,1.8673,-1531.1872377,3.4747,1.45
/home/ccollins/allmols/O/opt/b3lyp/cam/12il12il12il12il_TD.log,12il12il12il12il,---,[],"td CAM-B3LYP/6-31g(d,p)",-5.90731932184,0.298236767089,117,2.3037,-1531.1757059,3.8342,1.43333333333
/home/ccollins/allmols/O/opt/b3lyp/cam/4fe4fe4fe-4fe-_TD.log,4fe4fe4fe-4fe-,---,[],"td CAM-B3LYP/6-31g(d,p)",-6.96992386151,-0.354836445515,121,3.1314,-1530.0965505,4.3873,2.65
/home/ccollins/allmols/O/opt/b3lyp/cam/12fa12fa-12fa_TD.log,12fa12fa-12fa,---,[],"td CAM-B3LYP/6-31g(d,p)",-5.82568517026,0.213337249451,64,4.7219,-912.9601993,3.7933,0.316666666667
/home/ccollins/allmols/O/opt/b3lyp/cam/4il_TD.log,4il,---,[],"td CAM-B3LYP/6-31g(d,p)",-7.06026565592,1.44383602753,33,1.1754,-385.8883069,5.2271,0.15
/home/ccollins/allmols/O/opt/b3lyp/cam/222_TD.log,222,---,[],"td CAM-B3LYP/6-31g(d,p)",-7.05754451754,0.0378238235633,22,0.0004,-233.2562906,5.0769,0.0333333333333
/home/ccollins/allmols/O/opt/b3lyp/cam/12le12le-12le-12le-_TD.log,12le12le-12le-12le-,---,[],"td CAM-B3LYP/6-31g(d,p)",-5.94051721015,-0.411164010102,125,2.5010,-1678.3943495,3.3110,1.81666666667
/home/ccollins/allmols/O/opt/b3lyp/cam/4aa4aa_TD.log,4aa4aa,---,[],"td CAM-B3LYP/6-31g(d,p)",-7.24421461081,0.294699287187,41,0.0003,-463.0380883,5.0040,0.15
/home/ccollins/allmols/O/opt/b3lyp/cam/12ia12ia-12ia-12ia-_TD.log,12ia12ia-12ia-12ia-,---,[],"td CAM-B3LYP/6-31g(d,p)",-5.68037638046,0.0269392700199,85,1.3895,-1073.2944016,3.4915,0.666666666667
/home/ccollins/allmols/O/opt/b3lyp/cam/12fl12fl12fl_TD.log,12fl12fl12fl,---,[],"td CAM-B3LYP/6-31g(d,p)",-5.33261489475,0.593480281954,88,5.5820,-1256.3357515,3.7090,0.933333333333
/home/ccollins/allmols/O/opt/b3lyp/cam/4fe4fe-4fe-4fe-_TD.log,4fe4fe-4fe-4fe-,---,[],"td CAM-B3LYP/6-31g(d,p)",-6.90597710945,-0.317828963467,121,5.9197,-1530.1002364,4.3895,2.18333333333
/home/ccollins/allmols/O/opt/b3lyp/cam/4ef4ef_TD.log,4ef4ef,---,[],"td CAM-B3LYP/6-31g(d,p)",-7.0001284976,0.343407664294,61,2.9632,-765.6397767,4.7532,0.416666666667
/home/ccollins/allmols/O/opt/b3lyp/cam/12ia12ia12ia-12ia_TD.log,12ia12ia12ia-12ia,---,[],"td CAM-B3LYP/6-31g(d,p)",-5.7032339429,0.0318373191144,85,1.4996,-1073.2975439,3.5117,0.633333333333
/home/ccollins/allmols/O/opt/b3lyp/cam/22-2_TD.log,22-2,---,[],"td CAM-B3LYP/6-31g(d,p)",-7.05264646844,-0.172248059824,22,0.0001,-233.2451102,4.5205,0.05
/home/ccollins/allmols/O/opt/b3lyp/cam/4ef4ef4ef4ef-_TD.log,4ef4ef4ef4ef-,---,[],"td CAM-B3LYP/6-31g(d,p)",-6.7794441745,0.0476199217524,121,3.2417,-1530.0883889,4.4402,2.35
/home/ccollins/allmols/O/opt/b3lyp/cam/11111111_TD.log,11111111,---,[],"td CAM-B3LYP/6-31g(d,p)",-8.9345857761,-2.73039025636,29,2.7040,-454.2478803,2.0113,0.0333333333333
/home/ccollins/allmols/O/opt/b3lyp/cam/4ia4ia4ia-4ia-_TD.log,4ia4ia4ia-4ia-,---,[],"td CAM-B3LYP/6-31g(d,p)",-7.0311494752,0.358646039255,97,1.0011,-1082.0689641,4.9210,1.55
/home/ccollins/allmols/O/opt/b3lyp/cam/4ff_TD.log,4ff,---,[],"td CAM-B3LYP/6-31g(d,p)",-6.83468328374,1.21689308615,29,0.0002,-382.5111366,4.9388,0.0666666666667
/home/ccollins/allmols/O/opt/b3lyp/cam/12ef12ef-_TD.log,12ef12ef-,---,[],"td CAM-B3LYP/6-31g(d,p)",-6.63005367712,-0.0889812252173,55,1.4687,-761.2391432,4.1508,0.233333333333
/home/ccollins/allmols/O/opt/b3lyp/cam/1111-_TD.log,1111-,---,[],"td CAM-B3LYP/6-31g(d,p)",-9.01621992767,-1.59213806956,15,0.0179,-227.7273574,2.7305,0.0
/home/ccollins/allmols/O/opt/b3lyp/cam/4ea4ea-4ea4ea_TD.log,4ea4ea-4ea4ea,---,[],"td CAM-B3LYP/6-31g(d,p)",-7.14380460437,-0.306128068408,105,1.5506,-1229.2918055,4.4999,1.65
/home/ccollins/allmols/O/opt/b3lyp/cam/4ae4ae-4ae4ae-_TD.log,4ae4ae-4ae4ae-,---,[],"td CAM-B3LYP/6-31g(d,p)",-7.13781809992,-0.300413677798,105,1.5279,-1229.2919307,4.4924,1.83333333333
/home/ccollins/allmols/O/opt/b3lyp/cam/4ef4ef-4ef-4ef_TD.log,4ef4ef-4ef-4ef,---,[],"td CAM-B3LYP/6-31g(d,p)",-6.84856108951,-0.20190846823,121,3.3767,-1530.0956524,4.3861,2.48333333333
/home/ccollins/allmols/O/opt/b3lyp/cam/12ei_TD.log,12ei,---,[],"td CAM-B3LYP/6-31g(d,p)",-7.48557958563,1.18696056391,28,0.7185,-345.310332,5.8370,0.0666666666667
/home/ccollins/allmols/O/opt/b3lyp/cam/12af12af-_TD.log,12af12af-,---,[],"td CAM-B3LYP/6-31g(d,p)",-6.38515122239,0.60763020156,43,1.8821,-609.0350101,4.5272,0.183333333333
/home/ccollins/allmols/O/opt/b3lyp/cam/4ia4ia-_TD.log,4ia4ia-,---,[],"td CAM-B3LYP/6-31g(d,p)",-7.41646267063,0.808450214436,49,0.4632,-541.628939,5.2960,0.283333333333
/home/ccollins/allmols/O/opt/b3lyp/cam/12ii12ii-_TD.log,12ii12ii-,---,[],"td CAM-B3LYP/6-31g(d,p)",-6.24637316472,0.982058843453,51,0.1306,-615.8305879,4.6935,0.266666666667
/home/ccollins/allmols/O/opt/b3lyp/cam/4fe4fe4fe_TD.log,4fe4fe4fe,---,[],"td CAM-B3LYP/6-31g(d,p)",-6.87305133498,0.0829947207684,91,4.0279,-1147.8644535,4.5151,1.26666666667
/home/ccollins/allmols/O/opt/b3lyp/cam/4ae4ae-_TD.log,4ae4ae-,---,[],"td CAM-B3LYP/6-31g(d,p)",-7.44829998975,0.109389763111,53,0.7462,-615.2402028,4.9623,0.316666666667
/home/ccollins/allmols/O/opt/b3lyp/cam/4af4af-4af4af_TD.log,4af4af-4af4af,---,[],"td CAM-B3LYP/6-31g(d,p)",-6.79577100482,0.0386401650791,97,3.8467,-1225.6960773,4.3928,1.41666666667
/home/ccollins/allmols/O/opt/b3lyp/cam/12fi12fi12fi_TD.log,12fi12fi12fi,---,[],"td CAM-B3LYP/6-31g(d,p)",-5.72119345625,0.603548493981,76,5.7521,-1030.8401641,4.0030,0.716666666667
/home/ccollins/allmols/O/opt/b3lyp/cam/4ae4ae-4ae_TD.log,4ae4ae-4ae,---,[],"td CAM-B3LYP/6-31g(d,p)",-7.24992900142,-0.151023180415,79,1.2051,-922.2660436,4.6787,1.2
/home/ccollins/allmols/O/opt/b3lyp/cam/12ie12ie-12ie-12ie-_TD.log,12ie12ie-12ie-12ie-,---,[],"td CAM-B3LYP/6-31g(d,p)",-6.18569177871,-0.325176037109,109,0.7625,-1377.700191,3.5418,1.35
/home/ccollins/allmols/O/opt/b3lyp/cam/12ff12ff-_TD.log,12ff12ff-,---,[],"td CAM-B3LYP/6-31g(d,p)",-6.35576292783,0.63837906532,51,0.0002,-759.42404,4.5711,0.166666666667
/home/ccollins/allmols/O/opt/b3lyp/cam/12ai12ai_TD.log,12ai12ai,---,[],"td CAM-B3LYP/6-31g(d,p)",-6.45671716194,0.819606881818,43,1.5186,-537.2354387,4.7416,0.216666666667
/home/ccollins/allmols/O/opt/b3lyp/cam/4ai4ai-4ai_TD.log,4ai4ai-4ai,---,[],"td CAM-B3LYP/6-31g(d,p)",-7.16203623155,0.513206699571,73,0.7837,-811.8489968,5.1197,0.866666666667
/home/ccollins/allmols/O/opt/b3lyp/cam/4ia4ia4ia4ia_TD.log,4ia4ia4ia4ia,---,[],"td CAM-B3LYP/6-31g(d,p)",-7.03060524752,0.363271974511,97,1.0811,-1082.0689,4.9311,1.48333333333
/home/ccollins/allmols/O/opt/b3lyp/cam/4al_TD.log,4al,---,[],"td CAM-B3LYP/6-31g(d,p)",-7.28748071114,1.40519586245,29,1.3256,-346.5935371,5.3404,0.1
/home/ccollins/allmols/O/opt/b3lyp/cam/4ea4ea-4ea-4ea_TD.log,4ea4ea-4ea-4ea,---,[],"td CAM-B3LYP/6-31g(d,p)",-7.14271614902,-0.303679043861,105,1.4185,-1229.2918003,4.5029,1.7
/home/ccollins/allmols/O/opt/b3lyp/cam/4ff4ff4ff-4ff-_TD.log,4ff4ff4ff-4ff-,---,[],"td CAM-B3LYP/6-31g(d,p)",-6.59440676427,-0.022313334764,113,1.4239,-1526.4931962,4.1261,1.78333333333
/home/ccollins/allmols/O/opt/b3lyp/cam/4ae4ae4ae_TD.log,4ae4ae4ae,---,[],"td CAM-B3LYP/6-31g(d,p)",-7.27115388083,-0.156737571025,79,1.2402,-922.2657863,4.7055,1.11666666667
/home/ccollins/allmols/O/opt/b3lyp/cam/12ef12ef_TD.log,12ef12ef,---,[],"td CAM-B3LYP/6-31g(d,p)",-6.57127708799,0.0342863436617,55,2.2855,-761.2356158,4.1133,0.233333333333
/home/ccollins/allmols/O/opt/b3lyp/cam/12fa12fa-_TD.log,12fa12fa-,---,[],"td CAM-B3LYP/6-31g(d,p)",-6.38515122239,0.60763020156,43,1.8821,-609.0350101,4.5272,0.166666666667
/home/ccollins/allmols/O/opt/b3lyp/cam/4aa4aa4aa-4aa-_TD.log,4aa4aa4aa-4aa-,---,[],"td CAM-B3LYP/6-31g(d,p)",-6.65236701189,-0.423681246677,81,0.0000,-924.888544,4.0120,0.9
/home/ccollins/allmols/O/opt/b3lyp/cam/12ll12ll12ll12ll_TD.log,12ll12ll12ll12ll,---,[],"td CAM-B3LYP/6-31g(d,p)",-5.21832708254,0.503410601382,133,3.2663,-1831.8292631,3.4724,1.48333333333
/home/ccollins/allmols/O/opt/b3lyp/cam/4aa4aa-4aa-4aa-_TD.log,4aa4aa-4aa-4aa-,---,[],"td CAM-B3LYP/6-31g(d,p)",-6.90652133712,-0.0370074820475,81,0.0031,-924.8982374,4.5223,0.8
/home/ccollins/allmols/O/opt/b3lyp/cam/12aa12aa12aa_TD.log,12aa12aa12aa,---,[],"td CAM-B3LYP/6-31g(d,p)",-6.15194966273,0.149662611222,52,1.1028,-687.3744578,3.9922,0.2
/home/ccollins/allmols/O/opt/b3lyp/cam/4fa4fa4fa_TD.log,4fa4fa4fa,---,[],"td CAM-B3LYP/6-31g(d,p)",-6.77372978389,0.268848472522,73,4.5509,-919.5666953,4.5748,0.666666666667
/home/ccollins/allmols/O/opt/b3lyp/cam/4if4if4if_TD.log,4if4if4if,---,[],"td CAM-B3LYP/6-31g(d,p)",-6.79930848472,0.645454025123,85,4.7112,-1037.4439247,4.7895,1.11666666667
/home/ccollins/allmols/O/opt/b3lyp/cam/4ei4ei4ei-4ei_TD.log,4ei4ei4ei-4ei,---,[],"td CAM-B3LYP/6-31g(d,p)",-7.30571233833,0.218507412384,121,3.1459,-1386.4701287,4.9428,3.58333333333
/home/ccollins/allmols/O/opt/b3lyp/cam/4ia4ia_TD.log,4ia4ia,---,[],"td CAM-B3LYP/6-31g(d,p)",-7.42299340276,0.816613629593,49,0.6234,-541.6289152,5.2964,0.266666666667
/home/ccollins/allmols/O/opt/b3lyp/cam/4ff4ff4ff_TD.log,4ff4ff4ff,---,[],"td CAM-B3LYP/6-31g(d,p)",-6.38297431169,0.343407664294,85,0.6281,-1145.1550243,4.2144,0.783333333333
/home/ccollins/allmols/O/opt/b3lyp/cam/4ea4ea4ea4ea_TD.log,4ea4ea4ea4ea,---,[],"td CAM-B3LYP/6-31g(d,p)",-7.15360070256,-0.299053108605,105,1.4882,-1229.2915054,4.5256,1.81666666667
/home/ccollins/allmols/O/opt/b3lyp/cam/12ei12ei-12ei12ei-_TD.log,12ei12ei-12ei12ei-,---,[],"td CAM-B3LYP/6-31g(d,p)",-5.99439575019,-0.509397105831,109,1.3689,-1377.7060189,3.2676,1.3
/home/ccollins/allmols/O/opt/b3lyp/cam/12aa12aa-12aa_TD.log,12aa12aa-12aa,---,[],"td CAM-B3LYP/6-31g(d,p)",-6.19929747064,0.118641633623,52,0.6680,-687.380446,3.9850,0.2
/home/ccollins/allmols/O/opt/b3lyp/cam/4li_TD.log,4li,---,[],"td CAM-B3LYP/6-31g(d,p)",-7.05999354209,1.44410814137,33,1.1756,-385.8883071,5.2270,0.15
/home/ccollins/allmols/O/opt/b3lyp/cam/1111-11-11-_TD.log,1111-11-11-,---,[],"td CAM-B3LYP/6-31g(d,p)",-9.00424691877,-2.83978001947,29,3.3073,-454.258038,2.0044,0.0333333333333
/home/ccollins/allmols/O/opt/b3lyp/cam/12ff12ff-12ff-12ff_TD.log,12ff12ff-12ff-12ff,---,[],"td CAM-B3LYP/6-31g(d,p)",-5.4387392918,0.00789130131896,101,0.4332,-1517.6686828,3.3086,0.883333333333
/home/ccollins/allmols/O/opt/b3lyp/cam/4fe4fe-4fe-4fe_TD.log,4fe4fe-4fe-4fe,---,[],"td CAM-B3LYP/6-31g(d,p)",-6.85182645557,-0.207078631163,121,2.7045,-1530.0957661,4.3840,2.7
/home/ccollins/allmols/O/opt/b3lyp/cam/12ei12ei-12ei12ei_TD.log,12ei12ei-12ei12ei,---,[],"td CAM-B3LYP/6-31g(d,p)",-6.05453290851,-0.465858891657,109,1.4959,-1377.7039973,3.3636,1.41666666667
/home/ccollins/allmols/O/opt/b3lyp/cam/12ef12ef12ef12ef_TD.log,12ef12ef12ef12ef,---,[],"td CAM-B3LYP/6-31g(d,p)",-5.9641911141,-0.658515489375,109,1.7615,-1521.301238,3.1591,1.16666666667
/home/ccollins/allmols/O/opt/b3lyp/cam/111111-11_TD.log,111111-11,---,[],"td CAM-B3LYP/6-31g(d,p)",-8.76206560243,-2.60521789061,29,3.0558,-454.2615617,2.0008,0.0333333333333
/home/ccollins/allmols/O/opt/b3lyp/cam/4aa4aa4aa-4aa_TD.log,4aa4aa4aa-4aa,---,[],"td CAM-B3LYP/6-31g(d,p)",-6.65236701189,-0.423681246677,81,0.0001,-924.8885419,4.0118,0.783333333333
/home/ccollins/allmols/O/opt/b3lyp/cam/12al12al12al12al-_TD.log,12al12al12al12al-,---,[],"td CAM-B3LYP/6-31g(d,p)",-5.2539739954,0.0974167542134,101,5.4619,-1374.0031363,3.2743,0.833333333333
/home/ccollins/allmols/O/opt/b3lyp/cam/4ai4ai4ai4ai-_TD.log,4ai4ai4ai4ai-,---,[],"td CAM-B3LYP/6-31g(d,p)",-7.02924467833,0.359734494609,97,1.1356,-1082.0689387,4.9280,1.48333333333
/home/ccollins/allmols/O/opt/b3lyp/cam/12il12il-12il-12il-_TD.log,12il12il-12il-12il-,---,[],"td CAM-B3LYP/6-31g(d,p)",-5.69398207239,0.254426439077,117,1.7747,-1531.1827126,3.6252,1.5
/home/ccollins/allmols/O/opt/b3lyp/cam/12la12la12la12la_TD.log,12la12la12la12la,---,[],"td CAM-B3LYP/6-31g(d,p)",-5.60146336727,0.154288546478,101,0.3233,-1373.9740129,3.4951,1.05
/home/ccollins/allmols/O/opt/b3lyp/cam/22-22_TD.log,22-22,---,[],"td CAM-B3LYP/6-31g(d,p)",-6.64882953198,-0.545044018686,29,0.0216,-310.6056345,3.9792,0.0666666666667
/home/ccollins/allmols/O/opt/b3lyp/cam/12il12il_TD.log,12il12il,---,[],"td CAM-B3LYP/6-31g(d,p)",-6.54542627332,0.904234285618,59,2.6986,-766.1770507,4.8225,0.516666666667
/home/ccollins/allmols/O/opt/b3lyp/cam/12ia12ia-12ia12ia_TD.log,12ia12ia-12ia12ia,---,[],"td CAM-B3LYP/6-31g(d,p)",-5.71003678887,0.0204085378939,85,1.5203,-1073.2971605,3.5102,0.616666666667
/home/ccollins/allmols/O/opt/b3lyp/cam/4lf4lf-4lf-4lf-_TD.log,4lf4lf-4lf-4lf-,---,[],"td CAM-B3LYP/6-31g(d,p)",-6.16283421627,0.309393434471,129,6.9817,-1683.5993547,4.1544,2.93333333333
/home/ccollins/allmols/O/opt/b3lyp/cam/4ii4ii_TD.log,4ii4ii,---,[],"td CAM-B3LYP/6-31g(d,p)",-7.50435544049,1.37771236476,57,0.1629,-620.2181001,5.3864,0.55
/home/ccollins/allmols/O/opt/b3lyp/cam/4if4if-4if4if-_TD.log,4if4if-4if4if-,---,[],"td CAM-B3LYP/6-31g(d,p)",-6.89019450681,0.579058248509,113,2.5182,-1382.870725,4.8222,2.73333333333
/home/ccollins/allmols/O/opt/b3lyp/cam/4fe4fe-4fe_TD.log,4fe4fe-4fe,---,[],"td CAM-B3LYP/6-31g(d,p)",-6.96720272313,0.0922465912803,91,2.1928,-1147.8677266,4.5351,1.16666666667
/home/ccollins/allmols/O/opt/b3lyp/cam/12lf12lf12lf12lf-_TD.log,12lf12lf12lf12lf-,---,[],"td CAM-B3LYP/6-31g(d,p)",-5.49044092113,0.216602615514,117,2.5761,-1674.7198038,3.4686,1.28333333333
/home/ccollins/allmols/O/opt/b3lyp/cam/12ll_TD.log,12ll,---,[],"td CAM-B3LYP/6-31g(d,p)",-7.01046882346,2.17391745645,34,2.5657,-458.8533991,6.2796,0.1
/home/ccollins/allmols/O/opt/b3lyp/cam/1111_TD.log,1111,---,[],"td CAM-B3LYP/6-31g(d,p)",-8.92805504397,-1.60220628159,15,3.3850,-227.7205016,2.6255,0.0
/home/ccollins/allmols/O/opt/b3lyp/cam/12ai12ai12ai12ai_TD.log,12ai12ai12ai12ai,---,[],"td CAM-B3LYP/6-31g(d,p)",-5.6411919877,0.0383680512405,85,1.5402,-1073.2909437,3.4828,0.733333333333
/home/ccollins/allmols/O/opt/b3lyp/cam/4ai4ai-_TD.log,4ai4ai-,---,[],"td CAM-B3LYP/6-31g(d,p)",-7.41646267063,0.808450214436,49,0.4630,-541.628939,5.2959,0.266666666667
/home/ccollins/allmols/O/opt/b3lyp/cam/4fi4fi_TD.log,4fi4fi,---,[],"td CAM-B3LYP/6-31g(d,p)",-6.96502581242,0.943418678374,57,2.9721,-692.0260949,5.0140,0.433333333333
/home/ccollins/allmols/O/opt/b3lyp/cam/12aa12aa_TD.log,12aa12aa,---,[],"td CAM-B3LYP/6-31g(d,p)",-6.62025757893,0.648719391186,35,1.0197,-458.6429143,4.7546,0.1
/home/ccollins/allmols/O/opt/b3lyp/cam/12ll12ll-12ll-12ll_TD.log,12ll12ll-12ll-12ll,---,[],"td CAM-B3LYP/6-31g(d,p)",-5.77153451639,0.195921963781,133,2.4098,-1831.8789022,3.6426,1.56666666667
/home/ccollins/allmols/O/opt/b3lyp/cam/12li12li-_TD.log,12li12li-,---,[],"td CAM-B3LYP/6-31g(d,p)",-6.28038739454,0.854165339318,59,1.4970,-766.1830278,4.6248,0.366666666667
/home/ccollins/allmols/O/opt/b3lyp/cam/12fa_TD.log,12fa,---,[],"td CAM-B3LYP/6-31g(d,p)",-7.2025811935,1.94370914901,22,2.1021,-305.1026264,6.1583,0.0333333333333
/home/ccollins/allmols/O/opt/b3lyp/cam/4ee4ee_TD.log,4ee4ee,---,[],"td CAM-B3LYP/6-31g(d,p)",-7.38299266849,-0.435926369413,65,0.0984,-767.4387704,4.6980,0.6
/home/ccollins/allmols/O/opt/b3lyp/cam/1111-1111-_TD.log,1111-1111-,---,[],"td CAM-B3LYP/6-31g(d,p)",-8.7843789372,-2.12929078693,29,0.3898,-454.2670395,2.4384,0.0333333333333
/home/ccollins/allmols/O/opt/b3lyp/cam/12ei12ei-12ei_TD.log,12ei12ei-12ei,---,[],"td CAM-B3LYP/6-31g(d,p)",-6.18922925861,-0.287080099707,82,1.1744,-1033.5737575,3.5962,0.766666666667
/home/ccollins/allmols/O/opt/b3lyp/cam/12ai_TD.log,12ai,---,[],"td CAM-B3LYP/6-31g(d,p)",-7.46217779551,2.08139875134,22,0.9561,-269.2078163,6.5406,0.0666666666667
/home/ccollins/allmols/O/opt/b3lyp/cam/4ii4ii4ii4ii_TD.log,4ii4ii4ii4ii,---,[],"td CAM-B3LYP/6-31g(d,p)",-7.46653161693,1.26151975568,113,0.0613,-1239.2461056,5.3439,2.33333333333
/home/ccollins/allmols/O/opt/b3lyp/cam/4ff4ff-4ff_TD.log,4ff4ff-4ff,---,[],"td CAM-B3LYP/6-31g(d,p)",-6.52773887381,0.2383717226,85,0.0007,-1145.1700137,4.2244,0.916666666667
/home/ccollins/allmols/O/opt/b3lyp/cam/4ei4ei-_TD.log,4ei4ei-,---,[],"td CAM-B3LYP/6-31g(d,p)",-7.37346868414,0.35565278703,61,1.4855,-693.8301733,5.0505,0.65
/home/ccollins/allmols/O/opt/b3lyp/cam/4ea4ea-4ea-4ea-_TD.log,4ea4ea-4ea-4ea-,---,[],"td CAM-B3LYP/6-31g(d,p)",-7.15523338559,-0.299869450121,105,1.2678,-1229.291668,4.5249,1.8
/home/ccollins/allmols/O/opt/b3lyp/cam/12fl12fl-12fl_TD.log,12fl12fl-12fl,---,[],"td CAM-B3LYP/6-31g(d,p)",-5.49778799477,0.495791413902,88,6.1617,-1256.3468893,3.7267,0.95
/home/ccollins/allmols/O/opt/b3lyp/cam/4ea_TD.log,4ea,---,[],"td CAM-B3LYP/6-31g(d,p)",-7.68939285073,0.466403119335,27,0.6307,-308.2145699,5.2854,0.0666666666667
/home/ccollins/allmols/O/opt/b3lyp/cam/222-2_TD.log,222-2,---,[],"td CAM-B3LYP/6-31g(d,p)",-6.64882953198,-0.545044018686,29,0.0213,-310.605635,3.9794,0.0666666666667
/home/ccollins/allmols/O/opt/b3lyp/cam/12ff12ff-12ff_TD.log,12ff12ff-12ff,---,[],"td CAM-B3LYP/6-31g(d,p)",-5.71466272412,0.320822215692,76,3.0886,-1138.5435882,3.7761,0.566666666667
/home/ccollins/allmols/O/opt/b3lyp/cam/12ll12ll12ll-12ll-_TD.log,12ll12ll12ll-12ll-,---,[],"td CAM-B3LYP/6-31g(d,p)",-4.9951937349,0.579874590024,133,0.0024,-1831.8425427,3.3795,1.25
/home/ccollins/allmols/O/opt/b3lyp/cam/12if12if-12if12if_TD.log,12if12if-12if12if,---,[],"td CAM-B3LYP/6-31g(d,p)",-5.59329995211,0.138778057678,101,2.3930,-1374.0740103,3.4909,0.966666666667
/home/ccollins/allmols/O/opt/b3lyp/cam/12if12if-12if-12if_TD.log,12if12if-12if-12if,---,[],"td CAM-B3LYP/6-31g(d,p)",-5.44363734089,0.125988707265,101,3.4377,-1374.0743077,3.3658,1.1
/home/ccollins/allmols/O/opt/b3lyp/cam/4ia4ia-4ia4ia-_TD.log,4ia4ia-4ia4ia-,---,[],"td CAM-B3LYP/6-31g(d,p)",-7.02652353994,0.347217258034,97,1.0460,-1082.0690899,4.9001,1.53333333333
/home/ccollins/allmols/O/opt/b3lyp/cam/4af4af-4af_TD.log,4af4af-4af,---,[],"td CAM-B3LYP/6-31g(d,p)",-6.85726873234,0.290617579609,73,2.4725,-919.5698214,4.5746,0.683333333333
/home/ccollins/allmols/O/opt/b3lyp/cam/12ff12ff12ff-12ff-_TD.log,12ff12ff12ff-12ff-,---,[],"td CAM-B3LYP/6-31g(d,p)",-5.66132841176,-0.235922698053,101,0.0005,-1517.679685,3.3281,0.7
/home/ccollins/allmols/O/opt/b3lyp/cam/4fe4fe-4fe4fe_TD.log,4fe4fe-4fe4fe,---,[],"td CAM-B3LYP/6-31g(d,p)",-6.84720052031,0.0312930914373,121,2.5976,-1530.0922461,4.4740,2.88333333333
/home/ccollins/allmols/O/opt/b3lyp/cam/4aa4aa-4aa4aa-_TD.log,4aa4aa-4aa4aa-,---,[],"td CAM-B3LYP/6-31g(d,p)",-6.91277995541,-0.0508852878154,81,0.0000,-924.8982683,4.5114,0.95
/home/ccollins/allmols/O/opt/b3lyp/cam/12fi12fi-_TD.log,12fi12fi-,---,[],"td CAM-B3LYP/6-31g(d,p)",-6.22269926076,0.785592651995,51,1.8909,-687.6294264,4.5319,0.316666666667
/home/ccollins/allmols/O/opt/b3lyp/cam/12lf12lf-12lf-12lf_TD.log,12lf12lf-12lf-12lf,---,[],"td CAM-B3LYP/6-31g(d,p)",-5.24962017398,0.123539682718,117,5.9563,-1674.7412842,3.2099,1.48333333333
/home/ccollins/allmols/O/opt/b3lyp/cam/4ie4ie-4ie4ie_TD.log,4ie4ie-4ie4ie,---,[],"td CAM-B3LYP/6-31g(d,p)",-7.29727680933,0.193745053072,121,2.8399,-1386.4702675,4.9339,3.33333333333
/home/ccollins/allmols/O/opt/b3lyp/cam/12ee12ee-12ee_TD.log,12ee12ee-12ee,---,[],"td CAM-B3LYP/6-31g(d,p)",-6.53236480907,-0.806545417566,88,0.0515,-1143.9775505,3.4453,0.833333333333
/home/ccollins/allmols/O/opt/b3lyp/cam/12af12af12af12af_TD.log,12af12af12af12af,---,[],"td CAM-B3LYP/6-31g(d,p)",-5.77371142709,-0.15183952193,85,1.1898,-1216.8734214,3.4598,0.533333333333
/home/ccollins/allmols/O/opt/b3lyp/cam/4ef4ef-4ef4ef-_TD.log,4ef4ef-4ef4ef-,---,[],"td CAM-B3LYP/6-31g(d,p)",-6.88965027913,0.0563275645871,121,2.4797,-1530.0919535,4.5094,2.51666666667
/home/ccollins/allmols/O/opt/b3lyp/cam/4ie4ie-4ie-4ie-_TD.log,4ie4ie-4ie-4ie-,---,[],"td CAM-B3LYP/6-31g(d,p)",-7.29754892317,0.194561394588,121,2.8477,-1386.4702619,4.9348,3.38333333333
/home/ccollins/allmols/O/opt/b3lyp/cam/4fe4fe4fe4fe_TD.log,4fe4fe4fe4fe,---,[],"td CAM-B3LYP/6-31g(d,p)",-6.78679124815,-0.0628582967131,121,4.8929,-1530.089143,4.3811,2.96666666667
/home/ccollins/allmols/O/opt/b3lyp/cam/12ea_TD.log,12ea,---,[],"td CAM-B3LYP/6-31g(d,p)",-7.5876222751,1.12573495023,24,0.4134,-306.0128414,5.8682,0.05
/home/ccollins/allmols/O/opt/b3lyp/cam/4ff4ff-4ff-4ff-_TD.log,4ff4ff-4ff-4ff-,---,[],"td CAM-B3LYP/6-31g(d,p)",-6.74651840004,-0.0756476471266,113,1.1492,-1526.4998486,4.1332,1.91666666667
/home/ccollins/allmols/O/opt/b3lyp/cam/4ea4ea4ea-4ea_TD.log,4ea4ea4ea-4ea,---,[],"td CAM-B3LYP/6-31g(d,p)",-7.14326037669,-0.290073351932,105,1.6763,-1229.2918113,4.5080,1.63333333333
/home/ccollins/allmols/O/opt/b3lyp/cam/4li4li-4li-4li-_TD.log,4li4li-4li-4li-,---,[],"td CAM-B3LYP/6-31g(d,p)",-6.67957839574,0.817974198786,129,3.3716,-1539.9805887,4.8407,3.4
/home/ccollins/allmols/O/opt/b3lyp/cam/12ii12ii12ii_TD.log,12ii12ii12ii,---,[],"td CAM-B3LYP/6-31g(d,p)",-6.23630495269,0.815797288078,76,2.1289,-923.1505902,4.5031,0.766666666667
/home/ccollins/allmols/O/opt/b3lyp/cam/12ia12ia_TD.log,12ia12ia,---,[],"td CAM-B3LYP/6-31g(d,p)",-6.45671716194,0.819334767979,43,1.5187,-537.2354381,4.7413,0.183333333333
/home/ccollins/allmols/O/opt/b3lyp/cam/12fe12fe12fe-12fe_TD.log,12fe12fe12fe-12fe,---,[],"td CAM-B3LYP/6-31g(d,p)",-5.86677435989,-0.664501993824,109,6.2519,-1521.2967823,3.1148,1.01666666667
/home/ccollins/allmols/O/opt/b3lyp/cam/12ae12ae_TD.log,12ae12ae,---,[],"td CAM-B3LYP/6-31g(d,p)",-6.79060084189,-0.0160547164765,47,0.6400,-610.8467837,4.3286,0.233333333333
/home/ccollins/allmols/O/opt/b3lyp/cam/12le_TD.log,12le,---,[],"td CAM-B3LYP/6-31g(d,p)",-7.45591917723,1.17389909966,32,1.5321,-420.4861225,5.7675,0.0833333333333
/home/ccollins/allmols/O/opt/b3lyp/cam/4ae_TD.log,4ae,---,[],"td CAM-B3LYP/6-31g(d,p)",-7.68966496457,0.466403119335,27,0.6308,-308.2145701,5.2855,0.0666666666667
/home/ccollins/allmols/O/opt/b3lyp/cam/4ia4ia-4ia-4ia_TD.log,4ia4ia-4ia-4ia,---,[],"td CAM-B3LYP/6-31g(d,p)",-7.03087736136,0.357013356223,97,1.0375,-1082.0690028,4.9194,1.53333333333
/home/ccollins/allmols/O/opt/b3lyp/cam/4ea4ea4ea4ea-_TD.log,4ea4ea4ea4ea-,---,[],"td CAM-B3LYP/6-31g(d,p)",-7.14761419811,-0.293338717995,105,1.6448,-1229.2916321,4.5180,1.76666666667
/home/ccollins/allmols/O/opt/b3lyp/cam/4fa4fa-4fa-4fa_TD.log,4fa4fa-4fa-4fa,---,[],"td CAM-B3LYP/6-31g(d,p)",-6.77046441783,0.0693890288392,97,2.7382,-1225.6993962,4.4056,1.4
/home/ccollins/allmols/O/opt/b3lyp/cam/4ei4ei4ei_TD.log,4ei4ei4ei,---,[],"td CAM-B3LYP/6-31g(d,p)",-7.32639299006,0.241092860986,91,1.9491,-1040.1502621,4.9633,2.03333333333
/home/ccollins/allmols/O/opt/b3lyp/cam/12af12af12af-12af-_TD.log,12af12af12af-12af-,---,[],"td CAM-B3LYP/6-31g(d,p)",-5.69343784471,-0.20571806197,85,3.8864,-1216.8861826,3.3750,0.55
/home/ccollins/allmols/O/opt/b3lyp/cam/4ea4ea4ea-4ea-_TD.log,4ea4ea4ea-4ea-,---,[],"td CAM-B3LYP/6-31g(d,p)",-7.14570940124,-0.301774246991,105,1.4318,-1229.2916852,4.5076,1.7
/home/ccollins/allmols/O/opt/b3lyp/cam/12li12li-12li12li_TD.log,12li12li-12li12li,---,[],"td CAM-B3LYP/6-31g(d,p)",-5.60581718869,0.0299325222443,117,1.2855,-1531.1870992,3.4130,1.38333333333
/home/ccollins/allmols/O/opt/b3lyp/cam/12ee12ee12ee_TD.log,12ee12ee12ee,---,[],"td CAM-B3LYP/6-31g(d,p)",-6.49508521318,-0.880288267822,88,0.2410,-1143.9658706,3.4172,0.783333333333
/home/ccollins/allmols/O/opt/b3lyp/cam/4ie4ie-_TD.log,4ie4ie-,---,[],"td CAM-B3LYP/6-31g(d,p)",-7.37374079797,0.356469128546,61,1.4857,-693.8301757,5.0512,0.65
/home/ccollins/allmols/O/opt/b3lyp/cam/12fi12fi-12fi-12fi-_TD.log,12fi12fi-12fi-12fi-,---,[],"td CAM-B3LYP/6-31g(d,p)",-5.93425859186,0.139866513033,101,1.6211,-1374.0755029,3.7428,1.06666666667
/home/ccollins/allmols/O/opt/b3lyp/cam/12ae12ae12ae12ae-_TD.log,12ae12ae12ae12ae-,---,[],"td CAM-B3LYP/6-31g(d,p)",-6.18079372962,-0.730081428923,93,0.8540,-1220.5154297,3.2999,0.9
/home/ccollins/allmols/O/opt/b3lyp/cam/12ii12ii12ii12ii-_TD.log,12ii12ii12ii12ii-,---,[],"td CAM-B3LYP/6-31g(d,p)",-5.90623086649,0.5423228803,101,1.5813,-1230.4778104,4.0125,1.16666666667
/home/ccollins/allmols/O/opt/b3lyp/cam/12li12li12li12li_TD.log,12li12li12li12li,---,[],"td CAM-B3LYP/6-31g(d,p)",-5.60608930253,0.0302046360829,117,1.2845,-1531.1870979,3.4134,1.36666666667
/home/ccollins/allmols/O/opt/b3lyp/cam/12al12al12al-12al_TD.log,12al12al12al-12al,---,[],"td CAM-B3LYP/6-31g(d,p)",-5.37914636115,0.0794572408668,101,6.4078,-1373.997985,3.3514,0.866666666667
/home/ccollins/allmols/O/opt/b3lyp/cam/4ai4ai4ai_TD.log,4ai4ai4ai,---,[],"td CAM-B3LYP/6-31g(d,p)",-7.15468915791,0.508308650477,73,0.8771,-811.8489027,5.1147,0.883333333333
/home/ccollins/allmols/O/opt/b3lyp/cam/12ie12ie12ie-12ie-_TD.log,12ie12ie12ie-12ie-,---,[],"td CAM-B3LYP/6-31g(d,p)",-6.12909210029,-0.393748724432,109,1.1377,-1377.7010686,3.4822,1.56666666667
/home/ccollins/allmols/O/opt/b3lyp/cam/12fl12fl12fl12fl-_TD.log,12fl12fl12fl12fl-,---,[],"td CAM-B3LYP/6-31g(d,p)",-5.14159098006,0.234290015022,117,5.9053,-1674.7392517,3.2257,1.01666666667
/home/ccollins/allmols/O/opt/b3lyp/cam/12aa12aa-_TD.log,12aa12aa-,---,[],"td CAM-B3LYP/6-31g(d,p)",-6.63114213248,0.654433781797,35,0.0001,-458.6457934,4.7683,0.1
/home/ccollins/allmols/O/opt/b3lyp/cam/12ie12ie-12ie12ie_TD.log,12ie12ie-12ie12ie,---,[],"td CAM-B3LYP/6-31g(d,p)",-6.03929453355,-0.465586777819,109,1.2154,-1377.7031991,3.3377,1.45
/home/ccollins/allmols/O/opt/b3lyp/cam/4aa4aa4aa4aa_TD.log,4aa4aa4aa4aa,---,[],"td CAM-B3LYP/6-31g(d,p)",-6.65236701189,-0.423681246677,81,0.0001,-924.8885428,4.0118,0.75
/home/ccollins/allmols/O/opt/b3lyp/cam/12il12il12il-12il_TD.log,12il12il12il-12il,---,[],"td CAM-B3LYP/6-31g(d,p)",-5.66377743631,0.0827226069298,117,1.4755,-1531.1849232,3.4973,1.53333333333
/home/ccollins/allmols/O/opt/b3lyp/cam/12el12el-12el-12el-_TD.log,12el12el-12el-12el-,---,[],"td CAM-B3LYP/6-31g(d,p)",-5.9952120917,-0.275107090809,125,4.3651,-1678.3919159,3.4414,1.96666666667
/home/ccollins/allmols/O/opt/b3lyp/cam/12ia12ia12ia-12ia-_TD.log,12ia12ia12ia-12ia-,---,[],"td CAM-B3LYP/6-31g(d,p)",-5.67683890056,0.040000734272,85,0.0491,-1073.2951266,3.5113,0.716666666667
/home/ccollins/allmols/O/opt/b3lyp/cam/2222_TD.log,2222,---,[],"td CAM-B3LYP/6-31g(d,p)",-6.6461083936,-0.398646773527,29,0.0006,-310.6166028,4.3760,0.0666666666667
/home/ccollins/allmols/O/opt/b3lyp/cam/4ai4ai_TD.log,4ai4ai,---,[],"td CAM-B3LYP/6-31g(d,p)",-7.42272128892,0.816613629593,49,0.6232,-541.6289148,5.2960,0.283333333333
/home/ccollins/allmols/O/opt/b3lyp/cam/12ia12ia12ia12ia-_TD.log,12ia12ia12ia12ia-,---,[],"td CAM-B3LYP/6-31g(d,p)",-5.66649857469,0.0234017901183,85,1.4421,-1073.2948856,3.4701,0.633333333333
/home/ccollins/allmols/O/opt/b3lyp/cam/12ia_TD.log,12ia,---,[],"td CAM-B3LYP/6-31g(d,p)",-7.46217779551,2.08139875134,22,0.9561,-269.2078162,6.5406,0.05
/home/ccollins/allmols/O/opt/b3lyp/cam/4ie4ie4ie4ie-_TD.log,4ie4ie4ie4ie-,---,[],"td CAM-B3LYP/6-31g(d,p)",-7.29673258165,0.165717327698,121,2.8635,-1386.4703234,4.9326,3.28333333333
/home/ccollins/allmols/O/opt/b3lyp/cam/12li12li-12li-12li-_TD.log,12li12li-12li-12li-,---,[],"td CAM-B3LYP/6-31g(d,p)",-5.73207800979,0.20571806197,117,1.9841,-1531.1824101,3.6373,1.43333333333
/home/ccollins/allmols/O/opt/b3lyp/cam/4ie4ie-4ie-4ie_TD.log,4ie4ie-4ie-4ie,---,[],"td CAM-B3LYP/6-31g(d,p)",-7.29890949236,0.178234564273,121,2.8990,-1386.4702787,4.9312,3.11666666667
/home/ccollins/allmols/O/opt/b3lyp/cam/12al12al-12al12al_TD.log,12al12al-12al12al,---,[],"td CAM-B3LYP/6-31g(d,p)",-5.38948668701,0.0745591917723,101,5.9900,-1373.9988458,3.3285,0.9
/home/ccollins/allmols/O/opt/b3lyp/cam/12fa12fa_TD.log,12fa12fa,---,[],"td CAM-B3LYP/6-31g(d,p)",-6.19684844609,0.78831379038,43,4.1768,-609.0276427,4.5561,0.233333333333
/home/ccollins/allmols/O/opt/b3lyp/cam/4ef4ef4ef-4ef_TD.log,4ef4ef4ef-4ef,---,[],"td CAM-B3LYP/6-31g(d,p)",-6.83822076364,0.0952398435047,121,3.5310,-1530.0921937,4.4981,2.43333333333
/home/ccollins/allmols/O/opt/b3lyp/cam/4fe4fe4fe4fe-_TD.log,4fe4fe4fe4fe-,---,[],"td CAM-B3LYP/6-31g(d,p)",-6.96230467403,-0.216058387836,121,2.9991,-1530.0931924,4.4184,2.56666666667
/home/ccollins/allmols/O/opt/b3lyp/cam/4ie_TD.log,4ie,---,[],"td CAM-B3LYP/6-31g(d,p)",-7.45918454329,0.560282393646,31,1.1169,-347.5103035,5.2213,0.0833333333333
/home/ccollins/allmols/O/opt/b3lyp/cam/12ll12ll-12ll_TD.log,12ll12ll-12ll,---,[],"td CAM-B3LYP/6-31g(d,p)",-6.13262958019,0.603276380143,100,2.6362,-1374.2034691,4.2519,0.983333333333
/home/ccollins/allmols/O/opt/b3lyp/cam/12ie12ie-12ie12ie-_TD.log,12ie12ie-12ie12ie-,---,[],"td CAM-B3LYP/6-31g(d,p)",-5.99466786403,-0.508852878154,109,1.3674,-1377.7060258,3.2679,1.23333333333
/home/ccollins/allmols/O/opt/b3lyp/cam/12if12if12if-12if_TD.log,12if12if12if-12if,---,[],"td CAM-B3LYP/6-31g(d,p)",-5.64663426448,0.0628582967131,101,1.4990,-1374.0743356,3.4812,0.983333333333
/home/ccollins/allmols/O/opt/b3lyp/cam/12fi12fi-12fi12fi-_TD.log,12fi12fi-12fi12fi-,---,[],"td CAM-B3LYP/6-31g(d,p)",-5.50540718225,-0.0160547164765,101,4.4617,-1374.0823067,3.3282,1.06666666667
/home/ccollins/allmols/O/opt/b3lyp/cam/12ai12ai12ai-12ai_TD.log,12ai12ai12ai-12ai,---,[],"td CAM-B3LYP/6-31g(d,p)",-5.7103089027,0.0204085378939,85,1.5202,-1073.2971618,3.5104,0.666666666667
/home/ccollins/allmols/O/opt/b3lyp/cam/12ef12ef12ef-12ef_TD.log,12ef12ef12ef-12ef,---,[],"td CAM-B3LYP/6-31g(d,p)",-5.93616338873,-0.704502728096,109,1.6650,-1521.3017219,3.0933,1.08333333333
/home/ccollins/allmols/O/opt/b3lyp/cam/4af4af4af-4af-_TD.log,4af4af4af-4af-,---,[],"td CAM-B3LYP/6-31g(d,p)",-6.60583554549,0.185853751753,97,2.5072,-1225.6958193,4.3687,1.3
/home/ccollins/allmols/O/opt/b3lyp/cam/12ii12ii12ii12ii_TD.log,12ii12ii12ii12ii,---,[],"td CAM-B3LYP/6-31g(d,p)",-6.09453364279,0.67293752282,101,1.8719,-1230.4735787,4.2585,1.33333333333
/home/ccollins/allmols/O/opt/b3lyp/cam/4fi4fi-4fi4fi-_TD.log,4fi4fi-4fi4fi-,---,[],"td CAM-B3LYP/6-31g(d,p)",-6.99332565163,0.4576954765,113,2.7169,-1382.875002,4.8195,2.3
/home/ccollins/allmols/O/opt/b3lyp/cam/4ef4ef-4ef_TD.log,4ef4ef-4ef,---,[],"td CAM-B3LYP/6-31g(d,p)",-6.960671991,0.068844801162,91,1.8742,-1147.8676855,4.5226,1.05
/home/ccollins/allmols/O/opt/b3lyp/cam/12ff12ff-12ff-12ff-_TD.log,12ff12ff-12ff-12ff-,---,[],"td CAM-B3LYP/6-31g(d,p)",-5.60336816414,-0.184765296399,101,4.7413,-1517.6793461,3.3086,0.833333333333
/home/ccollins/allmols/O/opt/b3lyp/cam/4ff4ff_TD.log,4ff4ff,---,[],"td CAM-B3LYP/6-31g(d,p)",-6.57644725092,0.647358821994,57,0.3331,-763.8327793,4.5200,0.3
/home/ccollins/allmols/O/opt/b3lyp/cam/12ll12ll12ll12ll-_TD.log,12ll12ll12ll12ll-,---,[],"td CAM-B3LYP/6-31g(d,p)",-5.79357573731,0.506675967445,133,4.2829,-1831.8751206,3.8915,1.53333333333
/home/ccollins/allmols/O/opt/b3lyp/cam/12la_TD.log,12la,---,[],"td CAM-B3LYP/6-31g(d,p)",-7.24448672465,2.04711240767,26,1.0139,-344.3855559,6.2887,0.05
/home/ccollins/allmols/O/opt/b3lyp/cam/12if12if12if_TD.log,12if12if12if,---,[],"td CAM-B3LYP/6-31g(d,p)",-6.25997885665,0.596473534178,76,1.7657,-1030.8456181,4.3245,0.633333333333
/home/ccollins/allmols/O/opt/b3lyp/cam/4ei4ei4ei-4ei-_TD.log,4ei4ei4ei-4ei-,---,[],"td CAM-B3LYP/6-31g(d,p)",-7.29673258165,0.188574890139,121,2.8614,-1386.4702678,4.9335,3.4
/home/ccollins/allmols/O/opt/b3lyp/cam/12ea12ea_TD.log,12ea12ea,---,[],"td CAM-B3LYP/6-31g(d,p)",-6.79060084189,-0.0160547164765,47,0.6400,-610.8467836,4.3286,0.2
/home/ccollins/allmols/O/opt/b3lyp/cam/12ll12ll12ll_TD.log,12ll12ll12ll,---,[],"td CAM-B3LYP/6-31g(d,p)",-5.49615531174,0.687631670104,100,4.5214,-1374.1708183,3.8781,1.01666666667
/home/ccollins/allmols/O/opt/b3lyp/cam/4fl_TD.log,4fl,---,[],"td CAM-B3LYP/6-31g(d,p)",-6.76801539328,1.28981959489,33,2.5557,-421.7910322,4.9574,0.0833333333333
/home/ccollins/allmols/O/opt/b3lyp/cam/4ie4ie4ie-4ie_TD.log,4ie4ie4ie-4ie,---,[],"td CAM-B3LYP/6-31g(d,p)",-7.30571233833,0.219323753899,121,3.1448,-1386.4701265,4.9432,3.55
/home/ccollins/allmols/O/opt/b3lyp/cam/4ee4ee4ee4ee_TD.log,4ee4ee4ee4ee,---,[],"td CAM-B3LYP/6-31g(d,p)",-7.2385002202,-0.649535732702,129,0.2306,-1533.6859829,4.4265,2.96666666667
/home/ccollins/allmols/O/opt/b3lyp/cam/12ei12ei12ei-12ei-_TD.log,12ei12ei12ei-12ei-,---,[],"td CAM-B3LYP/6-31g(d,p)",-6.12909210029,-0.393748724432,109,1.1379,-1377.701069,3.4823,1.55
/home/ccollins/allmols/O/opt/b3lyp/cam/12ae12ae-12ae-12ae_TD.log,12ae12ae-12ae-12ae,---,[],"td CAM-B3LYP/6-31g(d,p)",-6.19222251084,-0.727088176699,93,0.7681,-1220.5151395,3.2608,0.916666666667
/home/ccollins/allmols/O/opt/b3lyp/cam/12fl12fl-12fl12fl-_TD.log,12fl12fl-12fl12fl-,---,[],"td CAM-B3LYP/6-31g(d,p)",-5.33778505768,0.115104153721,117,6.9680,-1674.745057,3.2987,1.15
/home/ccollins/allmols/O/opt/b3lyp/cam/12ie12ie12ie_TD.log,12ie12ie12ie,---,[],"td CAM-B3LYP/6-31g(d,p)",-6.49508521318,-0.0625861828745,82,1.1849,-1033.5690561,4.0197,0.716666666667
/home/ccollins/allmols/O/opt/b3lyp/cam/1111-1111_TD.log,1111-1111,---,[],"td CAM-B3LYP/6-31g(d,p)",-8.7617934886,-2.60603423213,29,3.0561,-454.2615624,2.0000,0.0333333333333
/home/ccollins/allmols/O/opt/b3lyp/cam/12il12il12il-12il-_TD.log,12il12il12il-12il-,---,[],"td CAM-B3LYP/6-31g(d,p)",-5.67058028227,0.0884369975401,117,1.1644,-1531.1854144,3.5061,1.61666666667
/home/ccollins/allmols/O/opt/b3lyp/cam/12al12al12al12al_TD.log,12al12al12al12al,---,[],"td CAM-B3LYP/6-31g(d,p)",-5.20907521203,0.103675372501,101,6.1801,-1374.0014191,3.2574,0.766666666667
/home/ccollins/allmols/O/opt/b3lyp/cam/4fi4fi4fi-4fi-_TD.log,4fi4fi4fi-4fi-,---,[],"td CAM-B3LYP/6-31g(d,p)",-7.01482264488,0.29034546577,113,2.4202,-1382.871651,4.7565,2.25
/home/ccollins/allmols/O/opt/b3lyp/cam/4fi4fi4fi-4fi_TD.log,4fi4fi4fi-4fi,---,[],"td CAM-B3LYP/6-31g(d,p)",-6.91631743531,0.512390358055,113,3.7936,-1382.8690478,4.7995,2.51666666667
/home/ccollins/allmols/O/opt/b3lyp/cam/12af_TD.log,12af,---,[],"td CAM-B3LYP/6-31g(d,p)",-7.29074607721,1.99024061541,22,0.9296,-305.1032167,6.2778,0.0333333333333
/home/ccollins/allmols/O/opt/b3lyp/cam/12af12af12af12af-_TD.log,12af12af12af12af-,---,[],"td CAM-B3LYP/6-31g(d,p)",-5.79085459893,-0.234290015022,85,1.7577,-1216.8827949,3.4135,0.5
/home/ccollins/allmols/O/opt/b3lyp/cam/4le4le-_TD.log,4le4le-,---,[],"td CAM-B3LYP/6-31g(d,p)",-6.91985491521,0.588854346698,69,2.2267,-844.1988586,4.8428,0.7
/home/ccollins/allmols/O/opt/b3lyp/cam/4af4af-4af-4af_TD.log,4af4af-4af-4af,---,[],"td CAM-B3LYP/6-31g(d,p)",-6.77073653167,0.0691169150006,97,2.7392,-1225.6993943,4.4055,1.2
/home/ccollins/allmols/O/opt/b3lyp/cam/12al12al_TD.log,12al12al,---,[],"td CAM-B3LYP/6-31g(d,p)",-6.05834250225,0.806545417566,51,4.0587,-687.5886413,4.4539,0.233333333333
/home/ccollins/allmols/O/opt/b3lyp/cam/12ee12ee-_TD.log,12ee12ee-,---,[],"td CAM-B3LYP/6-31g(d,p)",-6.8499216587,-0.478920355909,59,0.0001,-763.0451778,4.0240,0.283333333333
/home/ccollins/allmols/O/opt/b3lyp/cam/12fe12fe12fe-12fe-_TD.log,12fe12fe12fe-12fe-,---,[],"td CAM-B3LYP/6-31g(d,p)",-5.98976981493,-0.785864765833,109,2.8633,-1521.3009491,3.1209,1.15
/home/ccollins/allmols/O/opt/b3lyp/cam/4ia4ia4ia-4ia_TD.log,4ia4ia4ia-4ia,---,[],"td CAM-B3LYP/6-31g(d,p)",-7.02870045065,0.351298965613,97,1.0616,-1082.0690631,4.9040,1.48333333333
/home/ccollins/allmols/O/opt/b3lyp/cam/12ae12ae-_TD.log,12ae12ae-,---,[],"td CAM-B3LYP/6-31g(d,p)",-6.77889994683,-0.00190479687009,47,0.5321,-610.8464807,4.3552,0.233333333333
/home/ccollins/allmols/O/opt/b3lyp/cam/12ie12ie12ie-12ie_TD.log,12ie12ie12ie-12ie,---,[],"td CAM-B3LYP/6-31g(d,p)",-6.05453290851,-0.465858891657,109,1.4959,-1377.7039973,3.3636,1.41666666667
/home/ccollins/allmols/O/opt/b3lyp/cam/4ei4ei4ei4ei-_TD.log,4ei4ei4ei4ei-,---,[],"td CAM-B3LYP/6-31g(d,p)",-7.31877380258,0.213881477128,121,2.5675,-1386.4681525,4.9687,3.61666666667
/home/ccollins/allmols/O/opt/b3lyp/cam/12ef12ef-12ef-12ef-_TD.log,12ef12ef-12ef-12ef-,---,[],"td CAM-B3LYP/6-31g(d,p)",-5.89616265446,-0.740693868628,109,4.9045,-1521.2963819,3.0906,1.21666666667
/home/ccollins/allmols/O/opt/b3lyp/cam/12fi12fi-12fi12fi_TD.log,12fi12fi-12fi12fi,---,[],"td CAM-B3LYP/6-31g(d,p)",-5.37207140134,0.213609363289,101,7.2170,-1374.0734263,3.4267,1.0
/home/ccollins/allmols/O/opt/b3lyp/cam/12fa12fa-12fa-12fa-_TD.log,12fa12fa-12fa-12fa-,---,[],"td CAM-B3LYP/6-31g(d,p)",-5.79085459893,-0.234290015022,85,1.7577,-1216.8827949,3.4135,0.483333333333
/home/ccollins/allmols/O/opt/b3lyp/cam/12ll12ll-12ll-12ll-_TD.log,12ll12ll-12ll-12ll-,---,[],"td CAM-B3LYP/6-31g(d,p)",-5.78323541145,0.52109800089,133,3.8073,-1831.8754168,3.8927,1.6
/home/ccollins/allmols/O/opt/b3lyp/cam/4ef4ef4ef-4ef-_TD.log,4ef4ef4ef-4ef-,---,[],"td CAM-B3LYP/6-31g(d,p)",-6.7794441745,0.112110901497,121,3.2356,-1530.0914176,4.4704,2.81666666667
/home/ccollins/allmols/O/opt/b3lyp/cam/4fa4fa-_TD.log,4fa4fa-,---,[],"td CAM-B3LYP/6-31g(d,p)",-7.20965615331,0.512662471894,49,1.4866,-613.4438904,4.9085,0.25
/home/ccollins/allmols/O/opt/b3lyp/cam/4fe4fe-_TD.log,4fe4fe-,---,[],"td CAM-B3LYP/6-31g(d,p)",-7.06815695724,0.18258838569,61,1.4207,-765.6436802,4.6824,0.5
/home/ccollins/allmols/O/opt/b3lyp/cam/12aa12aa-12aa12aa_TD.log,12aa12aa-12aa12aa,---,[],"td CAM-B3LYP/6-31g(d,p)",-5.9451431454,-0.153200091123,69,0.9844,-916.112439,3.5712,0.383333333333
/home/ccollins/allmols/O/opt/b3lyp/cam/12el12el12el-12el-_TD.log,12el12el12el-12el-,---,[],"td CAM-B3LYP/6-31g(d,p)",-5.64472946761,-0.352387420967,125,4.4481,-1678.377524,3.1683,1.51666666667
/home/ccollins/allmols/O/opt/b3lyp/cam/4ei_TD.log,4ei,---,[],"td CAM-B3LYP/6-31g(d,p)",-7.45918454329,0.560282393646,31,1.1168,-347.5103033,5.2213,0.0833333333333
/home/ccollins/allmols/O/opt/b3lyp/cam/4af_TD.log,4af,---,[],"td CAM-B3LYP/6-31g(d,p)",-7.40448966173,1.3349904921,25,1.3576,-307.3139241,5.3487,0.05
/home/ccollins/allmols/O/opt/b3lyp/cam/4if_TD.log,4if,---,[],"td CAM-B3LYP/6-31g(d,p)",-7.15496127175,1.36437878666,29,1.3875,-346.6085706,5.2221,0.1
/home/ccollins/allmols/O/opt/b3lyp/cam/2_TD.log,2,---,[],"td CAM-B3LYP/6-31g(d,p)",-8.91308878285,1.98561468015,8,0.0004,-78.5375576,8.2958,0.0
/home/ccollins/allmols/O/opt/b3lyp/cam/4ll_TD.log,4ll,---,[],"td CAM-B3LYP/6-31g(d,p)",-6.67522457433,1.338527972,37,0.0010,-461.0707347,4.9437,0.166666666667
/home/ccollins/allmols/O/opt/b3lyp/cam/12ii12ii-12ii12ii_TD.log,12ii12ii-12ii12ii,---,[],"td CAM-B3LYP/6-31g(d,p)",-5.73942508343,0.37497286957,101,1.5054,-1230.4809413,3.7611,1.21666666667
/home/ccollins/allmols/O/opt/b3lyp/cam/4ei4ei_TD.log,4ei4ei,---,[],"td CAM-B3LYP/6-31g(d,p)",-7.37292445646,0.350210510259,61,1.4984,-693.830177,5.0501,0.65
/home/ccollins/allmols/O/opt/b3lyp/cam/12ef12ef-12ef12ef_TD.log,12ef12ef-12ef12ef,---,[],"td CAM-B3LYP/6-31g(d,p)",-5.90595875265,-0.658243375537,109,3.3874,-1521.3016741,3.1165,1.06666666667
/home/ccollins/allmols/O/opt/b3lyp/cam/4af4af4af4af_TD.log,4af4af4af4af,---,[],"td CAM-B3LYP/6-31g(d,p)",-6.38787236078,-0.332523110751,97,7.3696,-1225.6809597,3.9039,1.26666666667
/home/ccollins/allmols/O/opt/b3lyp/cam/12af12af-12af12af_TD.log,12af12af-12af12af,---,[],"td CAM-B3LYP/6-31g(d,p)",-5.67683890056,-0.142859765257,85,3.1676,-1216.8835544,3.3987,0.616666666667
/home/ccollins/allmols/O/opt/b3lyp/cam/4fi4fi-4fi4fi_TD.log,4fi4fi-4fi4fi,---,[],"td CAM-B3LYP/6-31g(d,p)",-6.79822002937,0.638651179159,113,4.1714,-1382.8692892,4.8021,2.4
/home/ccollins/allmols/O/opt/b3lyp/cam/4af4af-4af4af-_TD.log,4af4af-4af4af-,---,[],"td CAM-B3LYP/6-31g(d,p)",-6.75168856297,0.0911581359259,97,2.8513,-1225.6956066,4.3972,1.1
/home/ccollins/allmols/O/opt/b3lyp/cam/12ff_TD.log,12ff,---,[],"td CAM-B3LYP/6-31g(d,p)",-7.20775135644,2.10833802136,26,2.6994,-380.2954866,6.2509,0.05
/home/ccollins/allmols/O/opt/b3lyp/cam/12ff12ff12ff12ff_TD.log,12ff12ff12ff12ff,---,[],"td CAM-B3LYP/6-31g(d,p)",-5.39819432985,0.0419055311421,101,7.0432,-1517.6762804,3.3411,0.883333333333
/home/ccollins/allmols/O/opt/b3lyp/cam/4aa4aa-4aa-4aa_TD.log,4aa4aa-4aa-4aa,---,[],"td CAM-B3LYP/6-31g(d,p)",-6.65236701189,-0.423953360515,81,0.0000,-924.8885415,4.0117,0.8
/home/ccollins/allmols/O/opt/b3lyp/cam/12ii_TD.log,12ii,---,[],"td CAM-B3LYP/6-31g(d,p)",-7.31088250126,2.21310184921,26,1.2139,-308.5042925,6.5526,0.0666666666667
/home/ccollins/allmols/O/opt/b3lyp/cam/12al12al12al_TD.log,12al12al12al,---,[],"td CAM-B3LYP/6-31g(d,p)",-5.53016954156,0.341502867424,76,5.5407,-1030.794976,3.6950,0.6
/home/ccollins/allmols/O/opt/b3lyp/cam/12ia12ia12ia12ia_TD.log,12ia12ia12ia12ia,---,[],"td CAM-B3LYP/6-31g(d,p)",-5.6411919877,0.0383680512405,85,1.5402,-1073.2909436,3.4828,0.616666666667
/home/ccollins/allmols/O/opt/b3lyp/cam/12ll12ll-12ll12ll_TD.log,12ll12ll-12ll12ll,---,[],"td CAM-B3LYP/6-31g(d,p)",-6.01317160505,0.429123523448,133,2.9869,-1831.8765302,3.9996,1.63333333333
/home/ccollins/allmols/O/opt/b3lyp/cam/12ff12ff_TD.log,12ff12ff,---,[],"td CAM-B3LYP/6-31g(d,p)",-6.16691592385,0.851444200932,51,5.1000,-759.421788,4.5671,0.166666666667
/home/ccollins/allmols/O/opt/b3lyp/cam/12ei12ei-12ei-12ei_TD.log,12ei12ei-12ei-12ei,---,[],"td CAM-B3LYP/6-31g(d,p)",-6.08228852005,-0.416878400712,109,1.2576,-1377.703784,3.3862,1.46666666667
/home/ccollins/allmols/O/opt/b3lyp/cam/12ia12ia12ia_TD.log,12ia12ia12ia,---,[],"td CAM-B3LYP/6-31g(d,p)",-5.93480281954,0.296604084058,64,1.7209,-805.2632081,3.9297,0.466666666667
/home/ccollins/allmols/O/opt/b3lyp/cam/12ai12ai-12ai-12ai-_TD.log,12ai12ai-12ai-12ai-,---,[],"td CAM-B3LYP/6-31g(d,p)",-5.66649857469,0.0234017901183,85,1.4420,-1073.2948856,3.4701,0.733333333333
/home/ccollins/allmols/O/opt/b3lyp/cam/4fe_TD.log,4fe,---,[],"td CAM-B3LYP/6-31g(d,p)",-7.17319289894,0.762462975715,31,1.6460,-383.4153847,5.0900,0.1
/home/ccollins/allmols/O/opt/b3lyp/cam/22-22-_TD.log,22-22-,---,[],"td CAM-B3LYP/6-31g(d,p)",-6.64393148289,-0.607085973883,29,0.0830,-310.5997986,3.8536,0.0666666666667
/home/ccollins/allmols/O/opt/b3lyp/cam/12fi12fi12fi-12fi_TD.log,12fi12fi12fi-12fi,---,[],"td CAM-B3LYP/6-31g(d,p)",-5.42540571371,0.161363506281,101,6.9159,-1374.0743826,3.4062,0.966666666667
/home/ccollins/allmols/O/opt/b3lyp/cam/4ia4ia-4ia4ia_TD.log,4ia4ia-4ia4ia,---,[],"td CAM-B3LYP/6-31g(d,p)",-7.02434662923,0.345856688841,97,1.1348,-1082.0690061,4.9059,1.63333333333
/home/ccollins/allmols/O/opt/b3lyp/cam/12ee_TD.log,12ee,---,[],"td CAM-B3LYP/6-31g(d,p)",-7.71415521004,0.914302497645,30,0.1044,-382.1129203,5.8687,0.0666666666667
/home/ccollins/allmols/O/opt/b3lyp/cam/4fa_TD.log,4fa,---,[],"td CAM-B3LYP/6-31g(d,p)",-7.4042175479,1.33526260594,25,1.3578,-307.3139248,5.3488,0.05
/home/ccollins/allmols/O/opt/b3lyp/cam/12ii12ii-12ii12ii-_TD.log,12ii12ii-12ii12ii-,---,[],"td CAM-B3LYP/6-31g(d,p)",-5.64636215064,0.288712782739,101,0.5881,-1230.4839354,3.6292,1.18333333333
/home/ccollins/allmols/O/opt/b3lyp/cam/12li12li-12li12li-_TD.log,12li12li-12li12li-,---,[],"td CAM-B3LYP/6-31g(d,p)",-5.63384491406,0.0838110622842,117,1.8674,-1531.1872374,3.4747,1.43333333333
/home/ccollins/allmols/O/opt/b3lyp/cam/12fl12fl-_TD.log,12fl12fl-,---,[],"td CAM-B3LYP/6-31g(d,p)",-6.05262811164,0.859335502251,59,3.5557,-837.967142,4.4744,0.316666666667
/home/ccollins/allmols/O/opt/b3lyp/cam/4lf4lf-_TD.log,4lf4lf-,---,[],"td CAM-B3LYP/6-31g(d,p)",-6.51113992966,1.00083469832,65,2.4079,-842.390894,4.7183,0.533333333333
/home/ccollins/allmols/O/opt/b3lyp/cam/12fl12fl12fl-12fl-_TD.log,12fl12fl12fl-12fl-,---,[],"td CAM-B3LYP/6-31g(d,p)",-5.31166212918,0.187758548624,117,5.7009,-1674.7305228,3.3475,1.35
/home/ccollins/allmols/O/opt/b3lyp/cam/12fe12fe12fe_TD.log,12fe12fe12fe,---,[],"td CAM-B3LYP/6-31g(d,p)",-6.00255916534,-0.352931648645,82,5.1321,-1141.2613774,3.4990,0.683333333333
/home/ccollins/allmols/O/opt/b3lyp/cam/12fa12fa-12fa-12fa_TD.log,12fa12fa-12fa-12fa,---,[],"td CAM-B3LYP/6-31g(d,p)",-5.64799483367,-0.0987773234063,85,4.6677,-1216.8839029,3.3904,0.516666666667
/home/ccollins/allmols/O/opt/b3lyp/cam/12ee12ee_TD.log,12ee12ee,---,[],"td CAM-B3LYP/6-31g(d,p)",-6.85890141537,-0.493342389354,59,0.1567,-763.0392877,3.9556,0.266666666667
/home/ccollins/allmols/O/opt/b3lyp/cam/12ei12ei12ei12ei-_TD.log,12ei12ei12ei12ei-,---,[],"td CAM-B3LYP/6-31g(d,p)",-6.17970527426,-0.334427907621,109,0.7828,-1377.7002779,3.5309,1.46666666667
/home/ccollins/allmols/O/opt/b3lyp/cam/1111-11-11_TD.log,1111-11-11,---,[],"td CAM-B3LYP/6-31g(d,p)",-8.7843789372,-2.13010712844,29,0.3889,-454.2670389,2.4377,0.0333333333333
/home/ccollins/allmols/O/opt/b3lyp/cam/12ef12ef-12ef_TD.log,12ef12ef-12ef,---,[],"td CAM-B3LYP/6-31g(d,p)",-6.13018055564,-0.427490840417,82,2.0501,-1141.2689412,3.4225,0.583333333333
/home/ccollins/allmols/O/opt/b3lyp/cam/4ee4ee4ee_TD.log,4ee4ee4ee,---,[],"td CAM-B3LYP/6-31g(d,p)",-7.29754892317,-0.570350605674,97,0.1903,-1150.5623567,4.5284,1.58333333333
/home/ccollins/allmols/O/opt/b3lyp/cam/11111111-_TD.log,11111111-,---,[],"td CAM-B3LYP/6-31g(d,p)",-8.84125072946,-2.64032057579,29,3.5261,-454.2591639,2.0690,0.05
/home/ccollins/allmols/O/opt/b3lyp/cam/4fi4fi4fi_TD.log,4fi4fi4fi,---,[],"td CAM-B3LYP/6-31g(d,p)",-6.79958059856,0.645454025123,85,4.7084,-1037.4439251,4.7893,0.966666666667
/home/ccollins/allmols/O/opt/b3lyp/cam/12lf12lf12lf_TD.log,12lf12lf12lf,---,[],"td CAM-B3LYP/6-31g(d,p)",-5.73316646515,0.348849941066,88,4.8863,-1256.3846884,3.8028,0.866666666667
/home/ccollins/allmols/O/opt/b3lyp/cam/4af4af-4af-4af-_TD.log,4af4af-4af-4af-,---,[],"td CAM-B3LYP/6-31g(d,p)",-6.72692620366,0.102586917147,97,3.9798,-1225.6990171,4.4039,1.25
/home/ccollins/allmols/O/opt/b3lyp/cam/4ai4ai4ai-4ai-_TD.log,4ai4ai4ai-4ai-,---,[],"td CAM-B3LYP/6-31g(d,p)",-7.03196581671,0.360822949964,97,0.9855,-1082.0689601,4.9227,1.78333333333
/home/ccollins/allmols/O/opt/b3lyp/cam/12ae12ae-12ae-12ae-_TD.log,12ae12ae-12ae-12ae-,---,[],"td CAM-B3LYP/6-31g(d,p)",-6.17072551759,-0.702053703549,93,0.3237,-1220.5150644,3.2743,1.08333333333
/home/ccollins/allmols/O/opt/b3lyp/cam/4fa4fa-4fa4fa_TD.log,4fa4fa-4fa4fa,---,[],"td CAM-B3LYP/6-31g(d,p)",-6.64910164582,0.145580903643,97,3.9232,-1225.6963949,4.3715,1.45
/home/ccollins/allmols/O/opt/b3lyp/cam/4li4li-_TD.log,4li4li-,---,[],"td CAM-B3LYP/6-31g(d,p)",-6.8795820671,1.11947633194,65,1.0041,-770.5868001,5.0890,0.65
/home/ccollins/allmols/O/opt/b3lyp/cam/4ea4ea_TD.log,4ea4ea,---,[],"td CAM-B3LYP/6-31g(d,p)",-7.47469503209,0.0957840711819,53,0.9586,-615.2400702,4.9800,0.333333333333
/home/ccollins/allmols/O/opt/b3lyp/cam/12ai12ai12ai12ai-_TD.log,12ai12ai12ai12ai-,---,[],"td CAM-B3LYP/6-31g(d,p)",-5.68037638046,0.0269392700199,85,1.3895,-1073.2944014,3.4915,0.733333333333
/home/ccollins/allmols/O/opt/b3lyp/cam/4la_TD.log,4la,---,[],"td CAM-B3LYP/6-31g(d,p)",-7.28775282498,1.40519586245,29,1.3254,-346.5935373,5.3405,0.1
/home/ccollins/allmols/O/opt/b3lyp/cam/12ie_TD.log,12ie,---,[],"td CAM-B3LYP/6-31g(d,p)",-7.48557958563,1.18696056391,28,0.7185,-345.310332,5.8370,0.0666666666667
/home/ccollins/allmols/O/opt/b3lyp/cam/4ae4ae_TD.log,4ae4ae,---,[],"td CAM-B3LYP/6-31g(d,p)",-7.47469503209,0.0960561850205,53,0.9586,-615.2400712,4.9798,0.35
/home/ccollins/allmols/O/opt/b3lyp/cam/12ea12ea-_TD.log,12ea12ea-,---,[],"td CAM-B3LYP/6-31g(d,p)",-6.77889994683,-0.00190479687009,47,0.5323,-610.8464794,4.3551,0.216666666667
/home/ccollins/allmols/O/opt/b3lyp/cam/12la12la12la-12la_TD.log,12la12la12la-12la,---,[],"td CAM-B3LYP/6-31g(d,p)",-5.51329848357,0.0484362632681,101,1.7475,-1373.9893007,3.3852,0.866666666667
/home/ccollins/allmols/O/opt/b3lyp/cam/4ie4ie_TD.log,4ie4ie,---,[],"td CAM-B3LYP/6-31g(d,p)",-7.37292445646,0.350210510259,61,1.4982,-693.8301771,5.0499,0.65
/home/ccollins/allmols/O/opt/b3lyp/cam/4af4af4af-4af_TD.log,4af4af4af-4af,---,[],"td CAM-B3LYP/6-31g(d,p)",-6.64910164582,0.145853017482,97,3.9226,-1225.6963972,4.3716,1.28333333333
/home/ccollins/allmols/O/opt/b3lyp/cam/111111-11-_TD.log,111111-11-,---,[],"td CAM-B3LYP/6-31g(d,p)",-8.73186096635,-2.92876124469,29,0.0288,-454.2606297,1.6755,0.0333333333333
/home/ccollins/allmols/O/opt/b3lyp/cam/12li_TD.log,12li,---,[],"td CAM-B3LYP/6-31g(d,p)",-7.15142379185,2.2158229876,30,1.0658,-383.6826981,6.3818,0.0833333333333
/home/ccollins/allmols/O/opt/b3lyp/cam/12lf_TD.log,12lf,---,[],"td CAM-B3LYP/6-31g(d,p)",-7.20611867341,2.19813558809,30,0.4591,-419.5737174,6.4118,0.0833333333333
/home/ccollins/allmols/O/opt/b3lyp/cam/4ae4ae-4ae4ae_TD.log,4ae4ae-4ae4ae,---,[],"td CAM-B3LYP/6-31g(d,p)",-7.14380460437,-0.299869450121,105,1.5206,-1229.2918279,4.4947,1.83333333333
/home/ccollins/allmols/O/opt/b3lyp/cam/4ai4ai-4ai4ai-_TD.log,4ai4ai-4ai4ai-,---,[],"td CAM-B3LYP/6-31g(d,p)",-7.0262514261,0.346945144196,97,1.0460,-1082.0690898,4.8998,1.55
/home/ccollins/allmols/O/opt/b3lyp/cam/12ef12ef12ef-12ef-_TD.log,12ef12ef12ef-12ef-,---,[],"td CAM-B3LYP/6-31g(d,p)",-5.98976981493,-0.785864765833,109,2.8633,-1521.3009483,3.1210,1.08333333333
/home/ccollins/allmols/O/opt/b3lyp/cam/12if12if-_TD.log,12if12if-,---,[],"td CAM-B3LYP/6-31g(d,p)",-6.22269926076,0.785592651995,51,1.8909,-687.6294264,4.5319,0.283333333333
/home/ccollins/allmols/O/opt/b3lyp/cam/12fl12fl-12fl-12fl-_TD.log,12fl12fl-12fl-12fl-,---,[],"td CAM-B3LYP/6-31g(d,p)",-5.60010279808,-0.12109065817,117,1.8397,-1674.7911375,3.3183,1.4
/home/ccollins/allmols/O/opt/b3lyp/cam/12la12la-_TD.log,12la12la-,---,[],"td CAM-B3LYP/6-31g(d,p)",-6.13507860474,0.852804770125,51,1.9882,-687.5899632,4.5326,0.216666666667
/home/ccollins/allmols/O/opt/b3lyp/cam/4if4if-4if_TD.log,4if4if-4if,---,[],"td CAM-B3LYP/6-31g(d,p)",-6.91876645986,0.709945004868,85,2.4625,-1037.4514652,4.8774,1.18333333333
/home/ccollins/allmols/O/opt/b3lyp/cam/12le12le12le12le_TD.log,12le12le12le12le,---,[],"td CAM-B3LYP/6-31g(d,p)",-5.95167387753,-0.394020838271,125,0.2228,-1678.3539064,3.3316,1.61666666667
/home/ccollins/allmols/O/opt/b3lyp/cam/4ii_TD.log,4ii,---,[],"td CAM-B3LYP/6-31g(d,p)",-7.54217926406,1.49499342919,29,0.0787,-310.7042064,5.4298,0.133333333333
/home/ccollins/allmols/O/opt/b3lyp/cam/12fi12fi-12fi-12fi_TD.log,12fi12fi-12fi-12fi,---,[],"td CAM-B3LYP/6-31g(d,p)",-5.60227970879,0.20000367136,101,4.5165,-1374.0735601,3.5383,1.01666666667
/home/ccollins/allmols/O/opt/b3lyp/cam/12ii12ii-12ii_TD.log,12ii12ii-12ii,---,[],"td CAM-B3LYP/6-31g(d,p)",-5.85616192019,0.535247920497,76,1.1281,-923.1572015,3.9923,0.733333333333
/home/ccollins/allmols/O/opt/b3lyp/cam/12if_TD.log,12if,---,[],"td CAM-B3LYP/6-31g(d,p)",-7.18734281854,2.16357713059,26,0.8892,-344.4003541,6.3697,0.05
/home/ccollins/allmols/O/opt/b3lyp/cam/12fa12fa-12fa12fa-_TD.log,12fa12fa-12fa12fa-,---,[],"td CAM-B3LYP/6-31g(d,p)",-5.69207727552,-0.212248794096,85,4.5940,-1216.8928169,3.3609,0.55
/home/ccollins/allmols/O/opt/b3lyp/cam/12ii12ii_TD.log,12ii12ii,---,[],"td CAM-B3LYP/6-31g(d,p)",-6.59903269952,1.22696129818,51,1.7901,-615.8275089,5.1087,0.366666666667
/home/ccollins/allmols/O/opt/b3lyp/cam/12el12el12el12el_TD.log,12el12el12el12el,---,[],"td CAM-B3LYP/6-31g(d,p)",-5.51357059741,-0.40572173333,125,4.4850,-1678.3798147,3.0382,1.48333333333
/home/ccollins/allmols/O/opt/b3lyp/cam/4aa4aa4aa_TD.log,4aa4aa4aa,---,[],"td CAM-B3LYP/6-31g(d,p)",-6.85318702476,-0.174697084372,61,0.0002,-693.9633162,4.3526,0.383333333333
/home/ccollins/allmols/O/opt/b3lyp/cam/12li12li_TD.log,12li12li,---,[],"td CAM-B3LYP/6-31g(d,p)",-6.38569545007,1.13988486983,59,1.6872,-766.1831722,4.8652,0.45
/home/ccollins/allmols/O/opt/b3lyp/cam/4ei4ei-4ei_TD.log,4ei4ei-4ei,---,[],"td CAM-B3LYP/6-31g(d,p)",-7.33265160835,0.275651318487,91,2.4209,-1040.1501091,4.9712,2.08333333333
/home/ccollins/allmols/O/opt/b3lyp/cam/12ii12ii12ii-12ii_TD.log,12ii12ii12ii-12ii,---,[],"td CAM-B3LYP/6-31g(d,p)",-5.73915296959,0.37497286957,101,1.5054,-1230.4809419,3.7610,1.25
/home/ccollins/allmols/O/opt/b3lyp/cam/12fi12fi-12fi_TD.log,12fi12fi-12fi,---,[],"td CAM-B3LYP/6-31g(d,p)",-5.6531649966,0.407082302523,76,5.0736,-1030.8518617,3.7817,0.783333333333
/home/ccollins/allmols/O/opt/b3lyp/cam/12ea12ea12ea12ea_TD.log,12ea12ea12ea12ea,---,[],"td CAM-B3LYP/6-31g(d,p)",-6.16664381001,-0.710489232545,93,0.4926,-1220.5153513,3.3115,0.95
/home/ccollins/allmols/O/opt/b3lyp/cam/12fl_TD.log,12fl,---,[],"td CAM-B3LYP/6-31g(d,p)",-7.09128663352,2.06398346567,30,2.6881,-419.5670481,6.2869,0.1
/home/ccollins/allmols/O/opt/b3lyp/cam/12af12af-12af-12af_TD.log,12af12af-12af-12af,---,[],"td CAM-B3LYP/6-31g(d,p)",-5.57044238967,-0.122451227363,85,3.8823,-1216.8872233,3.3267,0.55
/home/ccollins/allmols/O/opt/b3lyp/cam/4aa4aa-4aa4aa_TD.log,4aa4aa-4aa4aa,---,[],"td CAM-B3LYP/6-31g(d,p)",-6.65236701189,-0.423681246677,81,0.0001,-924.8885419,4.0118,0.733333333333
/home/ccollins/allmols/O/opt/b3lyp/cam/12lf12lf12lf-12lf_TD.log,12lf12lf12lf-12lf,---,[],"td CAM-B3LYP/6-31g(d,p)",-5.52363880944,-0.00843552899613,117,3.9175,-1674.7826074,3.3378,1.13333333333
/home/ccollins/allmols/O/opt/b3lyp/cam/12fa12fa12fa-12fa_TD.log,12fa12fa12fa-12fa,---,[],"td CAM-B3LYP/6-31g(d,p)",-5.5459521442,-0.0623140690359,85,6.7491,-1216.8873519,3.3618,0.616666666667
/home/ccollins/allmols/O/opt/b3lyp/cam/12ii12ii-12ii-12ii_TD.log,12ii12ii-12ii-12ii,---,[],"td CAM-B3LYP/6-31g(d,p)",-5.76908549184,0.396741976657,101,0.4253,-1230.4815653,3.7944,1.21666666667
/home/ccollins/allmols/O/opt/b3lyp/cam/12fe_TD.log,12fe,---,[],"td CAM-B3LYP/6-31g(d,p)",-7.47877673967,0.920289002094,28,1.5415,-381.2072901,5.5329,0.05
/home/ccollins/allmols/O/opt/b3lyp/cam/12le12le12le12le-_TD.log,12le12le12le12le-,---,[],"td CAM-B3LYP/6-31g(d,p)",-5.9952120917,-0.275107090809,125,4.3646,-1678.3919161,3.4416,2.06666666667
/home/ccollins/allmols/O/opt/b3lyp/cam/12ll12ll_TD.log,12ll12ll,---,[],"td CAM-B3LYP/6-31g(d,p)",-5.98541599351,1.07893136999,67,4.2822,-916.5119238,4.5875,0.433333333333
/home/ccollins/allmols/O/opt/b3lyp/cam/4lf_TD.log,4lf,---,[],"td CAM-B3LYP/6-31g(d,p)",-6.76719905177,1.28981959489,33,2.5557,-421.7910299,4.9569,0.0833333333333
/home/ccollins/allmols/O/opt/b3lyp/cam/4ai4ai-4ai-4ai_TD.log,4ai4ai-4ai-4ai,---,[],"td CAM-B3LYP/6-31g(d,p)",-7.0311494752,0.357285470062,97,1.0367,-1082.0690026,4.9198,1.53333333333
/home/ccollins/allmols/O/opt/b3lyp/cam/4if4if-4if4if_TD.log,4if4if-4if4if,---,[],"td CAM-B3LYP/6-31g(d,p)",-6.91631743531,0.512118244217,113,3.7939,-1382.8690479,4.7995,2.66666666667
/home/ccollins/allmols/O/opt/b3lyp/cam/12fl12fl_TD.log,12fl12fl,---,[],"td CAM-B3LYP/6-31g(d,p)",-5.8950741991,1.00301160902,59,4.7318,-837.9512133,4.4729,0.366666666667
/home/ccollins/allmols/O/opt/b3lyp/cam/12ii12ii12ii-12ii-_TD.log,12ii12ii12ii-12ii-,---,[],"td CAM-B3LYP/6-31g(d,p)",-5.8188823243,0.448171492149,101,1.1398,-1230.4786381,3.8856,1.2
/home/ccollins/allmols/O/opt/b3lyp/cam/4if4if4if-4if_TD.log,4if4if4if-4if,---,[],"td CAM-B3LYP/6-31g(d,p)",-6.79740368785,0.636746382289,113,4.1741,-1382.8692897,4.8003,2.63333333333
/home/ccollins/allmols/O/opt/b3lyp/cam/4ea4ea4ea_TD.log,4ea4ea4ea,---,[],"td CAM-B3LYP/6-31g(d,p)",-7.27088176699,-0.157009684863,79,1.2405,-922.2657834,4.7051,1.06666666667
/home/ccollins/allmols/O/opt/b3lyp/cam/4ef4ef4ef4ef_TD.log,4ef4ef4ef4ef,---,[],"td CAM-B3LYP/6-31g(d,p)",-6.78706336198,-0.0628582967131,121,4.8934,-1530.0891417,4.3812,2.8
/home/ccollins/allmols/O/opt/b3lyp/cam/12if12if12if-12if-_TD.log,12if12if12if-12if-,---,[],"td CAM-B3LYP/6-31g(d,p)",-5.69343784471,0.060953499843,101,3.7697,-1374.0753705,3.5259,0.966666666667
/home/ccollins/allmols/O/opt/b3lyp/cam/12ai12ai-12ai12ai_TD.log,12ai12ai-12ai12ai,---,[],"td CAM-B3LYP/6-31g(d,p)",-5.7032339429,0.0318373191144,85,1.4996,-1073.2975439,3.5117,0.7
/home/ccollins/allmols/O/opt/b3lyp/cam/4ef4ef-4ef-4ef-_TD.log,4ef4ef-4ef-4ef-,---,[],"td CAM-B3LYP/6-31g(d,p)",-6.8033901923,-0.105308055532,121,5.4111,-1530.0952837,4.4164,2.55
/home/ccollins/allmols/O/opt/b3lyp/cam/12lf12lf-12lf-12lf-_TD.log,12lf12lf-12lf-12lf-,---,[],"td CAM-B3LYP/6-31g(d,p)",-5.14159098006,0.234290015022,117,5.9053,-1674.7392517,3.2257,1.13333333333
/home/ccollins/allmols/O/opt/b3lyp/cam/4fi4fi4fi4fi_TD.log,4fi4fi4fi4fi,---,[],"td CAM-B3LYP/6-31g(d,p)",-6.72529352063,0.549125726264,113,6.4610,-1382.8618254,4.7143,2.35
/home/ccollins/allmols/O/opt/b3lyp/cam/4le4le-4le-4le-_TD.log,4le4le-4le-4le-,---,[],"td CAM-B3LYP/6-31g(d,p)",-6.67522457433,0.174424970533,137,3.2553,-1687.2060288,4.4640,3.15
/home/ccollins/allmols/O/opt/b3lyp/cam/4if4if-_TD.log,4if4if-,---,[],"td CAM-B3LYP/6-31g(d,p)",-6.95958353565,0.993759738512,57,1.1864,-692.0277607,5.0721,0.433333333333
/home/ccollins/allmols/O/opt/b3lyp/cam/4af4af4af_TD.log,4af4af4af,---,[],"td CAM-B3LYP/6-31g(d,p)",-6.77372978389,0.268848472522,73,4.5514,-919.5666945,4.5747,0.666666666667
/home/ccollins/allmols/O/opt/b3lyp/cam/4ea4ea-_TD.log,4ea4ea-,---,[],"td CAM-B3LYP/6-31g(d,p)",-7.44829998975,0.10966187695,53,0.7459,-615.2402024,4.9624,0.333333333333
/home/ccollins/allmols/O/opt/b3lyp/cam/12fi12fi12fi-12fi-_TD.log,12fi12fi12fi-12fi-,---,[],"td CAM-B3LYP/6-31g(d,p)",-5.69343784471,0.060953499843,101,3.7697,-1374.0753705,3.5259,1.05
/home/ccollins/allmols/O/opt/b3lyp/cam/12ae12ae12ae-12ae_TD.log,12ae12ae12ae-12ae,---,[],"td CAM-B3LYP/6-31g(d,p)",-6.1954878769,-0.731986225793,93,0.9453,-1220.5157443,3.3031,0.8
/home/ccollins/allmols/O/opt/b3lyp/cam/12el_TD.log,12el,---,[],"td CAM-B3LYP/6-31g(d,p)",-7.28557591427,1.08301307757,32,1.4601,-420.482327,5.5095,0.0833333333333
/home/ccollins/allmols/O/opt/b3lyp/cam/12ea12ea-12ea12ea_TD.log,12ea12ea-12ea12ea,---,[],"td CAM-B3LYP/6-31g(d,p)",-6.1954878769,-0.731986225793,93,0.9451,-1220.5157443,3.3031,0.75
/home/ccollins/allmols/O/opt/b3lyp/cam/12li12li-12li_TD.log,12li12li-12li,---,[],"td CAM-B3LYP/6-31g(d,p)",-5.83194378855,0.304767499215,88,0.9948,-1148.6851227,3.8033,0.883333333333
/home/ccollins/allmols/O/opt/b3lyp/cam/12aa12aa12aa12aa_TD.log,12aa12aa12aa12aa,---,[],"td CAM-B3LYP/6-31g(d,p)",-5.88718289778,-0.110206104627,69,0.9191,-916.105972,3.5603,0.383333333333
/home/ccollins/allmols/O/opt/b3lyp/cam/12ee12ee12ee-12ee_TD.log,12ee12ee12ee-12ee,---,[],"td CAM-B3LYP/6-31g(d,p)",-6.39712423129,-0.98641266487,117,0.2071,-1524.9071729,3.2144,1.41666666667
/home/ccollins/allmols/O/opt/b3lyp/cam/12ie12ie-_TD.log,12ie12ie-,---,[],"td CAM-B3LYP/6-31g(d,p)",-6.57073286031,0.151023180415,55,0.7652,-689.4414415,4.2921,0.3
/home/ccollins/allmols/O/opt/b3lyp/cam/4af4af-_TD.log,4af4af-,---,[],"td CAM-B3LYP/6-31g(d,p)",-7.02842833681,0.671849067466,49,1.3415,-613.4395162,4.9357,0.183333333333
/home/ccollins/allmols/O/opt/b3lyp/cam/4fe4fe4fe-4fe_TD.log,4fe4fe4fe-4fe,---,[],"td CAM-B3LYP/6-31g(d,p)",-6.9416240223,-0.126532934942,121,1.5256,-1530.0924415,4.4413,2.75
/home/ccollins/allmols/O/opt/b3lyp/cam/12lf12lf-12lf12lf_TD.log,12lf12lf-12lf12lf,---,[],"td CAM-B3LYP/6-31g(d,p)",-5.44009986099,0.0979609818906,117,2.6331,-1674.7818942,3.3575,1.26666666667
/home/ccollins/allmols/O/opt/b3lyp/cam/4ae4ae-4ae-4ae_TD.log,4ae4ae-4ae-4ae,---,[],"td CAM-B3LYP/6-31g(d,p)",-7.14434883205,-0.305583840731,105,1.5077,-1229.2917991,4.5007,1.78333333333
/home/ccollins/allmols/O/opt/b3lyp/cam/4ie4ie4ie-4ie-_TD.log,4ie4ie4ie-4ie-,---,[],"td CAM-B3LYP/6-31g(d,p)",-7.29863737852,0.170343262954,121,2.9078,-1386.4702716,4.9308,3.25
/home/ccollins/allmols/O/opt/b3lyp/cam/12le12le12le-12le_TD.log,12le12le12le-12le,---,[],"td CAM-B3LYP/6-31g(d,p)",-5.80092281095,-0.466131005496,125,2.9539,-1678.3782645,3.1835,1.68333333333
/home/ccollins/allmols/O/opt/b3lyp/cam/4ei4ei-4ei-4ei_TD.log,4ei4ei-4ei-4ei,---,[],"td CAM-B3LYP/6-31g(d,p)",-7.29782103701,0.195105622265,121,2.8461,-1386.4702625,4.9348,3.41666666667
/home/ccollins/allmols/O/opt/b3lyp/cam/12ai12ai-_TD.log,12ai12ai-,---,[],"td CAM-B3LYP/6-31g(d,p)",-6.42515195667,0.822600134042,43,0.1369,-537.238152,4.7192,0.183333333333
/home/ccollins/allmols/O/opt/b3lyp/cam/12el12el-12el_TD.log,12el12el-12el,---,[],"td CAM-B3LYP/6-31g(d,p)",-6.20065803983,-0.350482624097,94,2.0358,-1259.0902625,3.5516,1.01666666667
/home/ccollins/allmols/O/opt/b3lyp/cam/4if4if-4if-4if_TD.log,4if4if-4if-4if,---,[],"td CAM-B3LYP/6-31g(d,p)",-6.81944490878,0.468580030043,113,2.1169,-1382.8734909,4.6995,2.83333333333
/home/ccollins/allmols/O/opt/b3lyp/cam/4fi4fi-4fi_TD.log,4fi4fi-4fi,---,[],"td CAM-B3LYP/6-31g(d,p)",-6.91876645986,0.709945004868,85,2.4647,-1037.451466,4.8772,1.03333333333
/home/ccollins/allmols/O/opt/b3lyp/cam/12li12li12li-12li-_TD.log,12li12li12li-12li-,---,[],"td CAM-B3LYP/6-31g(d,p)",-5.67058028227,0.0884369975401,117,1.1633,-1531.1854138,3.5061,1.58333333333
/home/ccollins/allmols/O/opt/b3lyp/cam/12ei12ei-12ei-12ei-_TD.log,12ei12ei-12ei-12ei-,---,[],"td CAM-B3LYP/6-31g(d,p)",-6.17780047739,-0.345584575003,109,1.5172,-1377.7010836,3.5495,1.56666666667
/home/ccollins/allmols/O/opt/b3lyp/cam/12ai12ai-12ai_TD.log,12ai12ai-12ai,---,[],"td CAM-B3LYP/6-31g(d,p)",-5.98351119664,0.30776075144,64,0.9599,-805.2688791,3.9385,0.45
/home/ccollins/allmols/O/opt/b3lyp/cam/12ef12ef12ef_TD.log,12ef12ef12ef,---,[],"td CAM-B3LYP/6-31g(d,p)",-6.17834470507,-0.410075554747,82,2.2908,-1141.2684079,3.5146,0.533333333333
/home/ccollins/allmols/O/opt/b3lyp/cam/12ef_TD.log,12ef,---,[],"td CAM-B3LYP/6-31g(d,p)",-7.49129397624,1.13607527609,28,1.4778,-381.2036744,5.7749,0.05
/home/ccollins/allmols/O/opt/b3lyp/cam/4if4if_TD.log,4if4if,---,[],"td CAM-B3LYP/6-31g(d,p)",-6.96448158474,0.94233022302,57,2.9754,-692.0260937,5.0137,0.5
/home/ccollins/allmols/O/opt/b3lyp/cam/12fe12fe-_TD.log,12fe12fe-,---,[],"td CAM-B3LYP/6-31g(d,p)",-6.63005367712,-0.0889812252173,55,1.4687,-761.2391433,4.1508,0.25
/home/ccollins/allmols/O/opt/b3lyp/cam/12ea12ea-12ea12ea-_TD.log,12ea12ea-12ea12ea-,---,[],"td CAM-B3LYP/6-31g(d,p)",-6.20065803983,-0.725727607506,93,0.8751,-1220.5159034,3.2862,0.75
/home/ccollins/allmols/O/opt/b3lyp/cam/12ae12ae12ae-12ae-_TD.log,12ae12ae12ae-12ae-,---,[],"td CAM-B3LYP/6-31g(d,p)",-6.17181397294,-0.708584435675,93,0.7630,-1220.5152396,3.3127,0.816666666667
/home/ccollins/allmols/O/opt/b3lyp/cam/12ie12ie-12ie_TD.log,12ie12ie-12ie,---,[],"td CAM-B3LYP/6-31g(d,p)",-6.18922925861,-0.287080099707,82,1.1746,-1033.5737574,3.5963,0.783333333333
/home/ccollins/allmols/O/opt/b3lyp/cam/4ai4ai4ai-4ai_TD.log,4ai4ai4ai-4ai,---,[],"td CAM-B3LYP/6-31g(d,p)",-7.02570719842,0.347761485712,97,1.1237,-1082.0690044,4.9079,1.56666666667
/home/ccollins/allmols/O/opt/b3lyp/cam/12ef12ef-12ef-12ef_TD.log,12ef12ef-12ef-12ef,---,[],"td CAM-B3LYP/6-31g(d,p)",-5.83711395148,-0.700148906679,109,3.2370,-1521.296668,3.0212,1.06666666667
/home/ccollins/allmols/O/opt/b3lyp/cam/12le12le12le_TD.log,12le12le12le,---,[],"td CAM-B3LYP/6-31g(d,p)",-6.15086120737,-0.192928711557,94,1.2881,-1259.0648462,3.6716,0.966666666667
/home/ccollins/allmols/O/opt/b3lyp/cam/12fa12fa12fa-12fa-_TD.log,12fa12fa12fa-12fa-,---,[],"td CAM-B3LYP/6-31g(d,p)",-5.69343784471,-0.20571806197,85,3.8864,-1216.8861826,3.3750,0.583333333333
/home/ccollins/allmols/O/opt/b3lyp/cam/4fa4fa4fa-4fa-_TD.log,4fa4fa4fa-4fa-,---,[],"td CAM-B3LYP/6-31g(d,p)",-7.02788410913,-0.131703097875,97,2.7674,-1225.6996375,4.4617,1.5
/home/ccollins/allmols/O/opt/b3lyp/cam/12li12li12li-12li_TD.log,12li12li12li-12li,---,[],"td CAM-B3LYP/6-31g(d,p)",-5.60527296101,0.0293882945672,117,1.2858,-1531.1870955,3.4122,1.41666666667
/home/ccollins/allmols/O/opt/b3lyp/cam/12ia12ia-_TD.log,12ia12ia-,---,[],"td CAM-B3LYP/6-31g(d,p)",-6.42515195667,0.822600134042,43,0.1368,-537.2381518,4.7192,0.166666666667
/home/ccollins/allmols/O/opt/b3lyp/cam/12ea12ea-12ea-12ea_TD.log,12ea12ea-12ea-12ea,---,[],"td CAM-B3LYP/6-31g(d,p)",-6.19222251084,-0.727088176699,93,0.7682,-1220.5151395,3.2608,0.95
/home/ccollins/allmols/O/opt/b3lyp/cam/12li12li-12li-12li_TD.log,12li12li-12li-12li,---,[],"td CAM-B3LYP/6-31g(d,p)",-5.64935540286,0.108845535434,117,1.4897,-1531.1849703,3.4830,1.45
/home/ccollins/allmols/O/opt/b3lyp/cam/12af12af_TD.log,12af12af,---,[],"td CAM-B3LYP/6-31g(d,p)",-6.41998179373,0.683005734848,43,1.2880,-609.0264007,4.6235,0.216666666667
/home/ccollins/allmols/O/opt/b3lyp/cam/12li12li12li12li-_TD.log,12li12li12li12li-,---,[],"td CAM-B3LYP/6-31g(d,p)",-5.64445735377,0.10966187695,117,1.3241,-1531.1850674,3.4816,1.33333333333
/home/ccollins/allmols/O/opt/b3lyp/cam/12al12al-_TD.log,12al12al-,---,[],"td CAM-B3LYP/6-31g(d,p)",-6.13507860474,0.852804770125,51,1.9882,-687.5899632,4.5326,0.233333333333
/home/ccollins/allmols/O/opt/b3lyp/cam/12fi_TD.log,12fi,---,[],"td CAM-B3LYP/6-31g(d,p)",-7.11414419596,2.10289574458,26,2.4193,-344.3992513,6.2403,0.0833333333333
/home/ccollins/allmols/O/opt/b3lyp/cam/12ie12ie-12ie-12ie_TD.log,12ie12ie-12ie-12ie,---,[],"td CAM-B3LYP/6-31g(d,p)",-6.08310486157,-0.414973603842,109,1.2582,-1377.7037757,3.3882,1.48333333333
/home/ccollins/allmols/O/opt/b3lyp/cam/4ei4ei-4ei-4ei-_TD.log,4ei4ei-4ei-4ei-,---,[],"td CAM-B3LYP/6-31g(d,p)",-7.29727680933,0.169799035277,121,2.8547,-1386.4703234,4.9334,3.25
/home/ccollins/allmols/O/opt/b3lyp/cam/12if12if_TD.log,12if12if,---,[],"td CAM-B3LYP/6-31g(d,p)",-6.53236480907,1.05090364461,51,1.3629,-687.6229703,4.9058,0.266666666667
