/home/ccollins/mols/opt/b3lyp/m06hf/12ea12ea12ea_TD.log,12ea12ea12ea,---,[],"td M06HF/6-31g(d,p)",-7.86789952884,0.436198483252,70,0.7776,-915.9265476,4.1016,0.666666666667
/home/ccollins/mols/opt/b3lyp/m06hf/12el12el12el12el-_TD.log,12el12el12el12el-,---,[],"td M06HF/6-31g(d,p)",-7.00665922972,0.381775715535,125,4.1458,-1678.7444082,3.4283,3.53333333333
/home/ccollins/mols/opt/b3lyp/m06hf/12if12if-12if-12if-_TD.log,12if12if-12if-12if-,---,[],"td M06HF/6-31g(d,p)",-7.0798578523,0.899064122685,101,5.2700,-1374.2845145,3.8322,2.46666666667
/home/ccollins/mols/opt/b3lyp/m06hf/12ia12ia-12ia12ia-_TD.log,12ia12ia-12ia12ia-,---,[],"td M06HF/6-31g(d,p)",-7.19877159976,0.878655584791,85,0.3335,-1073.5337583,3.9125,1.73333333333
/home/ccollins/mols/opt/b3lyp/m06hf/12ie12ie12ie12ie_TD.log,12ie12ie12ie12ie,---,[],"td M06HF/6-31g(d,p)",-7.83551798205,0.638923292997,109,1.0988,-1378.0679177,4.1877,3.53333333333
/home/ccollins/mols/opt/b3lyp/m06hf/12ff12ff12ff12ff-_TD.log,12ff12ff12ff12ff-,---,[],"td M06HF/6-31g(d,p)",-7.29836526469,0.431028320319,101,4.9201,-1517.829896,3.6954,1.4
/home/ccollins/mols/opt/b3lyp/m06hf/4fa4fa4fa4fa_TD.log,4fa4fa4fa4fa,---,[],"td M06HF/6-31g(d,p)",-8.25947134257,0.742870779337,97,6.6759,-1225.9959495,4.7917,2.58333333333
/home/ccollins/mols/opt/b3lyp/m06hf/12ff12ff-12ff12ff_TD.log,12ff12ff-12ff12ff,---,[],"td M06HF/6-31g(d,p)",-7.07441557553,0.738789071758,101,5.8396,-1517.8213548,3.7533,1.9
/home/ccollins/mols/opt/b3lyp/m06hf/12il12il-12il-12il_TD.log,12il12il-12il-12il,---,[],"td M06HF/6-31g(d,p)",-7.21781956846,0.910765017744,117,3.0429,-1531.4530384,3.9269,2.9
/home/ccollins/mols/opt/b3lyp/m06hf/12fe12fe_TD.log,12fe12fe,---,[],"td M06HF/6-31g(d,p)",-8.08423003052,0.986684778709,55,3.8595,-761.3846422,4.5504,0.466666666667
/home/ccollins/mols/opt/b3lyp/m06hf/12ef12ef12ef12ef-_TD.log,12ef12ef12ef12ef-,---,[],"td M06HF/6-31g(d,p)",-7.5459888578,-0.0421776449807,109,0.5981,-1521.6048274,3.4600,1.93333333333
/home/ccollins/mols/opt/b3lyp/m06hf/12ae12ae-12ae12ae_TD.log,12ae12ae-12ae12ae,---,[],"td M06HF/6-31g(d,p)",-7.62979992008,0.152111635769,93,0.7187,-1220.8430869,3.7367,1.46666666667
/home/ccollins/mols/opt/b3lyp/m06hf/4ei4ei4ei4ei_TD.log,4ei4ei4ei4ei,---,[],"td M06HF/6-31g(d,p)",-8.91499357972,0.930085100283,121,2.7374,-1386.971754,4.2787,5.26666666667
/home/ccollins/mols/opt/b3lyp/m06hf/4fe4fe-4fe4fe-_TD.log,4fe4fe-4fe4fe-,---,[],"td M06HF/6-31g(d,p)",-8.68614584147,0.58069093154,121,2.1660,-1530.5381437,4.2830,6.36666666667
/home/ccollins/mols/opt/b3lyp/m06hf/12ei12ei12ei12ei_TD.log,12ei12ei12ei12ei,---,[],"td M06HF/6-31g(d,p)",-7.83579009589,0.639195406836,109,1.0991,-1378.0679197,4.1879,3.41666666667
/home/ccollins/mols/opt/b3lyp/m06hf/12if12if-12if12if-_TD.log,12if12if-12if12if-,---,[],"td M06HF/6-31g(d,p)",-7.07523191705,0.730081428923,101,4.8522,-1374.2936632,3.7179,2.41666666667
/home/ccollins/mols/opt/b3lyp/m06hf/12aa12aa12aa-12aa-_TD.log,12aa12aa12aa-12aa-,---,[],"td M06HF/6-31g(d,p)",-7.38244844081,0.785864765833,69,0.0000,-916.3083143,4.0008,0.55
/home/ccollins/mols/opt/b3lyp/m06hf/4le_TD.log,4le,---,[],"td M06HF/6-31g(d,p)",-8.76451462698,1.66179921224,35,1.8521,-422.8096831,4.3284,0.183333333333
/home/ccollins/mols/opt/b3lyp/m06hf/12af12af-12af_TD.log,12af12af-12af,---,[],"td M06HF/6-31g(d,p)",-7.5255803199,0.952126321209,64,2.3231,-913.0883517,4.1481,0.566666666667
/home/ccollins/mols/opt/b3lyp/m06hf/12ee12ee-12ee12ee-_TD.log,12ee12ee-12ee12ee-,---,[],"td M06HF/6-31g(d,p)",-7.7963335893,-0.190751800848,117,0.0952,-1525.3682714,3.6057,4.75
/home/ccollins/mols/opt/b3lyp/m06hf/12al12al-12al-12al-_TD.log,12al12al-12al-12al-,---,[],"td M06HF/6-31g(d,p)",-7.06026565592,1.02205957772,101,3.2100,-1374.2076859,3.8661,2.03333333333
/home/ccollins/mols/opt/b3lyp/m06hf/4if4if-4if-4if-_TD.log,4if4if-4if-4if-,---,[],"td M06HF/6-31g(d,p)",-8.50981607407,1.16764048137,113,2.8208,-1383.2186097,5.0631,4.83333333333
/home/ccollins/mols/opt/b3lyp/m06hf/111111_TD.log,111111,---,[],"td M06HF/6-31g(d,p)",-11.4666050441,-1.06124397048,22,4.0900,-340.9873287,1.3063,0.0333333333333
/home/ccollins/mols/opt/b3lyp/m06hf/12fi12fi_TD.log,12fi12fi,---,[],"td M06HF/6-31g(d,p)",-7.87687928552,2.01418663321,51,4.6616,-687.724675,5.1119,0.616666666667
/home/ccollins/mols/opt/b3lyp/m06hf/4fa4fa_TD.log,4fa4fa,---,[],"td M06HF/6-31g(d,p)",-8.60886551131,1.10831966456,49,3.3128,-613.5803334,5.1282,0.366666666667
/home/ccollins/mols/opt/b3lyp/m06hf/12el12el12el_TD.log,12el12el12el,---,[],"td M06HF/6-31g(d,p)",-7.323127624,0.63647426845,94,4.5437,-1259.3492851,3.8211,1.6
/home/ccollins/mols/opt/b3lyp/m06hf/12aa12aa12aa-12aa_TD.log,12aa12aa12aa-12aa,---,[],"td M06HF/6-31g(d,p)",-7.41102039386,0.759741837329,69,1.1566,-916.3113314,3.9940,0.816666666667
/home/ccollins/mols/opt/b3lyp/m06hf/12aa_TD.log,12aa,---,[],"td M06HF/6-31g(d,p)",-9.3062932796,3.27271313666,18,0.7456,-229.9600673,6.9156,0.0333333333333
/home/ccollins/mols/opt/b3lyp/m06hf/4aa4aa-4aa_TD.log,4aa4aa-4aa,---,[],"td M06HF/6-31g(d,p)",-8.38001777306,0.556200686068,61,0.0001,-694.1998725,4.7367,0.666666666667
/home/ccollins/mols/opt/b3lyp/m06hf/12ee12ee-12ee-12ee-_TD.log,12ee12ee-12ee-12ee-,---,[],"td M06HF/6-31g(d,p)",-7.96096246164,-0.05768813378,117,0.6597,-1525.3628701,3.8194,6.16666666667
/home/ccollins/mols/opt/b3lyp/m06hf/12al_TD.log,12al,---,[],"td M06HF/6-31g(d,p)",-8.84288341249,3.18536459447,26,2.1810,-344.4380185,6.5396,0.1
/home/ccollins/mols/opt/b3lyp/m06hf/4fe4fe_TD.log,4fe4fe,---,[],"td M06HF/6-31g(d,p)",-8.68043145086,1.11240137214,61,2.8512,-765.8541671,4.2830,0.95
/home/ccollins/mols/opt/b3lyp/m06hf/22-2-_TD.log,22-2-,---,[],"td M06HF/6-31g(d,p)",-8.60859339747,1.00763754428,22,0.0213,-233.3173159,5.0077,0.116666666667
/home/ccollins/mols/opt/b3lyp/m06hf/12le12le-12le12le_TD.log,12le12le-12le12le,---,[],"td M06HF/6-31g(d,p)",-7.68313423244,0.388306447661,125,2.4736,-1678.7550233,3.8474,4.78333333333
/home/ccollins/mols/opt/b3lyp/m06hf/12il12il-12il_TD.log,12il12il-12il,---,[],"td M06HF/6-31g(d,p)",-7.40095218183,1.13389836538,88,4.3241,-1148.8838495,4.1879,1.78333333333
/home/ccollins/mols/opt/b3lyp/m06hf/4ae4ae4ae-4ae-_TD.log,4ae4ae4ae-4ae-,---,[],"td M06HF/6-31g(d,p)",-8.71090820078,0.413885148488,105,1.3146,-1229.7517249,4.2454,4.8
/home/ccollins/mols/opt/b3lyp/m06hf/12ll12ll12ll-12ll_TD.log,12ll12ll12ll-12ll,---,[],"td M06HF/6-31g(d,p)",-6.75359335984,1.14940885418,133,5.0322,-1832.1063085,3.7894,3.46666666667
/home/ccollins/mols/opt/b3lyp/m06hf/12af12af-12af12af-_TD.log,12af12af-12af12af-,---,[],"td M06HF/6-31g(d,p)",-7.28122209286,0.546404587879,85,4.7906,-1217.0648301,3.7478,1.03333333333
/home/ccollins/mols/opt/b3lyp/m06hf/12ea12ea-12ea-12ea-_TD.log,12ea12ea-12ea-12ea-,---,[],"td M06HF/6-31g(d,p)",-7.63143260311,0.12490025191,93,0.8711,-1220.8427105,3.7413,1.08333333333
/home/ccollins/mols/opt/b3lyp/m06hf/4ea4ea-4ea4ea-_TD.log,4ea4ea-4ea4ea-,---,[],"td M06HF/6-31g(d,p)",-8.69512559814,0.414157262326,105,1.4366,-1229.7522053,4.2483,3.7
/home/ccollins/mols/opt/b3lyp/m06hf/12ai12ai-12ai12ai-_TD.log,12ai12ai-12ai12ai-,---,[],"td M06HF/6-31g(d,p)",-7.19877159976,0.878655584791,85,0.3335,-1073.5337583,3.9125,1.41666666667
/home/ccollins/mols/opt/b3lyp/m06hf/12fe12fe12fe12fe_TD.log,12fe12fe12fe12fe,---,[],"td M06HF/6-31g(d,p)",-7.26680005941,0.185853751753,109,5.9646,-1521.5906783,3.5574,2.36666666667
/home/ccollins/mols/opt/b3lyp/m06hf/4ef_TD.log,4ef,---,[],"td M06HF/6-31g(d,p)",-8.87553707312,1.62479173019,31,1.5237,-383.5169883,4.3282,0.133333333333
/home/ccollins/mols/opt/b3lyp/m06hf/12fl12fl12fl12fl_TD.log,12fl12fl12fl12fl,---,[],"td M06HF/6-31g(d,p)",-6.60175383791,1.11403405517,117,4.8749,-1674.9215359,3.6797,2.21666666667
/home/ccollins/mols/opt/b3lyp/m06hf/12al12al12al-12al-_TD.log,12al12al12al-12al-,---,[],"td M06HF/6-31g(d,p)",-6.8964531251,0.980426160421,101,4.6440,-1374.2178529,3.8032,1.95
/home/ccollins/mols/opt/b3lyp/m06hf/4ae4ae4ae-4ae_TD.log,4ae4ae4ae-4ae,---,[],"td M06HF/6-31g(d,p)",-8.70383324098,0.415517831519,105,1.5264,-1229.7520021,4.2452,4.8
/home/ccollins/mols/opt/b3lyp/m06hf/12li12li12li_TD.log,12li12li12li,---,[],"td M06HF/6-31g(d,p)",-7.36258413059,1.17253853046,88,0.8770,-1148.8869375,4.1903,1.75
/home/ccollins/mols/opt/b3lyp/m06hf/4ia4ia4ia_TD.log,4ia4ia4ia,---,[],"td M06HF/6-31g(d,p)",-8.74383397525,1.2849215458,73,0.8532,-812.1192025,5.4470,1.73333333333
/home/ccollins/mols/opt/b3lyp/m06hf/12fe12fe-12fe-12fe-_TD.log,12fe12fe-12fe-12fe-,---,[],"td M06HF/6-31g(d,p)",-7.5459888578,-0.0424497588192,109,0.5996,-1521.6048246,3.4598,1.95
/home/ccollins/mols/opt/b3lyp/m06hf/12ei12ei12ei-12ei_TD.log,12ei12ei12ei-12ei,---,[],"td M06HF/6-31g(d,p)",-7.49700836685,0.370346934314,109,1.3148,-1378.0705493,3.7695,4.41666666667
/home/ccollins/mols/opt/b3lyp/m06hf/12ae_TD.log,12ae,---,[],"td M06HF/6-31g(d,p)",-9.23227831551,2.30779746504,24,0.4215,-306.093631,4.3076,0.0666666666667
/home/ccollins/mols/opt/b3lyp/m06hf/12aa12aa-12aa12aa-_TD.log,12aa12aa-12aa12aa-,---,[],"td M06HF/6-31g(d,p)",-7.43959234691,0.733074681148,69,0.0001,-916.3143437,3.9870,0.533333333333
/home/ccollins/mols/opt/b3lyp/m06hf/12al12al-12al12al-_TD.log,12al12al-12al12al-,---,[],"td M06HF/6-31g(d,p)",-6.98516223647,0.878655584791,101,4.3786,-1374.225175,3.7547,1.88333333333
/home/ccollins/mols/opt/b3lyp/m06hf/4la4la-_TD.log,4la4la-,---,[],"td M06HF/6-31g(d,p)",-8.63444421214,1.60601587533,57,1.3867,-692.170921,5.3434,0.516666666667
/home/ccollins/mols/opt/b3lyp/m06hf/4ia_TD.log,4ia,---,[],"td M06HF/6-31g(d,p)",-9.51554882148,2.46426292222,25,0.3245,-271.49179,5.7720,0.116666666667
/home/ccollins/mols/opt/b3lyp/m06hf/12le12le-_TD.log,12le12le-,---,[],"td M06HF/6-31g(d,p)",-7.87660717168,1.19784511745,63,2.2150,-839.9659915,4.1862,0.833333333333
/home/ccollins/mols/opt/b3lyp/m06hf/12aa12aa12aa12aa-_TD.log,12aa12aa12aa12aa-,---,[],"td M06HF/6-31g(d,p)",-7.37809461939,0.783687855125,69,1.0268,-916.307794,3.9831,0.75
/home/ccollins/mols/opt/b3lyp/m06hf/22-2-2_TD.log,22-2-2,---,[],"td M06HF/6-31g(d,p)",-8.13674800137,0.463137753272,29,0.0002,-310.6954314,4.3246,0.116666666667
/home/ccollins/mols/opt/b3lyp/m06hf/12lf12lf-12lf_TD.log,12lf12lf-12lf,---,[],"td M06HF/6-31g(d,p)",-7.28612014195,1.09770722485,88,4.5920,-1256.5032894,4.0755,1.36666666667
/home/ccollins/mols/opt/b3lyp/m06hf/4ff4ff-4ff-4ff_TD.log,4ff4ff-4ff-4ff,---,[],"td M06HF/6-31g(d,p)",-8.39688883105,0.664774107663,113,0.8402,-1526.7869989,4.5848,2.96666666667
/home/ccollins/mols/opt/b3lyp/m06hf/12la12la-12la-12la_TD.log,12la12la-12la-12la,---,[],"td M06HF/6-31g(d,p)",-6.95332491736,0.776612895321,101,3.3426,-1374.2270387,3.6726,2.06666666667
/home/ccollins/mols/opt/b3lyp/m06hf/12la12la-12la12la-_TD.log,12la12la-12la12la-,---,[],"td M06HF/6-31g(d,p)",-6.98516223647,0.878655584791,101,4.3786,-1374.225175,3.7547,2.16666666667
/home/ccollins/mols/opt/b3lyp/m06hf/12ie12ie12ie12ie-_TD.log,12ie12ie12ie12ie-,---,[],"td M06HF/6-31g(d,p)",-7.65238536868,0.51538361028,109,1.7425,-1378.0693305,3.9939,3.6
/home/ccollins/mols/opt/b3lyp/m06hf/12lf12lf-12lf12lf-_TD.log,12lf12lf-12lf12lf-,---,[],"td M06HF/6-31g(d,p)",-6.96883540616,0.797565660892,117,7.5531,-1674.9467918,3.6934,3.35
/home/ccollins/mols/opt/b3lyp/m06hf/4ff4ff4ff4ff-_TD.log,4ff4ff4ff4ff-,---,[],"td M06HF/6-31g(d,p)",-8.20504857485,0.644909797446,113,1.2034,-1526.7699647,4.5400,3.31666666667
/home/ccollins/mols/opt/b3lyp/m06hf/12la12la-12la_TD.log,12la12la-12la,---,[],"td M06HF/6-31g(d,p)",-7.32884201461,1.10614275385,76,1.4933,-1030.9626811,4.1098,0.95
/home/ccollins/mols/opt/b3lyp/m06hf/4ea4ea-4ea_TD.log,4ea4ea-4ea,---,[],"td M06HF/6-31g(d,p)",-8.82084219157,0.602732152466,79,1.1323,-922.6086115,4.2485,1.98333333333
/home/ccollins/mols/opt/b3lyp/m06hf/12ea12ea12ea-12ea-_TD.log,12ea12ea12ea-12ea-,---,[],"td M06HF/6-31g(d,p)",-7.6221807326,0.149118383545,93,0.5219,-1220.8424875,3.7539,1.31666666667
/home/ccollins/mols/opt/b3lyp/m06hf/12fe12fe12fe12fe-_TD.log,12fe12fe12fe12fe-,---,[],"td M06HF/6-31g(d,p)",-7.42870779337,-0.00435382141736,109,5.2996,-1521.5969575,3.4884,1.98333333333
/home/ccollins/mols/opt/b3lyp/m06hf/12ee12ee12ee12ee_TD.log,12ee12ee12ee12ee,---,[],"td M06HF/6-31g(d,p)",-7.74245504926,-0.287352213546,117,0.5125,-1525.3495591,3.5498,2.31666666667
/home/ccollins/mols/opt/b3lyp/m06hf/12la12la-12la12la_TD.log,12la12la-12la12la,---,[],"td M06HF/6-31g(d,p)",-7.1038038701,0.810355011306,101,1.0011,-1374.2170857,3.7954,2.3
/home/ccollins/mols/opt/b3lyp/m06hf/12lf12lf12lf-12lf-_TD.log,12lf12lf12lf-12lf-,---,[],"td M06HF/6-31g(d,p)",-7.34625730028,0.451436858212,117,2.9291,-1674.9818032,3.7062,2.25
/home/ccollins/mols/opt/b3lyp/m06hf/4if4if4if4if-_TD.log,4if4if4if4if-,---,[],"td M06HF/6-31g(d,p)",-8.44995102958,1.33335780907,113,4.8840,-1383.2076332,5.1360,4.3
/home/ccollins/mols/opt/b3lyp/m06hf/12ae12ae12ae12ae_TD.log,12ae12ae12ae12ae,---,[],"td M06HF/6-31g(d,p)",-7.61701056967,0.149390497383,93,0.6102,-1220.8427061,3.7557,1.05
/home/ccollins/mols/opt/b3lyp/m06hf/4fi_TD.log,4fi,---,[],"td M06HF/6-31g(d,p)",-8.93404154842,2.32983868596,29,1.5349,-346.685923,5.5279,0.183333333333
/home/ccollins/mols/opt/b3lyp/m06hf/12ae12ae12ae_TD.log,12ae12ae12ae,---,[],"td M06HF/6-31g(d,p)",-7.86789952884,0.435926369413,70,0.7775,-915.9265472,4.1015,0.683333333333
/home/ccollins/mols/opt/b3lyp/m06hf/4ia4ia4ia4ia-_TD.log,4ia4ia4ia4ia-,---,[],"td M06HF/6-31g(d,p)",-8.60015786848,1.08573421595,97,1.0213,-1082.4329582,5.3274,3.55
/home/ccollins/mols/opt/b3lyp/m06hf/12ee12ee-12ee12ee_TD.log,12ee12ee-12ee12ee,---,[],"td M06HF/6-31g(d,p)",-7.84667464943,-0.168438466084,117,0.4991,-1525.365212,3.6629,5.8
/home/ccollins/mols/opt/b3lyp/m06hf/12el12el-_TD.log,12el12el-,---,[],"td M06HF/6-31g(d,p)",-7.87660717168,1.19784511745,63,2.2151,-839.9659913,4.5524,0.666666666667
/home/ccollins/mols/opt/b3lyp/m06hf/4if4if4if-4if-_TD.log,4if4if4if-4if-,---,[],"td M06HF/6-31g(d,p)",-8.44804623271,1.38669212143,113,2.5862,-1383.2131186,5.1325,5.15
/home/ccollins/mols/opt/b3lyp/m06hf/12af12af12af_TD.log,12af12af12af,---,[],"td M06HF/6-31g(d,p)",-7.62109227725,0.975528111327,64,1.5941,-913.0775764,4.2613,0.666666666667
/home/ccollins/mols/opt/b3lyp/m06hf/12fl12fl-12fl12fl_TD.log,12fl12fl-12fl12fl,---,[],"td M06HF/6-31g(d,p)",-6.77753937763,0.977160794358,117,8.3180,-1674.9362019,3.6982,2.86666666667
/home/ccollins/mols/opt/b3lyp/m06hf/12aa12aa-12aa-12aa-_TD.log,12aa12aa-12aa-12aa-,---,[],"td M06HF/6-31g(d,p)",-7.37809461939,0.783687855125,69,1.0268,-916.307794,3.9831,0.733333333333
/home/ccollins/mols/opt/b3lyp/m06hf/12aa12aa-12aa-12aa_TD.log,12aa12aa-12aa-12aa,---,[],"td M06HF/6-31g(d,p)",-7.41102039386,0.748585169947,69,0.3387,-916.3113092,3.9712,0.583333333333
/home/ccollins/mols/opt/b3lyp/m06hf/22-_TD.log,22-,---,[],"td M06HF/6-31g(d,p)",-9.35200840449,1.73554206249,15,0.0051,-155.933918,5.8440,0.0333333333333
/home/ccollins/mols/opt/b3lyp/m06hf/12if12if12if12if_TD.log,12if12if12if12if,---,[],"td M06HF/6-31g(d,p)",-7.79116342636,1.17662023804,101,2.0285,-1374.2847857,4.4591,2.8
/home/ccollins/mols/opt/b3lyp/m06hf/12ll12ll-12ll12ll-_TD.log,12ll12ll-12ll12ll-,---,[],"td M06HF/6-31g(d,p)",-7.35959087837,1.15838861086,133,4.3483,-1832.1426171,4.2027,3.11666666667
/home/ccollins/mols/opt/b3lyp/m06hf/4fi4fi-_TD.log,4fi4fi-,---,[],"td M06HF/6-31g(d,p)",-8.8499583723,1.53227302507,57,1.4105,-692.19877,5.2917,0.733333333333
/home/ccollins/mols/opt/b3lyp/m06hf/12ee12ee12ee12ee-_TD.log,12ee12ee12ee12ee-,---,[],"td M06HF/6-31g(d,p)",-7.96096246164,-0.05768813378,117,0.6595,-1525.3628705,3.8195,6.66666666667
/home/ccollins/mols/opt/b3lyp/m06hf/4ie4ie-4ie_TD.log,4ie4ie-4ie,---,[],"td M06HF/6-31g(d,p)",-8.95553854167,0.999746242961,91,2.3210,-1040.522059,4.2623,3.21666666667
/home/ccollins/mols/opt/b3lyp/m06hf/12ei12ei-_TD.log,12ei12ei-,---,[],"td M06HF/6-31g(d,p)",-8.08776751042,1.10451007082,55,0.7083,-689.623281,4.2107,0.683333333333
/home/ccollins/mols/opt/b3lyp/m06hf/4aa_TD.log,4aa,---,[],"td M06HF/6-31g(d,p)",-9.84943250142,2.44167747362,21,0.0001,-232.187673,5.8607,0.116666666667
/home/ccollins/mols/opt/b3lyp/m06hf/12fe12fe-12fe12fe_TD.log,12fe12fe-12fe12fe,---,[],"td M06HF/6-31g(d,p)",-7.30380754146,0.171431718308,109,6.6984,-1521.5961441,3.5181,2.88333333333
/home/ccollins/mols/opt/b3lyp/m06hf/4ai4ai-4ai-4ai-_TD.log,4ai4ai-4ai-4ai-,---,[],"td M06HF/6-31g(d,p)",-8.60015786848,1.08573421595,97,1.0213,-1082.4329582,5.3273,3.2
/home/ccollins/mols/opt/b3lyp/m06hf/4ae4ae4ae4ae-_TD.log,4ae4ae4ae4ae-,---,[],"td M06HF/6-31g(d,p)",-8.7117245423,0.415517831519,105,1.4777,-1229.7518544,4.2448,5.01666666667
/home/ccollins/mols/opt/b3lyp/m06hf/12ff12ff-12ff12ff-_TD.log,12ff12ff-12ff12ff-,---,[],"td M06HF/6-31g(d,p)",-7.30571233833,0.48272994965,101,0.0001,-1517.8263902,3.7212,1.31666666667
/home/ccollins/mols/opt/b3lyp/m06hf/12al12al-12al-12al_TD.log,12al12al-12al-12al,---,[],"td M06HF/6-31g(d,p)",-7.09509622726,0.91729574987,101,3.0659,-1374.2145617,3.8287,2.0
/home/ccollins/mols/opt/b3lyp/m06hf/12fa12fa12fa_TD.log,12fa12fa12fa,---,[],"td M06HF/6-31g(d,p)",-7.28258266205,1.1657356845,64,5.7962,-913.0829706,4.2037,0.5
/home/ccollins/mols/opt/b3lyp/m06hf/4fa4fa-4fa_TD.log,4fa4fa-4fa,---,[],"td M06HF/6-31g(d,p)",-8.5460072146,1.00219526751,73,2.5202,-919.7951604,4.9963,1.2
/home/ccollins/mols/opt/b3lyp/m06hf/4aa4aa4aa4aa-_TD.log,4aa4aa4aa4aa-,---,[],"td M06HF/6-31g(d,p)",-8.44614143584,0.667767359887,81,0.0001,-925.2201327,4.9173,1.55
/home/ccollins/mols/opt/b3lyp/m06hf/12ea12ea-12ea_TD.log,12ea12ea-12ea,---,[],"td M06HF/6-31g(d,p)",-7.87987253774,0.429939864964,70,0.6383,-915.9267111,4.0653,0.716666666667
/home/ccollins/mols/opt/b3lyp/m06hf/4ef4ef-_TD.log,4ef4ef-,---,[],"td M06HF/6-31g(d,p)",-8.70274478562,1.32682707694,61,1.5764,-765.8532226,4.2851,0.816666666667
/home/ccollins/mols/opt/b3lyp/m06hf/4ie4ie-4ie4ie-_TD.log,4ie4ie-4ie4ie-,---,[],"td M06HF/6-31g(d,p)",-8.92342910872,0.982330957292,121,3.0129,-1386.9713833,4.2765,4.96666666667
/home/ccollins/mols/opt/b3lyp/m06hf/11_TD.log,11,---,[],"td M06HF/6-31g(d,p)",-11.873143119,2.36222023276,8,2.5723,-114.4508875,3.0350,0.0
/home/ccollins/mols/opt/b3lyp/m06hf/12el12el-12el-12el_TD.log,12el12el-12el-12el,---,[],"td M06HF/6-31g(d,p)",-7.51333519717,0.227215055218,125,3.0443,-1678.7589574,3.6774,5.73333333333
/home/ccollins/mols/opt/b3lyp/m06hf/4ff4ff-4ff4ff-_TD.log,4ff4ff-4ff4ff-,---,[],"td M06HF/6-31g(d,p)",-8.36804476416,0.530077757563,113,1.0955,-1526.7847178,4.5814,3.05
/home/ccollins/mols/opt/b3lyp/m06hf/12le12le_TD.log,12le12le,---,[],"td M06HF/6-31g(d,p)",-8.13538743217,1.06015551513,63,1.9814,-839.9536488,4.1542,0.916666666667
/home/ccollins/mols/opt/b3lyp/m06hf/12lf12lf_TD.log,12lf12lf,---,[],"td M06HF/6-31g(d,p)",-8.64777779023,2.14425704805,59,1.7325,-838.0700832,5.6473,0.683333333333
/home/ccollins/mols/opt/b3lyp/m06hf/12il12il-12il12il_TD.log,12il12il-12il12il,---,[],"td M06HF/6-31g(d,p)",-7.20693501492,0.902873716425,117,3.1791,-1531.453859,3.9249,4.01666666667
/home/ccollins/mols/opt/b3lyp/m06hf/12al12al-12al_TD.log,12al12al-12al,---,[],"td M06HF/6-31g(d,p)",-7.28149420669,1.22750552586,76,4.1800,-1030.9607495,4.1808,0.883333333333
/home/ccollins/mols/opt/b3lyp/m06hf/4el_TD.log,4el,---,[],"td M06HF/6-31g(d,p)",-8.76560308234,1.66234343992,35,1.8503,-422.8096878,4.3291,0.183333333333
/home/ccollins/mols/opt/b3lyp/m06hf/4aa4aa-_TD.log,4aa4aa-,---,[],"td M06HF/6-31g(d,p)",-8.8140393456,1.12138112881,41,0.0003,-463.1934769,5.3780,0.3
/home/ccollins/mols/opt/b3lyp/m06hf/4ae4ae-4ae-4ae-_TD.log,4ae4ae-4ae-4ae-,---,[],"td M06HF/6-31g(d,p)",-8.71009185926,0.417966856066,105,1.3171,-1229.7518229,4.2475,4.76666666667
/home/ccollins/mols/opt/b3lyp/m06hf/12ai12ai12ai-12ai-_TD.log,12ai12ai12ai-12ai-,---,[],"td M06HF/6-31g(d,p)",-7.14053923831,0.92110534361,85,0.2686,-1073.5281391,3.9349,1.66666666667
/home/ccollins/mols/opt/b3lyp/m06hf/4ai4ai-4ai4ai_TD.log,4ai4ai-4ai4ai,---,[],"td M06HF/6-31g(d,p)",-8.6066886006,1.08655055747,97,1.0628,-1082.4330325,5.3203,3.05
/home/ccollins/mols/opt/b3lyp/m06hf/12ie12ie_TD.log,12ie12ie,---,[],"td M06HF/6-31g(d,p)",-8.35824866597,1.27322065074,55,1.3161,-689.6229849,4.2404,0.65
/home/ccollins/mols/opt/b3lyp/m06hf/4ff4ff-_TD.log,4ff4ff-,---,[],"td M06HF/6-31g(d,p)",-8.53621111641,1.23403625798,57,1.0547,-763.9778097,4.9816,0.566666666667
/home/ccollins/mols/opt/b3lyp/m06hf/4fa4fa4fa-4fa_TD.log,4fa4fa4fa-4fa,---,[],"td M06HF/6-31g(d,p)",-8.46573363222,0.693618174553,97,3.9698,-1225.9994289,4.8278,2.28333333333
/home/ccollins/mols/opt/b3lyp/m06hf/12fe12fe-12fe12fe-_TD.log,12fe12fe-12fe12fe-,---,[],"td M06HF/6-31g(d,p)",-7.48258633341,-0.0263950423427,109,4.2212,-1521.6062068,3.4431,2.25
/home/ccollins/mols/opt/b3lyp/m06hf/4af4af_TD.log,4af4af,---,[],"td M06HF/6-31g(d,p)",-8.75907235021,1.41390350529,49,3.0721,-613.5866087,5.3163,0.366666666667
/home/ccollins/mols/opt/b3lyp/m06hf/12ef12ef-12ef12ef-_TD.log,12ef12ef-12ef12ef-,---,[],"td M06HF/6-31g(d,p)",-7.48258633341,-0.0263950423427,109,4.2210,-1521.606209,3.4431,2.13333333333
/home/ccollins/mols/opt/b3lyp/m06hf/12lf12lf12lf12lf_TD.log,12lf12lf12lf12lf,---,[],"td M06HF/6-31g(d,p)",-7.08693281211,0.770082163195,117,7.2649,-1674.9956968,3.7553,2.55
/home/ccollins/mols/opt/b3lyp/m06hf/12el12el-12el12el-_TD.log,12el12el-12el12el-,---,[],"td M06HF/6-31g(d,p)",-7.41292519073,0.258780260494,125,2.4917,-1678.7586762,3.6234,5.26666666667
/home/ccollins/mols/opt/b3lyp/m06hf/12af12af-12af-12af-_TD.log,12af12af-12af-12af-,---,[],"td M06HF/6-31g(d,p)",-7.13917866911,0.649807846541,85,5.6242,-1217.06051,3.7295,1.03333333333
/home/ccollins/mols/opt/b3lyp/m06hf/4fa4fa4fa4fa-_TD.log,4fa4fa4fa4fa-,---,[],"td M06HF/6-31g(d,p)",-8.49267290224,0.570350605674,97,3.6163,-1226.000005,4.8312,2.51666666667
/home/ccollins/mols/opt/b3lyp/m06hf/12il_TD.log,12il,---,[],"td M06HF/6-31g(d,p)",-9.10111944531,3.3040062281,30,1.8991,-383.7430194,6.8455,0.233333333333
/home/ccollins/mols/opt/b3lyp/m06hf/12ai12ai12ai_TD.log,12ai12ai12ai,---,[],"td M06HF/6-31g(d,p)",-7.42544242731,1.22968243657,64,1.8974,-805.4373644,4.3261,0.683333333333
/home/ccollins/mols/opt/b3lyp/m06hf/2222-_TD.log,2222-,---,[],"td M06HF/6-31g(d,p)",-8.1348432045,0.524091253115,29,0.0225,-310.7006144,4.4724,0.133333333333
/home/ccollins/mols/opt/b3lyp/m06hf/12il12il12il12il-_TD.log,12il12il12il12il-,---,[],"td M06HF/6-31g(d,p)",-7.27224233618,1.04382868481,117,4.1813,-1531.4540035,4.0785,3.7
/home/ccollins/mols/opt/b3lyp/m06hf/12la12la12la-12la-_TD.log,12la12la12la-12la-,---,[],"td M06HF/6-31g(d,p)",-6.8964531251,0.980426160421,101,4.6440,-1374.2178531,3.8032,2.16666666667
/home/ccollins/mols/opt/b3lyp/m06hf/12fa12fa-12fa12fa_TD.log,12fa12fa-12fa12fa,---,[],"td M06HF/6-31g(d,p)",-7.07550403088,0.767361024809,85,7.0247,-1217.0589152,3.7889,1.33333333333
/home/ccollins/mols/opt/b3lyp/m06hf/12af12af12af-12af_TD.log,12af12af12af-12af,---,[],"td M06HF/6-31g(d,p)",-7.31714111955,0.547220929394,85,2.3093,-1217.0550854,3.7767,1.13333333333
/home/ccollins/mols/opt/b3lyp/m06hf/4ff4ff-4ff4ff_TD.log,4ff4ff-4ff4ff,---,[],"td M06HF/6-31g(d,p)",-8.2181100391,0.685998987073,113,0.4889,-1526.7775025,4.5701,3.2
/home/ccollins/mols/opt/b3lyp/m06hf/4ff4ff4ff-4ff_TD.log,4ff4ff4ff-4ff,---,[],"td M06HF/6-31g(d,p)",-8.22273597436,0.691441263844,113,0.4120,-1526.7775349,4.5795,3.25
/home/ccollins/mols/opt/b3lyp/m06hf/111111-_TD.log,111111-,---,[],"td M06HF/6-31g(d,p)",-11.4154476425,-0.931445669476,22,2.1532,-340.9979538,1.3992,0.0333333333333
/home/ccollins/mols/opt/b3lyp/m06hf/12ff12ff12ff_TD.log,12ff12ff12ff,---,[],"td M06HF/6-31g(d,p)",-7.37401291181,1.04137966026,76,6.9128,-1138.6619838,4.1566,0.833333333333
/home/ccollins/mols/opt/b3lyp/m06hf/12ei12ei12ei_TD.log,12ei12ei12ei,---,[],"td M06HF/6-31g(d,p)",-8.0156573432,0.846818265676,82,1.3891,-1033.8456738,4.2344,2.01666666667
/home/ccollins/mols/opt/b3lyp/m06hf/22_TD.log,22,---,[],"td M06HF/6-31g(d,p)",-9.34438921701,1.95296101952,15,0.0003,-155.9392966,6.4216,0.0333333333333
/home/ccollins/mols/opt/b3lyp/m06hf/12ea12ea12ea-12ea_TD.log,12ea12ea12ea-12ea,---,[],"td M06HF/6-31g(d,p)",-7.62979992008,0.152111635769,93,0.7184,-1220.8430877,3.7367,1.23333333333
/home/ccollins/mols/opt/b3lyp/m06hf/12ii12ii-12ii-12ii-_TD.log,12ii12ii-12ii-12ii-,---,[],"td M06HF/6-31g(d,p)",-7.4374154362,1.44383602753,101,1.7207,-1230.7530785,4.4528,2.96666666667
/home/ccollins/mols/opt/b3lyp/m06hf/22-2-2-_TD.log,22-2-2-,---,[],"td M06HF/6-31g(d,p)",-8.13457109066,0.524363366953,29,0.0223,-310.7006163,4.4724,0.116666666667
/home/ccollins/mols/opt/b3lyp/m06hf/4ia4ia-4ia-4ia-_TD.log,4ia4ia-4ia-4ia-,---,[],"td M06HF/6-31g(d,p)",-8.60696071444,1.09362551727,97,1.1453,-1082.4329624,5.3506,3.33333333333
/home/ccollins/mols/opt/b3lyp/m06hf/4af4af4af4af-_TD.log,4af4af4af4af-,---,[],"td M06HF/6-31g(d,p)",-7.95824132325,0.3229991264,97,5.2623,-1225.9791058,4.3315,2.43333333333
/home/ccollins/mols/opt/b3lyp/m06hf/4if4if4if4if_TD.log,4if4if4if4if,---,[],"td M06HF/6-31g(d,p)",-8.45076737109,1.25988707265,113,7.1098,-1383.2059701,5.1099,4.73333333333
/home/ccollins/mols/opt/b3lyp/m06hf/12ae12ae-12ae12ae-_TD.log,12ae12ae-12ae12ae-,---,[],"td M06HF/6-31g(d,p)",-7.65429016555,0.124628138072,93,0.6317,-1220.8438794,3.7249,1.4
/home/ccollins/mols/opt/b3lyp/m06hf/4ie4ie4ie_TD.log,4ie4ie4ie,---,[],"td M06HF/6-31g(d,p)",-8.94819146803,1.02668551298,91,1.8675,-1040.5233088,4.2783,2.71666666667
/home/ccollins/mols/opt/b3lyp/m06hf/12fl12fl-12fl-12fl_TD.log,12fl12fl-12fl-12fl,---,[],"td M06HF/6-31g(d,p)",-7.09455199959,0.727632404376,117,3.3962,-1674.9883121,3.7136,2.81666666667
/home/ccollins/mols/opt/b3lyp/m06hf/12le12le12le-12le-_TD.log,12le12le12le-12le-,---,[],"td M06HF/6-31g(d,p)",-7.13319216466,0.442729215378,125,4.5454,-1678.7353983,3.5794,3.6
/home/ccollins/mols/opt/b3lyp/m06hf/4ff4ff4ff4ff_TD.log,4ff4ff4ff4ff,---,[],"td M06HF/6-31g(d,p)",-8.02790246593,0.770082163195,113,0.9094,-1526.761802,4.5005,2.95
/home/ccollins/mols/opt/b3lyp/m06hf/4la4la-4la-4la-_TD.log,4la4la-4la-4la-,---,[],"td M06HF/6-31g(d,p)",-8.10926450367,0.98069827426,113,3.9608,-1383.1642057,4.8349,4.35
/home/ccollins/mols/opt/b3lyp/m06hf/1111-11-_TD.log,1111-11-,---,[],"td M06HF/6-31g(d,p)",-11.4151755286,-0.931445669476,22,2.1533,-340.9979539,1.3993,0.0333333333333
/home/ccollins/mols/opt/b3lyp/m06hf/12el12el12el-12el_TD.log,12el12el12el-12el,---,[],"td M06HF/6-31g(d,p)",-7.45347015268,0.289257010416,125,4.5640,-1678.756068,3.6899,3.75
/home/ccollins/mols/opt/b3lyp/m06hf/12le12le-12le_TD.log,12le12le-12le,---,[],"td M06HF/6-31g(d,p)",-7.50489966817,0.521914342406,94,2.3009,-1259.357126,3.8102,1.73333333333
/home/ccollins/mols/opt/b3lyp/m06hf/12ei12ei_TD.log,12ei12ei,---,[],"td M06HF/6-31g(d,p)",-8.35824866597,1.27349276458,55,1.3164,-689.6229833,4.2404,0.616666666667
/home/ccollins/mols/opt/b3lyp/m06hf/12le12le-12le12le-_TD.log,12le12le-12le12le-,---,[],"td M06HF/6-31g(d,p)",-7.41265307689,0.258780260494,125,2.4923,-1678.7586736,3.6233,5.05
/home/ccollins/mols/opt/b3lyp/m06hf/12fl12fl12fl-12fl_TD.log,12fl12fl12fl-12fl,---,[],"td M06HF/6-31g(d,p)",-6.78951238653,0.95756859798,117,7.9327,-1674.9357631,3.6883,2.7
/home/ccollins/mols/opt/b3lyp/m06hf/4fi4fi4fi4fi-_TD.log,4fi4fi4fi4fi-,---,[],"td M06HF/6-31g(d,p)",-8.63389998446,1.10804755072,113,4.2853,-1383.2168055,5.1963,4.65
/home/ccollins/mols/opt/b3lyp/m06hf/12ae12ae-12ae_TD.log,12ae12ae-12ae,---,[],"td M06HF/6-31g(d,p)",-7.87987253774,0.429667751126,70,0.6380,-915.926706,4.0652,0.7
/home/ccollins/mols/opt/b3lyp/m06hf/12lf12lf-_TD.log,12lf12lf-,---,[],"td M06HF/6-31g(d,p)",-7.75714919654,1.73146035492,59,3.8445,-838.0668238,4.8219,0.6
/home/ccollins/mols/opt/b3lyp/m06hf/12fe12fe-12fe-12fe_TD.log,12fe12fe-12fe-12fe,---,[],"td M06HF/6-31g(d,p)",-7.41619055679,0.0797293547054,109,4.0013,-1521.600019,3.4429,2.15
/home/ccollins/mols/opt/b3lyp/m06hf/4ei4ei-4ei4ei_TD.log,4ei4ei-4ei4ei,---,[],"td M06HF/6-31g(d,p)",-8.91444935204,0.933350466346,121,2.7726,-1386.9718286,4.2789,5.0
/home/ccollins/mols/opt/b3lyp/m06hf/12ia12ia-12ia_TD.log,12ia12ia-12ia,---,[],"td M06HF/6-31g(d,p)",-7.48095365038,1.23975064859,64,1.0965,-805.4437357,4.3313,0.683333333333
/home/ccollins/mols/opt/b3lyp/m06hf/4fa4fa-4fa-4fa-_TD.log,4fa4fa-4fa-4fa-,---,[],"td M06HF/6-31g(d,p)",-8.68913909369,0.530621985241,97,5.0090,-1226.0086135,4.8604,2.5
/home/ccollins/mols/opt/b3lyp/m06hf/12ea12ea12ea12ea-_TD.log,12ea12ea12ea12ea-,---,[],"td M06HF/6-31g(d,p)",-7.62462975715,0.154560660316,93,0.4563,-1220.8426334,3.7239,1.26666666667
/home/ccollins/mols/opt/b3lyp/m06hf/12ia12ia-12ia-12ia_TD.log,12ia12ia-12ia-12ia,---,[],"td M06HF/6-31g(d,p)",-7.1835332248,0.880832495499,85,0.3795,-1073.5312198,3.9025,1.71666666667
/home/ccollins/mols/opt/b3lyp/m06hf/4ia4ia-4ia_TD.log,4ia4ia-4ia,---,[],"td M06HF/6-31g(d,p)",-8.75118104889,1.28873113954,73,0.7880,-812.1192252,5.4412,1.66666666667
/home/ccollins/mols/opt/b3lyp/m06hf/4fa4fa-4fa4fa-_TD.log,4fa4fa-4fa4fa-,---,[],"td M06HF/6-31g(d,p)",-8.56804843552,0.637562723804,97,3.0682,-1226.0042803,4.8498,2.6
/home/ccollins/mols/opt/b3lyp/m06hf/4ee_TD.log,4ee,---,[],"td M06HF/6-31g(d,p)",-9.07554074448,0.618786868942,33,0.0004,-384.4556126,4.2722,0.15
/home/ccollins/mols/opt/b3lyp/m06hf/12la12la_TD.log,12la12la,---,[],"td M06HF/6-31g(d,p)",-7.94926156658,1.79459076547,51,1.3067,-687.6937477,4.9484,0.5
/home/ccollins/mols/opt/b3lyp/m06hf/12il12il-_TD.log,12il12il-,---,[],"td M06HF/6-31g(d,p)",-7.86953221188,1.82914922297,59,1.6168,-766.315477,4.9890,0.933333333333
/home/ccollins/mols/opt/b3lyp/m06hf/222-_TD.log,222-,---,[],"td M06HF/6-31g(d,p)",-8.60832128363,1.00682120276,22,0.0213,-233.3173076,5.0071,0.116666666667
/home/ccollins/mols/opt/b3lyp/m06hf/12la12la-12la-12la-_TD.log,12la12la-12la-12la-,---,[],"td M06HF/6-31g(d,p)",-6.77645092228,0.918656319063,101,5.5333,-1374.2277343,3.6977,1.78333333333
/home/ccollins/mols/opt/b3lyp/m06hf/12ai12ai-12ai-12ai_TD.log,12ai12ai-12ai-12ai,---,[],"td M06HF/6-31g(d,p)",-7.1835332248,0.880832495499,85,0.3795,-1073.5312198,3.9025,1.38333333333
/home/ccollins/mols/opt/b3lyp/m06hf/12el12el-12el12el_TD.log,12el12el-12el12el,---,[],"td M06HF/6-31g(d,p)",-7.53864178416,0.287624327384,125,4.0796,-1678.7568465,3.7216,5.1
/home/ccollins/mols/opt/b3lyp/m06hf/4ef4ef4ef_TD.log,4ef4ef4ef,---,[],"td M06HF/6-31g(d,p)",-8.53621111641,0.784776310479,91,4.0862,-1148.1915369,4.2791,2.95
/home/ccollins/mols/opt/b3lyp/m06hf/12if12if-12if_TD.log,12if12if-12if,---,[],"td M06HF/6-31g(d,p)",-7.32856990077,1.16165397692,76,1.8718,-1031.0089663,4.1415,1.38333333333
/home/ccollins/mols/opt/b3lyp/m06hf/12ll12ll-_TD.log,12ll12ll-,---,[],"td M06HF/6-31g(d,p)",-7.41374153225,2.07541224689,67,0.0005,-916.6531564,4.8272,0.65
/home/ccollins/mols/opt/b3lyp/m06hf/4fi4fi-4fi-4fi_TD.log,4fi4fi-4fi-4fi,---,[],"td M06HF/6-31g(d,p)",-8.57621185068,1.18641633623,113,2.3885,-1383.220471,5.0996,5.25
/home/ccollins/mols/opt/b3lyp/m06hf/4ae4ae4ae4ae_TD.log,4ae4ae4ae4ae,---,[],"td M06HF/6-31g(d,p)",-8.71281299765,0.415517831519,105,1.3832,-1229.7518565,4.2446,5.36666666667
/home/ccollins/mols/opt/b3lyp/m06hf/12la12la12la12la-_TD.log,12la12la12la12la-,---,[],"td M06HF/6-31g(d,p)",-7.06026565592,1.02233169156,101,3.2100,-1374.2076864,3.8661,2.05
/home/ccollins/mols/opt/b3lyp/m06hf/12la12la12la_TD.log,12la12la12la,---,[],"td M06HF/6-31g(d,p)",-7.45619129107,1.24519292536,76,1.0450,-1030.9471597,4.2952,1.08333333333
/home/ccollins/mols/opt/b3lyp/m06hf/12if12if12if12if-_TD.log,12if12if12if12if-,---,[],"td M06HF/6-31g(d,p)",-7.56939064792,0.909132334712,101,1.7404,-1374.2899892,4.1592,2.28333333333
/home/ccollins/mols/opt/b3lyp/m06hf/4ei4ei-4ei4ei-_TD.log,4ei4ei-4ei4ei-,---,[],"td M06HF/6-31g(d,p)",-8.92342910872,0.97879347739,121,2.9949,-1386.9714015,4.2765,5.06666666667
/home/ccollins/mols/opt/b3lyp/m06hf/12fa12fa12fa12fa_TD.log,12fa12fa12fa12fa,---,[],"td M06HF/6-31g(d,p)",-6.94706629907,0.857430705381,85,6.3563,-1217.0522658,3.7910,1.31666666667
/home/ccollins/mols/opt/b3lyp/m06hf/4ie4ie4ie4ie_TD.log,4ie4ie4ie4ie,---,[],"td M06HF/6-31g(d,p)",-8.91499357972,0.930357214122,121,2.7354,-1386.9717587,4.2788,4.66666666667
/home/ccollins/mols/opt/b3lyp/m06hf/4fi4fi-4fi-4fi-_TD.log,4fi4fi-4fi-4fi-,---,[],"td M06HF/6-31g(d,p)",-8.71825527442,0.965459899299,113,3.7204,-1383.2247493,5.0758,5.15
/home/ccollins/mols/opt/b3lyp/m06hf/4ii4ii4ii_TD.log,4ii4ii4ii,---,[],"td M06HF/6-31g(d,p)",-9.16234505899,2.15269257705,85,0.1625,-930.0335482,5.5733,2.2
/home/ccollins/mols/opt/b3lyp/m06hf/4ai_TD.log,4ai,---,[],"td M06HF/6-31g(d,p)",-9.51554882148,2.46453503606,25,0.3245,-271.4917919,5.7720,0.116666666667
/home/ccollins/mols/opt/b3lyp/m06hf/12fi12fi12fi12fi_TD.log,12fi12fi12fi12fi,---,[],"td M06HF/6-31g(d,p)",-7.09591256878,1.22315170444,101,5.9374,-1374.2736732,4.1048,1.98333333333
/home/ccollins/mols/opt/b3lyp/m06hf/12fi12fi12fi12fi-_TD.log,12fi12fi12fi12fi-,---,[],"td M06HF/6-31g(d,p)",-7.0798578523,0.899064122685,101,5.2700,-1374.2845144,3.8322,2.43333333333
/home/ccollins/mols/opt/b3lyp/m06hf/12fe12fe-12fe_TD.log,12fe12fe-12fe,---,[],"td M06HF/6-31g(d,p)",-7.62952780624,0.413613034649,82,4.5751,-1141.4928704,3.8458,1.05
/home/ccollins/mols/opt/b3lyp/m06hf/12el12el_TD.log,12el12el,---,[],"td M06HF/6-31g(d,p)",-7.86436204894,1.12791186093,63,3.4500,-839.9598463,4.1139,0.9
/home/ccollins/mols/opt/b3lyp/m06hf/12fa12fa12fa12fa-_TD.log,12fa12fa12fa12fa-,---,[],"td M06HF/6-31g(d,p)",-7.13809021376,0.648991505025,85,5.6246,-1217.0604856,3.7285,1.21666666667
/home/ccollins/mols/opt/b3lyp/m06hf/12ff12ff12ff-12ff_TD.log,12ff12ff12ff-12ff,---,[],"td M06HF/6-31g(d,p)",-7.19360143683,0.598650444887,101,5.6674,-1517.8222915,3.7331,1.21666666667
/home/ccollins/mols/opt/b3lyp/m06hf/4ai4ai4ai4ai_TD.log,4ai4ai4ai4ai,---,[],"td M06HF/6-31g(d,p)",-8.61131453586,1.10178893243,97,1.0717,-1082.4329462,5.3563,3.23333333333
/home/ccollins/mols/opt/b3lyp/m06hf/12ee12ee12ee-12ee-_TD.log,12ee12ee12ee-12ee-,---,[],"td M06HF/6-31g(d,p)",-7.72476764975,-0.285447416676,117,0.0002,-1525.3552558,3.5343,2.35
/home/ccollins/mols/opt/b3lyp/m06hf/222-2-_TD.log,222-2-,---,[],"td M06HF/6-31g(d,p)",-8.14844889643,0.512934585733,29,0.0231,-310.7009524,4.3922,0.133333333333
/home/ccollins/mols/opt/b3lyp/m06hf/12il12il-12il12il-_TD.log,12il12il-12il12il-,---,[],"td M06HF/6-31g(d,p)",-7.14734208427,0.905866968649,117,2.0090,-1531.4579896,3.8895,3.81666666667
/home/ccollins/mols/opt/b3lyp/m06hf/12il12il12il12il_TD.log,12il12il12il12il,---,[],"td M06HF/6-31g(d,p)",-7.45537494955,1.1608376354,117,2.5022,-1531.4498928,4.2774,3.2
/home/ccollins/mols/opt/b3lyp/m06hf/4fe4fe4fe-4fe-_TD.log,4fe4fe4fe-4fe-,---,[],"td M06HF/6-31g(d,p)",-8.66437673438,0.301230019313,121,2.7248,-1530.5381748,4.2701,7.01666666667
/home/ccollins/mols/opt/b3lyp/m06hf/12fa12fa-12fa_TD.log,12fa12fa-12fa,---,[],"td M06HF/6-31g(d,p)",-7.42870779337,1.05444112452,64,4.8806,-913.0890454,4.1693,0.533333333333
/home/ccollins/mols/opt/b3lyp/m06hf/4il_TD.log,4il,---,[],"td M06HF/6-31g(d,p)",-8.81948162238,2.42099682189,33,1.2958,-385.9785554,5.5416,0.2
/home/ccollins/mols/opt/b3lyp/m06hf/222_TD.log,222,---,[],"td M06HF/6-31g(d,p)",-8.5996136408,1.12138112881,22,0.0003,-233.3225497,5.3516,0.0833333333333
/home/ccollins/mols/opt/b3lyp/m06hf/12le12le-12le-12le-_TD.log,12le12le-12le-12le-,---,[],"td M06HF/6-31g(d,p)",-7.44993267278,0.401640025751,125,2.9066,-1678.7545223,3.7624,5.3
/home/ccollins/mols/opt/b3lyp/m06hf/4aa4aa_TD.log,4aa4aa,---,[],"td M06HF/6-31g(d,p)",-8.8140393456,1.122741698,41,0.0002,-463.1934899,5.3791,0.3
/home/ccollins/mols/opt/b3lyp/m06hf/12ia12ia-12ia-12ia-_TD.log,12ia12ia-12ia-12ia-,---,[],"td M06HF/6-31g(d,p)",-7.14489305972,0.905050627133,85,1.3855,-1073.5273513,3.9180,1.63333333333
/home/ccollins/mols/opt/b3lyp/m06hf/12fl12fl12fl_TD.log,12fl12fl12fl,---,[],"td M06HF/6-31g(d,p)",-6.96665849545,1.37417488485,88,5.3896,-1256.486484,4.0969,1.16666666667
/home/ccollins/mols/opt/b3lyp/m06hf/4fe4fe-4fe-4fe-_TD.log,4fe4fe-4fe-4fe-,---,[],"td M06HF/6-31g(d,p)",-8.60423957605,0.357829697739,121,5.5866,-1530.5429327,4.2679,5.46666666667
/home/ccollins/mols/opt/b3lyp/m06hf/4ef4ef_TD.log,4ef4ef,---,[],"td M06HF/6-31g(d,p)",-8.68097567854,1.11294559981,61,2.8496,-765.8541647,4.2831,0.85
/home/ccollins/mols/opt/b3lyp/m06hf/12ia12ia12ia-12ia_TD.log,12ia12ia12ia-12ia,---,[],"td M06HF/6-31g(d,p)",-7.17183232974,0.908315993196,85,1.7764,-1073.5311412,3.9309,1.61666666667
/home/ccollins/mols/opt/b3lyp/m06hf/22-2_TD.log,22-2,---,[],"td M06HF/6-31g(d,p)",-8.61594047111,0.893893959751,22,0.0001,-233.311631,4.7352,0.1
/home/ccollins/mols/opt/b3lyp/m06hf/4ef4ef4ef4ef-_TD.log,4ef4ef4ef4ef-,---,[],"td M06HF/6-31g(d,p)",-8.43634533765,0.723278582959,121,3.3759,-1530.5275443,4.2791,6.15
/home/ccollins/mols/opt/b3lyp/m06hf/11111111_TD.log,11111111,---,[],"td M06HF/6-31g(d,p)",-11.4992587048,-1.33172512603,29,2.9550,-454.2523288,1.3343,0.0833333333333
/home/ccollins/mols/opt/b3lyp/m06hf/4ia4ia4ia-4ia-_TD.log,4ia4ia4ia-4ia-,---,[],"td M06HF/6-31g(d,p)",-8.6102260805,1.0952582003,97,1.0160,-1082.4329457,5.3421,3.2
/home/ccollins/mols/opt/b3lyp/m06hf/4ff_TD.log,4ff,---,[],"td M06HF/6-31g(d,p)",-8.70900340391,2.14208013734,29,0.0001,-382.5742968,5.3042,0.116666666667
/home/ccollins/mols/opt/b3lyp/m06hf/12ef12ef-_TD.log,12ef12ef-,---,[],"td M06HF/6-31g(d,p)",-8.23987914619,0.781238830577,55,1.8122,-761.3891317,4.4984,0.516666666667
/home/ccollins/mols/opt/b3lyp/m06hf/1111-_TD.log,1111-,---,[],"td M06HF/6-31g(d,p)",-11.7104190435,0.035374799016,15,0.0195,-227.7281088,2.0043,0.0166666666667
/home/ccollins/mols/opt/b3lyp/m06hf/4ea4ea-4ea4ea_TD.log,4ea4ea-4ea4ea,---,[],"td M06HF/6-31g(d,p)",-8.70138421643,0.408170757877,105,1.4628,-1229.7520095,4.2448,3.58333333333
/home/ccollins/mols/opt/b3lyp/m06hf/4ae4ae-4ae4ae-_TD.log,4ae4ae-4ae4ae-,---,[],"td M06HF/6-31g(d,p)",-8.69512559814,0.414429376165,105,1.4362,-1229.7522059,4.2483,3.41666666667
/home/ccollins/mols/opt/b3lyp/m06hf/4ef4ef-4ef-4ef_TD.log,4ef4ef-4ef-4ef,---,[],"td M06HF/6-31g(d,p)",-8.52505444903,0.484090518843,121,3.1008,-1530.5368969,4.2665,6.23333333333
/home/ccollins/mols/opt/b3lyp/m06hf/12ei_TD.log,12ei,---,[],"td M06HF/6-31g(d,p)",-9.1228885524,2.34861454083,28,0.7700,-345.3999696,4.3003,0.116666666667
/home/ccollins/mols/opt/b3lyp/m06hf/12af12af-_TD.log,12af12af-,---,[],"td M06HF/6-31g(d,p)",-8.04803888999,1.55104887993,43,2.0641,-609.120698,4.8735,0.333333333333
/home/ccollins/mols/opt/b3lyp/m06hf/4ia4ia-_TD.log,4ia4ia-,---,[],"td M06HF/6-31g(d,p)",-9.03200253031,1.65989441537,49,0.4639,-541.8055032,5.5732,0.516666666667
/home/ccollins/mols/opt/b3lyp/m06hf/12ii12ii-_TD.log,12ii12ii-,---,[],"td M06HF/6-31g(d,p)",-7.79388456475,1.99377809531,51,0.1464,-615.9652982,5.0566,0.8
/home/ccollins/mols/opt/b3lyp/m06hf/4fe4fe4fe_TD.log,4fe4fe4fe,---,[],"td M06HF/6-31g(d,p)",-8.53621111641,0.785048424317,91,4.0866,-1148.1915382,4.2791,3.18333333333
/home/ccollins/mols/opt/b3lyp/m06hf/4ae4ae-_TD.log,4ae4ae-,---,[],"td M06HF/6-31g(d,p)",-9.04751301911,0.934166807862,53,0.7108,-615.4653218,4.2518,0.733333333333
/home/ccollins/mols/opt/b3lyp/m06hf/4af4af-4af4af_TD.log,4af4af-4af4af,---,[],"td M06HF/6-31g(d,p)",-8.46573363222,0.693346060714,97,3.9718,-1225.9994307,4.8277,2.45
/home/ccollins/mols/opt/b3lyp/m06hf/12fi12fi12fi_TD.log,12fi12fi12fi,---,[],"td M06HF/6-31g(d,p)",-7.34435250341,1.46179554088,76,5.9786,-1030.9992175,4.4282,1.3
/home/ccollins/mols/opt/b3lyp/m06hf/4ae4ae-4ae_TD.log,4ae4ae-4ae,---,[],"td M06HF/6-31g(d,p)",-8.82084219157,0.602732152466,79,1.1326,-922.6086136,4.2486,2.03333333333
/home/ccollins/mols/opt/b3lyp/m06hf/12ie12ie-12ie-12ie-_TD.log,12ie12ie-12ie-12ie-,---,[],"td M06HF/6-31g(d,p)",-7.66762374365,0.53851328656,109,0.8441,-1378.0683396,3.9959,4.55
/home/ccollins/mols/opt/b3lyp/m06hf/12ff12ff-_TD.log,12ff12ff-,---,[],"td M06HF/6-31g(d,p)",-8.11035295902,1.46750993149,51,0.0001,-759.4985848,4.9097,0.333333333333
/home/ccollins/mols/opt/b3lyp/m06hf/12ai12ai_TD.log,12ai12ai,---,[],"td M06HF/6-31g(d,p)",-8.00776604188,1.85799328986,43,1.6789,-537.3511768,5.1033,0.4
/home/ccollins/mols/opt/b3lyp/m06hf/4ai4ai-4ai_TD.log,4ai4ai-4ai,---,[],"td M06HF/6-31g(d,p)",-8.75145316273,1.28900325338,73,0.7882,-812.1192272,5.4413,1.65
/home/ccollins/mols/opt/b3lyp/m06hf/4ia4ia4ia4ia_TD.log,4ia4ia4ia4ia,---,[],"td M06HF/6-31g(d,p)",-8.61131453586,1.10151681859,97,1.0716,-1082.4329453,5.3562,3.26666666667
/home/ccollins/mols/opt/b3lyp/m06hf/4al_TD.log,4al,---,[],"td M06HF/6-31g(d,p)",-9.05866968649,2.38915950278,29,1.3909,-346.6748781,5.6475,0.15
/home/ccollins/mols/opt/b3lyp/m06hf/4ea4ea-4ea-4ea_TD.log,4ea4ea-4ea-4ea,---,[],"td M06HF/6-31g(d,p)",-8.70029576108,0.410075554747,105,1.3436,-1229.7519404,4.2486,3.61666666667
/home/ccollins/mols/opt/b3lyp/m06hf/4ff4ff4ff-4ff-_TD.log,4ff4ff4ff-4ff-,---,[],"td M06HF/6-31g(d,p)",-8.40124265247,0.577969793154,113,1.4575,-1526.7793692,4.5861,3.58333333333
/home/ccollins/mols/opt/b3lyp/m06hf/4ae4ae4ae_TD.log,4ae4ae4ae,---,[],"td M06HF/6-31g(d,p)",-8.84288341249,0.595385078824,79,1.1432,-922.6084956,4.2452,2.1
/home/ccollins/mols/opt/b3lyp/m06hf/12ef12ef_TD.log,12ef12ef,---,[],"td M06HF/6-31g(d,p)",-8.17892564635,0.91729574987,55,2.1593,-761.3856292,4.1806,0.666666666667
/home/ccollins/mols/opt/b3lyp/m06hf/12fa12fa-_TD.log,12fa12fa-,---,[],"td M06HF/6-31g(d,p)",-8.04803888999,1.55104887993,43,2.0641,-609.1206976,4.8735,0.316666666667
/home/ccollins/mols/opt/b3lyp/m06hf/4aa4aa4aa-4aa-_TD.log,4aa4aa4aa-4aa-,---,[],"td M06HF/6-31g(d,p)",-8.16014979148,0.254698552915,81,0.0000,-925.2062279,4.4109,1.31666666667
/home/ccollins/mols/opt/b3lyp/m06hf/12ll12ll12ll12ll_TD.log,12ll12ll12ll12ll,---,[],"td M06HF/6-31g(d,p)",-6.82978523464,1.23104300576,133,3.5096,-1832.0928721,3.9090,4.26666666667
/home/ccollins/mols/opt/b3lyp/m06hf/4aa4aa-4aa-4aa-_TD.log,4aa4aa-4aa-4aa-,---,[],"td M06HF/6-31g(d,p)",-8.44205972826,0.682189393332,81,0.0022,-925.2201898,4.9309,1.5
/home/ccollins/mols/opt/b3lyp/m06hf/12aa12aa12aa_TD.log,12aa12aa12aa,---,[],"td M06HF/6-31g(d,p)",-7.6412287013,1.1262791779,52,1.2889,-687.5226137,4.3926,0.4
/home/ccollins/mols/opt/b3lyp/m06hf/4fa4fa4fa_TD.log,4fa4fa4fa,---,[],"td M06HF/6-31g(d,p)",-8.43852224836,0.972262745264,73,4.8497,-919.7910645,4.9966,1.05
/home/ccollins/mols/opt/b3lyp/m06hf/4if4if4if_TD.log,4if4if4if,---,[],"td M06HF/6-31g(d,p)",-8.53185729499,1.38968537365,85,5.1606,-1037.6992144,5.1716,1.68333333333
/home/ccollins/mols/opt/b3lyp/m06hf/4ei4ei4ei-4ei_TD.log,4ei4ei4ei-4ei,---,[],"td M06HF/6-31g(d,p)",-8.92397333639,0.984235754162,121,2.9800,-1386.9713965,4.2767,5.2
/home/ccollins/mols/opt/b3lyp/m06hf/4ia4ia_TD.log,4ia4ia,---,[],"td M06HF/6-31g(d,p)",-9.03934960395,1.66969051356,49,0.5956,-541.8055288,5.5750,0.566666666667
/home/ccollins/mols/opt/b3lyp/m06hf/4ff4ff4ff_TD.log,4ff4ff4ff,---,[],"td M06HF/6-31g(d,p)",-8.17919776019,0.994303966189,85,0.6711,-1145.3658138,4.6793,1.25
/home/ccollins/mols/opt/b3lyp/m06hf/4ea4ea4ea4ea_TD.log,4ea4ea4ea4ea,---,[],"td M06HF/6-31g(d,p)",-8.71254088381,0.415245717681,105,1.3829,-1229.7518571,4.2446,5.15
/home/ccollins/mols/opt/b3lyp/m06hf/12ei12ei-12ei12ei-_TD.log,12ei12ei-12ei12ei-,---,[],"td M06HF/6-31g(d,p)",-7.44149714378,0.31918953266,109,1.3877,-1378.0722975,3.6945,3.11666666667
/home/ccollins/mols/opt/b3lyp/m06hf/12aa12aa-12aa_TD.log,12aa12aa-12aa,---,[],"td M06HF/6-31g(d,p)",-7.69211398912,1.08301307757,52,0.7920,-687.5294983,4.3776,0.4
/home/ccollins/mols/opt/b3lyp/m06hf/4li_TD.log,4li,---,[],"td M06HF/6-31g(d,p)",-8.81920950854,2.42099682189,33,1.2959,-385.9785566,5.5415,0.183333333333
/home/ccollins/mols/opt/b3lyp/m06hf/1111-11-11-_TD.log,1111-11-11-,---,[],"td M06HF/6-31g(d,p)",-11.5634775707,-1.41635252983,29,3.5938,-454.2647009,1.3790,0.0833333333333
/home/ccollins/mols/opt/b3lyp/m06hf/12ff12ff-12ff-12ff_TD.log,12ff12ff-12ff-12ff,---,[],"td M06HF/6-31g(d,p)",-7.12121915577,0.645726138962,101,0.4196,-1517.8188393,3.7039,1.51666666667
/home/ccollins/mols/opt/b3lyp/m06hf/4fe4fe-4fe-4fe_TD.log,4fe4fe-4fe-4fe,---,[],"td M06HF/6-31g(d,p)",-8.52968038428,0.478376128232,121,2.5718,-1530.5370861,4.2685,4.68333333333
/home/ccollins/mols/opt/b3lyp/m06hf/12ei12ei-12ei12ei_TD.log,12ei12ei-12ei12ei,---,[],"td M06HF/6-31g(d,p)",-7.50898137575,0.372251731184,109,1.7221,-1378.0714053,3.7909,3.1
/home/ccollins/mols/opt/b3lyp/m06hf/12ef12ef12ef12ef_TD.log,12ef12ef12ef12ef,---,[],"td M06HF/6-31g(d,p)",-7.48530747179,0.0756476471266,109,1.9446,-1521.6018819,3.5136,1.86666666667
/home/ccollins/mols/opt/b3lyp/m06hf/111111-11_TD.log,111111-11,---,[],"td M06HF/6-31g(d,p)",-11.3210241405,-1.16464722914,29,3.3860,-454.2668148,1.3746,0.0666666666667
/home/ccollins/mols/opt/b3lyp/m06hf/4aa4aa4aa-4aa_TD.log,4aa4aa4aa-4aa,---,[],"td M06HF/6-31g(d,p)",-8.16014979148,0.254426439077,81,0.0001,-925.2062239,4.4107,1.36666666667
/home/ccollins/mols/opt/b3lyp/m06hf/12al12al12al12al-_TD.log,12al12al12al12al-,---,[],"td M06HF/6-31g(d,p)",-6.7772672638,0.91920054674,101,5.5317,-1374.2277652,3.6988,1.61666666667
/home/ccollins/mols/opt/b3lyp/m06hf/4ai4ai4ai4ai-_TD.log,4ai4ai4ai4ai-,---,[],"td M06HF/6-31g(d,p)",-8.60913762515,1.09716299717,97,1.1349,-1082.4329556,5.3537,3.23333333333
/home/ccollins/mols/opt/b3lyp/m06hf/12il12il-12il-12il-_TD.log,12il12il-12il-12il-,---,[],"td M06HF/6-31g(d,p)",-7.23632330949,1.08165250838,117,1.9959,-1531.454123,4.0516,3.85
/home/ccollins/mols/opt/b3lyp/m06hf/12la12la12la12la_TD.log,12la12la12la12la,---,[],"td M06HF/6-31g(d,p)",-7.18081208642,0.964643557784,101,0.4340,-1374.2001566,3.9285,2.21666666667
/home/ccollins/mols/opt/b3lyp/m06hf/22-22_TD.log,22-22,---,[],"td M06HF/6-31g(d,p)",-8.1503536933,0.439735963153,29,0.0197,-310.6951517,4.2255,0.116666666667
/home/ccollins/mols/opt/b3lyp/m06hf/12il12il_TD.log,12il12il,---,[],"td M06HF/6-31g(d,p)",-8.15797288078,1.90479687009,59,2.9321,-766.3125754,5.2002,0.95
/home/ccollins/mols/opt/b3lyp/m06hf/12ia12ia-12ia12ia_TD.log,12ia12ia-12ia12ia,---,[],"td M06HF/6-31g(d,p)",-7.17700249268,0.898247781169,85,1.6253,-1073.5306849,3.9300,1.65
/home/ccollins/mols/opt/b3lyp/m06hf/4lf4lf-4lf-4lf-_TD.log,4lf4lf-4lf-4lf-,---,[],"td M06HF/6-31g(d,p)",-7.9487173389,0.991854941642,129,7.4220,-1683.9366886,4.6459,3.88333333333
/home/ccollins/mols/opt/b3lyp/m06hf/4ii4ii_TD.log,4ii4ii,---,[],"td M06HF/6-31g(d,p)",-9.18547473527,2.29337543159,57,0.1653,-620.4145736,5.6235,0.883333333333
/home/ccollins/mols/opt/b3lyp/m06hf/4if4if-4if4if-_TD.log,4if4if-4if4if-,---,[],"td M06HF/6-31g(d,p)",-8.62791348001,1.29036382257,113,2.8913,-1383.2163431,5.1930,5.15
/home/ccollins/mols/opt/b3lyp/m06hf/4fe4fe-4fe_TD.log,4fe4fe-4fe,---,[],"td M06HF/6-31g(d,p)",-8.64015860275,0.816341515755,91,1.8602,-1148.1954902,4.2867,2.76666666667
/home/ccollins/mols/opt/b3lyp/m06hf/12lf12lf12lf12lf-_TD.log,12lf12lf12lf12lf-,---,[],"td M06HF/6-31g(d,p)",-7.14598151508,0.914302497645,117,3.0915,-1674.9197813,3.9020,3.16666666667
/home/ccollins/mols/opt/b3lyp/m06hf/12ll_TD.log,12ll,---,[],"td M06HF/6-31g(d,p)",-8.83363154198,3.35543574359,34,2.6959,-458.9159978,6.6913,0.2
/home/ccollins/mols/opt/b3lyp/m06hf/1111_TD.log,1111,---,[],"td M06HF/6-31g(d,p)",-11.574634238,0.0253065869884,15,3.8006,-227.7203705,1.8771,0.0166666666667
/home/ccollins/mols/opt/b3lyp/m06hf/12ai12ai12ai12ai_TD.log,12ai12ai12ai12ai,---,[],"td M06HF/6-31g(d,p)",-7.10135484555,0.917839977547,85,1.6778,-1073.5235383,3.9098,1.56666666667
/home/ccollins/mols/opt/b3lyp/m06hf/4ai4ai-_TD.log,4ai4ai-,---,[],"td M06HF/6-31g(d,p)",-9.03173041647,1.65962230153,49,0.4637,-541.8055013,5.5731,0.516666666667
/home/ccollins/mols/opt/b3lyp/m06hf/4fi4fi_TD.log,4fi4fi,---,[],"td M06HF/6-31g(d,p)",-8.7294119418,1.77309377222,57,3.2561,-692.1925079,5.3520,0.733333333333
/home/ccollins/mols/opt/b3lyp/m06hf/12aa12aa_TD.log,12aa12aa,---,[],"td M06HF/6-31g(d,p)",-8.16205458835,1.72384116744,35,1.1934,-458.7415614,5.1105,0.15
/home/ccollins/mols/opt/b3lyp/m06hf/12ll12ll-12ll-12ll_TD.log,12ll12ll-12ll-12ll,---,[],"td M06HF/6-31g(d,p)",-7.36993120423,0.99022225861,133,2.8122,-1832.144893,4.0769,3.46666666667
/home/ccollins/mols/opt/b3lyp/m06hf/12li12li-_TD.log,12li12li-,---,[],"td M06HF/6-31g(d,p)",-7.86953221188,1.82914922297,59,1.6164,-766.3154766,4.9888,0.966666666667
/home/ccollins/mols/opt/b3lyp/m06hf/12fa_TD.log,12fa,---,[],"td M06HF/6-31g(d,p)",-9.01241033393,3.19352800963,22,2.1787,-305.1446687,6.6279,0.05
/home/ccollins/mols/opt/b3lyp/m06hf/4ee4ee_TD.log,4ee4ee,---,[],"td M06HF/6-31g(d,p)",-8.96669520905,0.320822215692,65,0.1520,-767.7311377,4.2059,1.41666666667
/home/ccollins/mols/opt/b3lyp/m06hf/1111-1111-_TD.log,1111-1111-,---,[],"td M06HF/6-31g(d,p)",-11.3136770668,-0.626678170261,29,0.3797,-454.2723601,1.7927,0.0666666666667
/home/ccollins/mols/opt/b3lyp/m06hf/12ei12ei-12ei_TD.log,12ei12ei-12ei,---,[],"td M06HF/6-31g(d,p)",-7.65864398697,0.58259572841,82,1.2120,-1033.8480079,4.0000,1.63333333333
/home/ccollins/mols/opt/b3lyp/m06hf/12ai_TD.log,12ai,---,[],"td M06HF/6-31g(d,p)",-9.13050773988,3.38781729038,22,1.0325,-269.2644007,6.8959,0.1
/home/ccollins/mols/opt/b3lyp/m06hf/4ii4ii4ii4ii_TD.log,4ii4ii4ii4ii,---,[],"td M06HF/6-31g(d,p)",-9.15907969293,2.10534476913,113,0.0536,-1239.6525225,5.5712,3.58333333333
/home/ccollins/mols/opt/b3lyp/m06hf/4ff4ff-4ff_TD.log,4ff4ff-4ff,---,[],"td M06HF/6-31g(d,p)",-8.34736411243,0.895798756622,85,0.0007,-1145.3811753,4.6972,1.5
/home/ccollins/mols/opt/b3lyp/m06hf/4ei4ei-_TD.log,4ei4ei-,---,[],"td M06HF/6-31g(d,p)",-9.0001652112,1.1812461733,61,1.4036,-694.0748526,4.2780,0.966666666667
/home/ccollins/mols/opt/b3lyp/m06hf/4ea4ea-4ea-4ea-_TD.log,4ea4ea-4ea-4ea-,---,[],"td M06HF/6-31g(d,p)",-8.71417356684,0.414429376165,105,1.2100,-1229.751848,4.2447,4.76666666667
/home/ccollins/mols/opt/b3lyp/m06hf/12fl12fl-12fl_TD.log,12fl12fl-12fl,---,[],"td M06HF/6-31g(d,p)",-7.14244403518,1.26995528468,88,6.4191,-1256.4984453,4.1152,1.85
/home/ccollins/mols/opt/b3lyp/m06hf/4ea_TD.log,4ea,---,[],"td M06HF/6-31g(d,p)",-9.3267018175,1.38315464153,27,0.6146,-308.3219184,4.3056,0.116666666667
/home/ccollins/mols/opt/b3lyp/m06hf/222-2_TD.log,222-2,---,[],"td M06HF/6-31g(d,p)",-8.15062580713,0.440008076992,29,0.0194,-310.6951548,4.2258,0.116666666667
/home/ccollins/mols/opt/b3lyp/m06hf/12ff12ff-12ff_TD.log,12ff12ff-12ff,---,[],"td M06HF/6-31g(d,p)",-7.41863958134,1.03702583885,76,3.1643,-1138.6560746,4.1468,0.7
/home/ccollins/mols/opt/b3lyp/m06hf/12ll12ll12ll-12ll-_TD.log,12ll12ll12ll-12ll-,---,[],"td M06HF/6-31g(d,p)",-6.5769914786,1.3349904921,133,0.0027,-1832.1031953,3.8085,2.33333333333
/home/ccollins/mols/opt/b3lyp/m06hf/12if12if-12if12if_TD.log,12if12if-12if12if,---,[],"td M06HF/6-31g(d,p)",-7.18108420026,0.904234285618,101,2.6226,-1374.2869072,3.8822,2.36666666667
/home/ccollins/mols/opt/b3lyp/m06hf/12if12if-12if-12if_TD.log,12if12if-12if-12if,---,[],"td M06HF/6-31g(d,p)",-7.0227139462,0.883825747724,101,3.7593,-1374.2853956,3.7811,2.48333333333
/home/ccollins/mols/opt/b3lyp/m06hf/4ia4ia-4ia4ia-_TD.log,4ia4ia-4ia4ia-,---,[],"td M06HF/6-31g(d,p)",-8.60423957605,1.08165250838,97,1.0647,-1082.4330708,5.3166,3.06666666667
/home/ccollins/mols/opt/b3lyp/m06hf/4af4af-4af_TD.log,4af4af-4af,---,[],"td M06HF/6-31g(d,p)",-8.5460072146,1.00219526751,73,2.5189,-919.795163,4.9964,1.25
/home/ccollins/mols/opt/b3lyp/m06hf/12ff12ff12ff-12ff-_TD.log,12ff12ff12ff-12ff-,---,[],"td M06HF/6-31g(d,p)",-7.36802640736,0.372523845023,101,0.0006,-1517.8302787,3.7102,1.33333333333
/home/ccollins/mols/opt/b3lyp/m06hf/4fe4fe-4fe4fe_TD.log,4fe4fe-4fe4fe,---,[],"td M06HF/6-31g(d,p)",-8.51226509861,0.72681606286,121,2.7852,-1530.532679,4.2827,6.93333333333
/home/ccollins/mols/opt/b3lyp/m06hf/4aa4aa-4aa4aa-_TD.log,4aa4aa-4aa4aa-,---,[],"td M06HF/6-31g(d,p)",-8.44641354968,0.668039473726,81,0.0000,-925.2201344,4.9179,1.63333333333
/home/ccollins/mols/opt/b3lyp/m06hf/12fi12fi-_TD.log,12fi12fi-,---,[],"td M06HF/6-31g(d,p)",-7.87089278107,1.71077970318,51,2.1382,-687.7337145,4.8731,0.5
/home/ccollins/mols/opt/b3lyp/m06hf/12lf12lf-12lf-12lf_TD.log,12lf12lf-12lf-12lf,---,[],"td M06HF/6-31g(d,p)",-6.88774548226,0.78640899351,117,6.4512,-1674.9433649,3.6012,1.95
/home/ccollins/mols/opt/b3lyp/m06hf/4ie4ie-4ie4ie_TD.log,4ie4ie-4ie4ie,---,[],"td M06HF/6-31g(d,p)",-8.91444935204,0.95566380111,121,2.7107,-1386.9718829,4.2774,6.16666666667
/home/ccollins/mols/opt/b3lyp/m06hf/12ee12ee-12ee_TD.log,12ee12ee-12ee,---,[],"td M06HF/6-31g(d,p)",-7.99552091914,0.0416334173035,88,0.1737,-1144.3202051,3.8688,2.01666666667
/home/ccollins/mols/opt/b3lyp/m06hf/12af12af12af12af_TD.log,12af12af12af12af,---,[],"td M06HF/6-31g(d,p)",-7.36612161049,0.616882072072,85,1.6525,-1217.0435606,3.8586,1.23333333333
/home/ccollins/mols/opt/b3lyp/m06hf/4ef4ef-4ef4ef-_TD.log,4ef4ef-4ef4ef-,---,[],"td M06HF/6-31g(d,p)",-8.56641575249,0.7461361454,121,1.8590,-1530.5320653,4.2823,6.33333333333
/home/ccollins/mols/opt/b3lyp/m06hf/4ie4ie-4ie-4ie-_TD.log,4ie4ie-4ie-4ie-,---,[],"td M06HF/6-31g(d,p)",-8.91499357972,0.956208028787,121,2.7202,-1386.9718603,4.2776,5.38333333333
/home/ccollins/mols/opt/b3lyp/m06hf/4fe4fe4fe4fe_TD.log,4fe4fe4fe4fe,---,[],"td M06HF/6-31g(d,p)",-8.43933858987,0.601371583273,121,5.2661,-1530.5287291,4.2781,5.16666666667
/home/ccollins/mols/opt/b3lyp/m06hf/12ea_TD.log,12ea,---,[],"td M06HF/6-31g(d,p)",-9.23227831551,2.30779746504,24,0.4215,-306.0936309,4.3076,0.0666666666667
/home/ccollins/mols/opt/b3lyp/m06hf/4ff4ff-4ff-4ff-_TD.log,4ff4ff-4ff-4ff-,---,[],"td M06HF/6-31g(d,p)",-8.57947721674,0.54041808343,113,1.1929,-1526.7875803,4.5823,3.35
/home/ccollins/mols/opt/b3lyp/m06hf/4ea4ea4ea-4ea_TD.log,4ea4ea4ea-4ea,---,[],"td M06HF/6-31g(d,p)",-8.70192844411,0.425858157385,105,1.5571,-1229.752045,4.2484,4.73333333333
/home/ccollins/mols/opt/b3lyp/m06hf/4li4li-4li-4li-_TD.log,4li4li-4li-4li-,---,[],"td M06HF/6-31g(d,p)",-8.37403126861,1.57499489773,129,3.8787,-1540.3771116,5.2115,4.83333333333
/home/ccollins/mols/opt/b3lyp/m06hf/12ii12ii12ii_TD.log,12ii12ii12ii,---,[],"td M06HF/6-31g(d,p)",-7.81157196426,1.77118897535,76,2.2815,-923.35713,4.9406,1.53333333333
/home/ccollins/mols/opt/b3lyp/m06hf/12ia12ia_TD.log,12ia12ia,---,[],"td M06HF/6-31g(d,p)",-8.00776604188,1.85772117602,43,1.6790,-537.3511702,5.1029,0.416666666667
/home/ccollins/mols/opt/b3lyp/m06hf/12fe12fe12fe-12fe_TD.log,12fe12fe12fe-12fe,---,[],"td M06HF/6-31g(d,p)",-7.38516957919,0.0731986225793,109,6.6846,-1521.5978639,3.4827,2.25
/home/ccollins/mols/opt/b3lyp/m06hf/12ae12ae_TD.log,12ae12ae,---,[],"td M06HF/6-31g(d,p)",-8.3196085009,0.965459899299,47,0.7208,-611.0101721,4.2312,0.433333333333
/home/ccollins/mols/opt/b3lyp/m06hf/12le_TD.log,12le,---,[],"td M06HF/6-31g(d,p)",-9.15009993626,2.31242340029,32,1.4873,-420.5732458,4.2732,0.15
/home/ccollins/mols/opt/b3lyp/m06hf/4ae_TD.log,4ae,---,[],"td M06HF/6-31g(d,p)",-9.3267018175,1.38342675537,27,0.6147,-308.3219197,4.3056,0.116666666667
/home/ccollins/mols/opt/b3lyp/m06hf/4ia4ia-4ia-4ia_TD.log,4ia4ia-4ia-4ia,---,[],"td M06HF/6-31g(d,p)",-8.60995396667,1.09335340343,97,1.0606,-1082.4329806,5.3401,3.26666666667
/home/ccollins/mols/opt/b3lyp/m06hf/4ea4ea4ea4ea-_TD.log,4ea4ea4ea4ea-,---,[],"td M06HF/6-31g(d,p)",-8.70628226552,0.422048563645,105,1.5272,-1229.7518867,4.2485,4.71666666667
/home/ccollins/mols/opt/b3lyp/m06hf/4fa4fa-4fa-4fa_TD.log,4fa4fa-4fa-4fa,---,[],"td M06HF/6-31g(d,p)",-8.45185582645,0.736612161049,97,2.7659,-1226.0036677,4.8442,2.53333333333
/home/ccollins/mols/opt/b3lyp/m06hf/4ei4ei4ei_TD.log,4ei4ei4ei,---,[],"td M06HF/6-31g(d,p)",-8.94764724035,1.0261412853,91,1.8697,-1040.52331,4.2783,2.88333333333
/home/ccollins/mols/opt/b3lyp/m06hf/12af12af12af-12af-_TD.log,12af12af12af-12af-,---,[],"td M06HF/6-31g(d,p)",-7.28884128034,0.54994206778,85,4.1377,-1217.0578054,3.7640,1.2
/home/ccollins/mols/opt/b3lyp/m06hf/4ea4ea4ea-4ea-_TD.log,4ea4ea4ea-4ea-,---,[],"td M06HF/6-31g(d,p)",-8.70410535482,0.413068806972,105,1.3631,-1229.7518211,4.2447,4.8
/home/ccollins/mols/opt/b3lyp/m06hf/12li12li-12li12li_TD.log,12li12li-12li12li,---,[],"td M06HF/6-31g(d,p)",-7.10870191919,0.846818265676,117,1.3568,-1531.4583432,3.8267,3.7
/home/ccollins/mols/opt/b3lyp/m06hf/12ee12ee12ee_TD.log,12ee12ee12ee,---,[],"td M06HF/6-31g(d,p)",-7.96177880316,-0.0419055311421,88,0.6088,-1144.3086376,3.8434,1.43333333333
/home/ccollins/mols/opt/b3lyp/m06hf/4ie4ie-_TD.log,4ie4ie-,---,[],"td M06HF/6-31g(d,p)",-9.00043732503,1.18206251481,61,1.4037,-694.074855,4.2782,0.916666666667
/home/ccollins/mols/opt/b3lyp/m06hf/12fi12fi-12fi-12fi-_TD.log,12fi12fi-12fi-12fi-,---,[],"td M06HF/6-31g(d,p)",-7.56939064792,0.909132334712,101,1.7404,-1374.2899893,4.1592,2.2
/home/ccollins/mols/opt/b3lyp/m06hf/12ae12ae12ae12ae-_TD.log,12ae12ae12ae12ae-,---,[],"td M06HF/6-31g(d,p)",-7.63143260311,0.12490025191,93,0.8712,-1220.8427105,3.7413,1.21666666667
/home/ccollins/mols/opt/b3lyp/m06hf/12ii12ii12ii12ii-_TD.log,12ii12ii12ii12ii-,---,[],"td M06HF/6-31g(d,p)",-7.43714332236,1.44383602753,101,1.7232,-1230.7530763,4.4526,2.88333333333
/home/ccollins/mols/opt/b3lyp/m06hf/12li12li12li12li_TD.log,12li12li12li12li,---,[],"td M06HF/6-31g(d,p)",-7.10897403303,0.847362493353,117,1.3552,-1531.458337,3.8272,3.78333333333
/home/ccollins/mols/opt/b3lyp/m06hf/12al12al12al-12al_TD.log,12al12al12al-12al,---,[],"td M06HF/6-31g(d,p)",-6.91577320764,0.90369005794,101,6.6459,-1374.2241052,3.7731,1.9
/home/ccollins/mols/opt/b3lyp/m06hf/4ai4ai4ai_TD.log,4ai4ai4ai,---,[],"td M06HF/6-31g(d,p)",-8.74410608909,1.28519365964,73,0.8531,-812.1192026,5.4471,1.75
/home/ccollins/mols/opt/b3lyp/m06hf/12ie12ie12ie-12ie-_TD.log,12ie12ie12ie-12ie-,---,[],"td M06HF/6-31g(d,p)",-7.59932317016,0.458239704177,109,1.1082,-1378.0693539,3.9226,4.5
/home/ccollins/mols/opt/b3lyp/m06hf/12fl12fl12fl12fl-_TD.log,12fl12fl12fl12fl-,---,[],"td M06HF/6-31g(d,p)",-6.76094043348,0.925731278866,117,5.8715,-1674.9400378,3.6252,1.98333333333
/home/ccollins/mols/opt/b3lyp/m06hf/12aa12aa-_TD.log,12aa12aa-,---,[],"td M06HF/6-31g(d,p)",-8.17402759725,1.72683441966,35,0.0001,-458.7447964,5.1269,0.183333333333
/home/ccollins/mols/opt/b3lyp/m06hf/12ie12ie-12ie12ie_TD.log,12ie12ie-12ie12ie,---,[],"td M06HF/6-31g(d,p)",-7.49700836685,0.370346934314,109,1.3148,-1378.0705514,3.7695,4.35
/home/ccollins/mols/opt/b3lyp/m06hf/4aa4aa4aa4aa_TD.log,4aa4aa4aa4aa,---,[],"td M06HF/6-31g(d,p)",-8.16014979148,0.254698552915,81,0.0001,-925.2062233,4.4108,1.43333333333
/home/ccollins/mols/opt/b3lyp/m06hf/12il12il12il-12il_TD.log,12il12il12il-12il,---,[],"td M06HF/6-31g(d,p)",-7.17890728955,0.903962171779,117,1.5339,-1531.4564659,3.9116,4.13333333333
/home/ccollins/mols/opt/b3lyp/m06hf/12el12el-12el-12el-_TD.log,12el12el-12el-12el-,---,[],"td M06HF/6-31g(d,p)",-7.5078929204,0.543411335654,125,4.4034,-1678.7526685,3.8574,4.9
/home/ccollins/mols/opt/b3lyp/m06hf/12ia12ia12ia-12ia-_TD.log,12ia12ia12ia-12ia-,---,[],"td M06HF/6-31g(d,p)",-7.14053923831,0.92110534361,85,0.2686,-1073.5281391,3.9349,1.83333333333
/home/ccollins/mols/opt/b3lyp/m06hf/2222_TD.log,2222,---,[],"td M06HF/6-31g(d,p)",-8.13266629379,0.592936054277,29,0.0004,-310.7059311,4.6767,0.116666666667
/home/ccollins/mols/opt/b3lyp/m06hf/4ai4ai_TD.log,4ai4ai,---,[],"td M06HF/6-31g(d,p)",-9.03907749011,1.66941839972,49,0.5954,-541.8055271,5.5747,0.483333333333
/home/ccollins/mols/opt/b3lyp/m06hf/12ia12ia12ia12ia-_TD.log,12ia12ia12ia12ia-,---,[],"td M06HF/6-31g(d,p)",-7.13101525396,0.895254528944,85,1.7722,-1073.5278865,3.8921,1.78333333333
/home/ccollins/mols/opt/b3lyp/m06hf/12ia_TD.log,12ia,---,[],"td M06HF/6-31g(d,p)",-9.13050773988,3.38781729038,22,1.0326,-269.2644006,6.8959,0.133333333333
/home/ccollins/mols/opt/b3lyp/m06hf/4ie4ie4ie4ie-_TD.log,4ie4ie4ie4ie-,---,[],"td M06HF/6-31g(d,p)",-8.91472146588,0.926275506543,121,2.7451,-1386.9717628,4.2785,4.83333333333
/home/ccollins/mols/opt/b3lyp/m06hf/12li12li-12li-12li-_TD.log,12li12li-12li-12li-,---,[],"td M06HF/6-31g(d,p)",-7.26135778264,1.0500873031,117,2.1213,-1531.4543288,4.0757,3.53333333333
/home/ccollins/mols/opt/b3lyp/m06hf/4ie4ie-4ie-4ie_TD.log,4ie4ie-4ie-4ie,---,[],"td M06HF/6-31g(d,p)",-8.91472146588,0.940425426149,121,2.7768,-1386.9718369,4.2792,4.31666666667
/home/ccollins/mols/opt/b3lyp/m06hf/12al12al-12al12al_TD.log,12al12al-12al12al,---,[],"td M06HF/6-31g(d,p)",-6.93427694866,0.884097861562,101,6.3596,-1374.2251795,3.7402,2.15
/home/ccollins/mols/opt/b3lyp/m06hf/12fa12fa_TD.log,12fa12fa,---,[],"td M06HF/6-31g(d,p)",-7.85538229227,1.76220921868,43,4.2967,-609.1136965,4.9408,0.316666666667
/home/ccollins/mols/opt/b3lyp/m06hf/4ef4ef4ef-4ef_TD.log,4ef4ef4ef-4ef,---,[],"td M06HF/6-31g(d,p)",-8.50192477275,0.792939725636,121,3.2761,-1530.5327366,4.2824,6.35
/home/ccollins/mols/opt/b3lyp/m06hf/4fe4fe4fe4fe-_TD.log,4fe4fe4fe4fe-,---,[],"td M06HF/6-31g(d,p)",-8.62655291082,0.44028019083,121,2.6954,-1530.5340753,4.2798,5.95
/home/ccollins/mols/opt/b3lyp/m06hf/4ie_TD.log,4ie,---,[],"td M06HF/6-31g(d,p)",-9.09377237167,1.43648895389,31,1.0670,-347.626335,4.3105,0.133333333333
/home/ccollins/mols/opt/b3lyp/m06hf/12ll12ll-12ll_TD.log,12ll12ll-12ll,---,[],"td M06HF/6-31g(d,p)",-7.80368066294,1.45199944269,100,3.0196,-1374.4006549,4.6656,2.06666666667
/home/ccollins/mols/opt/b3lyp/m06hf/12ie12ie-12ie12ie-_TD.log,12ie12ie-12ie12ie-,---,[],"td M06HF/6-31g(d,p)",-7.44149714378,0.319461646499,109,1.3854,-1378.072312,3.6946,3.16666666667
/home/ccollins/mols/opt/b3lyp/m06hf/12if12if12if-12if_TD.log,12if12if12if-12if,---,[],"td M06HF/6-31g(d,p)",-7.24611940768,0.81144346666,101,1.7652,-1374.2872913,3.8802,2.43333333333
/home/ccollins/mols/opt/b3lyp/m06hf/12fi12fi-12fi12fi-_TD.log,12fi12fi-12fi12fi-,---,[],"td M06HF/6-31g(d,p)",-7.07523191705,0.730081428923,101,4.8522,-1374.2936632,3.7179,2.51666666667
/home/ccollins/mols/opt/b3lyp/m06hf/12ai12ai12ai-12ai_TD.log,12ai12ai12ai-12ai,---,[],"td M06HF/6-31g(d,p)",-7.17727460652,0.898247781169,85,1.6252,-1073.5306896,3.9302,1.6
/home/ccollins/mols/opt/b3lyp/m06hf/12ef12ef12ef-12ef_TD.log,12ef12ef12ef-12ef,---,[],"td M06HF/6-31g(d,p)",-7.46898064148,0.0165989441537,109,1.7764,-1521.6029254,3.4564,2.33333333333
/home/ccollins/mols/opt/b3lyp/m06hf/4af4af4af-4af-_TD.log,4af4af4af-4af-,---,[],"td M06HF/6-31g(d,p)",-8.26083191176,0.852804770125,97,2.6910,-1225.9991575,4.8046,2.25
/home/ccollins/mols/opt/b3lyp/m06hf/12ii12ii12ii12ii_TD.log,12ii12ii12ii12ii,---,[],"td M06HF/6-31g(d,p)",-7.66218146687,1.59104961421,101,2.0051,-1230.75027,4.7203,2.9
/home/ccollins/mols/opt/b3lyp/m06hf/4fi4fi-4fi4fi-_TD.log,4fi4fi-4fi4fi-,---,[],"td M06HF/6-31g(d,p)",-8.73594267393,1.16355877379,113,3.0416,-1383.2224765,5.1916,5.2
/home/ccollins/mols/opt/b3lyp/m06hf/4ef4ef-4ef_TD.log,4ef4ef-4ef,---,[],"td M06HF/6-31g(d,p)",-8.63526055365,0.791851270282,91,1.9611,-1148.1955151,4.2866,1.95
/home/ccollins/mols/opt/b3lyp/m06hf/12ff12ff-12ff-12ff-_TD.log,12ff12ff-12ff-12ff-,---,[],"td M06HF/6-31g(d,p)",-7.29836526469,0.431028320319,101,4.9201,-1517.829896,3.6954,1.36666666667
/home/ccollins/mols/opt/b3lyp/m06hf/4ff4ff_TD.log,4ff4ff,---,[],"td M06HF/6-31g(d,p)",-8.40858972611,1.3956718781,57,0.3565,-763.9697109,4.9610,0.516666666667
/home/ccollins/mols/opt/b3lyp/m06hf/12ll12ll12ll12ll-_TD.log,12ll12ll12ll12ll-,---,[],"td M06HF/6-31g(d,p)",-7.41673478447,1.3194800033,133,4.6302,-1832.1384303,4.3231,3.58333333333
/home/ccollins/mols/opt/b3lyp/m06hf/12la_TD.log,12la,---,[],"td M06HF/6-31g(d,p)",-9.0382611486,3.30863216335,26,1.0076,-344.4405276,6.7544,0.116666666667
/home/ccollins/mols/opt/b3lyp/m06hf/12if12if12if_TD.log,12if12if12if,---,[],"td M06HF/6-31g(d,p)",-7.93511164697,1.44900619046,76,1.6317,-1031.0073817,4.7317,1.18333333333
/home/ccollins/mols/opt/b3lyp/m06hf/4ei4ei4ei-4ei-_TD.log,4ei4ei4ei-4ei-,---,[],"td M06HF/6-31g(d,p)",-8.91390512436,0.950221524339,121,2.7312,-1386.9718925,4.2773,5.05
/home/ccollins/mols/opt/b3lyp/m06hf/12ea12ea_TD.log,12ea12ea,---,[],"td M06HF/6-31g(d,p)",-8.3196085009,0.965459899299,47,0.7208,-611.010172,4.2312,0.433333333333
/home/ccollins/mols/opt/b3lyp/m06hf/12ll12ll12ll_TD.log,12ll12ll12ll,---,[],"td M06HF/6-31g(d,p)",-7.12448452183,1.47621757432,100,4.8352,-1374.3673263,4.2814,2.9
/home/ccollins/mols/opt/b3lyp/m06hf/4fl_TD.log,4fl,---,[],"td M06HF/6-31g(d,p)",-8.61430778808,2.22834022417,33,2.7683,-421.8669711,5.3292,0.183333333333
/home/ccollins/mols/opt/b3lyp/m06hf/4ie4ie4ie-4ie_TD.log,4ie4ie4ie-4ie,---,[],"td M06HF/6-31g(d,p)",-8.92424545023,0.985052095677,121,2.9791,-1386.9713921,4.2766,5.03333333333
/home/ccollins/mols/opt/b3lyp/m06hf/4ee4ee4ee4ee_TD.log,4ee4ee4ee4ee,---,[],"td M06HF/6-31g(d,p)",-8.80451536125,0.0416334173035,129,0.3360,-1534.2820724,4.2022,8.35
/home/ccollins/mols/opt/b3lyp/m06hf/12ei12ei12ei-12ei-_TD.log,12ei12ei12ei-12ei-,---,[],"td M06HF/6-31g(d,p)",-7.599595284,0.458239704177,109,1.1084,-1378.0693541,3.9227,4.3
/home/ccollins/mols/opt/b3lyp/m06hf/12ae12ae-12ae-12ae_TD.log,12ae12ae-12ae-12ae,---,[],"td M06HF/6-31g(d,p)",-7.64694309191,0.124356024233,93,0.5196,-1220.8423816,3.7065,1.16666666667
/home/ccollins/mols/opt/b3lyp/m06hf/12fl12fl-12fl12fl-_TD.log,12fl12fl-12fl12fl-,---,[],"td M06HF/6-31g(d,p)",-6.96883540616,0.797837774731,117,7.5535,-1674.9467945,3.6935,3.56666666667
/home/ccollins/mols/opt/b3lyp/m06hf/12ie12ie12ie_TD.log,12ie12ie12ie,---,[],"td M06HF/6-31g(d,p)",-8.0156573432,0.847090379515,82,1.3889,-1033.8456743,4.2344,1.71666666667
/home/ccollins/mols/opt/b3lyp/m06hf/1111-1111_TD.log,1111-1111,---,[],"td M06HF/6-31g(d,p)",-11.3204799128,-1.16546357066,29,3.3864,-454.2668166,1.3739,0.0666666666667
/home/ccollins/mols/opt/b3lyp/m06hf/12il12il12il-12il-_TD.log,12il12il12il-12il-,---,[],"td M06HF/6-31g(d,p)",-7.18598224935,0.913214042291,117,1.3227,-1531.4570492,3.9221,4.08333333333
/home/ccollins/mols/opt/b3lyp/m06hf/12al12al12al12al_TD.log,12al12al12al12al,---,[],"td M06HF/6-31g(d,p)",-6.73209636659,0.926003392704,101,6.3530,-1374.2264237,3.6848,1.95
/home/ccollins/mols/opt/b3lyp/m06hf/4fi4fi4fi-4fi-_TD.log,4fi4fi4fi-4fi-,---,[],"td M06HF/6-31g(d,p)",-8.7879164171,0.988861689418,113,2.6936,-1383.2187093,5.1413,4.88333333333
/home/ccollins/mols/opt/b3lyp/m06hf/4fi4fi4fi-4fi_TD.log,4fi4fi4fi-4fi,---,[],"td M06HF/6-31g(d,p)",-8.65621331922,1.22151902141,113,4.2473,-1383.2149792,5.1790,4.86666666667
/home/ccollins/mols/opt/b3lyp/m06hf/12af_TD.log,12af,---,[],"td M06HF/6-31g(d,p)",-9.10329635602,3.23679410997,22,0.8528,-305.1451075,6.4654,0.05
/home/ccollins/mols/opt/b3lyp/m06hf/12af12af12af12af-_TD.log,12af12af12af12af-,---,[],"td M06HF/6-31g(d,p)",-7.3887070591,0.52300279776,85,1.7427,-1217.0535932,3.8086,1.28333333333
/home/ccollins/mols/opt/b3lyp/m06hf/4le4le-_TD.log,4le4le-,---,[],"td M06HF/6-31g(d,p)",-8.57947721674,1.40193049639,69,2.0476,-844.4393257,4.2901,1.3
/home/ccollins/mols/opt/b3lyp/m06hf/4af4af-4af-4af_TD.log,4af4af-4af-4af,---,[],"td M06HF/6-31g(d,p)",-8.45185582645,0.736067933372,97,2.7672,-1226.0036639,4.8442,2.75
/home/ccollins/mols/opt/b3lyp/m06hf/12al12al_TD.log,12al12al,---,[],"td M06HF/6-31g(d,p)",-7.6757871588,1.79894458688,51,4.3246,-687.7007315,4.8415,0.433333333333
/home/ccollins/mols/opt/b3lyp/m06hf/12ee12ee-_TD.log,12ee12ee-,---,[],"td M06HF/6-31g(d,p)",-8.35661598294,0.428035068094,59,0.0001,-763.2728637,4.1330,1.05
/home/ccollins/mols/opt/b3lyp/m06hf/12fe12fe12fe-12fe-_TD.log,12fe12fe12fe-12fe-,---,[],"td M06HF/6-31g(d,p)",-7.52068227081,-0.065579435099,109,3.3232,-1521.6015745,3.4827,2.0
/home/ccollins/mols/opt/b3lyp/m06hf/4ia4ia4ia-4ia_TD.log,4ia4ia4ia-4ia,---,[],"td M06HF/6-31g(d,p)",-8.6066886006,1.08627844363,97,1.0627,-1082.4330323,5.3200,3.23333333333
/home/ccollins/mols/opt/b3lyp/m06hf/12ae12ae-_TD.log,12ae12ae-,---,[],"td M06HF/6-31g(d,p)",-8.30518646745,0.981242501937,47,0.4193,-611.0097876,4.2146,0.466666666667
/home/ccollins/mols/opt/b3lyp/m06hf/12ie12ie12ie-12ie_TD.log,12ie12ie12ie-12ie,---,[],"td M06HF/6-31g(d,p)",-7.50898137575,0.372251731184,109,1.7221,-1378.0714049,3.7909,3.08333333333
/home/ccollins/mols/opt/b3lyp/m06hf/4ei4ei4ei4ei-_TD.log,4ei4ei4ei4ei-,---,[],"td M06HF/6-31g(d,p)",-8.94383764661,0.977705022036,121,2.4679,-1386.9692953,4.2666,5.0
/home/ccollins/mols/opt/b3lyp/m06hf/12ef12ef-12ef-12ef-_TD.log,12ef12ef-12ef-12ef-,---,[],"td M06HF/6-31g(d,p)",-7.42870779337,-0.00435382141736,109,5.2997,-1521.5969571,3.4884,2.03333333333
/home/ccollins/mols/opt/b3lyp/m06hf/12fi12fi-12fi12fi_TD.log,12fi12fi-12fi12fi,---,[],"td M06HF/6-31g(d,p)",-6.94216824998,0.990494372449,101,7.5372,-1374.2852619,3.8419,2.61666666667
/home/ccollins/mols/opt/b3lyp/m06hf/12fa12fa-12fa-12fa-_TD.log,12fa12fa-12fa-12fa-,---,[],"td M06HF/6-31g(d,p)",-7.3887070591,0.52300279776,85,1.7427,-1217.0535931,3.8086,1.43333333333
/home/ccollins/mols/opt/b3lyp/m06hf/12ll12ll-12ll-12ll-_TD.log,12ll12ll-12ll-12ll-,---,[],"td M06HF/6-31g(d,p)",-7.4042175479,1.3336299229,133,4.1771,-1832.1385584,4.3196,3.61666666667
/home/ccollins/mols/opt/b3lyp/m06hf/4ef4ef4ef-4ef-_TD.log,4ef4ef4ef-4ef-,---,[],"td M06HF/6-31g(d,p)",-8.44314818361,0.81144346666,121,3.0825,-1530.5313977,4.2620,6.46666666667
/home/ccollins/mols/opt/b3lyp/m06hf/4fa4fa-_TD.log,4fa4fa-,---,[],"td M06HF/6-31g(d,p)",-8.96234138763,1.30968390511,49,1.4829,-613.5913519,5.3091,0.383333333333
/home/ccollins/mols/opt/b3lyp/m06hf/4fe4fe-_TD.log,4fe4fe-,---,[],"td M06HF/6-31g(d,p)",-8.76124926092,0.954303231917,61,1.0874,-765.8593918,4.2824,0.916666666667
/home/ccollins/mols/opt/b3lyp/m06hf/12aa12aa-12aa12aa_TD.log,12aa12aa-12aa12aa,---,[],"td M06HF/6-31g(d,p)",-7.41102039386,0.759741837329,69,1.1566,-916.3113314,3.9940,0.85
/home/ccollins/mols/opt/b3lyp/m06hf/12el12el12el-12el-_TD.log,12el12el12el-12el-,---,[],"td M06HF/6-31g(d,p)",-7.13319216466,0.442729215378,125,4.5454,-1678.7353979,3.5794,3.73333333333
/home/ccollins/mols/opt/b3lyp/m06hf/4ei_TD.log,4ei,---,[],"td M06HF/6-31g(d,p)",-9.09377237167,1.43648895389,31,1.0669,-347.6263352,4.3105,0.15
/home/ccollins/mols/opt/b3lyp/m06hf/4af_TD.log,4af,---,[],"td M06HF/6-31g(d,p)",-9.19445449195,2.31079071726,25,1.4439,-307.3823366,5.6452,0.1
/home/ccollins/mols/opt/b3lyp/m06hf/4if_TD.log,4if,---,[],"td M06HF/6-31g(d,p)",-8.93376943458,2.3301107998,29,1.5348,-346.6859214,5.5278,0.183333333333
/home/ccollins/mols/opt/b3lyp/m06hf/2_TD.log,2,---,[],"td M06HF/6-31g(d,p)",-10.7201967849,3.40740948676,8,0.0004,-78.5568525,8.3059,0.0
/home/ccollins/mols/opt/b3lyp/m06hf/4ll_TD.log,4ll,---,[],"td M06HF/6-31g(d,p)",-8.49267290224,2.2835793334,37,0.0010,-461.1596451,5.3177,0.2
/home/ccollins/mols/opt/b3lyp/m06hf/12ii12ii-12ii12ii_TD.log,12ii12ii-12ii12ii,---,[],"td M06HF/6-31g(d,p)",-7.24258192778,1.2503630883,101,1.6278,-1230.7557343,4.1864,3.16666666667
/home/ccollins/mols/opt/b3lyp/m06hf/4ei4ei_TD.log,4ei4ei,---,[],"td M06HF/6-31g(d,p)",-8.99934886968,1.17362698582,61,1.4162,-694.0748545,4.2781,0.95
/home/ccollins/mols/opt/b3lyp/m06hf/12ef12ef-12ef12ef_TD.log,12ef12ef-12ef12ef,---,[],"td M06HF/6-31g(d,p)",-7.42625876882,0.0813620377369,109,3.4248,-1521.6029399,3.4858,2.33333333333
/home/ccollins/mols/opt/b3lyp/m06hf/4af4af4af4af_TD.log,4af4af4af4af,---,[],"td M06HF/6-31g(d,p)",-7.99225555308,0.270753269392,97,7.6394,-1225.9799362,4.3310,2.43333333333
/home/ccollins/mols/opt/b3lyp/m06hf/12af12af-12af12af_TD.log,12af12af-12af12af,---,[],"td M06HF/6-31g(d,p)",-7.26135778264,0.6269502841,85,3.4470,-1217.0547354,3.7895,1.25
/home/ccollins/mols/opt/b3lyp/m06hf/4fi4fi-4fi4fi_TD.log,4fi4fi-4fi4fi,---,[],"td M06HF/6-31g(d,p)",-8.52587079054,1.35948073757,113,4.5621,-1383.2150484,5.1791,4.88333333333
/home/ccollins/mols/opt/b3lyp/m06hf/4af4af-4af4af-_TD.log,4af4af-4af4af-,---,[],"td M06HF/6-31g(d,p)",-8.42137907653,0.750489966817,97,3.0003,-1225.9989573,4.8321,2.78333333333
/home/ccollins/mols/opt/b3lyp/m06hf/12ff_TD.log,12ff,---,[],"td M06HF/6-31g(d,p)",-9.05431586507,3.26182858312,26,2.7230,-380.3314934,6.3168,0.1
/home/ccollins/mols/opt/b3lyp/m06hf/12ff12ff12ff12ff_TD.log,12ff12ff12ff12ff,---,[],"td M06HF/6-31g(d,p)",-7.07604825856,0.685182645557,101,7.4420,-1517.8274121,3.7391,1.58333333333
/home/ccollins/mols/opt/b3lyp/m06hf/4aa4aa-4aa-4aa_TD.log,4aa4aa-4aa-4aa,---,[],"td M06HF/6-31g(d,p)",-8.16014979148,0.254426439077,81,0.0000,-925.2062231,4.4107,1.3
/home/ccollins/mols/opt/b3lyp/m06hf/12ii_TD.log,12ii,---,[],"td M06HF/6-31g(d,p)",-8.97676342108,3.49775128117,26,1.2763,-308.569753,6.8978,0.133333333333
/home/ccollins/mols/opt/b3lyp/m06hf/12al12al12al_TD.log,12al12al12al,---,[],"td M06HF/6-31g(d,p)",-7.08448378756,1.22233536292,76,5.8112,-1030.9636134,4.1021,0.833333333333
/home/ccollins/mols/opt/b3lyp/m06hf/12ia12ia12ia12ia_TD.log,12ia12ia12ia12ia,---,[],"td M06HF/6-31g(d,p)",-7.10135484555,0.917839977547,85,1.6778,-1073.5235382,3.9098,1.68333333333
/home/ccollins/mols/opt/b3lyp/m06hf/12ll12ll-12ll12ll_TD.log,12ll12ll-12ll12ll,---,[],"td M06HF/6-31g(d,p)",-7.68313423244,1.22451227363,133,3.3246,-1832.141075,4.4321,2.95
/home/ccollins/mols/opt/b3lyp/m06hf/12ff12ff_TD.log,12ff12ff,---,[],"td M06HF/6-31g(d,p)",-7.90436278321,1.70697010944,51,5.2451,-759.4964879,4.9114,0.4
/home/ccollins/mols/opt/b3lyp/m06hf/12ei12ei-12ei-12ei_TD.log,12ei12ei-12ei-12ei,---,[],"td M06HF/6-31g(d,p)",-7.54462828861,0.43075620648,109,1.2130,-1378.0705489,3.8313,4.45
/home/ccollins/mols/opt/b3lyp/m06hf/12ia12ia12ia_TD.log,12ia12ia12ia,---,[],"td M06HF/6-31g(d,p)",-7.42544242731,1.22968243657,64,1.8975,-805.4373628,4.3260,0.783333333333
/home/ccollins/mols/opt/b3lyp/m06hf/12ai12ai-12ai-12ai-_TD.log,12ai12ai-12ai-12ai-,---,[],"td M06HF/6-31g(d,p)",-7.13128736779,0.895254528944,85,1.7722,-1073.5278868,3.8921,1.78333333333
/home/ccollins/mols/opt/b3lyp/m06hf/4fe_TD.log,4fe,---,[],"td M06HF/6-31g(d,p)",-8.87390439009,1.62370327484,31,1.5234,-383.5169711,4.3267,0.133333333333
/home/ccollins/mols/opt/b3lyp/m06hf/22-22-_TD.log,22-22-,---,[],"td M06HF/6-31g(d,p)",-8.15307483168,0.375789211086,29,0.0051,-310.6893987,4.0919,0.116666666667
/home/ccollins/mols/opt/b3lyp/m06hf/12fi12fi12fi-12fi_TD.log,12fi12fi12fi-12fi,---,[],"td M06HF/6-31g(d,p)",-6.99305353779,0.928452417252,101,7.2525,-1374.2859568,3.8012,2.28333333333
/home/ccollins/mols/opt/b3lyp/m06hf/4ia4ia-4ia4ia_TD.log,4ia4ia-4ia4ia,---,[],"td M06HF/6-31g(d,p)",-8.60206266535,1.08083616686,97,1.1385,-1082.4329947,5.3276,3.08333333333
/home/ccollins/mols/opt/b3lyp/m06hf/12ee_TD.log,12ee,---,[],"td M06HF/6-31g(d,p)",-9.3386748264,2.12384851016,30,0.0340,-382.2259933,4.2441,0.15
/home/ccollins/mols/opt/b3lyp/m06hf/4fa_TD.log,4fa,---,[],"td M06HF/6-31g(d,p)",-9.19418237811,2.3110628311,25,1.4440,-307.382337,5.6452,0.1
/home/ccollins/mols/opt/b3lyp/m06hf/12ii12ii-12ii12ii-_TD.log,12ii12ii-12ii12ii-,---,[],"td M06HF/6-31g(d,p)",-7.1348248477,1.15457901712,101,0.6531,-1230.7580465,4.0578,2.38333333333
/home/ccollins/mols/opt/b3lyp/m06hf/12li12li-12li12li-_TD.log,12li12li-12li12li-,---,[],"td M06HF/6-31g(d,p)",-7.14734208427,0.905866968649,117,2.0091,-1531.4579891,3.8895,3.83333333333
/home/ccollins/mols/opt/b3lyp/m06hf/12fl12fl-_TD.log,12fl12fl-,---,[],"td M06HF/6-31g(d,p)",-7.7568770827,1.73146035492,59,3.8445,-838.0668238,4.8218,0.583333333333
/home/ccollins/mols/opt/b3lyp/m06hf/4lf4lf-_TD.log,4lf4lf-,---,[],"td M06HF/6-31g(d,p)",-8.32505077767,1.80520320517,65,2.6284,-842.5530554,5.1208,0.783333333333
/home/ccollins/mols/opt/b3lyp/m06hf/12fl12fl12fl-12fl-_TD.log,12fl12fl12fl-12fl-,---,[],"td M06HF/6-31g(d,p)",-6.94679418523,0.880560381661,117,6.1776,-1674.930981,3.7522,3.18333333333
/home/ccollins/mols/opt/b3lyp/m06hf/12fe12fe12fe_TD.log,12fe12fe12fe,---,[],"td M06HF/6-31g(d,p)",-7.56231568811,0.465858891657,82,5.4220,-1141.4876281,3.9180,1.16666666667
/home/ccollins/mols/opt/b3lyp/m06hf/12fa12fa-12fa-12fa_TD.log,12fa12fa-12fa-12fa,---,[],"td M06HF/6-31g(d,p)",-7.22815989433,0.672121181305,85,4.8762,-1217.0551276,3.7806,1.43333333333
/home/ccollins/mols/opt/b3lyp/m06hf/12ee12ee_TD.log,12ee12ee,---,[],"td M06HF/6-31g(d,p)",-8.37484761013,0.404905391814,59,0.4701,-763.2674378,3.9568,0.666666666667
/home/ccollins/mols/opt/b3lyp/m06hf/12ei12ei12ei12ei-_TD.log,12ei12ei12ei12ei-,---,[],"td M06HF/6-31g(d,p)",-7.66109301152,0.527900846855,109,0.8454,-1378.0684091,3.9845,4.63333333333
/home/ccollins/mols/opt/b3lyp/m06hf/1111-11-11_TD.log,1111-11-11,---,[],"td M06HF/6-31g(d,p)",-11.3136770668,-0.627494511777,29,0.3787,-454.2723613,1.7921,0.0666666666667
/home/ccollins/mols/opt/b3lyp/m06hf/12ef12ef-12ef_TD.log,12ef12ef-12ef,---,[],"td M06HF/6-31g(d,p)",-7.68721594002,0.35565278703,82,2.1342,-1141.4949631,3.7894,1.06666666667
/home/ccollins/mols/opt/b3lyp/m06hf/4ee4ee4ee_TD.log,4ee4ee4ee,---,[],"td M06HF/6-31g(d,p)",-8.87036691019,0.145036675966,97,0.2825,-1151.0064648,4.2021,3.15
/home/ccollins/mols/opt/b3lyp/m06hf/11111111-_TD.log,11111111-,---,[],"td M06HF/6-31g(d,p)",-11.4029304059,-1.19702877594,29,3.8374,-454.2647885,1.4370,0.0833333333333
/home/ccollins/mols/opt/b3lyp/m06hf/4fi4fi4fi_TD.log,4fi4fi4fi,---,[],"td M06HF/6-31g(d,p)",-8.53212940883,1.38995748749,85,5.1576,-1037.6992158,5.1714,1.75
/home/ccollins/mols/opt/b3lyp/m06hf/12lf12lf12lf_TD.log,12lf12lf12lf,---,[],"td M06HF/6-31g(d,p)",-7.37265234262,1.12192535649,88,5.5456,-1256.5375933,4.1635,1.5
/home/ccollins/mols/opt/b3lyp/m06hf/4af4af-4af-4af-_TD.log,4af4af-4af-4af-,---,[],"td M06HF/6-31g(d,p)",-8.40668492924,0.777157122999,97,4.0273,-1226.0032723,4.8438,2.83333333333
/home/ccollins/mols/opt/b3lyp/m06hf/4ai4ai4ai-4ai-_TD.log,4ai4ai4ai-4ai-,---,[],"td M06HF/6-31g(d,p)",-8.61131453586,1.09716299717,97,1.0012,-1082.4329417,5.3434,3.13333333333
/home/ccollins/mols/opt/b3lyp/m06hf/12ae12ae-12ae-12ae-_TD.log,12ae12ae-12ae-12ae-,---,[],"td M06HF/6-31g(d,p)",-7.62462975715,0.154560660316,93,0.4558,-1220.8426326,3.7239,1.23333333333
/home/ccollins/mols/opt/b3lyp/m06hf/4fa4fa-4fa4fa_TD.log,4fa4fa-4fa4fa,---,[],"td M06HF/6-31g(d,p)",-8.30845183351,0.809266555952,97,4.0943,-1225.9998653,4.8060,2.3
/home/ccollins/mols/opt/b3lyp/m06hf/4li4li-_TD.log,4li4li-,---,[],"td M06HF/6-31g(d,p)",-8.61485201576,1.97037630519,65,1.0800,-770.7792154,5.4131,0.816666666667
/home/ccollins/mols/opt/b3lyp/m06hf/4ea4ea_TD.log,4ea4ea,---,[],"td M06HF/6-31g(d,p)",-9.07418017529,0.917567863708,53,0.8930,-615.4652145,4.2478,0.766666666667
/home/ccollins/mols/opt/b3lyp/m06hf/12ai12ai12ai12ai-_TD.log,12ai12ai12ai12ai-,---,[],"td M06HF/6-31g(d,p)",-7.14489305972,0.905050627133,85,1.3854,-1073.5273515,3.9180,1.46666666667
/home/ccollins/mols/opt/b3lyp/m06hf/4la_TD.log,4la,---,[],"td M06HF/6-31g(d,p)",-9.05894180033,2.38915950278,29,1.3907,-346.6748772,5.6476,0.183333333333
/home/ccollins/mols/opt/b3lyp/m06hf/12ie_TD.log,12ie,---,[],"td M06HF/6-31g(d,p)",-9.1228885524,2.34861454083,28,0.7700,-345.3999696,4.3003,0.116666666667
/home/ccollins/mols/opt/b3lyp/m06hf/4ae4ae_TD.log,4ae4ae,---,[],"td M06HF/6-31g(d,p)",-9.07390806145,0.917567863708,53,0.8932,-615.465215,4.2474,0.75
/home/ccollins/mols/opt/b3lyp/m06hf/12ea12ea-_TD.log,12ea12ea-,---,[],"td M06HF/6-31g(d,p)",-8.30518646745,0.980970388099,47,0.4197,-611.0097853,4.2146,0.5
/home/ccollins/mols/opt/b3lyp/m06hf/12la12la12la-12la_TD.log,12la12la12la-12la,---,[],"td M06HF/6-31g(d,p)",-7.06706850189,0.851444200932,101,2.1703,-1374.2158034,3.7938,2.01666666667
/home/ccollins/mols/opt/b3lyp/m06hf/4ie4ie_TD.log,4ie4ie,---,[],"td M06HF/6-31g(d,p)",-8.99934886968,1.17362698582,61,1.4161,-694.0748539,4.2780,0.916666666667
/home/ccollins/mols/opt/b3lyp/m06hf/4af4af4af-4af_TD.log,4af4af4af-4af,---,[],"td M06HF/6-31g(d,p)",-8.30817971967,0.80953866979,97,4.0939,-1225.9998705,4.8061,2.46666666667
/home/ccollins/mols/opt/b3lyp/m06hf/111111-11-_TD.log,111111-11-,---,[],"td M06HF/6-31g(d,p)",-11.3128607253,-1.50805489344,29,0.0307,-454.2669769,1.0953,0.0666666666667
/home/ccollins/mols/opt/b3lyp/m06hf/12li_TD.log,12li,---,[],"td M06HF/6-31g(d,p)",-8.92070797033,3.45394095316,30,1.0155,-383.7463589,6.8079,0.183333333333
/home/ccollins/mols/opt/b3lyp/m06hf/12lf_TD.log,12lf,---,[],"td M06HF/6-31g(d,p)",-9.02601602586,3.36196647572,30,0.8495,-419.6218177,6.3683,0.133333333333
/home/ccollins/mols/opt/b3lyp/m06hf/4ae4ae-4ae4ae_TD.log,4ae4ae-4ae4ae,---,[],"td M06HF/6-31g(d,p)",-8.70138421643,0.414973603842,105,1.4287,-1229.7520924,4.2483,3.53333333333
/home/ccollins/mols/opt/b3lyp/m06hf/4ai4ai-4ai4ai-_TD.log,4ai4ai-4ai4ai-,---,[],"td M06HF/6-31g(d,p)",-8.60396746222,1.08138039454,97,1.0648,-1082.4330708,5.3163,2.9
/home/ccollins/mols/opt/b3lyp/m06hf/12ef12ef12ef-12ef-_TD.log,12ef12ef12ef-12ef-,---,[],"td M06HF/6-31g(d,p)",-7.52095438465,-0.0653073212604,109,3.3234,-1521.6015788,3.4829,2.1
/home/ccollins/mols/opt/b3lyp/m06hf/12if12if-_TD.log,12if12if-,---,[],"td M06HF/6-31g(d,p)",-7.87089278107,1.71077970318,51,2.1382,-687.7337146,4.8731,0.516666666667
/home/ccollins/mols/opt/b3lyp/m06hf/12fl12fl-12fl-12fl-_TD.log,12fl12fl-12fl-12fl-,---,[],"td M06HF/6-31g(d,p)",-7.23060891888,0.556472799906,117,2.2905,-1674.9953556,3.7015,2.3
/home/ccollins/mols/opt/b3lyp/m06hf/12la12la-_TD.log,12la12la-,---,[],"td M06HF/6-31g(d,p)",-7.75306748896,1.84683662248,51,2.1230,-687.7018062,4.9183,0.416666666667
/home/ccollins/mols/opt/b3lyp/m06hf/4if4if-4if_TD.log,4if4if-4if,---,[],"td M06HF/6-31g(d,p)",-8.66383250671,1.46642147613,85,2.7118,-1037.7084073,5.2314,1.71666666667
/home/ccollins/mols/opt/b3lyp/m06hf/12le12le12le12le_TD.log,12le12le12le12le,---,[],"td M06HF/6-31g(d,p)",-7.4839469026,0.363816202188,125,0.5704,-1678.7141334,3.7520,3.26666666667
/home/ccollins/mols/opt/b3lyp/m06hf/4ii_TD.log,4ii,---,[],"td M06HF/6-31g(d,p)",-9.21785628206,2.48412723244,29,0.0824,-310.7957635,5.6786,0.15
/home/ccollins/mols/opt/b3lyp/m06hf/12fi12fi-12fi-12fi_TD.log,12fi12fi-12fi-12fi,---,[],"td M06HF/6-31g(d,p)",-7.19305720915,0.976072339004,101,4.8961,-1374.2859756,3.9548,1.95
/home/ccollins/mols/opt/b3lyp/m06hf/12ii12ii-12ii_TD.log,12ii12ii-12ii,---,[],"td M06HF/6-31g(d,p)",-7.36367258595,1.45172732885,76,1.2197,-923.3613757,4.3937,1.3
/home/ccollins/mols/opt/b3lyp/m06hf/12if_TD.log,12if,---,[],"td M06HF/6-31g(d,p)",-8.97485862421,3.38591249351,26,0.7367,-344.4509368,6.4138,0.1
/home/ccollins/mols/opt/b3lyp/m06hf/12fa12fa-12fa12fa-_TD.log,12fa12fa-12fa12fa-,---,[],"td M06HF/6-31g(d,p)",-7.28122209286,0.546404587879,85,4.7906,-1217.0648298,3.7478,1.16666666667
/home/ccollins/mols/opt/b3lyp/m06hf/12ii12ii_TD.log,12ii12ii,---,[],"td M06HF/6-31g(d,p)",-8.20232743646,2.27378323522,51,1.9203,-615.9635907,5.5053,0.633333333333
/home/ccollins/mols/opt/b3lyp/m06hf/12el12el12el12el_TD.log,12el12el12el12el,---,[],"td M06HF/6-31g(d,p)",-7.01291784801,0.380143032503,125,4.6750,-1678.738496,3.4621,2.98333333333
/home/ccollins/mols/opt/b3lyp/m06hf/4aa4aa4aa_TD.log,4aa4aa4aa,---,[],"td M06HF/6-31g(d,p)",-8.38001777306,0.556472799906,61,0.0002,-694.1998759,4.7370,0.633333333333
/home/ccollins/mols/opt/b3lyp/m06hf/12li12li_TD.log,12li12li,---,[],"td M06HF/6-31g(d,p)",-8.03878701948,2.12139948561,59,1.7258,-766.3151263,5.2343,0.816666666667
/home/ccollins/mols/opt/b3lyp/m06hf/4ei4ei-4ei_TD.log,4ei4ei-4ei,---,[],"td M06HF/6-31g(d,p)",-8.95417797248,1.06478145038,91,2.2886,-1040.5231612,4.2770,2.98333333333
/home/ccollins/mols/opt/b3lyp/m06hf/12ii12ii12ii-12ii_TD.log,12ii12ii12ii-12ii,---,[],"td M06HF/6-31g(d,p)",-7.24230981394,1.25009097446,101,1.6277,-1230.755735,4.1863,3.13333333333
/home/ccollins/mols/opt/b3lyp/m06hf/12fi12fi-12fi_TD.log,12fi12fi-12fi,---,[],"td M06HF/6-31g(d,p)",-7.24040501707,1.23458048566,76,5.3999,-1031.0095678,4.1611,0.966666666667
/home/ccollins/mols/opt/b3lyp/m06hf/12ea12ea12ea12ea_TD.log,12ea12ea12ea12ea,---,[],"td M06HF/6-31g(d,p)",-7.61701056967,0.149390497383,93,0.6102,-1220.8427075,3.7557,1.03333333333
/home/ccollins/mols/opt/b3lyp/m06hf/12fl_TD.log,12fl,---,[],"td M06HF/6-31g(d,p)",-8.8915917896,3.23869890684,30,2.5691,-419.6161255,6.6513,0.133333333333
/home/ccollins/mols/opt/b3lyp/m06hf/12af12af-12af-12af_TD.log,12af12af-12af-12af,---,[],"td M06HF/6-31g(d,p)",-7.16121989004,0.639739634513,85,4.0127,-1217.0593104,3.7313,1.05
/home/ccollins/mols/opt/b3lyp/m06hf/4aa4aa-4aa4aa_TD.log,4aa4aa-4aa4aa,---,[],"td M06HF/6-31g(d,p)",-8.16014979148,0.254426439077,81,0.0001,-925.2062239,4.4107,1.31666666667
/home/ccollins/mols/opt/b3lyp/m06hf/12lf12lf12lf-12lf_TD.log,12lf12lf12lf-12lf,---,[],"td M06HF/6-31g(d,p)",-7.15224013337,0.683822076364,117,4.5455,-1674.9877625,3.7258,2.85
/home/ccollins/mols/opt/b3lyp/m06hf/12fa12fa12fa-12fa_TD.log,12fa12fa12fa-12fa,---,[],"td M06HF/6-31g(d,p)",-7.12611720486,0.708040207998,85,6.8623,-1217.0598346,3.7478,1.43333333333
/home/ccollins/mols/opt/b3lyp/m06hf/12ii12ii-12ii-12ii_TD.log,12ii12ii-12ii-12ii,---,[],"td M06HF/6-31g(d,p)",-7.28067786518,1.28083983822,101,0.4769,-1230.7555271,4.2429,3.06666666667
/home/ccollins/mols/opt/b3lyp/m06hf/12fe_TD.log,12fe,---,[],"td M06HF/6-31g(d,p)",-9.23554368157,2.03350671575,28,1.7294,-381.281862,4.2819,0.1
/home/ccollins/mols/opt/b3lyp/m06hf/12le12le12le12le-_TD.log,12le12le12le12le-,---,[],"td M06HF/6-31g(d,p)",-7.5078929204,0.543683449493,125,4.4029,-1678.7526684,3.8576,5.25
/home/ccollins/mols/opt/b3lyp/m06hf/12ll12ll_TD.log,12ll12ll,---,[],"td M06HF/6-31g(d,p)",-7.6580997593,1.9809887449,67,4.5446,-916.6417248,4.9511,0.733333333333
/home/ccollins/mols/opt/b3lyp/m06hf/4lf_TD.log,4lf,---,[],"td M06HF/6-31g(d,p)",-8.61376356041,2.22861233801,33,2.7684,-421.8669695,5.3286,0.166666666667
/home/ccollins/mols/opt/b3lyp/m06hf/4ai4ai-4ai-4ai_TD.log,4ai4ai-4ai-4ai,---,[],"td M06HF/6-31g(d,p)",-8.6102260805,1.09362551727,97,1.0598,-1082.4329814,5.3404,3.06666666667
/home/ccollins/mols/opt/b3lyp/m06hf/4if4if-4if4if_TD.log,4if4if-4if4if,---,[],"td M06HF/6-31g(d,p)",-8.65621331922,1.22151902141,113,4.2475,-1383.2149799,5.1790,5.0
/home/ccollins/mols/opt/b3lyp/m06hf/12fl12fl_TD.log,12fl12fl,---,[],"td M06HF/6-31g(d,p)",-7.58027520146,1.9034363009,59,4.5876,-838.0515112,4.8344,0.483333333333
/home/ccollins/mols/opt/b3lyp/m06hf/12ii12ii12ii-12ii-_TD.log,12ii12ii12ii-12ii-,---,[],"td M06HF/6-31g(d,p)",-7.34054290967,1.33335780907,101,1.2263,-1230.7540696,4.3220,2.83333333333
/home/ccollins/mols/opt/b3lyp/m06hf/4if4if4if-4if_TD.log,4if4if4if-4if,---,[],"td M06HF/6-31g(d,p)",-8.52478233519,1.35703171302,113,4.5645,-1383.2150683,5.1778,4.61666666667
/home/ccollins/mols/opt/b3lyp/m06hf/4ea4ea4ea_TD.log,4ea4ea4ea,---,[],"td M06HF/6-31g(d,p)",-8.84261129866,0.595112964985,79,1.1435,-922.608491,4.2449,1.98333333333
/home/ccollins/mols/opt/b3lyp/m06hf/4ef4ef4ef4ef_TD.log,4ef4ef4ef4ef,---,[],"td M06HF/6-31g(d,p)",-8.43933858987,0.601371583273,121,5.2666,-1530.5287269,4.2781,4.68333333333
/home/ccollins/mols/opt/b3lyp/m06hf/12if12if12if-12if-_TD.log,12if12if12if-12if-,---,[],"td M06HF/6-31g(d,p)",-7.29700469549,0.813620377369,101,4.0963,-1374.2883685,3.9266,2.25
/home/ccollins/mols/opt/b3lyp/m06hf/12ai12ai-12ai12ai_TD.log,12ai12ai-12ai12ai,---,[],"td M06HF/6-31g(d,p)",-7.17183232974,0.908315993196,85,1.7764,-1073.5311412,3.9309,1.38333333333
/home/ccollins/mols/opt/b3lyp/m06hf/4ef4ef-4ef-4ef-_TD.log,4ef4ef-4ef-4ef-,---,[],"td M06HF/6-31g(d,p)",-8.48069989334,0.589126460536,121,5.1624,-1530.5362099,4.2646,6.61666666667
/home/ccollins/mols/opt/b3lyp/m06hf/12lf12lf-12lf-12lf-_TD.log,12lf12lf-12lf-12lf-,---,[],"td M06HF/6-31g(d,p)",-6.76094043348,0.925731278866,117,5.8715,-1674.9400378,3.6252,1.93333333333
/home/ccollins/mols/opt/b3lyp/m06hf/4fi4fi4fi4fi_TD.log,4fi4fi4fi4fi,---,[],"td M06HF/6-31g(d,p)",-8.45076737109,1.25961495881,113,7.1098,-1383.2059694,5.1099,4.95
/home/ccollins/mols/opt/b3lyp/m06hf/4le4le-4le-4le-_TD.log,4le4le-4le-4le-,---,[],"td M06HF/6-31g(d,p)",-8.30192110139,0.880016153984,137,3.3249,-1687.6982963,4.2819,6.66666666667
/home/ccollins/mols/opt/b3lyp/m06hf/4if4if-_TD.log,4if4if-,---,[],"td M06HF/6-31g(d,p)",-8.72124852665,1.81744832791,57,1.4081,-692.1939296,5.3908,0.65
/home/ccollins/mols/opt/b3lyp/m06hf/4af4af4af_TD.log,4af4af4af,---,[],"td M06HF/6-31g(d,p)",-8.43852224836,0.972262745264,73,4.8499,-919.7910637,4.9965,1.08333333333
/home/ccollins/mols/opt/b3lyp/m06hf/4ea4ea-_TD.log,4ea4ea-,---,[],"td M06HF/6-31g(d,p)",-9.04778513295,0.934438921701,53,0.7106,-615.4653187,4.2518,0.75
/home/ccollins/mols/opt/b3lyp/m06hf/12fi12fi12fi-12fi-_TD.log,12fi12fi12fi-12fi-,---,[],"td M06HF/6-31g(d,p)",-7.29700469549,0.813620377369,101,4.0963,-1374.2883685,3.9266,2.28333333333
/home/ccollins/mols/opt/b3lyp/m06hf/12ae12ae12ae-12ae_TD.log,12ae12ae12ae-12ae,---,[],"td M06HF/6-31g(d,p)",-7.64775943343,0.120002202816,93,0.8960,-1220.8433055,3.7414,1.28333333333
/home/ccollins/mols/opt/b3lyp/m06hf/12el_TD.log,12el,---,[],"td M06HF/6-31g(d,p)",-9.04560822224,2.21201339386,32,1.6631,-420.5707629,4.2692,0.133333333333
/home/ccollins/mols/opt/b3lyp/m06hf/12ea12ea-12ea12ea_TD.log,12ea12ea-12ea12ea,---,[],"td M06HF/6-31g(d,p)",-7.64775943343,0.120002202816,93,0.8958,-1220.8433054,3.7414,1.21666666667
/home/ccollins/mols/opt/b3lyp/m06hf/12li12li-12li_TD.log,12li12li-12li,---,[],"td M06HF/6-31g(d,p)",-7.36258413059,1.17253853046,88,0.8779,-1148.8869393,4.1904,1.81666666667
/home/ccollins/mols/opt/b3lyp/m06hf/12aa12aa12aa12aa_TD.log,12aa12aa12aa12aa,---,[],"td M06HF/6-31g(d,p)",-7.34761786947,0.816069401916,69,1.0600,-916.3038776,3.9944,0.6
/home/ccollins/mols/opt/b3lyp/m06hf/12ee12ee12ee-12ee_TD.log,12ee12ee12ee-12ee,---,[],"td M06HF/6-31g(d,p)",-7.84667464943,-0.168438466084,117,0.4995,-1525.3652107,3.6629,5.86666666667
/home/ccollins/mols/opt/b3lyp/m06hf/12ie12ie-_TD.log,12ie12ie-,---,[],"td M06HF/6-31g(d,p)",-8.08803962426,1.10451007082,55,0.7081,-689.62328,4.2109,0.616666666667
/home/ccollins/mols/opt/b3lyp/m06hf/4af4af-_TD.log,4af4af-,---,[],"td M06HF/6-31g(d,p)",-8.74410608909,1.47104741139,49,1.4626,-613.5859739,5.3163,0.35
/home/ccollins/mols/opt/b3lyp/m06hf/4fe4fe4fe-4fe_TD.log,4fe4fe4fe-4fe,---,[],"td M06HF/6-31g(d,p)",-8.60940973899,0.5423228803,121,2.1388,-1530.53281,4.2831,6.91666666667
/home/ccollins/mols/opt/b3lyp/m06hf/12lf12lf-12lf12lf_TD.log,12lf12lf-12lf12lf,---,[],"td M06HF/6-31g(d,p)",-7.04965321622,0.814436718885,117,2.9853,-1674.9871065,3.7501,3.36666666667
/home/ccollins/mols/opt/b3lyp/m06hf/4ae4ae-4ae-4ae_TD.log,4ae4ae-4ae-4ae,---,[],"td M06HF/6-31g(d,p)",-8.70220055795,0.408170757877,105,1.4173,-1229.7519006,4.2484,3.71666666667
/home/ccollins/mols/opt/b3lyp/m06hf/4ie4ie4ie-4ie-_TD.log,4ie4ie4ie-4ie-,---,[],"td M06HF/6-31g(d,p)",-8.91444935204,0.931989897153,121,2.7840,-1386.9718416,4.2789,4.28333333333
/home/ccollins/mols/opt/b3lyp/m06hf/12le12le12le-12le_TD.log,12le12le12le-12le,---,[],"td M06HF/6-31g(d,p)",-7.30217485843,0.292794490317,125,3.2715,-1678.7376201,3.5666,3.73333333333
/home/ccollins/mols/opt/b3lyp/m06hf/4ei4ei-4ei-4ei_TD.log,4ei4ei-4ei-4ei,---,[],"td M06HF/6-31g(d,p)",-8.91526569356,0.956480142626,121,2.7187,-1386.9718633,4.2776,5.08333333333
/home/ccollins/mols/opt/b3lyp/m06hf/12ai12ai-_TD.log,12ai12ai-,---,[],"td M06HF/6-31g(d,p)",-7.9726633567,1.85989808673,43,0.1889,-537.3539835,5.0804,0.35
/home/ccollins/mols/opt/b3lyp/m06hf/12el12el-12el_TD.log,12el12el-12el,---,[],"td M06HF/6-31g(d,p)",-7.70626390872,0.500145235319,94,2.4398,-1259.3617235,3.9589,2.68333333333
/home/ccollins/mols/opt/b3lyp/m06hf/4if4if-4if-4if_TD.log,4if4if-4if-4if,---,[],"td M06HF/6-31g(d,p)",-8.57648396452,1.18641633623,113,2.3887,-1383.2204702,5.0996,5.2
/home/ccollins/mols/opt/b3lyp/m06hf/4fi4fi-4fi_TD.log,4fi4fi-4fi,---,[],"td M06HF/6-31g(d,p)",-8.66383250671,1.4661493623,85,2.7140,-1037.7084106,5.2313,1.76666666667
/home/ccollins/mols/opt/b3lyp/m06hf/12li12li12li-12li-_TD.log,12li12li12li-12li-,---,[],"td M06HF/6-31g(d,p)",-7.18598224935,0.913214042291,117,1.3215,-1531.4570485,3.9221,4.2
/home/ccollins/mols/opt/b3lyp/m06hf/12ei12ei-12ei-12ei-_TD.log,12ei12ei-12ei-12ei-,---,[],"td M06HF/6-31g(d,p)",-7.65238536868,0.51538361028,109,1.7421,-1378.0693305,3.9939,3.86666666667
/home/ccollins/mols/opt/b3lyp/m06hf/12ai12ai-12ai_TD.log,12ai12ai-12ai,---,[],"td M06HF/6-31g(d,p)",-7.48095365038,1.23975064859,64,1.0967,-805.4437367,4.3312,0.616666666667
/home/ccollins/mols/opt/b3lyp/m06hf/12ef12ef12ef_TD.log,12ef12ef12ef,---,[],"td M06HF/6-31g(d,p)",-7.72912147117,0.378510349472,82,2.3178,-1141.4937917,3.8592,1.1
/home/ccollins/mols/opt/b3lyp/m06hf/12ef_TD.log,12ef,---,[],"td M06HF/6-31g(d,p)",-9.19799197185,2.26371502319,28,1.3585,-381.2776949,4.2726,0.116666666667
/home/ccollins/mols/opt/b3lyp/m06hf/4if4if_TD.log,4if4if,---,[],"td M06HF/6-31g(d,p)",-8.72886771413,1.77173320303,57,3.2593,-692.1925077,5.3518,0.7
/home/ccollins/mols/opt/b3lyp/m06hf/12fe12fe-_TD.log,12fe12fe-,---,[],"td M06HF/6-31g(d,p)",-8.23987914619,0.781238830577,55,1.8122,-761.3891316,4.2058,0.666666666667
/home/ccollins/mols/opt/b3lyp/m06hf/12ea12ea-12ea12ea-_TD.log,12ea12ea-12ea12ea-,---,[],"td M06HF/6-31g(d,p)",-7.65429016555,0.124628138072,93,0.6318,-1220.8438789,3.7249,1.4
/home/ccollins/mols/opt/b3lyp/m06hf/12ae12ae12ae-12ae-_TD.log,12ae12ae12ae-12ae-,---,[],"td M06HF/6-31g(d,p)",-7.6221807326,0.149118383545,93,0.5219,-1220.842487,3.7539,1.16666666667
/home/ccollins/mols/opt/b3lyp/m06hf/12ie12ie-12ie_TD.log,12ie12ie-12ie,---,[],"td M06HF/6-31g(d,p)",-7.65864398697,0.58259572841,82,1.2123,-1033.848008,4.0001,1.68333333333
/home/ccollins/mols/opt/b3lyp/m06hf/4ai4ai4ai-4ai_TD.log,4ai4ai4ai-4ai,---,[],"td M06HF/6-31g(d,p)",-8.60369534838,1.08301307757,97,1.1279,-1082.4329938,5.3293,3.05
/home/ccollins/mols/opt/b3lyp/m06hf/12ef12ef-12ef-12ef_TD.log,12ef12ef-12ef-12ef,---,[],"td M06HF/6-31g(d,p)",-7.37482925333,0.0302046360829,109,3.6979,-1521.5975604,3.4352,3.1
/home/ccollins/mols/opt/b3lyp/m06hf/12le12le12le_TD.log,12le12le12le,---,[],"td M06HF/6-31g(d,p)",-7.70354277034,0.611711909139,94,1.5702,-1259.3340648,4.0709,1.65
/home/ccollins/mols/opt/b3lyp/m06hf/12fa12fa12fa-12fa-_TD.log,12fa12fa12fa-12fa-,---,[],"td M06HF/6-31g(d,p)",-7.28884128034,0.54994206778,85,4.1377,-1217.0578053,3.7640,1.36666666667
/home/ccollins/mols/opt/b3lyp/m06hf/4fa4fa4fa-4fa-_TD.log,4fa4fa4fa-4fa-,---,[],"td M06HF/6-31g(d,p)",-8.71798316058,0.518104748666,97,2.6975,-1226.003808,4.8893,3.05
/home/ccollins/mols/opt/b3lyp/m06hf/12li12li12li-12li_TD.log,12li12li12li-12li,---,[],"td M06HF/6-31g(d,p)",-7.10815769152,0.846274037999,117,1.3573,-1531.4583347,3.8258,3.75
/home/ccollins/mols/opt/b3lyp/m06hf/12ia12ia-_TD.log,12ia12ia-,---,[],"td M06HF/6-31g(d,p)",-7.9726633567,1.86017020057,43,0.1888,-537.3539844,5.0804,0.383333333333
/home/ccollins/mols/opt/b3lyp/m06hf/12ea12ea-12ea-12ea_TD.log,12ea12ea-12ea-12ea,---,[],"td M06HF/6-31g(d,p)",-7.64694309191,0.124356024233,93,0.5198,-1220.8423815,3.7065,1.36666666667
/home/ccollins/mols/opt/b3lyp/m06hf/12li12li-12li-12li_TD.log,12li12li-12li-12li,---,[],"td M06HF/6-31g(d,p)",-7.16285257307,0.937976401602,117,1.5850,-1531.4558894,3.9134,3.36666666667
/home/ccollins/mols/opt/b3lyp/m06hf/12af12af_TD.log,12af12af,---,[],"td M06HF/6-31g(d,p)",-8.083413689,1.64030221899,43,1.3517,-609.1114468,4.9772,0.216666666667
/home/ccollins/mols/opt/b3lyp/m06hf/12li12li12li12li-_TD.log,12li12li12li12li-,---,[],"td M06HF/6-31g(d,p)",-7.15931509317,0.940425426149,117,1.4182,-1531.4559067,3.9140,3.51666666667
/home/ccollins/mols/opt/b3lyp/m06hf/12al12al-_TD.log,12al12al-,---,[],"td M06HF/6-31g(d,p)",-7.75306748896,1.84683662248,51,2.1230,-687.7018062,4.9183,0.45
/home/ccollins/mols/opt/b3lyp/m06hf/12fi_TD.log,12fi,---,[],"td M06HF/6-31g(d,p)",-8.91036764446,3.32904070125,26,2.5085,-344.4500876,6.6845,0.1
/home/ccollins/mols/opt/b3lyp/m06hf/12ie12ie-12ie-12ie_TD.log,12ie12ie-12ie-12ie,---,[],"td M06HF/6-31g(d,p)",-7.54544463012,0.432933117189,109,1.2134,-1378.0705087,3.8331,4.5
/home/ccollins/mols/opt/b3lyp/m06hf/4ei4ei-4ei-4ei-_TD.log,4ei4ei-4ei-4ei-,---,[],"td M06HF/6-31g(d,p)",-8.91526569356,0.930357214122,121,2.7376,-1386.9717524,4.2787,5.13333333333
/home/ccollins/mols/opt/b3lyp/m06hf/12if12if_TD.log,12if12if,---,[],"td M06HF/6-31g(d,p)",-8.23225995871,2.01445874704,51,1.1966,-687.729272,5.2861,0.566666666667
