/home/ccollins/allmols/4/opt/b3lyp/m06hf/4aa12ha4dh-4ee.log,4aa12ha4dh-4ee,---,[],"td M06HF/6-31g(d,p)",-7.7985105,0.0900696805716,104,4.8157,-1278.1650759,4.0046,2.61666666667
/home/ccollins/allmols/4/opt/b3lyp/m06hf/4da4dd4de-4fd-.log,4da4dd4de-4fd-,---,[],"td M06HF/6-31g(d,p)",-9.86575933173,-1.06369299503,121,6.6348,-1537.6493417,4.1419,4.75
/home/ccollins/allmols/4/opt/b3lyp/m06hf/13df12da13aa13ff.log,13df12da13aa13ff,---,[],"td M06HF/6-31g(d,p)",-7.62354130179,0.251161073014,93,10.9748,-1266.8024103,3.9026,1.31666666667
/home/ccollins/allmols/4/opt/b3lyp/m06hf/6al12ie-12hf4aa.log,6al12ie-12hf4aa,---,[],"td M06HF/6-31g(d,p)",-7.23795599252,0.733891022664,101,3.3387,-1297.2471937,3.8218,2.13333333333
/home/ccollins/allmols/4/opt/b3lyp/m06hf/12he4hd-13dd-12ld.log,12he4hd-13dd-12ld,---,[],"td M06HF/6-31g(d,p)",-8.5805656721,-0.500689462996,118,9.2514,-1568.8856724,4.0693,2.86666666667
/home/ccollins/allmols/4/opt/b3lyp/m06hf/13dd6ii6ee6if-.log,13dd6ii6ee6if-,---,[],"td M06HF/6-31g(d,p)",-9.17976034466,-0.186125865592,118,7.8080,-1481.0613631,4.1080,4.36666666667
/home/ccollins/allmols/4/opt/b3lyp/m06hf/4ia13hf-12ha6la.log,4ia13hf-12ha6la,---,[],"td M06HF/6-31g(d,p)",-6.94761052675,0.739333299435,99,4.3201,-1256.6311193,3.8006,1.56666666667
/home/ccollins/allmols/4/opt/b3lyp/m06hf/4aa4aa-12al-4il.log,4aa4aa-12al-4il,---,[],"td M06HF/6-31g(d,p)",-7.75415594432,0.639739634513,98,1.4408,-1191.2662433,4.2971,1.66666666667
/home/ccollins/allmols/4/opt/b3lyp/m06hf/12dh12dl12if-4hi.log,12dh12dl12if-4hi,---,[],"td M06HF/6-31g(d,p)",-7.65837187313,0.25959660201,112,6.9410,-1481.9483384,3.8463,2.15
/home/ccollins/allmols/4/opt/b3lyp/m06hf/12al6lh-6ef13ea-.log,12al6lh-6ef13ea-,---,[],"td M06HF/6-31g(d,p)",-7.66190935304,0.39619774898,111,3.7219,-1444.7739343,3.9722,3.05
/home/ccollins/allmols/4/opt/b3lyp/m06hf/6df6hd6fl4fh-.log,6df6hd6fl4fh-,---,[],"td M06HF/6-31g(d,p)",-8.03225628735,-0.692801833037,121,3.8002,-1608.5233924,3.6605,3.0
/home/ccollins/allmols/4/opt/b3lyp/m06hf/4ea13ff12ih-12lh-.log,4ea13ff12ih-12lh-,---,[],"td M06HF/6-31g(d,p)",-7.02679565378,0.864505665184,106,5.7052,-1389.6710848,3.8820,2.01666666667
/home/ccollins/allmols/4/opt/b3lyp/m06hf/6fl4hl12ha12dh.log,6fl4hl12ha12dh,---,[],"td M06HF/6-31g(d,p)",-7.57864251843,0.372251731184,113,8.5863,-1499.1896008,3.8445,2.83333333333
/home/ccollins/allmols/4/opt/b3lyp/m06hf/12ah12he-6ah13aa.log,12ah12he-6ah13aa,---,[],"td M06HF/6-31g(d,p)",-7.26190201032,0.359190266932,90,4.9583,-1156.8882805,3.7484,1.43333333333
/home/ccollins/allmols/4/opt/b3lyp/m06hf/13ae12il6ed13lh-.log,13ae12il6ed13lh-,---,[],"td M06HF/6-31g(d,p)",-7.11822590354,0.736340047211,109,6.2535,-1459.8169858,3.8587,2.66666666667
/home/ccollins/allmols/4/opt/b3lyp/m06hf/4ed13dl-13li-4ll.log,4ed13dl-13li-4ll,---,[],"td M06HF/6-31g(d,p)",-7.55632918366,-0.435110027897,129,6.4861,-1638.9117665,3.7105,3.43333333333
/home/ccollins/allmols/4/opt/b3lyp/m06hf/13dl13eh12hd4af.log,13dl13eh12hd4af,---,[],"td M06HF/6-31g(d,p)",-7.58163577065,0.0323815467916,110,1.9134,-1439.7967948,3.7937,2.41666666667
/home/ccollins/allmols/4/opt/b3lyp/m06hf/4fe12ll13if-6aa.log,4fe12ll13if-6aa,---,[],"td M06HF/6-31g(d,p)",-7.39523779122,0.419599539098,109,2.8861,-1411.7479114,3.8059,2.51666666667
/home/ccollins/allmols/4/opt/b3lyp/m06hf/4ed13ie-13ai-13ai.log,4ed13ie-13ai-13ai,---,[],"td M06HF/6-31g(d,p)",-7.06815695724,-0.301774246991,102,4.3540,-1221.427746,3.5603,2.46666666667
/home/ccollins/allmols/4/opt/b3lyp/m06hf/4aa12fa6ii6ei-.log,4aa12fa6ii6ei-,---,[],"td M06HF/6-31g(d,p)",-7.90490701089,0.389667016854,100,2.8919,-1224.2911725,4.2175,2.56666666667
/home/ccollins/allmols/4/opt/b3lyp/m06hf/6ef6ef-12ai-12ea-.log,6ef6ef-12ai-12ea-,---,[],"td M06HF/6-31g(d,p)",-8.3457314294,0.207078631163,105,2.3829,-1370.9130325,4.1641,2.85
/home/ccollins/allmols/4/opt/b3lyp/m06hf/13fa13fa4lf13hi-.log,13fa13fa4lf13hi-,---,[],"td M06HF/6-31g(d,p)",-6.9500595513,0.830491435361,100,3.0260,-1293.7110639,3.8799,1.33333333333
/home/ccollins/allmols/4/opt/b3lyp/m06hf/12fd12hh13aa-6ih-.log,12fd12hh13aa-6ih-,---,[],"td M06HF/6-31g(d,p)",-7.5234034092,0.325720264786,98,5.3731,-1287.4588696,3.6514,1.58333333333
/home/ccollins/allmols/4/opt/b3lyp/m06hf/12ef13al-4if6ff.log,12ef13al-4if6ff,---,[],"td M06HF/6-31g(d,p)",-7.86817164268,0.699604679002,109,4.5521,-1447.6544853,4.2682,2.65
/home/ccollins/allmols/4/opt/b3lyp/m06hf/4ei12ef-13la-13ee-.log,4ei12ef-13la-13ee-,---,[],"td M06HF/6-31g(d,p)",-7.30652867984,0.321638557207,112,4.9244,-1412.370644,3.8935,3.96666666667
/home/ccollins/allmols/4/opt/b3lyp/m06hf/4dl12aa6li-6de.log,4dl12aa6li-6de,---,[],"td M06HF/6-31g(d,p)",-8.56995323239,-0.414429376165,116,5.9308,-1483.9156521,4.1685,3.66666666667
/home/ccollins/allmols/4/opt/b3lyp/m06hf/6fe13de-12ad-4fh-.log,6fe13de-12ad-4fh-,---,[],"td M06HF/6-31g(d,p)",-8.100284747,0.0179595133466,111,9.4586,-1459.4088136,4.0841,3.03333333333
/home/ccollins/allmols/4/opt/b3lyp/m06hf/13ae13fi-12ia6fl.log,13ae13fi-12ia6fl,---,[],"td M06HF/6-31g(d,p)",-7.461361454,0.511301902701,102,4.9369,-1314.5197023,3.9883,2.15
/home/ccollins/allmols/4/opt/b3lyp/m06hf/4ie13fh6ae-13hl.log,4ie13fh6ae-13hl,---,[],"td M06HF/6-31g(d,p)",-7.28748071114,0.299325222443,111,1.5704,-1389.0381891,3.6765,2.65
/home/ccollins/allmols/4/opt/b3lyp/m06hf/4le13ie12ha6lh.log,4le13ie12ha6lh,---,[],"td M06HF/6-31g(d,p)",-7.02244183236,0.767361024809,115,2.7449,-1448.195933,3.8124,3.33333333333
/home/ccollins/allmols/4/opt/b3lyp/m06hf/13al13de-12af-6af-.log,13al13de-12af-6af-,---,[],"td M06HF/6-31g(d,p)",-7.66136512536,0.244358227049,100,7.0135,-1328.1143472,3.9434,1.95
/home/ccollins/allmols/4/opt/b3lyp/m06hf/4ia6ad-13af-6ah-.log,4ia6ad-13af-6ah-,---,[],"td M06HF/6-31g(d,p)",-7.96041823396,-0.060953499843,96,4.6181,-1197.2763693,3.9200,1.7
/home/ccollins/allmols/4/opt/b3lyp/m06hf/4ed12ee-6ih-6il.log,4ed12ee-6ih-6il,---,[],"td M06HF/6-31g(d,p)",-8.36858899184,-0.411164010102,122,8.1147,-1524.1158643,4.1267,5.31666666667
/home/ccollins/allmols/4/opt/b3lyp/m06hf/13fa6af-13di4ff-.log,13fa6af-13di4ff-,---,[],"td M06HF/6-31g(d,p)",-7.93592798849,0.20571806197,101,5.2772,-1329.4249224,4.0512,2.01666666667
/home/ccollins/allmols/4/opt/b3lyp/m06hf/13ah6hf6hh6he-.log,13ah6hf6hh6he-,---,[],"td M06HF/6-31g(d,p)",-7.58871073046,0.264766764943,108,6.0590,-1379.3045464,3.7134,2.7
/home/ccollins/allmols/4/opt/b3lyp/m06hf/13al13hi-12hh-13li-.log,13al13hi-12hh-13li-,---,[],"td M06HF/6-31g(d,p)",-6.53236480907,1.69690189742,105,3.0956,-1330.3732383,4.0674,1.93333333333
/home/ccollins/allmols/4/opt/b3lyp/m06hf/13la12ff-6ai4li-.log,13la12ff-6ai4li-,---,[],"td M06HF/6-31g(d,p)",-8.44559720816,-0.337421159845,114,6.6695,-1445.5649756,4.1237,3.26666666667
/home/ccollins/allmols/4/opt/b3lyp/m06hf/13ad12hh12ih12ea.log,13ad12hh12ih12ea,---,[],"td M06HF/6-31g(d,p)",-7.34489673108,0.597561989532,97,5.4587,-1270.1467465,3.7867,1.58333333333
/home/ccollins/allmols/4/opt/b3lyp/m06hf/6ih6dl12dh-6hh.log,6ih6dl12dh-6hh,---,[],"td M06HF/6-31g(d,p)",-7.55605706983,-0.427490840417,118,6.5755,-1530.6815371,3.5676,3.66666666667
/home/ccollins/allmols/4/opt/b3lyp/m06hf/6ld12ae12ee-13fh.log,6ld12ae12ee-13fh,---,[],"td M06HF/6-31g(d,p)",-7.50054584675,-0.179867247305,112,6.2877,-1480.3716659,3.6378,2.68333333333
/home/ccollins/allmols/4/opt/b3lyp/m06hf/12fh12fe4id-4de.log,12fh12fe4id-4de,---,[],"td M06HF/6-31g(d,p)",-8.05810710201,-0.408442871716,115,4.7251,-1502.4933555,4.1568,3.2
/home/ccollins/allmols/4/opt/b3lyp/m06hf/12dl6le-12ee13ad-.log,12dl6le-12ee13ad-,---,[],"td M06HF/6-31g(d,p)",-8.2455935368,-0.208711314195,118,4.5649,-1556.5556607,4.0289,3.38333333333
/home/ccollins/allmols/4/opt/b3lyp/m06hf/13he12ii-4fl-12df-.log,13he12ii-4fl-12df-,---,[],"td M06HF/6-31g(d,p)",-7.49864104988,-0.0212248794096,112,4.7104,-1465.8646707,3.8909,2.71666666667
/home/ccollins/allmols/4/opt/b3lyp/m06hf/13hl6ii4ee12he-.log,13hl6ii4ee12he-,---,[],"td M06HF/6-31g(d,p)",-7.8308920468,0.389122789176,117,2.3583,-1449.1162145,4.1593,4.56666666667
/home/ccollins/allmols/4/opt/b3lyp/m06hf/6di13dd-12il-4he.log,6di13dd-12il-4he,---,[],"td M06HF/6-31g(d,p)",-8.09130499032,-0.151023180415,119,4.5107,-1518.2011772,4.1430,4.35
/home/ccollins/allmols/4/opt/b3lyp/m06hf/4fd12id-13lh-4lf-.log,4fd12id-13lh-4lf-,---,[],"td M06HF/6-31g(d,p)",-7.40857136931,-0.22313334764,119,5.4030,-1559.3789604,3.4630,3.31666666667
/home/ccollins/allmols/4/opt/b3lyp/m06hf/12fa13id13he-13fi-.log,12fa13id13he-13fi-,---,[],"td M06HF/6-31g(d,p)",-7.11550476516,0.983691526484,101,5.9227,-1309.4739657,3.8916,1.88333333333
/home/ccollins/allmols/4/opt/b3lyp/m06hf/12il13il-6fh13el.log,12il13il-6fh13el,---,[],"td M06HF/6-31g(d,p)",-7.35795819534,0.58259572841,118,5.5302,-1523.6283808,3.8143,2.73333333333
/home/ccollins/allmols/4/opt/b3lyp/m06hf/12fa12ae4ah-4dh-.log,12fa12ae4ah-4dh-,---,[],"td M06HF/6-31g(d,p)",-7.83116416064,0.338237501361,99,4.2277,-1274.9893265,4.1187,1.85
/home/ccollins/allmols/4/opt/b3lyp/m06hf/13ie6if-4dd4il.log,13ie6if-4dd4il,---,[],"td M06HF/6-31g(d,p)",-8.42654923946,-0.516744179473,120,1.6997,-1487.3557328,4.2466,4.78333333333
/home/ccollins/allmols/4/opt/b3lyp/m06hf/4fl13hh-6fa-4df-.log,4fl13hh-6fa-4df-,---,[],"td M06HF/6-31g(d,p)",-7.67769195567,0.118369519784,112,3.8619,-1462.1648045,3.9730,2.91666666667
/home/ccollins/allmols/4/opt/b3lyp/m06hf/12ee4hf-4fa13he-.log,12ee4hf-4fa13he-,---,[],"td M06HF/6-31g(d,p)",-7.68667171235,0.668855815242,109,0.8501,-1390.3907269,4.1108,3.01666666667
/home/ccollins/allmols/4/opt/b3lyp/m06hf/6fd13df4ai-4di-.log,6fd13df4ai-4di-,---,[],"td M06HF/6-31g(d,p)",-8.51090452942,-0.161363506281,112,11.3647,-1424.850467,4.1887,3.3
/home/ccollins/allmols/4/opt/b3lyp/m06hf/13lh12fe4ha6ld-.log,13lh12fe4ha6ld-,---,[],"td M06HF/6-31g(d,p)",-7.1835332248,0.204357492777,115,4.5720,-1500.1597833,3.8208,2.33333333333
/home/ccollins/allmols/4/opt/b3lyp/m06hf/6dh12fi-12ea6fe-.log,6dh12fi-12ea6fe-,---,[],"td M06HF/6-31g(d,p)",-8.1383806844,0.0424497588192,109,11.3870,-1442.352141,3.9799,2.95
/home/ccollins/allmols/4/opt/b3lyp/m06hf/12la12ad-4ea-12ld.log,12la12ad-4ea-12ld,---,[],"td M06HF/6-31g(d,p)",-8.24777044751,-0.103947486339,106,5.3889,-1408.0746148,4.1402,2.03333333333
/home/ccollins/allmols/4/opt/b3lyp/m06hf/12ad4if-4if-12ee-.log,12ad4if-4if-12ee-,---,[],"td M06HF/6-31g(d,p)",-8.32232963928,0.337693273684,109,5.2841,-1394.2479867,4.2094,3.41666666667
/home/ccollins/allmols/4/opt/b3lyp/m06hf/12hh6aa4ia-4ll-.log,12hh6aa4ia-4ll-,---,[],"td M06HF/6-31g(d,p)",-8.21511678688,-0.220140095415,113,6.9333,-1481.6815282,3.9688,3.2
/home/ccollins/allmols/4/opt/b3lyp/m06hf/13hh12al-13ea12le.log,13hh12al-13ea12le,---,[],"td M06HF/6-31g(d,p)",-6.79794791553,1.16764048137,105,4.4181,-1368.5309383,3.8503,1.98333333333
/home/ccollins/allmols/4/opt/b3lyp/m06hf/13ef4fd13li-4id-.log,13ef4fd13li-4id-,---,[],"td M06HF/6-31g(d,p)",-8.22572922658,0.552118978489,115,7.5685,-1426.884402,4.1881,5.73333333333
/home/ccollins/allmols/4/opt/b3lyp/m06hf/12ee13dh12il6if.log,12ee13dh12il6if,---,[],"td M06HF/6-31g(d,p)",-7.7223186252,0.279188798388,114,4.7243,-1482.8474577,3.9547,3.26666666667
/home/ccollins/allmols/4/opt/b3lyp/m06hf/12hl13hi-4hi4ll.log,12hl13hi-4hi4ll,---,[],"td M06HF/6-31g(d,p)",-7.81293253345,0.776340781483,106,3.3462,-1317.9670059,4.4129,2.68333333333
/home/ccollins/allmols/4/opt/b3lyp/m06hf/12al13fa-13da-4de.log,12al13fa-13da-4de,---,[],"td M06HF/6-31g(d,p)",-7.31142672894,-0.308577092955,102,10.3856,-1329.1028028,3.7120,1.93333333333
/home/ccollins/allmols/4/opt/b3lyp/m06hf/6id6df-4if-4fd.log,6id6df-4if-4fd,---,[],"td M06HF/6-31g(d,p)",-9.26901368372,-0.201092126714,119,7.8201,-1538.1394332,4.5752,5.13333333333
/home/ccollins/allmols/4/opt/b3lyp/m06hf/4li6dd-4hi-6le-.log,4li6dd-4hi-6le-,---,[],"td M06HF/6-31g(d,p)",-8.64396819649,-0.485178974197,127,3.0519,-1580.7832378,4.3021,4.4
/home/ccollins/allmols/4/opt/b3lyp/m06hf/12if4ia-4hd4eh.log,12if4ia-4hd4eh,---,[],"td M06HF/6-31g(d,p)",-8.33784012808,0.519737431697,110,3.9163,-1355.8303986,4.2827,3.4
/home/ccollins/allmols/4/opt/b3lyp/m06hf/12eh13le13fh12hf-.log,12eh13le13fh12hf-,---,[],"td M06HF/6-31g(d,p)",-6.74189246478,1.20355950806,109,2.1464,-1459.7816205,3.8567,1.96666666667
/home/ccollins/allmols/4/opt/b3lyp/m06hf/4eh4la-13da13hd-.log,4eh4la-13da13hd-,---,[],"td M06HF/6-31g(d,p)",-8.15715653926,0.362183519157,109,4.6179,-1366.8387977,4.3345,3.41666666667
/home/ccollins/allmols/4/opt/b3lyp/m06hf/13id12ef6fe-12hh-.log,13id12ef6fe-12hh-,---,[],"td M06HF/6-31g(d,p)",-7.90463489705,0.00408170757877,110,6.1818,-1459.5855318,3.8327,2.68333333333
/home/ccollins/allmols/4/opt/b3lyp/m06hf/12di13af-13ei-13fd-.log,12di13af-13ei-13fd-,---,[],"td M06HF/6-31g(d,p)",-7.5756492662,0.572255402544,103,3.3654,-1346.37189,4.0200,2.4
/home/ccollins/allmols/4/opt/b3lyp/m06hf/12lf13dh13lh12ae-.log,12lf13dh13lh12ae-,---,[],"td M06HF/6-31g(d,p)",-8.08314157516,0.918656319063,117,9.7997,-1470.5478381,4.7784,4.35
/home/ccollins/allmols/4/opt/b3lyp/m06hf/6fa6he-13ih-6ea-.log,6fa6he-13ih-6ea-,---,[],"td M06HF/6-31g(d,p)",-7.39523779122,0.272658066262,106,5.7784,-1328.7113962,3.7406,2.91666666667
/home/ccollins/allmols/4/opt/b3lyp/m06hf/4eh6ei-4ee4ea.log,4eh6ei-4ee4ea,---,[],"td M06HF/6-31g(d,p)",-8.20695337172,0.292794490317,119,2.7221,-1416.5569717,4.1752,5.65
/home/ccollins/allmols/4/opt/b3lyp/m06hf/6if12ff-12de12dl.log,6if12ff-12de12dl,---,[],"td M06HF/6-31g(d,p)",-8.26491361934,-0.475654989846,114,3.6440,-1574.5015674,3.6866,2.33333333333
/home/ccollins/allmols/4/opt/b3lyp/m06hf/13li6dl-12da-4ae.log,13li6dl-12da-4ae,---,[],"td M06HF/6-31g(d,p)",-8.25158004125,-0.352931648645,113,3.1040,-1445.808063,3.9021,2.51666666667
/home/ccollins/allmols/4/opt/b3lyp/m06hf/6ed12id12ai-6fh-.log,6ed12id12ai-6fh-,---,[],"td M06HF/6-31g(d,p)",-8.11633946347,-0.535792148174,109,2.8155,-1422.5467666,3.7968,2.38333333333
/home/ccollins/allmols/4/opt/b3lyp/m06hf/12hd4hl-4de-12af.log,12hd4hl-4de-12af,---,[],"td M06HF/6-31g(d,p)",-7.95932977861,-0.141771309903,125,5.0706,-1675.1175694,3.8044,4.4
/home/ccollins/allmols/4/opt/b3lyp/m06hf/12fh6fh4ef-12ie.log,12fh6fh4ef-12ie,---,[],"td M06HF/6-31g(d,p)",-8.03143994583,0.395925635141,111,5.6835,-1464.624921,4.1110,2.96666666667
/home/ccollins/allmols/4/opt/b3lyp/m06hf/13hd13da-12li-6ld.log,13hd13da-12li-6ld,---,[],"td M06HF/6-31g(d,p)",-8.12912881389,0.0304767499215,114,6.1701,-1495.1819557,4.1763,3.5
/home/ccollins/allmols/4/opt/b3lyp/m06hf/13ia12hd6hi4ie-.log,13ia12hd6hi4ie-,---,[],"td M06HF/6-31g(d,p)",-7.2039417627,0.924098595834,106,5.0754,-1337.7588142,4.0121,2.98333333333
/home/ccollins/allmols/4/opt/b3lyp/m06hf/13fe13fd4eh-13il.log,13fe13fd4eh-13il,---,[],"td M06HF/6-31g(d,p)",-7.89402245735,0.422320677484,114,5.8775,-1463.0183933,4.2244,2.96666666667
/home/ccollins/allmols/4/opt/b3lyp/m06hf/13lh13ia-6la6ll.log,13lh13ia-6la6ll,---,[],"td M06HF/6-31g(d,p)",-7.07795305543,0.648175163509,115,2.1291,-1465.7526002,4.0386,3.25
/home/ccollins/allmols/4/opt/b3lyp/m06hf/12fe13di6id12ae.log,12fe13di6id12ae,---,[],"td M06HF/6-31g(d,p)",-8.43688956533,-0.384224740082,108,3.6449,-1405.243512,4.1236,2.93333333333
/home/ccollins/allmols/4/opt/b3lyp/m06hf/6he13de13ll12de-.log,6he13de13ll12de-,---,[],"td M06HF/6-31g(d,p)",-7.93375107778,0.094423501989,122,8.6754,-1592.0488518,3.9774,3.25
/home/ccollins/allmols/4/opt/b3lyp/m06hf/4ia13ee-6fd-12hh.log,4ia13ee-6fd-12hh,---,[],"td M06HF/6-31g(d,p)",-7.9416423791,0.0955119573433,109,3.6266,-1386.6264829,3.8680,2.55
/home/ccollins/allmols/4/opt/b3lyp/m06hf/13fi6el13ef4al-.log,13fi6el13ef4al-,---,[],"td M06HF/6-31g(d,p)",-7.46190568168,0.352659534806,115,2.0197,-1468.0414966,3.8446,2.98333333333
/home/ccollins/allmols/4/opt/b3lyp/m06hf/12fd12eh-6ai4aa.log,12fd12eh-6ai4aa,---,[],"td M06HF/6-31g(d,p)",-8.06654263101,-0.247351479274,99,3.5425,-1274.9778579,3.7821,1.96666666667
/home/ccollins/allmols/4/opt/b3lyp/m06hf/12ad6el-13ll12ai-.log,12ad6el-13ll12ai-,---,[],"td M06HF/6-31g(d,p)",-7.39986372648,-0.149118383545,112,2.4071,-1465.8416325,3.6506,2.61666666667
/home/ccollins/allmols/4/opt/b3lyp/m06hf/13lh6dl-13if-12ia.log,13lh6dl-13if-12ia,---,[],"td M06HF/6-31g(d,p)",-7.35823030917,0.342591322778,110,3.5186,-1425.2216067,3.8308,2.65
/home/ccollins/allmols/4/opt/b3lyp/m06hf/13if13df-6he13ei.log,13if13df-6he13ei,---,[],"td M06HF/6-31g(d,p)",-7.58871073046,0.120818544332,107,3.6638,-1313.9131764,3.7761,3.15
/home/ccollins/allmols/4/opt/b3lyp/m06hf/6dh6al-12ef12dh.log,6dh6al-12ef12dh,---,[],"td M06HF/6-31g(d,p)",-8.10953661751,-0.228031396734,113,6.7022,-1513.747367,3.8911,2.81666666667
/home/ccollins/allmols/4/opt/b3lyp/m06hf/4ei4ad-6af-6ff-.log,4ei4ad-6af-6ff-,---,[],"td M06HF/6-31g(d,p)",-8.81676048399,-0.343407664294,109,5.9839,-1390.5355975,4.2644,3.16666666667
/home/ccollins/allmols/4/opt/b3lyp/m06hf/6al13ff-6af-12hl.log,6al13ff-6af-12hl,---,[],"td M06HF/6-31g(d,p)",-7.38598592071,0.594840851147,107,2.7046,-1442.8788424,3.9532,2.15
/home/ccollins/allmols/4/opt/b3lyp/m06hf/13ef4ed-6if-6di.log,13ef4ed-6if-6di,---,[],"td M06HF/6-31g(d,p)",-8.61757315415,-0.466947347012,118,2.9126,-1500.9161378,4.1041,4.31666666667
/home/ccollins/allmols/4/opt/b3lyp/m06hf/12ad6id-13li6hh-.log,12ad6id-13li6hh-,---,[],"td M06HF/6-31g(d,p)",-7.86653895965,-0.299597336282,111,6.4254,-1421.2163444,3.7043,3.15
/home/ccollins/allmols/4/opt/b3lyp/m06hf/4ii4ha-12hf-13ff-.log,4ii4ha-12hf-13ff-,---,[],"td M06HF/6-31g(d,p)",-7.13727387224,1.14342234973,103,2.4179,-1315.7845755,4.1432,1.71666666667
/home/ccollins/allmols/4/opt/b3lyp/m06hf/6ii6hf6fe6ha-.log,6ii6hf6fe6ha-,---,[],"td M06HF/6-31g(d,p)",-7.97728929196,-0.134968463938,111,8.6434,-1405.1990553,3.8079,2.56666666667
/home/ccollins/allmols/4/opt/b3lyp/m06hf/4dh4ai12fa6le.log,4dh4ai12fa6le,---,[],"td M06HF/6-31g(d,p)",-7.96041823396,0.356741242385,110,8.2924,-1391.7165787,4.1917,3.13333333333
/home/ccollins/allmols/4/opt/b3lyp/m06hf/12ae4ee6eh-6fa-.log,12ae4ee6eh-6fa-,---,[],"td M06HF/6-31g(d,p)",-8.49185656072,-0.136056919292,110,7.0260,-1390.1325442,4.1384,4.86666666667
/home/ccollins/allmols/4/opt/b3lyp/m06hf/13hi12ff-13le4lf.log,13hi12ff-13le4lf,---,[],"td M06HF/6-31g(d,p)",-7.36938697656,0.881104609338,109,7.9869,-1407.9362631,4.1436,2.33333333333
/home/ccollins/allmols/4/opt/b3lyp/m06hf/6dh4ia13lh-13fe-.log,6dh4ia13lh-13fe-,---,[],"td M06HF/6-31g(d,p)",-7.25428282284,0.749673625301,111,6.7948,-1405.1304255,4.1552,3.2
/home/ccollins/allmols/4/opt/b3lyp/m06hf/12ed4hh13ll4hf.log,12ed4hh13ll4hf,---,[],"td M06HF/6-31g(d,p)",-7.53129471051,0.244630340888,119,1.9064,-1539.459933,3.8758,575.683333333
/home/ccollins/allmols/4/opt/b3lyp/m06hf/6lf4ae-13aa4fi.log,6lf4ae-13aa4fi,---,[],"td M06HF/6-31g(d,p)",-7.51741690475,0.293882945672,104,3.6361,-1299.5140948,3.8891,2.2
/home/ccollins/allmols/4/opt/b3lyp/m06hf/4ha6ld6ia12fl-.log,4ha6ld6ia12fl-,---,[],"td M06HF/6-31g(d,p)",-8.46654997373,-0.011156667382,112,6.4609,-1446.084857,4.4054,3.16666666667
/home/ccollins/allmols/4/opt/b3lyp/m06hf/12fh12he4ha-12he.log,12fh12he4ha-12he,---,[],"td M06HF/6-31g(d,p)",-7.21292151937,0.720829558411,104,3.3511,-1367.3464363,3.9018,1.86666666667
/home/ccollins/allmols/4/opt/b3lyp/m06hf/12ed4ha-6ai-4ii.log,12ed4ha-6ai-4ii,---,[],"td M06HF/6-31g(d,p)",-8.61403567424,0.205990175809,106,2.5548,-1280.6300784,4.2492,3.8
/home/ccollins/allmols/4/opt/b3lyp/m06hf/4fd12ei6ff6ii-.log,4fd12ei6ff6ii-,---,[],"td M06HF/6-31g(d,p)",-8.39117444044,-0.324359695593,114,8.3590,-1466.9234275,4.0120,3.23333333333
/home/ccollins/allmols/4/opt/b3lyp/m06hf/4hi13hf-6da12li.log,4hi13hf-6da12li,---,[],"td M06HF/6-31g(d,p)",-7.63306528615,0.314563597404,109,4.9311,-1388.1388983,3.8923,1.96666666667
/home/ccollins/allmols/4/opt/b3lyp/m06hf/12ll6ea13ii-13dh-.log,12ll6ea13ii-13dh-,---,[],"td M06HF/6-31g(d,p)",-7.50734869272,0.369802706637,112,9.2809,-1426.1569422,3.9953,2.88333333333
/home/ccollins/allmols/4/opt/b3lyp/m06hf/13fa13id6fl12dh.log,13fa13id6fl12dh,---,[],"td M06HF/6-31g(d,p)",-8.0347053119,-0.395653521302,108,4.0153,-1438.8509243,3.8006,2.53333333333
/home/ccollins/allmols/4/opt/b3lyp/m06hf/6fi6al-12ll-4ff-.log,6fi6al-12ll-4ff-,---,[],"td M06HF/6-31g(d,p)",-7.6877601677,0.427218726578,118,7.9032,-1563.3820328,4.1430,3.31666666667
/home/ccollins/allmols/4/opt/b3lyp/m06hf/13lf6hi6hh-4hh-.log,13lf6hi6hh-4hh-,---,[],"td M06HF/6-31g(d,p)",-7.61755479735,0.510213447347,111,3.1131,-1396.6626455,4.0759,2.85
/home/ccollins/allmols/4/opt/b3lyp/m06hf/6ia12ha4fd-6fi.log,6ia12ha4fd-6fi,---,[],"td M06HF/6-31g(d,p)",-8.03416108422,0.0574160199414,104,9.3451,-1331.6211049,4.0846,2.56666666667
/home/ccollins/allmols/4/opt/b3lyp/m06hf/4ea4ih-12ee-12al.log,4ea4ih-12ee-12al,---,[],"td M06HF/6-31g(d,p)",-7.63524219685,0.464226208626,109,1.9933,-1358.2901216,3.9310,2.85
/home/ccollins/allmols/4/opt/b3lyp/m06hf/13ih4ff-12fe4id-.log,13ih4ff-12fe4id-,---,[],"td M06HF/6-31g(d,p)",-7.32231128248,0.232929445829,111,5.1473,-1428.8017092,3.8957,2.3
/home/ccollins/allmols/4/opt/b3lyp/m06hf/12hi12df-4di-13ld-.log,12hi12df-4di-13ld-,---,[],"td M06HF/6-31g(d,p)",-8.28695484026,-0.333611566105,114,9.8236,-1498.9817483,3.9015,3.08333333333
/home/ccollins/allmols/4/opt/b3lyp/m06hf/4he12al12de-4ah-.log,4he12al12de-4ah-,---,[],"td M06HF/6-31g(d,p)",-7.68449480164,0.169799035277,109,6.8088,-1390.4140818,3.7739,2.95
/home/ccollins/allmols/4/opt/b3lyp/m06hf/4ld12ee12da6al-.log,4ld12ee12da6al-,---,[],"td M06HF/6-31g(d,p)",-8.34409874637,-0.325992378625,115,3.9723,-1502.478893,3.9198,3.21666666667
/home/ccollins/allmols/4/opt/b3lyp/m06hf/12ah12hl12if-12fi-.log,12ah12hl12if-12fi-,---,[],"td M06HF/6-31g(d,p)",-6.99250931012,1.17389909966,101,5.6271,-1370.4534852,3.9947,1.5
/home/ccollins/allmols/4/opt/b3lyp/m06hf/13el4dh13fa4al.log,13el4dh13fa4al,---,[],"td M06HF/6-31g(d,p)",-7.5925203242,0.602732152466,111,8.5533,-1408.9477482,4.1213,2.56666666667
/home/ccollins/allmols/4/opt/b3lyp/m06hf/12if6el-12il4fl.log,12if6el-12il4fl,---,[],"td M06HF/6-31g(d,p)",-7.70191008731,0.550486295457,121,2.5381,-1585.3646601,4.1324,3.75
/home/ccollins/allmols/4/opt/b3lyp/m06hf/12ia13di-6el4li-.log,12ia13di-6el4li-,---,[],"td M06HF/6-31g(d,p)",-7.54517251628,0.306944409924,109,6.4654,-1427.8467503,4.0159,2.6
/home/ccollins/allmols/4/opt/b3lyp/m06hf/12dl12ai-6fa-12lf.log,12dl12ai-6fa-12lf,---,[],"td M06HF/6-31g(d,p)",-7.73374740642,0.294971401026,106,4.2347,-1445.4434496,3.9303,2.3
/home/ccollins/allmols/4/opt/b3lyp/m06hf/6lf12ee-12hd-4ed.log,6lf12ee-12hd-4ed,---,[],"td M06HF/6-31g(d,p)",-7.99361612227,-0.606813860044,121,3.7044,-1594.6704933,3.7153,3.36666666667
/home/ccollins/allmols/4/opt/b3lyp/m06hf/12id12ai4da4ae.log,12id12ai4da4ae,---,[],"td M06HF/6-31g(d,p)",-8.41702525511,-0.181227816498,101,6.0717,-1259.9561611,4.0920,2.18333333333
/home/ccollins/allmols/4/opt/b3lyp/m06hf/4ea13dd-6aa-13fh-.log,4ea13dd-6aa-13fh-,---,[],"td M06HF/6-31g(d,p)",-8.09402612871,0.0775524439967,101,11.3366,-1288.2366077,4.1138,2.16666666667
/home/ccollins/allmols/4/opt/b3lyp/m06hf/6hf12ei13ea-13ef-.log,6hf12ei13ea-13ef-,---,[],"td M06HF/6-31g(d,p)",-7.42761933801,0.404633277976,106,4.5715,-1368.3286218,3.9188,2.36666666667
/home/ccollins/allmols/4/opt/b3lyp/m06hf/4da4eh-4ia-4dd-.log,4da4eh-4ia-4dd-,---,[],"td M06HF/6-31g(d,p)",-8.61621258495,-0.564364101225,113,4.5458,-1372.6640541,4.2800,4.25
/home/ccollins/allmols/4/opt/b3lyp/m06hf/12ia13di12id-4hi-.log,12ia13di12id-4hi-,---,[],"td M06HF/6-31g(d,p)",-8.03198417351,0.54041808343,104,6.1882,-1295.715711,4.2283,2.35
/home/ccollins/allmols/4/opt/b3lyp/m06hf/12hh13ae13al-6ll-.log,12hh13ae13al-6ll-,---,[],"td M06HF/6-31g(d,p)",-6.82162181949,1.0035558367,110,3.7243,-1425.1683208,3.8880,2.26666666667
/home/ccollins/allmols/4/opt/b3lyp/m06hf/4ea6di-13he-6ef.log,4ea6di-13he-6ef,---,[],"td M06HF/6-31g(d,p)",-8.11008084518,0.0136056919292,114,4.6124,-1425.6782012,4.0896,4.38333333333
/home/ccollins/allmols/4/opt/b3lyp/m06hf/13fi13ee4hl-12ii-.log,13fi13ee4hl-12ii-,---,[],"td M06HF/6-31g(d,p)",-7.62462975715,0.890628593688,112,3.2721,-1394.0559042,4.2136,2.98333333333
/home/ccollins/allmols/4/opt/b3lyp/m06hf/4ih4ih12ef-6ie.log,4ih4ih12ef-6ie,---,[],"td M06HF/6-31g(d,p)",-7.87497448865,0.431028320319,114,2.4283,-1395.0759954,4.0453,3.86666666667
/home/ccollins/allmols/4/opt/b3lyp/m06hf/4af13al-6if-6hl-.log,4af13al-6if-6hl-,---,[],"td M06HF/6-31g(d,p)",-7.42054437821,0.626406056422,110,6.6287,-1409.2350602,3.9940,2.6
/home/ccollins/allmols/4/opt/b3lyp/m06hf/13hh12el4de4hh-.log,13hh12el4de4hh-,---,[],"td M06HF/6-31g(d,p)",-7.40176852335,0.0179595133466,117,6.6604,-1481.24024,3.7244,3.28333333333
/home/ccollins/allmols/4/opt/b3lyp/m06hf/4ee4af6li-12le-.log,4ee4af6li-12le-,---,[],"td M06HF/6-31g(d,p)",-8.35253427536,0.391299699885,120,1.8866,-1510.8994016,4.2015,4.36666666667
/home/ccollins/allmols/4/opt/b3lyp/m06hf/6ll13id6ei13ea-.log,6ll13id6ei13ea-,---,[],"td M06HF/6-31g(d,p)",-7.92422709343,0.0674842319691,117,7.0052,-1465.2473932,4.0007,3.63333333333
/home/ccollins/allmols/4/opt/b3lyp/m06hf/6fh4ei4id-12le.log,6fh4ei4id-12le,---,[],"td M06HF/6-31g(d,p)",-8.42355598723,0.449532061342,120,3.0184,-1507.1362884,4.2236,4.15
/home/ccollins/allmols/4/opt/b3lyp/m06hf/12df4ii-12id-4da.log,12df4ii-12id-4da,---,[],"td M06HF/6-31g(d,p)",-9.0023421219,-0.134152122422,109,4.3073,-1390.5328901,4.6405,3.7
/home/ccollins/allmols/4/opt/b3lyp/m06hf/6el6fi4dh12if.log,6el6fi4dh12if,---,[],"td M06HF/6-31g(d,p)",-8.22736190961,0.217691070868,118,4.3131,-1522.2465816,4.2613,3.73333333333
/home/ccollins/allmols/4/opt/b3lyp/m06hf/13ll12fi-13ae-13ld.log,13ll12fi-13ae-13ld,---,[],"td M06HF/6-31g(d,p)",-7.13292005083,1.04763827855,113,1.5102,-1483.1165844,4.0513,2.91666666667
/home/ccollins/allmols/4/opt/b3lyp/m06hf/4he4ih-4ad-6hl-.log,4he4ih-4ad-6hl-,---,[],"td M06HF/6-31g(d,p)",-8.24314451225,0.376061324924,117,7.1750,-1429.4203989,4.3020,4.4
/home/ccollins/allmols/4/opt/b3lyp/m06hf/4ai6fi-13ei13ie-.log,4ai6fi-13ei13ie-,---,[],"td M06HF/6-31g(d,p)",-7.76748952241,0.721645899927,107,5.0559,-1281.8205263,4.2388,3.11666666667
/home/ccollins/allmols/4/opt/b3lyp/m06hf/4lh12ee-6hd-13ai.log,4lh12ee-6hd-13ai,---,[],"td M06HF/6-31g(d,p)",-7.78980285717,-0.0530621985241,113,7.3002,-1425.9383226,3.7491,2.75
/home/ccollins/allmols/4/opt/b3lyp/m06hf/4de4df-13ee-4fi-.log,4de4df-13ee-4fi-,---,[],"td M06HF/6-31g(d,p)",-8.04586197928,-0.318917418822,120,11.0528,-1505.6960962,4.1715,5.05
/home/ccollins/allmols/4/opt/b3lyp/m06hf/6hf12al-12ad-4eh.log,6hf12al-12ad-4eh,---,[],"td M06HF/6-31g(d,p)",-7.8104835089,0.304767499215,107,6.3548,-1405.5104366,3.9917,2.11666666667
/home/ccollins/allmols/4/opt/b3lyp/m06hf/12ea4ai-4ea-4ad.log,12ea4ai-4ea-4ad,---,[],"td M06HF/6-31g(d,p)",-8.51090452942,0.31157034518,100,4.2817,-1206.7874187,4.2445,2.95
/home/ccollins/allmols/4/opt/b3lyp/m06hf/6ee4fe-12dd13dh-.log,6ee4fe-12dd13dh-,---,[],"td M06HF/6-31g(d,p)",-8.54410241773,-0.659331830891,119,10.7999,-1552.5421483,3.9468,4.18333333333
/home/ccollins/allmols/4/opt/b3lyp/m06hf/12af12ad-13ld-12ad-.log,12af12ad-13ld-12ad-,---,[],"td M06HF/6-31g(d,p)",-8.16831320664,-0.251433186852,99,6.7558,-1362.8096698,3.8512,1.68333333333
/home/ccollins/allmols/4/opt/b3lyp/m06hf/13ee4eh12de-12fh-.log,13ee4eh12de-12fh-,---,[],"td M06HF/6-31g(d,p)",-8.08368580284,-0.134152122422,121,10.9198,-1580.1665459,3.8834,4.3
/home/ccollins/allmols/4/opt/b3lyp/m06hf/4fa13ee-13de-12hh-.log,4fa13ee-13de-12hh-,---,[],"td M06HF/6-31g(d,p)",-7.5579618667,0.670760612112,108,8.0219,-1385.3548114,4.1539,3.53333333333
/home/ccollins/allmols/4/opt/b3lyp/m06hf/13if6af-13ei-4el-.log,13if6af-13ei-4el-,---,[],"td M06HF/6-31g(d,p)",-7.60748658532,0.512934585733,111,4.9388,-1392.8795648,3.9731,2.91666666667
/home/ccollins/allmols/4/opt/b3lyp/m06hf/6ef6eh-4fd13id-.log,6ef6eh-4fd13id-,---,[],"td M06HF/6-31g(d,p)",-8.70601015169,-0.166805783053,118,7.1687,-1516.962915,4.1948,4.68333333333
/home/ccollins/allmols/4/opt/b3lyp/m06hf/13dl4ae6id-13il.log,13dl4ae6id-13il,---,[],"td M06HF/6-31g(d,p)",-8.33403053434,0.259052374333,117,5.6905,-1465.2745166,4.2795,3.88333333333
/home/ccollins/allmols/4/opt/b3lyp/m06hf/4ei12fh13ee12hi.log,4ei12fh13ee12hi,---,[],"td M06HF/6-31g(d,p)",-7.26489526254,0.643821342092,110,5.2051,-1391.5841177,3.9194,2.6
/home/ccollins/allmols/4/opt/b3lyp/m06hf/6ad12af6fa4ha.log,6ad12af6fa4ha,---,[],"td M06HF/6-31g(d,p)",-8.13157783843,-0.413068806972,96,1.6663,-1253.0098947,3.8174,2.38333333333
/home/ccollins/allmols/4/opt/b3lyp/m06hf/13ea4ll4hh-6hh.log,13ea4ll4hh-6hh,---,[],"td M06HF/6-31g(d,p)",-8.21647735607,-0.114287812206,121,8.5720,-1522.9095669,4.2042,4.98333333333
/home/ccollins/allmols/4/opt/b3lyp/m06hf/6il13ad4de12di.log,6il13ad4de12di,---,[],"td M06HF/6-31g(d,p)",-8.47743452727,-0.597289875694,115,12.5008,-1462.8624983,4.0821,3.71666666667
/home/ccollins/allmols/4/opt/b3lyp/m06hf/12ea12hi13al-12la.log,12ea12hi13al-12la,---,[],"td M06HF/6-31g(d,p)",-6.97291711374,1.06233242584,99,2.2660,-1296.206888,3.9358,1.56666666667
/home/ccollins/allmols/4/opt/b3lyp/m06hf/13ed12fd4ll4fi-.log,13ed12fd4ll4fi-,---,[],"td M06HF/6-31g(d,p)",-7.39904738496,0.622596462682,115,6.2692,-1448.2334379,4.0839,3.63333333333
/home/ccollins/allmols/4/opt/b3lyp/m06hf/6di12he6ah13li.log,6di12he6ah13li,---,[],"td M06HF/6-31g(d,p)",-7.55877820821,0.183676841045,111,6.2752,-1405.1214198,3.8018,3.06666666667
/home/ccollins/allmols/4/opt/b3lyp/m06hf/4ih4fa4al-6eh-.log,4ih4fa4al-6eh-,---,[],"td M06HF/6-31g(d,p)",-8.12504710631,0.788585904219,111,4.7264,-1357.0423978,4.2504,3.06666666667
/home/ccollins/allmols/4/opt/b3lyp/m06hf/13dl12da13hh13di-.log,13dl12da13hh13di-,---,[],"td M06HF/6-31g(d,p)",-7.67769195567,0.245174568565,107,5.9150,-1397.92665,3.8610,2.05
/home/ccollins/allmols/4/opt/b3lyp/m06hf/13dl6ld13ah13ii.log,13dl6ld13ah13ii,---,[],"td M06HF/6-31g(d,p)",-7.37755039171,0.0125172365749,112,7.8566,-1422.4381816,3.5966,1.85
/home/ccollins/allmols/4/opt/b3lyp/m06hf/13da12ha12fa-13ie-.log,13da12ha12fa-13ie-,---,[],"td M06HF/6-31g(d,p)",-7.30081428923,0.634297357741,93,7.8398,-1214.8257199,3.8400,1.46666666667
/home/ccollins/allmols/4/opt/b3lyp/m06hf/4ei4ih12hh-12ie-.log,4ei4ih12hh-12ie-,---,[],"td M06HF/6-31g(d,p)",-7.41401364608,1.15784438318,111,3.6387,-1356.9570609,4.1738,3.41666666667
/home/ccollins/allmols/4/opt/b3lyp/m06hf/6hi12ei-12fe13hd.log,6hi12ei-12fe13hd,---,[],"td M06HF/6-31g(d,p)",-7.49483145614,0.65388955412,110,5.2300,-1423.7093652,3.9216,2.41666666667
/home/ccollins/allmols/4/opt/b3lyp/m06hf/13ai12hf-4fe6ai-.log,13ai12hf-4fe6ai-,---,[],"td M06HF/6-31g(d,p)",-7.31523632268,0.429123523448,101,3.8406,-1277.4274465,4.0146,2.26666666667
/home/ccollins/allmols/4/opt/b3lyp/m06hf/4ih12hd-12lh-4if.log,4ih12hd-12lh-4if,---,[],"td M06HF/6-31g(d,p)",-7.5960578041,0.230480421281,113,5.7845,-1447.2805378,3.7423,3.01666666667
/home/ccollins/allmols/4/opt/b3lyp/m06hf/4fe4ia13ef-4hd-.log,4fe4ia13ef-4hd-,---,[],"td M06HF/6-31g(d,p)",-8.02001116461,0.48653954339,112,5.9660,-1392.6843203,4.2233,3.96666666667
/home/ccollins/allmols/4/opt/b3lyp/m06hf/6he4fh-13ii-6ha-.log,6he4fh-13ii-6ha-,---,[],"td M06HF/6-31g(d,p)",-7.60966349603,1.0106307965,108,3.0016,-1331.1924309,4.2513,2.66666666667
/home/ccollins/allmols/4/opt/b3lyp/m06hf/12le4he13hf-13ai-.log,12le4he13hf-13ai-,---,[],"td M06HF/6-31g(d,p)",-7.15060745033,0.620963779651,108,3.5219,-1370.7811766,3.8490,2.25
/home/ccollins/allmols/4/opt/b3lyp/m06hf/4ie12df-4ii-4dh-.log,4ie12df-4ii-4dh-,---,[],"td M06HF/6-31g(d,p)",-8.50138054507,0.250344731498,116,8.3185,-1432.0123343,4.1664,3.48333333333
/home/ccollins/allmols/4/opt/b3lyp/m06hf/4ae6hf13fe-12ei-.log,4ae6hf13fe-12ei-,---,[],"td M06HF/6-31g(d,p)",-7.45102112813,0.578241906993,109,2.8093,-1390.4111718,3.9012,2.88333333333
/home/ccollins/allmols/4/opt/b3lyp/m06hf/4aa12if6ad-13he-.log,4aa12if6ad-13he-,---,[],"td M06HF/6-31g(d,p)",-7.7307541542,-0.0359190266932,99,4.4525,-1255.1512264,3.6372,1.98333333333
/home/ccollins/allmols/4/opt/b3lyp/m06hf/4ef13li4la-12ih.log,4ef13li4la-12ih,---,[],"td M06HF/6-31g(d,p)",-7.26870485628,0.807361759081,113,3.9515,-1415.1776928,4.1175,2.9
/home/ccollins/allmols/4/opt/b3lyp/m06hf/6ll12eh13ai4fh-.log,6ll12eh13ai4fh-,---,[],"td M06HF/6-31g(d,p)",-6.92720198886,0.622324348844,113,3.5045,-1447.2445812,3.7632,2.7
/home/ccollins/allmols/4/opt/b3lyp/m06hf/6fi4da4al-12ei.log,6fi4da4al-12ei,---,[],"td M06HF/6-31g(d,p)",-8.43117517471,0.129798301005,110,1.9922,-1375.6748031,4.2393,3.35
/home/ccollins/allmols/4/opt/b3lyp/m06hf/6he13da-12hh12fl.log,6he13da-12hh12fl,---,[],"td M06HF/6-31g(d,p)",-7.21509843008,0.603004266304,108,11.6501,-1438.7818559,3.9004,1.98333333333
/home/ccollins/allmols/4/opt/b3lyp/m06hf/6di6hi6dl-6hd.log,6di6hi6dl-6hd,---,[],"td M06HF/6-31g(d,p)",-8.69893519188,-0.35565278703,123,11.0435,-1569.8035958,4.1657,4.21666666667
/home/ccollins/allmols/4/opt/b3lyp/m06hf/13lh12al-4ff-13fe-.log,13lh12al-4ff-13fe-,---,[],"td M06HF/6-31g(d,p)",-6.98897183021,1.01171925186,110,3.4710,-1464.8749622,3.9268,1.56666666667
/home/ccollins/allmols/4/opt/b3lyp/m06hf/13hf4de-6af6ha-.log,13hf4de-6af6ha-,---,[],"td M06HF/6-31g(d,p)",-8.18817751686,-0.423681246677,106,4.0327,-1364.6412368,3.9401,2.45
/home/ccollins/allmols/4/opt/b3lyp/m06hf/6hi6hd-4hf-4hi.log,6hi6hd-4hf-4hi,---,[],"td M06HF/6-31g(d,p)",-7.90164164483,0.383136284728,115,8.5761,-1424.6834731,4.2265,3.61666666667
/home/ccollins/allmols/4/opt/b3lyp/m06hf/6af4dd13la-12ha-.log,6af4dd13la-12ha-,---,[],"td M06HF/6-31g(d,p)",-7.50571600969,-0.468035802366,103,4.3503,-1346.4163683,3.4173,2.56666666667
/home/ccollins/allmols/4/opt/b3lyp/m06hf/13hi6ef-12dh-12fe-.log,13hi6ef-12dh-12fe-,---,[],"td M06HF/6-31g(d,p)",-7.69156976144,0.0565996784257,110,4.8124,-1459.5717693,3.8428,2.76666666667
/home/ccollins/allmols/4/opt/b3lyp/m06hf/12dl12dl-4af-13hh.log,12dl12dl-4af-13hh,---,[],"td M06HF/6-31g(d,p)",-7.34870632482,0.0438103280122,112,4.5581,-1497.970367,3.8020,2.11666666667
/home/ccollins/allmols/4/opt/b3lyp/m06hf/13fa4la-6fe-4aa-.log,13fa4la-6fe-4aa-,---,[],"td M06HF/6-31g(d,p)",-8.10137320235,0.305039613054,100,3.8410,-1260.1922735,4.2415,1.93333333333
/home/ccollins/allmols/4/opt/b3lyp/m06hf/6ef13al4fi-6fe-.log,6ef13al4fi-6fe-,---,[],"td M06HF/6-31g(d,p)",-7.89102920512,0.585861094473,114,4.2881,-1466.8654032,4.2405,3.55
/home/ccollins/allmols/4/opt/b3lyp/m06hf/12hh12ed13hh-12ef.log,12hh12ed13hh-12ef,---,[],"td M06HF/6-31g(d,p)",-7.17781883419,0.32109432953,107,7.4239,-1437.4904715,3.4918,2.18333333333
/home/ccollins/allmols/4/opt/b3lyp/m06hf/6dl4da-4ah-13fl.log,6dl4da-4ah-13fl,---,[],"td M06HF/6-31g(d,p)",-7.81347676113,0.072110167225,114,8.0919,-1463.1262821,4.3601,3.36666666667
/home/ccollins/allmols/4/opt/b3lyp/m06hf/13ef13le12ae4la-.log,13ef13le12ae4la-,---,[],"td M06HF/6-31g(d,p)",-7.83334107134,0.757020698943,116,4.9024,-1489.1810182,4.2811,3.81666666667
/home/ccollins/allmols/4/opt/b3lyp/m06hf/6fl12ii4el-12il.log,6fl12ii4el-12il,---,[],"td M06HF/6-31g(d,p)",-7.81755846871,0.643821342092,121,5.0398,-1549.4879948,4.2620,3.83333333333
/home/ccollins/allmols/4/opt/b3lyp/m06hf/4ai13ah13eh-13id.log,4ai13ah13eh-13id,---,[],"td M06HF/6-31g(d,p)",-7.19713891673,0.897703553492,100,7.7400,-1216.6638258,3.9643,2.56666666667
/home/ccollins/allmols/4/opt/b3lyp/m06hf/12ae6fi12da-12da.log,12ae6fi12da-12da,---,[],"td M06HF/6-31g(d,p)",-8.59906941312,-0.445178239925,98,7.5246,-1309.6522416,4.0273,1.95
/home/ccollins/allmols/4/opt/b3lyp/m06hf/6hi6ai-12fa6fa.log,6hi6ai-12fa6fa,---,[],"td M06HF/6-31g(d,p)",-8.07470604617,0.402728481106,98,6.5762,-1255.4350242,4.2305,1.9
/home/ccollins/allmols/4/opt/b3lyp/m06hf/13ha13fd6eh-12ad-.log,13ha13fd6eh-12ad-,---,[],"td M06HF/6-31g(d,p)",-7.61320097593,-0.365720999058,102,5.0646,-1341.3295914,3.6816,2.08333333333
/home/ccollins/allmols/4/opt/b3lyp/m06hf/4ea13li6fl13lf-.log,4ea13li6fl13lf-,---,[],"td M06HF/6-31g(d,p)",-7.54353983325,0.485723201874,117,2.5065,-1506.3951306,3.9567,2.7
/home/ccollins/allmols/4/opt/b3lyp/m06hf/12hd6ae13he13hi.log,12hd6ae13he13hi,---,[],"td M06HF/6-31g(d,p)",-7.04040134571,-0.0636746382289,106,4.1737,-1344.6969956,3.2715,2.56666666667
/home/ccollins/allmols/4/opt/b3lyp/m06hf/13le6fe6dd6lf-.log,13le6fe6dd6lf-,---,[],"td M06HF/6-31g(d,p)",-8.78492316488,-0.62504548723,126,4.9054,-1667.3163416,4.2166,4.76666666667
/home/ccollins/allmols/4/opt/b3lyp/m06hf/13de13lf4dh-6af.log,13de13lf4dh-6af,---,[],"td M06HF/6-31g(d,p)",-8.14736044107,-0.0108845535434,113,11.7619,-1477.902507,4.1373,3.53333333333
/home/ccollins/allmols/4/opt/b3lyp/m06hf/13le12ae4ai4lf-.log,13le12ae4ai4lf-,---,[],"td M06HF/6-31g(d,p)",-7.34598518644,0.651712643411,107,5.1832,-1374.9109403,4.0776,2.15
/home/ccollins/allmols/4/opt/b3lyp/m06hf/13el6ll6fi-12id.log,13el6ll6fi-12id,---,[],"td M06HF/6-31g(d,p)",-7.36748217969,1.16736836753,112,3.7940,-1358.1724957,4.2635,4.25
/home/ccollins/allmols/4/opt/b3lyp/m06hf/4fi6al-4ll13dl.log,4fi6al-4ll13dl,---,[],"td M06HF/6-31g(d,p)",-8.23960703235,0.49796832461,124,4.4221,-1583.8516486,4.4869,4.23333333333
/home/ccollins/allmols/4/opt/b3lyp/m06hf/4dd13da-6ha12ea.log,4dd13da-6ha12ea,---,[],"td M06HF/6-31g(d,p)",-8.3541669584,-0.871852738826,103,6.0690,-1325.1169546,3.8842,2.48333333333
/home/ccollins/allmols/4/opt/b3lyp/m06hf/13ff4fd-12fi13de-.log,13ff4fd-12fi13de-,---,[],"td M06HF/6-31g(d,p)",-7.89755993725,-0.357557583901,110,3.9875,-1479.5223232,3.6760,2.58333333333
/home/ccollins/allmols/4/opt/b3lyp/m06hf/13lf6dd-6ah-6il.log,13lf6dd-6ah-6il,---,[],"td M06HF/6-31g(d,p)",-8.53866014096,-0.80001468544,118,8.2564,-1534.4889939,3.8837,2.71666666667
/home/ccollins/allmols/4/opt/b3lyp/m06hf/13hd12ff13dh-4if.log,13hd12ff13dh-4if,---,[],"td M06HF/6-31g(d,p)",-7.72259073904,0.181227816498,108,8.2780,-1438.8628112,3.7928,2.13333333333
/home/ccollins/allmols/4/opt/b3lyp/m06hf/13ha12fl13af13dd-.log,13ha12fl13af13dd-,---,[],"td M06HF/6-31g(d,p)",-7.55877820821,0.333611566105,101,11.9322,-1361.4298198,3.8217,1.7
/home/ccollins/allmols/4/opt/b3lyp/m06hf/6ai6dh-13di6fi-.log,6ai6dh-13di6fi-,---,[],"td M06HF/6-31g(d,p)",-8.59988575464,-0.0617698413588,110,4.9473,-1384.1531797,4.1712,3.98333333333
/home/ccollins/allmols/4/opt/b3lyp/m06hf/6il13ie-6id4he.log,6il13ie-6id4he,---,[],"td M06HF/6-31g(d,p)",-7.97484026741,0.206806517325,120,8.7561,-1467.4558621,4.1603,4.4
/home/ccollins/allmols/4/opt/b3lyp/m06hf/12la6df13fd4hi-.log,12la6df13fd4hi-,---,[],"td M06HF/6-31g(d,p)",-8.21647735607,-0.0557833369099,111,1.9799,-1460.9261301,4.1138,2.51666666667
/home/ccollins/allmols/4/opt/b3lyp/m06hf/6hi13ed6ha12dl.log,6hi13ed6ha12dl,---,[],"td M06HF/6-31g(d,p)",-8.29484614158,-0.286263758191,113,8.5594,-1458.0597317,4.0262,3.38333333333
/home/ccollins/allmols/4/opt/b3lyp/m06hf/6eh6ei4fd-13le-.log,6eh6ei4fd-13le-,---,[],"td M06HF/6-31g(d,p)",-8.4064128154,0.314019369727,122,6.8930,-1540.1594983,4.1605,5.01666666667
/home/ccollins/allmols/4/opt/b3lyp/m06hf/6ah6ed12ha13fh-.log,6ah6ed12ha13fh-,---,[],"td M06HF/6-31g(d,p)",-7.40340120638,-0.0527900846855,103,5.7556,-1342.5377066,3.4614,2.1
/home/ccollins/allmols/4/opt/b3lyp/m06hf/12df4ei4if-13al.log,12df4ei4if-13al,---,[],"td M06HF/6-31g(d,p)",-7.74708098451,0.335516362975,111,4.4354,-1412.7602783,4.3801,3.58333333333
/home/ccollins/allmols/4/opt/b3lyp/m06hf/6le6fd-12ha-6ff-.log,6le6fd-12ha-6ff-,---,[],"td M06HF/6-31g(d,p)",-8.05429750827,-0.491165478646,114,3.8715,-1534.8859889,3.5499,2.4
/home/ccollins/allmols/4/opt/b3lyp/m06hf/6he6al-12he-6hf.log,6he6al-12he-6hf,---,[],"td M06HF/6-31g(d,p)",-7.30380754146,0.207078631163,114,6.2359,-1479.0725872,3.5826,2.8
/home/ccollins/allmols/4/opt/b3lyp/m06hf/12fe4hh6il13df.log,12fe4hh6il13df,---,[],"td M06HF/6-31g(d,p)",-8.00803815572,0.343135550456,115,3.7172,-1500.1694544,4.0499,2.58333333333
/home/ccollins/allmols/4/opt/b3lyp/m06hf/12el12ii13df-13ae-.log,12el12ii13df-13ae-,---,[],"td M06HF/6-31g(d,p)",-7.77048277463,0.663957766147,107,7.7022,-1389.4078749,4.1842,2.51666666667
/home/ccollins/allmols/4/opt/b3lyp/m06hf/13dd4ll4ee13ae-.log,13dd4ll4ee13ae-,---,[],"td M06HF/6-31g(d,p)",-7.79932684152,0.790218587251,105,9.9808,-1316.7725689,4.3610,2.03333333333
/home/ccollins/allmols/4/opt/b3lyp/m06hf/6hi12ed-13fe-4ia-.log,6hi12ed-13fe-4ia-,---,[],"td M06HF/6-31g(d,p)",-7.89375034351,0.565452556579,109,6.7527,-1370.5961919,4.1871,3.18333333333
/home/ccollins/allmols/4/opt/b3lyp/m06hf/13hf6ff12de-4ia.log,13hf6ff12de-4ia,---,[],"td M06HF/6-31g(d,p)",-8.24042337387,-0.123267568879,107,2.1601,-1405.5289471,3.9974,2.33333333333
/home/ccollins/allmols/4/opt/b3lyp/m06hf/6ea13eh13aa-4ea-.log,6ea13eh13aa-4ea-,---,[],"td M06HF/6-31g(d,p)",-7.14244403518,0.529533529886,97,3.0274,-1180.8643741,3.8314,1.98333333333
/home/ccollins/allmols/4/opt/b3lyp/m06hf/13ee13de-4la6hi.log,13ee13de-4la6hi,---,[],"td M06HF/6-31g(d,p)",-7.88150522077,0.195377736104,114,10.9811,-1481.3171027,3.9267,3.83333333333
/home/ccollins/allmols/4/opt/b3lyp/m06hf/4ia13li-4di-12if-.log,4ia13li-4di-12if-,---,[],"td M06HF/6-31g(d,p)",-7.81075562274,0.314291483566,109,6.6600,-1340.0391803,4.1137,2.68333333333
/home/ccollins/allmols/4/opt/b3lyp/m06hf/6lh13dd-6fa6hd.log,6lh13dd-6fa6hd,---,[],"td M06HF/6-31g(d,p)",-8.60832128363,-0.528445074532,116,9.9687,-1528.318128,3.9238,3.36666666667
/home/ccollins/allmols/4/opt/b3lyp/m06hf/13fa12ih-12id-13ih-.log,13fa12ih-12id-13ih-,---,[],"td M06HF/6-31g(d,p)",-7.42816356569,0.890084366011,99,5.1400,-1272.6298944,4.0846,1.91666666667
/home/ccollins/allmols/4/opt/b3lyp/m06hf/4hd13ai-12li-6lf.log,4hd13ai-12li-6lf,---,[],"td M06HF/6-31g(d,p)",-7.21482631624,0.616337844395,113,3.1739,-1447.3060994,3.8275,3.06666666667
/home/ccollins/allmols/4/opt/b3lyp/m06hf/12dl12hf-13hi-13fl-.log,12dl12hf-13hi-13fl-,---,[],"td M06HF/6-31g(d,p)",-6.94380093301,1.05961128745,111,6.6891,-1498.185903,3.9045,2.23333333333
/home/ccollins/allmols/4/opt/b3lyp/m06hf/13hl12ia-13hl-13ae.log,13hl12ia-13hl-13ae,---,[],"td M06HF/6-31g(d,p)",-6.87277922114,1.30451374218,103,4.2616,-1311.8568338,4.0081,1.81666666667
/home/ccollins/allmols/4/opt/b3lyp/m06hf/13ah4lh12fd-4fe-.log,13ah4lh12fd-4fe-,---,[],"td M06HF/6-31g(d,p)",-7.30979404591,0.0922465912803,111,4.1302,-1444.8287002,3.7652,2.81666666667
/home/ccollins/allmols/4/opt/b3lyp/m06hf/6ha13eh-6fd-13fe13li.log,6ha13eh-6fd-13fe13li,---,[],"td M06HF/6-31g(d,p)",-7.43850389156,0.116736836753,138,9.0160,-1781.4638884,3.6595,3.31666666667
/home/ccollins/allmols/4/opt/b3lyp/m06hf/13ei13ei-12lh4ii.log,13ei13ei-12lh4ii,---,[],"td M06HF/6-31g(d,p)",-7.30952193207,0.59810621721,110,7.1813,-1411.4291696,3.9991,3.93333333333
/home/ccollins/allmols/4/opt/b3lyp/m06hf/12ef6la4if-12fe-.log,12ef6la4if-12fe-,---,[],"td M06HF/6-31g(d,p)",-7.9846363656,0.307216523762,111,2.4168,-1468.4338366,4.2323,3.05
/home/ccollins/allmols/4/opt/b3lyp/m06hf/12hf4hh-6dd13hh.log,12hf4hh-6dd13hh,---,[],"td M06HF/6-31g(d,p)",-7.91824058898,-0.466947347012,111,3.9375,-1453.2755682,3.5600,2.26666666667
/home/ccollins/allmols/4/opt/b3lyp/m06hf/6dh13ia-13fl13ae.log,6dh13ia-13fl13ae,---,[],"td M06HF/6-31g(d,p)",-7.20611867341,0.638923292997,104,6.6655,-1327.7204692,3.9138,2.2
/home/ccollins/allmols/4/opt/b3lyp/m06hf/13da4ei12ad13lf-.log,13da4ei12ad13lf-,---,[],"td M06HF/6-31g(d,p)",-8.08178100597,-0.0106124397048,106,9.1437,-1368.412074,4.0851,2.56666666667
/home/ccollins/allmols/4/opt/b3lyp/m06hf/13al12ea-13el6li.log,13al12ea-13el6li,---,[],"td M06HF/6-31g(d,p)",-7.0692454126,0.879199812468,112,2.6802,-1429.9372463,3.8873,2.9
/home/ccollins/allmols/4/opt/b3lyp/m06hf/4di6ae-13hh13li.log,4di6ae-13hh13li,---,[],"td M06HF/6-31g(d,p)",-7.09672891029,0.450892630535,111,6.9633,-1369.2400808,3.6131,2.75
/home/ccollins/allmols/4/opt/b3lyp/m06hf/6if13di-12ii-6fi.log,6if13di-12ii-6fi,---,[],"td M06HF/6-31g(d,p)",-8.15225849017,0.397014090495,109,6.7584,-1372.1510751,4.3161,3.01666666667
/home/ccollins/allmols/4/opt/b3lyp/m06hf/4he12ff6he4fi-.log,4he12ff6he4fi-,---,[],"td M06HF/6-31g(d,p)",-7.65211325485,0.512662471894,114,1.9539,-1466.858826,3.9723,3.18333333333
/home/ccollins/allmols/4/opt/b3lyp/m06hf/12hd13id-12id-12ed.log,12hd13id-12id-12ed,---,[],"td M06HF/6-31g(d,p)",-8.52070062761,-0.632120447033,111,7.4927,-1475.4380781,3.9090,2.28333333333
/home/ccollins/allmols/4/opt/b3lyp/m06hf/13al13dl-6fa6ee.log,13al13dl-6fa6ee,---,[],"td M06HF/6-31g(d,p)",-7.97375181205,0.125172365749,113,3.5776,-1461.7972449,4.0386,3.38333333333
/home/ccollins/allmols/4/opt/b3lyp/m06hf/13he6ai12lh-6fe.log,13he6ai12lh-6fe,---,[],"td M06HF/6-31g(d,p)",-7.84340928337,0.193472939234,111,5.3350,-1424.9195394,4.0381,3.31666666667
/home/ccollins/allmols/4/opt/b3lyp/m06hf/12eh12fh-4hf12ll.log,12eh12fh-4hf12ll,---,[],"td M06HF/6-31g(d,p)",-7.1348248477,0.788858018058,114,3.5849,-1540.0293154,3.8691,2.25
/home/ccollins/allmols/4/opt/b3lyp/m06hf/6af13hi-12ah12fd.log,6af13hi-12ah12fd,---,[],"td M06HF/6-31g(d,p)",-7.29074607721,0.750489966817,98,3.8138,-1307.3353754,3.9261,1.63333333333
/home/ccollins/allmols/4/opt/b3lyp/m06hf/4li12ll12fl13ia.log,4li12ll12fl13ia,---,[],"td M06HF/6-31g(d,p)",-7.23169737423,0.989405917095,116,1.9525,-1510.4267825,4.0580,2.06666666667
/home/ccollins/allmols/4/opt/b3lyp/m06hf/12ih13ai-12hh-12ih-.log,12ih13ai-12hh-12ih-,---,[],"td M06HF/6-31g(d,p)",-6.85618027699,1.5162183086,97,3.1048,-1235.7278485,4.1725,1.45
/home/ccollins/allmols/4/opt/b3lyp/m06hf/4ai12ll6hi-6al-.log,4ai12ll6hi-6al-,---,[],"td M06HF/6-31g(d,p)",-7.77538082373,0.533343123626,114,6.5039,-1432.464797,4.0886,3.06666666667
/home/ccollins/allmols/4/opt/b3lyp/m06hf/12fa13fi-12ed-13di-.log,12fa13fi-12ed-13di-,---,[],"td M06HF/6-31g(d,p)",-7.70191008731,0.0538785400398,103,7.9673,-1366.1974766,3.8335,2.2
/home/ccollins/allmols/4/opt/b3lyp/m06hf/4il12ih-12ah13la-.log,4il12ih-12ah13la-,---,[],"td M06HF/6-31g(d,p)",-6.74733474155,1.10097259091,104,2.9193,-1316.9470898,3.9384,1.75
/home/ccollins/allmols/4/opt/b3lyp/m06hf/6ea13ae13de4fl-.log,6ea13ae13de4fl-,---,[],"td M06HF/6-31g(d,p)",-7.92123384121,0.591303371245,111,9.2599,-1407.4286891,4.2105,3.15
/home/ccollins/allmols/4/opt/b3lyp/m06hf/4af12ea-12ah-6fl.log,4af12ea-12ah-6fl,---,[],"td M06HF/6-31g(d,p)",-7.5459888578,0.424497588192,101,4.5641,-1333.1473552,3.8678,1.68333333333
/home/ccollins/allmols/4/opt/b3lyp/m06hf/12ef6hh-13ea-13ha-.log,12ef6hh-13ea-13ha-,---,[],"td M06HF/6-31g(d,p)",-7.16013143468,0.456879134984,100,2.6888,-1288.3711322,3.6283,1.95
/home/ccollins/allmols/4/opt/b3lyp/m06hf/12ei6ef13ea-4ee.log,12ei6ef13ea-4ee,---,[],"td M06HF/6-31g(d,p)",-7.96939799064,0.134968463938,113,0.6841,-1412.1336972,4.0300,3.48333333333
/home/ccollins/allmols/4/opt/b3lyp/m06hf/12ff6dh6lf-4hd-.log,12ff6dh6lf-4hd-,---,[],"td M06HF/6-31g(d,p)",-8.66600941741,-0.0579602476186,118,13.2484,-1590.2488053,4.3293,3.18333333333
/home/ccollins/allmols/4/opt/b3lyp/m06hf/4fl6hi-6dh-6ia.log,4fl6hi-6dh-6ia,---,[],"td M06HF/6-31g(d,p)",-8.52831981509,0.472117509945,115,6.8023,-1444.5120909,4.5348,5.56666666667
/home/ccollins/allmols/4/opt/b3lyp/m06hf/4ia13di-4ha13dl.log,4ia13di-4ha13dl,---,[],"td M06HF/6-31g(d,p)",-8.23960703235,0.470484826913,107,5.1294,-1313.9780668,4.4909,2.76666666667
/home/ccollins/allmols/4/opt/b3lyp/m06hf/12ee6eh13ih12lf.log,12ee6eh13ih12lf,---,[],"td M06HF/6-31g(d,p)",-7.09291931655,0.342047095101,114,2.1584,-1482.7785515,3.7969,3.41666666667
/home/ccollins/allmols/4/opt/b3lyp/m06hf/6aa12le-4ef12af-.log,6aa12le-4ef12af-,---,[],"td M06HF/6-31g(d,p)",-8.04069181635,0.267760017168,103,2.9465,-1353.9212274,4.1770,2.46666666667
/home/ccollins/allmols/4/opt/b3lyp/m06hf/6fd4fe-6ii13lh.log,6fd4fe-6ii13lh,---,[],"td M06HF/6-31g(d,p)",-7.76585683937,0.370891161991,118,3.1994,-1502.3938745,4.2936,4.51666666667
/home/ccollins/allmols/4/opt/b3lyp/m06hf/6hi6ae-12eh12la-.log,6hi6ae-12eh12la-,---,[],"td M06HF/6-31g(d,p)",-8.00504490349,0.334427907621,107,4.7677,-1369.5568523,4.1736,2.58333333333
/home/ccollins/allmols/4/opt/b3lyp/m06hf/6el13ah-6hd12il-.log,6el13ah-6hd12il-,---,[],"td M06HF/6-31g(d,p)",-7.53374373506,0.320550101853,115,8.0711,-1480.3072441,3.8246,2.45
/home/ccollins/allmols/4/opt/b3lyp/m06hf/13al6ah-4af-13la.log,13al6ah-4af-13la,---,[],"td M06HF/6-31g(d,p)",-7.17047176055,0.868587372763,99,3.1061,-1256.6233055,4.0928,1.88333333333
/home/ccollins/allmols/4/opt/b3lyp/m06hf/12fd4ll-12le6ef.log,12fd4ll-12le6ef,---,[],"td M06HF/6-31g(d,p)",-7.51768901859,0.622868576521,103,1.4809,-1335.6282264,4.1918,1.83333333333
/home/ccollins/allmols/4/opt/b3lyp/m06hf/13ei4dd6ie13ie.log,13ei4dd6ie13ie,---,[],"td M06HF/6-31g(d,p)",-8.33974492495,-0.718380533864,117,2.7745,-1427.881318,4.1911,4.6
/home/ccollins/allmols/4/opt/b3lyp/m06hf/13hi6aa-6ff-4al-.log,13hi6aa-6ff-4al-,---,[],"td M06HF/6-31g(d,p)",-7.91932904434,0.0702053703549,102,3.9289,-1294.7466841,3.9511,2.38333333333
/home/ccollins/allmols/4/opt/b3lyp/m06hf/4fd4ih12ei-13il-.log,4fd4ih12ei-13il-,---,[],"td M06HF/6-31g(d,p)",-7.61347308977,0.493614503193,115,3.9801,-1432.2163557,4.0254,3.26666666667
/home/ccollins/allmols/4/opt/b3lyp/m06hf/6li12ai-13fi12ed-.log,6li12ai-13fi12ed-,---,[],"td M06HF/6-31g(d,p)",-7.45347015268,0.373340186538,108,4.9097,-1390.6888961,3.8098,2.38333333333
/home/ccollins/allmols/4/opt/b3lyp/m06hf/13al6ee-13ha12ee.log,13al6ee-13ha12ee,---,[],"td M06HF/6-31g(d,p)",-7.09591256878,0.132791553229,108,3.6651,-1369.2447789,3.4995,2.41666666667
/home/ccollins/allmols/4/opt/b3lyp/m06hf/13ih4fl6ee4hh-.log,13ih4fl6ee4hh-,---,[],"td M06HF/6-31g(d,p)",-7.74544830148,0.201092126714,110,8.0366,-1403.8863765,3.9500,3.58333333333
/home/ccollins/allmols/4/opt/b3lyp/m06hf/4ee13ih13ad12fh-.log,4ee13ih13ad12fh-,---,[],"td M06HF/6-31g(d,p)",-7.22924834969,0.21143245258,106,8.7329,-1348.5160845,3.9334,2.46666666667
/home/ccollins/allmols/4/opt/b3lyp/m06hf/4fd6hl12il6lh-.log,4fd6hl12il6lh-,---,[],"td M06HF/6-31g(d,p)",-7.66626317445,0.545588246363,124,7.5889,-1615.9195605,4.0939,4.71666666667
/home/ccollins/allmols/4/opt/b3lyp/m06hf/12fl6aa-4ef13il-.log,12fl6aa-4ef13il-,---,[],"td M06HF/6-31g(d,p)",-7.72640033278,0.0887091113787,109,3.4416,-1411.7445697,4.1132,2.58333333333
/home/ccollins/allmols/4/opt/b3lyp/m06hf/6ai4ad6hd-6fh.log,6ai4ad6hd-6fh,---,[],"td M06HF/6-31g(d,p)",-8.27525394521,-0.332523110751,109,10.5166,-1382.9557966,3.9494,3.28333333333
/home/ccollins/allmols/4/opt/b3lyp/m06hf/6fh13dl-6fe12ae.log,6fh13dl-6fe12ae,---,[],"td M06HF/6-31g(d,p)",-8.11633946347,0.035374799016,113,4.5734,-1497.7048083,3.9911,2.68333333333
/home/ccollins/allmols/4/opt/b3lyp/m06hf/12el6if4lf-12fd.log,12el6if4lf-12fd,---,[],"td M06HF/6-31g(d,p)",-6.77753937763,0.68844801162,106,6.2008,-1417.9633098,3.5312,2.06666666667
/home/ccollins/allmols/4/opt/b3lyp/m06hf/12fa12ld12ee4fh-.log,12fa12ld12ee4fh-,---,[],"td M06HF/6-31g(d,p)",-7.83851123428,0.036735368209,110,2.0777,-1483.2136948,3.8260,2.35
/home/ccollins/allmols/4/opt/b3lyp/m06hf/4el12lh6ff-4ld.log,4el12lh6ff-4ld,---,[],"td M06HF/6-31g(d,p)",-7.7272166743,0.191840256202,126,7.3334,-1656.5820193,3.8788,5.7
/home/ccollins/allmols/4/opt/b3lyp/m06hf/13al4ei6eh13al.log,13al4ei6eh13al,---,[],"td M06HF/6-31g(d,p)",-7.70109374579,0.872396966503,111,2.9227,-1372.9906535,4.2184,3.28333333333
/home/ccollins/allmols/4/opt/b3lyp/m06hf/4fi13da6ea-4eh.log,4fi13da6ea-4eh,---,[],"td M06HF/6-31g(d,p)",-8.29947207684,0.0489804909453,108,6.6197,-1333.5195631,4.2744,3.65
/home/ccollins/allmols/4/opt/b3lyp/m06hf/6ed13ie-13dd-6ie-.log,6ed13ie-13dd-6ie-,---,[],"td M06HF/6-31g(d,p)",-8.64587299336,-0.648447277348,119,11.4939,-1496.8270768,4.1516,4.16666666667
/home/ccollins/allmols/4/opt/b3lyp/m06hf/12hl13ed-4ff-6da-.log,12hl13ed-4ff-6da-,---,[],"td M06HF/6-31g(d,p)",-8.02246018916,0.102042689469,113,1.5462,-1497.7364074,4.1667,3.1
/home/ccollins/allmols/4/opt/b3lyp/m06hf/4ah12ha6ih-12ah.log,4ah12ha6ih-12ah,---,[],"td M06HF/6-31g(d,p)",-7.43632698085,0.576064996284,95,6.3772,-1197.4490032,3.9894,1.88333333333
/home/ccollins/allmols/4/opt/b3lyp/m06hf/4fl13el-12ha-13fa-.log,4fl13el-12ha-13fa-,---,[],"td M06HF/6-31g(d,p)",-6.75522604287,0.958657053335,106,2.5271,-1389.69495,3.8731,2.81666666667
/home/ccollins/allmols/4/opt/b3lyp/m06hf/4fd6ee-6hl4il.log,4fd6ee-6hl4il,---,[],"td M06HF/6-31g(d,p)",-7.98300368257,-0.198915216006,127,5.6686,-1600.5831276,3.8278,4.6
/home/ccollins/allmols/4/opt/b3lyp/m06hf/4ah12ee4ii-13hd-.log,4ah12ee4ii-13hd-,---,[],"td M06HF/6-31g(d,p)",-7.9416423791,0.483546291165,109,5.2770,-1334.7071427,4.1923,3.5
/home/ccollins/allmols/4/opt/b3lyp/m06hf/12ad13fi13ih-6ei.log,12ad13fi13ih-6ei,---,[],"td M06HF/6-31g(d,p)",-7.42707511034,0.476199217524,104,6.0618,-1311.6870661,3.8783,2.36666666667
/home/ccollins/allmols/4/opt/b3lyp/m06hf/6ha12if-12id-13ei-.log,6ha12if-12id-13ei-,---,[],"td M06HF/6-31g(d,p)",-7.80993928123,0.422592791322,104,6.9182,-1331.541969,4.0271,2.53333333333
/home/ccollins/allmols/4/opt/b3lyp/m06hf/12eh6fh13hf-13hf-.log,12eh6fh13hf-13hf-,---,[],"td M06HF/6-31g(d,p)",-6.77753937763,0.688720125458,106,6.1977,-1417.963306,3.5312,2.06666666667
/home/ccollins/allmols/4/opt/b3lyp/m06hf/4he4da13li12el-.log,4he4da13li12el-,---,[],"td M06HF/6-31g(d,p)",-7.78163944201,0.220956436931,117,4.1051,-1469.0245629,4.0601,3.26666666667
/home/ccollins/allmols/4/opt/b3lyp/m06hf/12il12li4ii6hd.log,12il12li4ii6hd,---,[],"td M06HF/6-31g(d,p)",-7.25319436748,0.502050032189,109,8.4123,-1372.0927908,3.9544,3.18333333333
/home/ccollins/allmols/4/opt/b3lyp/m06hf/6ef6dl13hl13de-.log,6ef6dl13hl13de-,---,[],"td M06HF/6-31g(d,p)",-7.87823985471,-0.243813999372,123,7.8409,-1609.3553303,3.6602,4.45
/home/ccollins/allmols/4/opt/b3lyp/m06hf/6df13dh6ha4fi.log,6df13dh6ha4fi,---,[],"td M06HF/6-31g(d,p)",-7.96667685225,-0.0438103280122,110,4.3140,-1420.0513458,3.9366,2.96666666667
/home/ccollins/allmols/4/opt/b3lyp/m06hf/12da12al4lh-4ed.log,12da12al4lh-4ed,---,[],"td M06HF/6-31g(d,p)",-8.05674653282,-0.0291161807286,113,6.2881,-1465.6412014,4.1277,2.68333333333
/home/ccollins/allmols/4/opt/b3lyp/m06hf/4li4dd-13hi-12ed-.log,4li4dd-13hi-12ed-,---,[],"td M06HF/6-31g(d,p)",-8.15307483168,-0.623140690359,119,4.9337,-1502.1537842,3.6439,3.35
/home/ccollins/allmols/4/opt/b3lyp/m06hf/12hh4lh13ed13ll-.log,12hh4lh13ed13ll-,---,[],"td M06HF/6-31g(d,p)",-7.51170251414,0.558649710615,120,8.5047,-1556.6823031,4.0563,3.53333333333
/home/ccollins/allmols/4/opt/b3lyp/m06hf/4eh6lf-6al6df.log,4eh6lf-6al6df,---,[],"td M06HF/6-31g(d,p)",-8.31062874422,-0.132791553229,121,4.9545,-1576.378077,4.3284,3.86666666667
/home/ccollins/allmols/4/opt/b3lyp/m06hf/4aa12dl13il-12id-.log,4aa12dl13il-12id-,---,[],"td M06HF/6-31g(d,p)",-7.83143627447,0.0601371583273,108,3.1361,-1390.7246146,4.0439,2.66666666667
/home/ccollins/allmols/4/opt/b3lyp/m06hf/13el13id6eh4df-.log,13el13id6eh4df-,---,[],"td M06HF/6-31g(d,p)",-8.08613482739,-0.0274834976971,119,6.5581,-1518.1602359,4.1569,3.9
/home/ccollins/allmols/4/opt/b3lyp/m06hf/12hl4ed12hi-13aa-.log,12hl4ed12hi-13aa-,---,[],"td M06HF/6-31g(d,p)",-7.36802640736,-0.08653220067,104,5.1899,-1331.5139022,3.4976,1.93333333333
/home/ccollins/allmols/4/opt/b3lyp/m06hf/12ad13ei-4da-13hh.log,12ad13ei-4da-13hh,---,[],"td M06HF/6-31g(d,p)",-7.84939578782,0.12490025191,102,11.0013,-1289.4125151,3.9991,2.66666666667
/home/ccollins/allmols/4/opt/b3lyp/m06hf/12da4he-4ah4af.log,12da4he-4ah4af,---,[],"td M06HF/6-31g(d,p)",-8.38355525296,0.435926369413,102,3.6618,-1277.2263433,4.2812,2.01666666667
/home/ccollins/allmols/4/opt/b3lyp/m06hf/12ih6ia-12ia-4he.log,12ih6ia-12ia-4he,---,[],"td M06HF/6-31g(d,p)",-7.55714552518,0.592663940438,101,5.0203,-1241.5250178,4.0506,2.31666666667
/home/ccollins/allmols/4/opt/b3lyp/m06hf/13de13dd13ha-4fi.log,13de13dd13ha-4fi,---,[],"td M06HF/6-31g(d,p)",-7.91606367827,0.332795224589,108,13.4643,-1381.6550816,3.9759,2.5
/home/ccollins/allmols/4/opt/b3lyp/m06hf/12he12ie13dl-6ld-.log,12he12ie13dl-6ld-,---,[],"td M06HF/6-31g(d,p)",-7.87769562703,-0.0054422767717,120,8.4948,-1575.0730907,3.8388,3.13333333333
/home/ccollins/allmols/4/opt/b3lyp/m06hf/4id13fl-13de-13ae.log,4id13fl-13de-13ae,---,[],"td M06HF/6-31g(d,p)",-7.66490260526,-0.222317006124,112,8.8090,-1424.7212298,3.7512,3.25
/home/ccollins/allmols/4/opt/b3lyp/m06hf/6id13el-13ah-4dd.log,6id13el-13ah-4dd,---,[],"td M06HF/6-31g(d,p)",-7.71361098237,-0.473750192976,115,3.3210,-1459.0370829,3.4546,3.06666666667
/home/ccollins/allmols/4/opt/b3lyp/m06hf/13ii6de6lh-13ea-.log,13ii6de6lh-13ea-,---,[],"td M06HF/6-31g(d,p)",-7.84068814499,-0.251433186852,113,4.3235,-1406.0819631,3.8871,3.3
/home/ccollins/allmols/4/opt/b3lyp/m06hf/6dh6af12di6dd-.log,6dh6af12di6dd-,---,[],"td M06HF/6-31g(d,p)",-9.2265639249,-1.053624783,114,7.0223,-1509.7974944,4.3059,3.28333333333
/home/ccollins/allmols/4/opt/b3lyp/m06hf/12ea12lf4ea-4af.log,12ea12lf4ea-4af,---,[],"td M06HF/6-31g(d,p)",-7.7759250514,0.190479687009,103,2.2142,-1337.8988361,3.9652,2.45
/home/ccollins/allmols/4/opt/b3lyp/m06hf/13ea13lh-4al4dl.log,13ea13lh-4al4dl,---,[],"td M06HF/6-31g(d,p)",-7.72123016985,0.909676562389,116,6.1751,-1445.6536465,4.3214,3.96666666667
/home/ccollins/allmols/4/opt/b3lyp/m06hf/12fh4ef13if6da-.log,12fh4ef13if6da-,---,[],"td M06HF/6-31g(d,p)",-7.6221807326,0.078640899351,107,2.8880,-1405.5285247,3.7929,2.3
/home/ccollins/allmols/4/opt/b3lyp/m06hf/6aa4dd13aa12hf.log,6aa4dd13aa12hf,---,[],"td M06HF/6-31g(d,p)",-7.56204357427,-0.606813860044,95,1.5907,-1231.9250895,3.4722,1.93333333333
/home/ccollins/allmols/4/opt/b3lyp/m06hf/13hf6fh6ef12fa-.log,13hf6fh6ef12fa-,---,[],"td M06HF/6-31g(d,p)",-7.90136953099,0.532526782111,105,4.2489,-1420.5602131,4.1609,2.53333333333
/home/ccollins/allmols/4/opt/b3lyp/m06hf/13fi13ad4dd12ii-.log,13fi13ad4dd12ii-,---,[],"td M06HF/6-31g(d,p)",-8.25566174883,-0.789130131896,106,4.4238,-1348.6213708,3.9516,2.13333333333
/home/ccollins/allmols/4/opt/b3lyp/m06hf/6hl12aa4le4ai-.log,6hl12aa4le4ai-,---,[],"td M06HF/6-31g(d,p)",-7.48694015483,0.618514755104,108,2.5913,-1338.7823635,4.0278,2.1
/home/ccollins/allmols/4/opt/b3lyp/m06hf/4ei6if6ee-4fe-.log,4ei6if6ee-4fe-,---,[],"td M06HF/6-31g(d,p)",-8.84043438795,0.114287812206,121,2.1823,-1490.8078197,4.0795,4.38333333333
/home/ccollins/allmols/4/opt/b3lyp/m06hf/6el12ih-4aa-12hi-.log,6el12ih-4aa-12hi-,---,[],"td M06HF/6-31g(d,p)",-7.13455273386,0.822872247881,105,5.8345,-1316.6933308,3.9922,2.18333333333
/home/ccollins/allmols/4/opt/b3lyp/m06hf/6eh12hh-13eh-6el.log,6eh12hh-13eh-6el,---,[],"td M06HF/6-31g(d,p)",-7.21537054392,0.557289141422,117,7.2943,-1497.233086,3.7059,4.01666666667
/home/ccollins/allmols/4/opt/b3lyp/m06hf/4el13af-4ae6dd-.log,4el13af-4ae6dd-,---,[],"td M06HF/6-31g(d,p)",-7.88177733461,-0.647630935832,114,4.2761,-1445.5661941,4.0339,3.18333333333
/home/ccollins/allmols/4/opt/b3lyp/m06hf/4da4ih-12di-13ad-.log,4da4ih-12di-13ad-,---,[],"td M06HF/6-31g(d,p)",-8.41920216582,-0.151567408092,105,5.9861,-1311.5516011,4.0584,2.65
/home/ccollins/allmols/4/opt/b3lyp/m06hf/6if13aa-12ia-13il-.log,6if13aa-12ia-13il-,---,[],"td M06HF/6-31g(d,p)",-7.12475663567,0.802191596148,96,2.1950,-1202.4954891,3.9469,1.71666666667
/home/ccollins/allmols/4/opt/b3lyp/m06hf/13ea13af4ef-4ff-.log,13ea13af4ef-4ff-,---,[],"td M06HF/6-31g(d,p)",-7.62190861876,0.597561989532,103,3.4022,-1334.1251473,4.1188,2.38333333333
/home/ccollins/allmols/4/opt/b3lyp/m06hf/13he4la4fh12fh.log,13he4la4fh12fh,---,[],"td M06HF/6-31g(d,p)",-7.37482925333,0.527084505339,111,3.4541,-1408.8818745,4.1561,3.3
/home/ccollins/allmols/4/opt/b3lyp/m06hf/6dl6aa-13ai6ii.log,6dl6aa-13ai6ii,---,[],"td M06HF/6-31g(d,p)",-7.83660643741,0.109117649273,104,9.5811,-1275.8775293,4.1006,2.6
/home/ccollins/allmols/4/opt/b3lyp/m06hf/13il13dd-13ad-13le-.log,13il13dd-13ad-13le-,---,[],"td M06HF/6-31g(d,p)",-8.01293620481,0.456879134984,113,12.1038,-1458.0378492,4.2336,3.61666666667
/home/ccollins/allmols/4/opt/b3lyp/m06hf/6dd6di-13af12fh-.log,6dd6di-13af12fh-,---,[],"td M06HF/6-31g(d,p)",-7.52258706768,-0.933078352508,109,2.8596,-1454.6680021,3.5804,2.81666666667
/home/ccollins/allmols/4/opt/b3lyp/m06hf/12ai4af-6dh-6ah-.log,12ai4af-6dh-6ah-,---,[],"td M06HF/6-31g(d,p)",-8.43144728855,0.384224740082,100,9.0965,-1272.4528976,4.5413,2.65
/home/ccollins/allmols/4/opt/b3lyp/m06hf/12hh4ef-13fa-13il-.log,12hh4ef-13fa-13il-,---,[],"td M06HF/6-31g(d,p)",-6.9965910177,0.892805504397,106,3.9896,-1369.8366654,3.9927,2.05
/home/ccollins/allmols/4/opt/b3lyp/m06hf/4ii4il12ha12eh.log,4ii4il12ha12eh,---,[],"td M06HF/6-31g(d,p)",-7.46870852764,0.737972730242,109,4.1926,-1339.9627744,3.9885,2.46666666667
/home/ccollins/allmols/4/opt/b3lyp/m06hf/13ee4ad-4ea-12he-.log,13ee4ad-4ea-12he-,---,[],"td M06HF/6-31g(d,p)",-8.1715785727,0.0386401650791,109,3.5679,-1353.0235955,4.2111,3.55
/home/ccollins/allmols/4/opt/b3lyp/m06hf/13lh6ee12ll12fe-.log,13lh6ee12ll12fe-,---,[],"td M06HF/6-31g(d,p)",-7.21128883634,0.469940599236,113,3.4470,-1443.4828938,3.8765,2.76666666667
/home/ccollins/allmols/4/opt/b3lyp/m06hf/4ih12ef-6ee12if.log,4ih12ef-6ee12if,---,[],"td M06HF/6-31g(d,p)",-7.74055025239,-0.154560660316,113,1.7972,-1449.5147379,3.7950,3.61666666667
/home/ccollins/allmols/4/opt/b3lyp/m06hf/13dd6eh13el6ii-.log,13dd6eh13el6ii-,---,[],"td M06HF/6-31g(d,p)",-8.07960409526,-0.330346200042,119,6.4696,-1498.3075896,3.8190,3.88333333333
/home/ccollins/allmols/4/opt/b3lyp/m06hf/13aa6af13hi-12ea-.log,13aa6af13hi-12ea-,---,[],"td M06HF/6-31g(d,p)",-7.45401438036,0.718924761541,90,2.7898,-1140.8841358,4.0383,1.61666666667
/home/ccollins/allmols/4/opt/b3lyp/m06hf/6la12fh12fi-4de-.log,6la12fh12fi-4de-,---,[],"td M06HF/6-31g(d,p)",-7.59415300723,-0.26531099262,111,3.3013,-1464.6754318,3.7881,2.28333333333
/home/ccollins/allmols/4/opt/b3lyp/m06hf/13la4ed-6ea-4df.log,13la4ed-6ea-4df,---,[],"td M06HF/6-31g(d,p)",-7.45210958349,0.34803359955,118,4.9733,-1466.4339017,4.1210,5.35
/home/ccollins/allmols/4/opt/b3lyp/m06hf/12ae13ld-6ae-12dh.log,12ae13ld-6ae-12dh,---,[],"td M06HF/6-31g(d,p)",-8.22382442971,-0.431028320319,108,6.6645,-1421.2543174,4.0145,2.66666666667
/home/ccollins/allmols/4/opt/b3lyp/m06hf/13he6ff-13dl6ia-.log,13he6ff-13dl6ia-,---,[],"td M06HF/6-31g(d,p)",-8.03280051503,-0.109933990788,111,4.2007,-1441.0357921,3.8574,3.41666666667
/home/ccollins/allmols/4/opt/b3lyp/m06hf/13da12ai4ah-4ll-.log,13da12ai4ah-4ll-,---,[],"td M06HF/6-31g(d,p)",-7.61047983754,-0.251433186852,114,4.3554,-1462.9808164,3.5991,3.75
/home/ccollins/allmols/4/opt/b3lyp/m06hf/13lh4hh-12hi4df-.log,13lh4hh-12hi4df-,---,[],"td M06HF/6-31g(d,p)",-7.54054658103,0.646270366639,114,5.0373,-1440.9005973,3.9473,3.18333333333
/home/ccollins/allmols/4/opt/b3lyp/m06hf/12ih13la-12fa-13ha.log,12ih13la-12fa-13ha,---,[],"td M06HF/6-31g(d,p)",-6.40909724019,1.40655643165,93,2.2046,-1216.2822314,3.8191,1.18333333333
/home/ccollins/allmols/4/opt/b3lyp/m06hf/13ih12ih12eh-13lh.log,13ih12ih12eh-13lh,---,[],"td M06HF/6-31g(d,p)",-6.58433855224,1.00682120276,107,2.7510,-1367.204817,3.5586,2.11666666667
/home/ccollins/allmols/4/opt/b3lyp/m06hf/12le13ia12eh-4il-.log,12le13ia12eh-4il-,---,[],"td M06HF/6-31g(d,p)",-7.24775209071,0.714843053963,112,2.9854,-1413.8852866,3.8542,2.63333333333
/home/ccollins/allmols/4/opt/b3lyp/m06hf/6di13fh-12eh6aa-.log,6di13fh-12eh6aa-,---,[],"td M06HF/6-31g(d,p)",-7.67605927264,0.143948220611,103,7.2910,-1326.5217968,3.7613,2.6
/home/ccollins/allmols/4/opt/b3lyp/m06hf/12il13dd-4dd-12fi-.log,12il13dd-4dd-12fi-,---,[],"td M06HF/6-31g(d,p)",-8.53294575035,-0.748313056109,116,9.3630,-1535.8643714,3.9894,3.08333333333
/home/ccollins/allmols/4/opt/b3lyp/m06hf/6fh13ah6de-13dh.log,6fh13ah6de-13dh,---,[],"td M06HF/6-31g(d,p)",-7.66980065435,-0.394837179787,109,6.0639,-1414.9406035,3.5085,2.5
/home/ccollins/allmols/4/opt/b3lyp/m06hf/12lf6eh-12hi-13id-.log,12lf6eh-12hi-13id-,---,[],"td M06HF/6-31g(d,p)",-7.77021066079,0.315924166597,112,7.3445,-1462.0427097,3.9549,2.71666666667
/home/ccollins/allmols/4/opt/b3lyp/m06hf/4ai13eh-4il-12ff.log,4ai13eh-4il-12ff,---,[],"td M06HF/6-31g(d,p)",-7.52830145829,1.07811502847,109,4.0433,-1375.8663593,4.2312,2.48333333333
/home/ccollins/allmols/4/opt/b3lyp/m06hf/12fl13ea4af-13le-.log,12fl13ea4af-13le-,---,[],"td M06HF/6-31g(d,p)",-7.41156462154,0.803280051503,108,5.3182,-1410.4770314,4.1853,2.53333333333
/home/ccollins/allmols/4/opt/b3lyp/m06hf/12id13ei6de4df.log,12id13ei6de4df,---,[],"td M06HF/6-31g(d,p)",-8.37702452084,-0.75946972349,117,4.8355,-1499.6936991,3.8899,4.11666666667
/home/ccollins/allmols/4/opt/b3lyp/m06hf/4ii4de6dh-13ea-.log,4ii4de6dh-13ea-,---,[],"td M06HF/6-31g(d,p)",-8.40260322166,-0.148302042029,114,5.0686,-1389.845864,4.1534,4.0
/home/ccollins/allmols/4/opt/b3lyp/m06hf/6dl12ae13ea-6hh-.log,6dl12ae13ea-6hh-,---,[],"td M06HF/6-31g(d,p)",-7.50979771727,0.17496919821,109,5.1386,-1402.6520802,3.8184,2.61666666667
/home/ccollins/allmols/4/opt/b3lyp/m06hf/4hf4ei4ha-6ie.log,4hf4ei4ha-6ie,---,[],"td M06HF/6-31g(d,p)",-8.19824572889,0.89607087046,113,5.8366,-1357.9962271,4.2541,4.53333333333
/home/ccollins/allmols/4/opt/b3lyp/m06hf/12af6ea13da4ff.log,12af6ea13da4ff,---,[],"td M06HF/6-31g(d,p)",-8.07688295688,-0.0680284596462,99,4.8415,-1310.8967347,4.0047,2.03333333333
/home/ccollins/allmols/4/opt/b3lyp/m06hf/13df13aa12dd-13li.log,13df13aa12dd-13li,---,[],"td M06HF/6-31g(d,p)",-8.14246239198,-0.0889812252173,103,9.9977,-1362.4347931,3.8834,2.06666666667
/home/ccollins/allmols/4/opt/b3lyp/m06hf/4hh6ee-4he6ld.log,4hh6ee-4he6ld,---,[],"td M06HF/6-31g(d,p)",-7.94926156658,0.137689602324,125,6.7688,-1558.4099473,4.0762,5.51666666667
/home/ccollins/allmols/4/opt/b3lyp/m06hf/4la13af-4ed13fi.log,4la13af-4ed13fi,---,[],"td M06HF/6-31g(d,p)",-7.52149861233,-0.1346963501,107,3.3438,-1353.6181915,3.5743,2.48333333333
/home/ccollins/allmols/4/opt/b3lyp/m06hf/6aa6fh-13ah12fe-.log,6aa6fh-13ah12fe-,---,[],"td M06HF/6-31g(d,p)",-6.90978670319,0.185037410238,97,4.3205,-1270.20602,3.4866,1.85
/home/ccollins/allmols/4/opt/b3lyp/m06hf/13ll12fd13li-12di-.log,13ll12fd13li-12di-,---,[],"td M06HF/6-31g(d,p)",-7.56367625731,-0.0503410601382,117,7.6014,-1558.3214595,3.6256,2.58333333333
/home/ccollins/allmols/4/opt/b3lyp/m06hf/13dh6ie-13al-4fd.log,13dh6ie-13al-4fd,---,[],"td M06HF/6-31g(d,p)",-7.71796480378,0.14612513132,113,6.3599,-1442.0245618,3.8731,2.91666666667
/home/ccollins/allmols/4/opt/b3lyp/m06hf/13he12eh6ll-4ei-.log,13he12eh6ll-4ei-,---,[],"td M06HF/6-31g(d,p)",-7.32856990077,0.472389623783,121,2.3361,-1524.3156645,3.7830,3.76666666667
/home/ccollins/allmols/4/opt/b3lyp/m06hf/12ae4ad-12eh12fi.log,12ae4ad-12eh12fi,---,[],"td M06HF/6-31g(d,p)",-7.36775429353,-0.291433921124,102,3.6010,-1332.8595516,3.4656,1.8
/home/ccollins/allmols/4/opt/b3lyp/m06hf/6lf4ia12el4ii.log,6lf4ia12el4ii,---,[],"td M06HF/6-31g(d,p)",-8.14137393662,0.34231920894,116,2.0491,-1437.2509954,4.2070,3.3
/home/ccollins/allmols/4/opt/b3lyp/m06hf/12ia13fl6le12ih.log,12ia13fl6le12ih,---,[],"td M06HF/6-31g(d,p)",-7.32829778693,0.590759143568,110,1.9745,-1428.9801153,4.0125,2.35
/home/ccollins/allmols/4/opt/b3lyp/m06hf/12di13fa13lh13eh-.log,12di13fa13lh13eh-,---,[],"td M06HF/6-31g(d,p)",-7.10462021161,0.968997379201,105,4.2305,-1364.7941174,3.9969,1.88333333333
/home/ccollins/allmols/4/opt/b3lyp/m06hf/12fi12ii-12ae-12ai-.log,12fi12ii-12ae-12ai-,---,[],"td M06HF/6-31g(d,p)",-7.47115755219,0.78640899351,95,3.0080,-1224.8467577,4.0866,1.48333333333
/home/ccollins/allmols/4/opt/b3lyp/m06hf/13he12hl-4af-12da.log,13he12hl-4af-12da,---,[],"td M06HF/6-31g(d,p)",-7.39795892961,0.0625861828745,104,4.4946,-1367.4087835,3.7357,1.98333333333
/home/ccollins/allmols/4/opt/b3lyp/m06hf/12hh12aa4li6he.log,12hh12aa4li6he,---,[],"td M06HF/6-31g(d,p)",-7.38135998545,0.852804770125,105,3.4581,-1332.7447842,4.1452,2.13333333333
/home/ccollins/allmols/4/opt/b3lyp/m06hf/4hi12ah-4hi-6di.log,4hi12ah-4hi-6di,---,[],"td M06HF/6-31g(d,p)",-7.61809902502,0.520825887052,108,5.6296,-1315.1739487,4.2180,3.38333333333
/home/ccollins/allmols/4/opt/b3lyp/m06hf/4df13le-4he6ia-.log,4df13le-4he6ia-,---,[],"td M06HF/6-31g(d,p)",-8.06545417566,0.623957031875,116,3.7732,-1448.0106969,4.2581,4.06666666667
/home/ccollins/allmols/4/opt/b3lyp/m06hf/4fl12ia-6ld-4eh-.log,4fl12ia-6ld-4eh-,---,[],"td M06HF/6-31g(d,p)",-8.11878848802,0.428579295771,118,3.3120,-1506.195754,4.2659,3.48333333333
/home/ccollins/allmols/4/opt/b3lyp/m06hf/4he13li-13ii-12li-.log,4he13li-13ii-12li-,---,[],"td M06HF/6-31g(d,p)",-7.15224013337,1.13770795912,114,2.6807,-1396.5249242,4.2822,3.05
/home/ccollins/allmols/4/opt/b3lyp/m06hf/12de6hh4dl-4ed.log,12de6hh4dl-4ed,---,[],"td M06HF/6-31g(d,p)",-8.22110329133,-0.298508880928,124,7.0163,-1593.1249887,3.7275,4.51666666667
/home/ccollins/allmols/4/opt/b3lyp/m06hf/12ll4df-13dl6el.log,12ll4df-13dl6el,---,[],"td M06HF/6-31g(d,p)",-8.16341515755,-0.109389763111,129,5.9942,-1710.6702223,4.0591,4.23333333333
/home/ccollins/allmols/4/opt/b3lyp/m06hf/4le13fl-13dd13fd-.log,4le13fl-13dd13fd-,---,[],"td M06HF/6-31g(d,p)",-8.15933344997,0.21143245258,120,12.1226,-1591.1738577,4.1677,3.68333333333
/home/ccollins/allmols/4/opt/b3lyp/m06hf/13il4de12ea13lf.log,13il4de12ea13lf,---,[],"td M06HF/6-31g(d,p)",-7.57537715237,-0.264222537266,114,5.7615,-1466.7996181,3.6080,2.81666666667
/home/ccollins/allmols/4/opt/b3lyp/m06hf/13li13dh-12lh13di.log,13li13dh-12lh13di,---,[],"td M06HF/6-31g(d,p)",-7.85102847085,0.924098595834,123,4.1542,-1603.8877839,4.5427,3.1
/home/ccollins/allmols/4/opt/b3lyp/m06hf/12ie6fd6eh-6ah-.log,12ie6fd6eh-6ah-,---,[],"td M06HF/6-31g(d,p)",-8.40804549844,-0.304223271538,112,7.8509,-1440.7581946,4.1569,3.58333333333
/home/ccollins/allmols/4/opt/b3lyp/m06hf/6fd12di13hi12ie.log,6fd12di13hi12ie,---,[],"td M06HF/6-31g(d,p)",-7.70054951811,-0.160819278604,110,6.3442,-1423.7578713,3.9094,2.73333333333
/home/ccollins/allmols/4/opt/b3lyp/m06hf/13ll6de4lf-6li-.log,13ll6de4lf-6li-,---,[],"td M06HF/6-31g(d,p)",-8.21729369759,-0.0911581359259,130,4.0685,-1676.0103551,4.1128,4.7
/home/ccollins/allmols/4/opt/b3lyp/m06hf/4if12fh13fa12fl.log,4if12fh13fa12fl,---,[],"td M06HF/6-31g(d,p)",-6.76094043348,1.17879714875,104,5.8583,-1408.5869658,3.8948,1.43333333333
/home/ccollins/allmols/4/opt/b3lyp/m06hf/13di13ae12il6hi-.log,13di13ae12il6hi-,---,[],"td M06HF/6-31g(d,p)",-7.67252179274,0.576609223961,108,7.8400,-1351.0044712,4.0507,2.8
/home/ccollins/allmols/4/opt/b3lyp/m06hf/13de4al-12il-12il.log,13de4al-12il-12il,---,[],"td M06HF/6-31g(d,p)",-7.93402319162,0.303134816184,116,7.4246,-1489.1128458,4.2111,3.66666666667
/home/ccollins/allmols/4/opt/b3lyp/m06hf/6hi13hl-12al6ii.log,6hi13hl-12al6ii,---,[],"td M06HF/6-31g(d,p)",-7.12121915577,0.852532656287,111,3.7751,-1390.5567815,3.8866,2.66666666667
/home/ccollins/allmols/4/opt/b3lyp/m06hf/6fl13di12lh13ld-.log,6fl13di12lh13ld-,---,[],"td M06HF/6-31g(d,p)",-7.45374226652,0.185037410238,120,7.1033,-1592.6466747,3.8995,3.06666666667
/home/ccollins/allmols/4/opt/b3lyp/m06hf/12lf12id4ea-6id.log,12lf12id4ea-6id,---,[],"td M06HF/6-31g(d,p)",-8.69893519188,-0.224493916833,113,7.6664,-1465.6481312,4.1684,3.78333333333
/home/ccollins/allmols/4/opt/b3lyp/m06hf/13ef4hf4af-4ll.log,13ef4hf4af-4ll,---,[],"td M06HF/6-31g(d,p)",-7.9810988857,0.0372795958861,117,5.9535,-1485.1523679,4.0189,4.35
/home/ccollins/allmols/4/opt/b3lyp/m06hf/13li4fl-6if-12ll-.log,13li4fl-6if-12ll-,---,[],"td M06HF/6-31g(d,p)",-7.51115828646,0.155104887993,122,2.4995,-1617.0857224,3.8645,3.81666666667
/home/ccollins/allmols/4/opt/b3lyp/m06hf/12ia12hf4hd4lf.log,12ia12hf4hd4lf,---,[],"td M06HF/6-31g(d,p)",-6.93590963169,1.59213806956,119,1.9941,-1489.0031337,4.4229,2.25
/home/ccollins/allmols/4/opt/b3lyp/m06hf/13ed6ll-6ed12fe-.log,13ed6ll-6ed12fe-,---,[],"td M06HF/6-31g(d,p)",-8.49376135759,-0.483818405004,125,6.0663,-1650.0093331,4.0286,4.55
/home/ccollins/allmols/4/opt/b3lyp/m06hf/13dh12ha6hi6ei.log,13dh12ha6hi6ei,---,[],"td M06HF/6-31g(d,p)",-7.56095511892,0.558377596776,107,5.6352,-1345.9791192,4.0159,2.4
/home/ccollins/allmols/4/opt/b3lyp/m06hf/13hd6el-4df12ee.log,13hd6el-4df12ee,---,[],"td M06HF/6-31g(d,p)",-8.36586785345,-0.299869450121,121,5.4780,-1574.821729,4.1224,3.66666666667
/home/ccollins/allmols/4/opt/b3lyp/m06hf/13lf6lf6ea-13ah-.log,13lf6lf6ea-13ah-,---,[],"td M06HF/6-31g(d,p)",-7.58653381975,0.385313195436,109,2.3626,-1423.9855086,4.0850,2.75
/home/ccollins/allmols/4/opt/b3lyp/m06hf/13dl13fl-12ia-12hh.log,13dl13fl-12ia-12hh,---,[],"td M06HF/6-31g(d,p)",-7.27605192992,1.10423795698,107,9.1047,-1422.983562,4.1456,1.96666666667
/home/ccollins/allmols/4/opt/b3lyp/m06hf/6ad12fl-13ai-6hl.log,6ad12fl-13ai-6hl,---,[],"td M06HF/6-31g(d,p)",-7.38789071758,-0.0995936649221,109,1.3822,-1424.0195792,3.5563,2.81666666667
/home/ccollins/allmols/4/opt/b3lyp/m06hf/13da13da6he13dd.log,13da13da6he13dd,---,[],"td M06HF/6-31g(d,p)",-8.75281373192,-0.638923292997,106,7.9382,-1375.4348102,4.1517,2.68333333333
/home/ccollins/allmols/4/opt/b3lyp/m06hf/13ld6hi-4eh13ll-.log,13ld6hi-4eh13ll-,---,[],"td M06HF/6-31g(d,p)",-7.9416423791,0.536880603528,123,7.4109,-1558.9214116,4.2907,4.35
/home/ccollins/allmols/4/opt/b3lyp/m06hf/12ee4ih4ef-6fl-.log,12ee4ih4ef-6fl-,---,[],"td M06HF/6-31g(d,p)",-8.49430558527,0.346945144196,120,5.6427,-1526.9497857,4.2151,4.53333333333
/home/ccollins/allmols/4/opt/b3lyp/m06hf/13ee12ld-12ea6ld-.log,13ee12ld-12ea6ld-,---,[],"td M06HF/6-31g(d,p)",-8.11198564205,-0.417422628389,118,2.0655,-1556.550403,3.7665,3.4
/home/ccollins/allmols/4/opt/b3lyp/m06hf/4eh4fi-13he13ii.log,4eh4fi-13he13ii,---,[],"td M06HF/6-31g(d,p)",-7.41537421528,1.03838640804,111,3.8010,-1337.1419434,4.2400,3.28333333333
/home/ccollins/allmols/4/opt/b3lyp/m06hf/4ld13fd-12fl13eh.log,4ld13fd-12fl13eh,---,[],"td M06HF/6-31g(d,p)",-7.39959161264,0.093062932796,118,6.4409,-1574.1359925,3.5646,3.23333333333
/home/ccollins/allmols/4/opt/b3lyp/m06hf/6ld12fd13dh-6df.log,6ld12fd13dh-6df,---,[],"td M06HF/6-31g(d,p)",-8.57784453371,-0.760558178845,119,10.1006,-1622.0936816,3.7232,3.95
/home/ccollins/allmols/4/opt/b3lyp/m06hf/13df4ie-4fh13af-.log,13df4ie-4fh13af-,---,[],"td M06HF/6-31g(d,p)",-7.94762888355,0.424769702031,107,10.1559,-1369.6592753,4.2569,2.75
/home/ccollins/allmols/4/opt/b3lyp/m06hf/4fi6aa-12df6li.log,4fi6aa-12df6li,---,[],"td M06HF/6-31g(d,p)",-8.48831908082,-0.0448987833665,108,3.8490,-1390.7647188,4.2441,3.28333333333
/home/ccollins/allmols/4/opt/b3lyp/m06hf/13el4ha-6ff-6ii.log,13el4ha-6ff-6ii,---,[],"td M06HF/6-31g(d,p)",-8.19661304585,0.566268898095,112,3.6189,-1410.185884,4.2865,3.05
/home/ccollins/allmols/4/opt/b3lyp/m06hf/12di6ia-12df-6hf.log,12di6ia-12df-6hf,---,[],"td M06HF/6-31g(d,p)",-8.29974419068,-0.537424831205,107,5.0613,-1421.615639,3.8710,2.35
/home/ccollins/allmols/4/opt/b3lyp/m06hf/6hh13fl-12aa6ai.log,6hh13fl-12aa6ai,---,[],"td M06HF/6-31g(d,p)",-7.08393955988,0.66341353847,99,4.4521,-1272.6667763,3.7359,1.83333333333
/home/ccollins/allmols/4/opt/b3lyp/m06hf/4ie6fd-6hd-13fh-.log,4ie6fd-6hd-13fh-,---,[],"td M06HF/6-31g(d,p)",-7.94191449294,-0.189391231655,116,9.7665,-1496.1830519,3.7505,3.08333333333
/home/ccollins/allmols/4/opt/b3lyp/m06hf/6df12de13hf6af-.log,6df12de13hf6af-,---,[],"td M06HF/6-31g(d,p)",-7.86300147975,-0.368986365121,109,2.7029,-1474.4725684,3.6564,2.3
/home/ccollins/allmols/4/opt/b3lyp/m06hf/6if4ai-6aa-4eh-.log,6if4ai-6aa-4eh-,---,[],"td M06HF/6-31g(d,p)",-8.31062874422,0.462865639433,103,0.9437,-1242.5631715,4.2789,2.85
/home/ccollins/allmols/4/opt/b3lyp/m06hf/4hh6hl12fa6ia.log,4hh6hl12fa6ia,---,[],"td M06HF/6-31g(d,p)",-7.56803007872,0.721373786089,106,5.9386,-1350.0553063,4.0396,3.43333333333
/home/ccollins/allmols/4/opt/b3lyp/m06hf/13fd13il-6ld4ef-.log,13fd13il-6ld4ef-,---,[],"td M06HF/6-31g(d,p)",-7.15523338559,0.545044018686,113,4.0586,-1467.0907632,3.7055,3.16666666667
/home/ccollins/allmols/4/opt/b3lyp/m06hf/12de12hh-13aa13id.log,12de12hh-13aa13id,---,[],"td M06HF/6-31g(d,p)",-7.63605853837,0.288168555061,99,7.2974,-1287.1916388,3.7626,2.13333333333
/home/ccollins/allmols/4/opt/b3lyp/m06hf/4hl6id12fi-6da-.log,4hl6id12fi-6da-,---,[],"td M06HF/6-31g(d,p)",-8.37648029316,-0.11347147069,114,3.3457,-1463.1181239,4.0874,3.75
/home/ccollins/allmols/4/opt/b3lyp/m06hf/4le6le-13di-13al-.log,4le6le-13di-13al-,---,[],"td M06HF/6-31g(d,p)",-7.78381635272,0.264222537266,121,5.7198,-1524.383852,4.1426,3.68333333333
/home/ccollins/allmols/4/opt/b3lyp/m06hf/6eh6dh-4ia-6ae.log,6eh6dh-4ia-6ae,---,[],"td M06HF/6-31g(d,p)",-8.81594414247,0.380143032503,111,9.5740,-1367.7801623,4.2648,4.55
/home/ccollins/allmols/4/opt/b3lyp/m06hf/4hh12il-13ai13hl.log,4hh12il-13ai13hl,---,[],"td M06HF/6-31g(d,p)",-7.00584288821,1.24873040527,108,2.8379,-1352.4429934,4.1141,2.03333333333
/home/ccollins/allmols/4/opt/b3lyp/m06hf/13fi13hf6ae-4el-.log,13fi13hf6ae-4el-,---,[],"td M06HF/6-31g(d,p)",-8.05429750827,0.0446266695279,121,5.5682,-1576.37594,4.1738,4.86666666667
/home/ccollins/allmols/4/opt/b3lyp/m06hf/6dh4ii-6ll6ad.log,6dh4ii-6ll6ad,---,[],"td M06HF/6-31g(d,p)",-8.98084512866,0.0487083771067,121,8.0961,-1520.6911447,4.5415,5.03333333333
/home/ccollins/allmols/4/opt/b3lyp/m06hf/6ll13al-12if13de.log,6ll13al-12if13de,---,[],"td M06HF/6-31g(d,p)",-7.25890875809,0.398374659688,116,9.8784,-1521.2263848,3.6646,2.76666666667
/home/ccollins/allmols/4/opt/b3lyp/m06hf/13fi13he13ie-12el-.log,13fi13he13ie-12el-,---,[],"td M06HF/6-31g(d,p)",-7.25210591213,0.727904518215,111,1.3333,-1408.8102478,4.0504,2.86666666667
/home/ccollins/allmols/4/opt/b3lyp/m06hf/6ld13ia6ad-13he.log,6ld13ia6ad-13he,---,[],"td M06HF/6-31g(d,p)",-7.85048424317,-0.155649115671,109,5.7682,-1382.876678,3.6669,3.01666666667
/home/ccollins/allmols/4/opt/b3lyp/m06hf/13ii4hh13il12ii-.log,13ii4hh13il12ii-,---,[],"td M06HF/6-31g(d,p)",-7.15550549943,1.32573862159,108,4.0252,-1300.5516373,4.2452,2.13333333333
/home/ccollins/allmols/4/opt/b3lyp/m06hf/4ie12ef-6ih4la.log,4ie12ef-6ih4la,---,[],"td M06HF/6-31g(d,p)",-7.9035464417,0.433749458704,114,2.1624,-1414.9151452,4.1829,5.36666666667
/home/ccollins/allmols/4/opt/b3lyp/m06hf/12af12id-13fe4fd-.log,12af12id-13fe4fd-,---,[],"td M06HF/6-31g(d,p)",-7.95769709558,0.182860499529,106,5.4158,-1424.1601674,4.0615,2.41666666667
/home/ccollins/allmols/4/opt/b3lyp/m06hf/13fd13hf-6fe-6hd-.log,13fd13hf-6fe-6hd-,---,[],"td M06HF/6-31g(d,p)",-8.15579597007,-0.423681246677,113,4.5231,-1510.0026627,3.7997,2.45
/home/ccollins/allmols/4/opt/b3lyp/m06hf/4hh12fh13dd-6if.log,4hh12fh13dd-6if,---,[],"td M06HF/6-31g(d,p)",-7.84204871418,0.173608629017,111,7.9583,-1457.1104395,3.8734,3.23333333333
/home/ccollins/allmols/4/opt/b3lyp/m06hf/4ea4ed-13ai-13de.log,4ea4ed-13ai-13de,---,[],"td M06HF/6-31g(d,p)",-8.15851710845,-0.5268123915,109,6.7551,-1333.2450683,3.8874,3.01666666667
/home/ccollins/allmols/4/opt/b3lyp/m06hf/6hf4dl-12li4fi.log,6hf4dl-12li4fi,---,[],"td M06HF/6-31g(d,p)",-7.95116636345,0.274018635455,120,6.6783,-1544.560399,4.2181,3.75
/home/ccollins/allmols/4/opt/b3lyp/m06hf/4la6ie-6ld-12af-.log,4la6ie-6ld-12af-,---,[],"td M06HF/6-31g(d,p)",-8.58872908726,0.0699332565163,114,5.7015,-1466.8842604,4.2284,3.1
/home/ccollins/allmols/4/opt/b3lyp/m06hf/4ld13if13al-13al-.log,4ld13if13al-13al-,---,[],"td M06HF/6-31g(d,p)",-6.7914171834,0.37497286957,110,6.0275,-1409.1894421,3.7050,2.36666666667
/home/ccollins/allmols/4/opt/b3lyp/m06hf/12ad12il4aa-4ia-.log,12ad12il4aa-4ia-,---,[],"td M06HF/6-31g(d,p)",-8.09919629164,0.287352213546,97,1.9018,-1206.0811812,4.1550,2.03333333333
/home/ccollins/allmols/4/opt/b3lyp/m06hf/6ee4ih13fa-4ld-.log,6ee4ih13fa-4ld-,---,[],"td M06HF/6-31g(d,p)",-7.58490113672,0.247351479274,116,4.0929,-1447.9930593,4.1497,4.6
/home/ccollins/allmols/4/opt/b3lyp/m06hf/6ei4fe-12hh-6hl-.log,6ei4fe-12hh-6hl-,---,[],"td M06HF/6-31g(d,p)",-7.4387760054,0.490893364807,118,5.7810,-1502.3241777,3.8403,3.5
/home/ccollins/allmols/4/opt/b3lyp/m06hf/4ii4fl12da-6ei-.log,4ii4fl12da-6ei-,---,[],"td M06HF/6-31g(d,p)",-8.57185802926,0.14041074071,114,3.8158,-1414.9665374,4.1387,3.66666666667
/home/ccollins/allmols/4/opt/b3lyp/m06hf/6la12ha13ff13ef-.log,6la12ha13ff13ef-,---,[],"td M06HF/6-31g(d,p)",-7.13672964457,0.651168415734,102,2.3833,-1366.4327358,3.7430,1.73333333333
/home/ccollins/allmols/4/opt/b3lyp/m06hf/6fa4ef6fl-4fe-.log,6fa4ef6fl-4fe-,---,[],"td M06HF/6-31g(d,p)",-8.29811150765,0.137689602324,117,9.0566,-1524.8249274,4.2625,3.4
/home/ccollins/allmols/4/opt/b3lyp/m06hf/4il12di6he-6hd.log,4il12di6he-6hd,---,[],"td M06HF/6-31g(d,p)",-8.29539036926,-0.0579602476186,120,8.8772,-1519.4440121,4.0278,3.33333333333
/home/ccollins/allmols/4/opt/b3lyp/m06hf/13hl6ff-6ld4ie.log,13hl6ff-6ld4ie,---,[],"td M06HF/6-31g(d,p)",-8.25593386267,0.259324488171,122,6.0021,-1577.5758297,4.3032,3.88333333333
/home/ccollins/allmols/4/opt/b3lyp/m06hf/13de13if-4de-4ef.log,13de13if-4de-4ef,---,[],"td M06HF/6-31g(d,p)",-8.30382589826,-0.475110762169,117,7.8883,-1483.6243812,3.9859,3.53333333333
/home/ccollins/allmols/4/opt/b3lyp/m06hf/4ha12hl6hl12df.log,4ha12hl6hl12df,---,[],"td M06HF/6-31g(d,p)",-7.57537715237,0.10775708008,113,6.0346,-1499.1970954,3.6177,2.6
/home/ccollins/allmols/4/opt/b3lyp/m06hf/12de13hf6lf4lf-.log,12de13hf6lf4lf-,---,[],"td M06HF/6-31g(d,p)",-7.65565073475,0.259868715849,119,2.0346,-1595.2170008,3.8637,3.4
