/home/ccollins/allmols/O/opt/cam/b3lyp/12ea12ea12ea_TD.log,12ea12ea12ea,---,[],"td B3LYP/6-31g(d,p)",-5.19274838172,-1.51757887779,70,0.6560,-916.146534,3.4762,0.366666666667
/home/ccollins/allmols/O/opt/cam/b3lyp/12el12el12el12el-_TD.log,12el12el12el12el-,---,[],"td B3LYP/6-31g(d,p)",-4.81260534921,-1.44165911682,125,2.1541,-1679.192919,3.0159,2.21666666667
/home/ccollins/allmols/O/opt/cam/b3lyp/12if12if-12if-12if-_TD.log,12if12if-12if-12if-,---,[],"td B3LYP/6-31g(d,p)",-4.292051576,-0.839471192034,101,4.8531,-1374.6935096,3.1735,1.1
/home/ccollins/allmols/O/opt/cam/b3lyp/12ia12ia-12ia12ia-_TD.log,12ia12ia-12ia12ia-,---,[],"td B3LYP/6-31g(d,p)",-4.57178460207,-1.00056258448,85,0.1333,-1073.8408417,3.3117,0.85
/home/ccollins/allmols/O/opt/cam/b3lyp/12ie12ie12ie12ie_TD.log,12ie12ie12ie12ie,---,[],"td B3LYP/6-31g(d,p)",-5.15601301351,-1.2764860168,109,1.0857,-1378.4145929,3.4606,1.65
/home/ccollins/allmols/O/opt/cam/b3lyp/12ff12ff12ff12ff-_TD.log,12ff12ff12ff12ff-,---,[],"td B3LYP/6-31g(d,p)",-4.35735889726,-1.09389763111,101,4.6782,-1518.279022,3.0934,0.666666666667
/home/ccollins/allmols/O/opt/cam/b3lyp/4fa4fa4fa4fa_TD.log,4fa4fa4fa4fa,---,[],"td B3LYP/6-31g(d,p)",-5.32635627646,-0.983419412646,97,5.9234,-1226.3223979,3.9168,1.13333333333
/home/ccollins/allmols/O/opt/cam/b3lyp/12ff12ff-12ff12ff_TD.log,12ff12ff-12ff12ff,---,[],"td B3LYP/6-31g(d,p)",-4.16198116116,-0.841648102743,101,5.6418,-1518.2705835,3.1449,0.65
/home/ccollins/allmols/O/opt/cam/b3lyp/12il12il-12il-12il_TD.log,12il12il-12il-12il,---,[],"td B3LYP/6-31g(d,p)",-4.51681760667,-0.955935914949,117,2.4624,-1531.9005449,3.2430,1.95
/home/ccollins/allmols/O/opt/cam/b3lyp/12fe12fe_TD.log,12fe12fe,---,[],"td B3LYP/6-31g(d,p)",-5.15247553361,-1.02995087904,55,3.2919,-761.5868593,3.8840,0.216666666667
/home/ccollins/allmols/O/opt/cam/b3lyp/12ef12ef12ef12ef-_TD.log,12ef12ef12ef12ef-,---,[],"td B3LYP/6-31g(d,p)",-4.84335421297,-1.72465750895,109,0.1813,-1522.0028946,2.8314,1.33333333333
/home/ccollins/allmols/O/opt/cam/b3lyp/12ae12ae-12ae12ae_TD.log,12ae12ae-12ae12ae,---,[],"td B3LYP/6-31g(d,p)",-5.0311127616,-1.71105181702,93,0.8349,-1221.1338291,3.0471,0.85
/home/ccollins/allmols/O/opt/cam/b3lyp/4ei4ei4ei4ei_TD.log,4ei4ei4ei4ei,---,[],"td B3LYP/6-31g(d,p)",-5.96990550471,-0.986140551032,121,2.9333,-1387.2949116,4.4720,1.95
/home/ccollins/allmols/O/opt/cam/b3lyp/4fe4fe-4fe4fe-_TD.log,4fe4fe-4fe4fe-,---,[],"td B3LYP/6-31g(d,p)",-5.6567024765,-1.22913820889,121,2.9254,-1530.9008073,3.9417,2.28333333333
/home/ccollins/allmols/O/opt/cam/b3lyp/12ei12ei12ei12ei_TD.log,12ei12ei12ei12ei,---,[],"td B3LYP/6-31g(d,p)",-5.15601301351,-1.2764860168,109,1.0859,-1378.4145929,3.4605,1.65
/home/ccollins/allmols/O/opt/cam/b3lyp/12if12if-12if12if-_TD.log,12if12if-12if12if-,---,[],"td B3LYP/6-31g(d,p)",-4.29341214519,-0.99022225861,101,4.1763,-1374.7026925,3.0771,1.03333333333
/home/ccollins/allmols/O/opt/cam/b3lyp/12aa12aa12aa-12aa-_TD.log,12aa12aa12aa-12aa-,---,[],"td B3LYP/6-31g(d,p)",-4.73205965299,-1.16900105056,69,0.0000,-916.5508428,3.3532,0.45
/home/ccollins/allmols/O/opt/cam/b3lyp/4le_TD.log,4le,---,[],"td B3LYP/6-31g(d,p)",-5.74377890485,-0.403272708783,35,1.9620,-422.9288391,4.8789,0.0833333333333
/home/ccollins/allmols/O/opt/cam/b3lyp/12af12af-12af_TD.log,12af12af-12af,---,[],"td B3LYP/6-31g(d,p)",-4.63709192333,-0.903417944102,64,2.0528,-913.3523602,3.5593,0.266666666667
/home/ccollins/allmols/O/opt/cam/b3lyp/12ee12ee-12ee12ee-_TD.log,12ee12ee-12ee12ee-,---,[],"td B3LYP/6-31g(d,p)",-5.23138854679,-1.97799549267,117,0.0224,-1525.7057904,2.9117,1.88333333333
/home/ccollins/allmols/O/opt/cam/b3lyp/12al12al-12al-12al-_TD.log,12al12al-12al-12al-,---,[],"td B3LYP/6-31g(d,p)",-4.30184767419,-0.832124118393,101,2.6134,-1374.6037494,3.1605,0.966666666667
/home/ccollins/allmols/O/opt/cam/b3lyp/4if4if-4if-4if-_TD.log,4if4if-4if-4if-,---,[],"td B3LYP/6-31g(d,p)",-5.38594920711,-0.714298826285,113,2.7621,-1383.600263,4.1033,2.28333333333
/home/ccollins/allmols/O/opt/cam/b3lyp/111111_TD.log,111111,---,[],"td B3LYP/6-31g(d,p)",-7.176458265,-3.99571960578,22,3.5600,-341.1214999,1.6903,0.0166666666667
/home/ccollins/allmols/O/opt/cam/b3lyp/12fi12fi_TD.log,12fi12fi,---,[],"td B3LYP/6-31g(d,p)",-4.84906860358,-0.0917023636031,51,4.2767,-687.9333299,4.5262,0.216666666667
/home/ccollins/allmols/O/opt/cam/b3lyp/4fa4fa_TD.log,4fa4fa,---,[],"td B3LYP/6-31g(d,p)",-5.67738312824,-0.546948815556,49,2.8124,-613.7592215,4.6027,0.216666666667
/home/ccollins/allmols/O/opt/cam/b3lyp/12el12el12el_TD.log,12el12el12el,---,[],"td B3LYP/6-31g(d,p)",-5.0988691074,-1.2539005682,94,2.9743,-1259.6882626,3.5257,1.01666666667
/home/ccollins/allmols/O/opt/cam/b3lyp/12aa12aa12aa-12aa_TD.log,12aa12aa12aa-12aa,---,[],"td B3LYP/6-31g(d,p)",-4.75627778463,-1.18886536078,69,0.8966,-916.5534775,3.3514,0.55
/home/ccollins/allmols/O/opt/cam/b3lyp/12aa_TD.log,12aa,---,[],"td B3LYP/6-31g(d,p)",-6.13779974312,0.571983288705,18,0.6060,-230.0271764,6.5761,0.0333333333333
/home/ccollins/allmols/O/opt/cam/b3lyp/4aa4aa-4aa_TD.log,4aa4aa-4aa,---,[],"td B3LYP/6-31g(d,p)",-5.81833809662,-0.964915671622,61,0.0000,-694.385227,4.4755,0.366666666667
/home/ccollins/allmols/O/opt/cam/b3lyp/12ee12ee-12ee-12ee-_TD.log,12ee12ee-12ee-12ee-,---,[],"td B3LYP/6-31g(d,p)",-5.35329554648,-1.88520467372,117,0.2155,-1525.6991012,3.0843,2.0
/home/ccollins/allmols/O/opt/cam/b3lyp/12al_TD.log,12al,---,[],"td B3LYP/6-31g(d,p)",-5.55846938077,0.598650444887,26,1.9391,-344.5440808,5.8529,0.0333333333333
/home/ccollins/allmols/O/opt/cam/b3lyp/4fe4fe_TD.log,4fe4fe,---,[],"td B3LYP/6-31g(d,p)",-5.67085239611,-0.812259808176,61,2.9893,-766.0469033,4.3372,0.35
/home/ccollins/allmols/O/opt/cam/b3lyp/22-2-_TD.log,22-2-,---,[],"td B3LYP/6-31g(d,p)",-5.72337036696,-1.27975138286,22,0.1016,-233.4051408,4.6471,0.0333333333333
/home/ccollins/allmols/O/opt/cam/b3lyp/12le12le-12le12le_TD.log,12le12le-12le12le,---,[],"td B3LYP/6-31g(d,p)",-5.00118023935,-1.38288252769,125,2.7304,-1679.1922813,3.2277,2.23333333333
/home/ccollins/allmols/O/opt/cam/b3lyp/12il12il-12il_TD.log,12il12il-12il,---,[],"td B3LYP/6-31g(d,p)",-4.66076582728,-0.803280051503,88,3.6354,-1149.2223162,3.6350,0.983333333333
/home/ccollins/allmols/O/opt/cam/b3lyp/4ae4ae4ae-4ae-_TD.log,4ae4ae4ae-4ae-,---,[],"td B3LYP/6-31g(d,p)",-5.89888379284,-1.38778057678,105,1.4184,-1230.017662,4.0601,1.8
/home/ccollins/allmols/O/opt/cam/b3lyp/12ll12ll12ll-12ll_TD.log,12ll12ll12ll-12ll,---,[],"td B3LYP/6-31g(d,p)",-4.67954168214,-0.604364835497,133,4.0618,-1832.6759056,3.6912,1.35
/home/ccollins/allmols/O/opt/cam/b3lyp/12af12af-12af12af-_TD.log,12af12af-12af12af-,---,[],"td B3LYP/6-31g(d,p)",-4.47355150634,-1.18396731168,85,4.3327,-1217.4139473,3.0904,0.533333333333
/home/ccollins/allmols/O/opt/cam/b3lyp/12ea12ea-12ea-12ea-_TD.log,12ea12ea-12ea-12ea-,---,[],"td B3LYP/6-31g(d,p)",-5.0346502415,-1.73363726562,93,0.8623,-1221.1338902,3.0499,1.0
/home/ccollins/allmols/O/opt/cam/b3lyp/4ea4ea-4ea4ea-_TD.log,4ea4ea-4ea4ea-,---,[],"td B3LYP/6-31g(d,p)",-5.88718289778,-1.38533155224,105,1.5486,-1230.0180007,4.0419,1.86666666667
/home/ccollins/allmols/O/opt/cam/b3lyp/12ai12ai-12ai12ai-_TD.log,12ai12ai-12ai12ai-,---,[],"td B3LYP/6-31g(d,p)",-4.57178460207,-1.00056258448,85,0.1333,-1073.8408417,3.3117,0.716666666667
/home/ccollins/allmols/O/opt/cam/b3lyp/12fe12fe12fe12fe_TD.log,12fe12fe12fe12fe,---,[],"td B3LYP/6-31g(d,p)",-4.56117216236,-1.55240944913,109,5.4365,-1521.9883782,2.7410,1.18333333333
/home/ccollins/allmols/O/opt/cam/b3lyp/4ef_TD.log,4ef,---,[],"td B3LYP/6-31g(d,p)",-5.81969866582,-0.422592791322,31,1.6934,-383.6239236,4.8860,0.05
/home/ccollins/allmols/O/opt/cam/b3lyp/12fl12fl12fl12fl_TD.log,12fl12fl12fl12fl,---,[],"td B3LYP/6-31g(d,p)",-3.79299479604,-0.552118978489,117,5.0541,-1675.4227556,3.0490,1.23333333333
/home/ccollins/allmols/O/opt/cam/b3lyp/12al12al12al-12al-_TD.log,12al12al12al-12al-,---,[],"td B3LYP/6-31g(d,p)",-4.17939644683,-0.863145095991,101,4.2302,-1374.614973,3.0961,0.9
/home/ccollins/allmols/O/opt/cam/b3lyp/4ae4ae4ae-4ae_TD.log,4ae4ae4ae-4ae,---,[],"td B3LYP/6-31g(d,p)",-5.8915367192,-1.38778057678,105,1.6570,-1230.0178267,4.0536,1.88333333333
/home/ccollins/allmols/O/opt/cam/b3lyp/12li12li12li_TD.log,12li12li12li,---,[],"td B3LYP/6-31g(d,p)",-4.59300948147,-0.752122649849,88,1.0118,-1149.2271138,3.6167,0.916666666667
/home/ccollins/allmols/O/opt/cam/b3lyp/4ia4ia4ia_TD.log,4ia4ia4ia,---,[],"td B3LYP/6-31g(d,p)",-5.86568590454,-0.638923292997,73,0.8925,-812.3383968,4.7494,0.833333333333
/home/ccollins/allmols/O/opt/cam/b3lyp/12fe12fe-12fe-12fe-_TD.log,12fe12fe-12fe-12fe-,---,[],"td B3LYP/6-31g(d,p)",-4.84335421297,-1.72465750895,109,0.1813,-1522.0028949,2.8314,1.15
/home/ccollins/allmols/O/opt/cam/b3lyp/12ei12ei12ei-12ei_TD.log,12ei12ei12ei-12ei,---,[],"td B3LYP/6-31g(d,p)",-4.89396738695,-1.47431277745,109,1.3114,-1378.4204432,3.0998,1.75
/home/ccollins/allmols/O/opt/cam/b3lyp/12ae_TD.log,12ae,---,[],"td B3LYP/6-31g(d,p)",-6.15331023192,-0.170887490631,24,0.4217,-306.1727756,5.7923,0.0333333333333
/home/ccollins/allmols/O/opt/cam/b3lyp/12aa12aa-12aa12aa-_TD.log,12aa12aa-12aa12aa-,---,[],"td B3LYP/6-31g(d,p)",-4.78049591626,-1.20872967099,69,0.0000,-916.5561459,3.3497,0.6
/home/ccollins/allmols/O/opt/cam/b3lyp/12al12al-12al12al-_TD.log,12al12al-12al12al-,---,[],"td B3LYP/6-31g(d,p)",-4.24415954041,-0.933078352508,101,3.8879,-1374.6207869,3.0634,0.933333333333
/home/ccollins/allmols/O/opt/cam/b3lyp/4la4la-_TD.log,4la4la-,---,[],"td B3LYP/6-31g(d,p)",-5.58323174009,-0.398374659688,57,1.3039,-692.3676626,4.6160,0.433333333333
/home/ccollins/allmols/O/opt/cam/b3lyp/4ia_TD.log,4ia,---,[],"td B3LYP/6-31g(d,p)",-6.42760098121,0.1537443188,25,0.3390,-271.5785656,5.4741,0.05
/home/ccollins/allmols/O/opt/cam/b3lyp/12le12le-_TD.log,12le12le-,---,[],"td B3LYP/6-31g(d,p)",-5.01369747593,-0.850355745578,63,2.1108,-840.1917412,3.9311,0.283333333333
/home/ccollins/allmols/O/opt/cam/b3lyp/12aa12aa12aa12aa-_TD.log,12aa12aa12aa12aa-,---,[],"td B3LYP/6-31g(d,p)",-4.72634526238,-1.17063373359,69,0.7857,-916.5505296,3.3327,0.4
/home/ccollins/allmols/O/opt/cam/b3lyp/22-2-2_TD.log,22-2-2,---,[],"td B3LYP/6-31g(d,p)",-5.38921457317,-1.65091465869,29,0.0000,-310.8095354,3.9210,0.0666666666667
/home/ccollins/allmols/O/opt/cam/b3lyp/12lf12lf-12lf_TD.log,12lf12lf-12lf,---,[],"td B3LYP/6-31g(d,p)",-4.3491954821,-0.622324348844,88,3.8144,-1256.879828,3.5488,0.55
/home/ccollins/allmols/O/opt/cam/b3lyp/4ff4ff-4ff-4ff_TD.log,4ff4ff-4ff-4ff,---,[],"td B3LYP/6-31g(d,p)",-5.22458570083,-1.0275018545,113,0.8518,-1527.2071867,3.6663,1.73333333333
/home/ccollins/allmols/O/opt/cam/b3lyp/12la12la-12la-12la_TD.log,12la12la-12la-12la,---,[],"td B3LYP/6-31g(d,p)",-4.22429523019,-0.993759738512,101,2.9198,-1374.6229307,3.0063,1.01666666667
/home/ccollins/allmols/O/opt/cam/b3lyp/12la12la-12la12la-_TD.log,12la12la-12la12la-,---,[],"td B3LYP/6-31g(d,p)",-4.24415954041,-0.933078352508,101,3.8879,-1374.6207869,3.0634,0.916666666667
/home/ccollins/allmols/O/opt/cam/b3lyp/12ie12ie12ie12ie-_TD.log,12ie12ie12ie12ie-,---,[],"td B3LYP/6-31g(d,p)",-5.01641861431,-1.3660114697,109,1.5718,-1378.4180369,3.2820,1.66666666667
/home/ccollins/allmols/O/opt/cam/b3lyp/12lf12lf-12lf12lf-_TD.log,12lf12lf-12lf12lf-,---,[],"td B3LYP/6-31g(d,p)",-4.1263342483,-0.826137613944,117,6.7391,-1675.4466961,3.0874,1.6
/home/ccollins/allmols/O/opt/cam/b3lyp/4ff4ff4ff4ff-_TD.log,4ff4ff4ff4ff-,---,[],"td B3LYP/6-31g(d,p)",-5.08199804941,-0.993759738512,113,1.2198,-1527.1921913,3.6109,1.61666666667
/home/ccollins/allmols/O/opt/cam/b3lyp/12la12la-12la_TD.log,12la12la-12la,---,[],"td B3LYP/6-31g(d,p)",-4.49776963797,-0.788585904219,76,1.1877,-1031.2608462,3.5022,0.5
/home/ccollins/allmols/O/opt/cam/b3lyp/4ea4ea-4ea_TD.log,4ea4ea-4ea,---,[],"td B3LYP/6-31g(d,p)",-5.97507566765,-1.26369666639,79,1.2121,-922.8129062,4.2516,0.9
/home/ccollins/allmols/O/opt/cam/b3lyp/12ea12ea12ea-12ea-_TD.log,12ea12ea12ea-12ea-,---,[],"td B3LYP/6-31g(d,p)",-5.02567048482,-1.71322872773,93,0.8424,-1221.1336886,3.0636,0.85
/home/ccollins/allmols/O/opt/cam/b3lyp/12fe12fe12fe12fe-_TD.log,12fe12fe12fe12fe-,---,[],"td B3LYP/6-31g(d,p)",-4.72117509945,-1.69744612509,109,4.5524,-1521.9953932,2.7488,1.31666666667
/home/ccollins/allmols/O/opt/cam/b3lyp/12ee12ee12ee12ee_TD.log,12ee12ee12ee12ee,---,[],"td B3LYP/6-31g(d,p)",-5.46186896808,-1.79241385476,117,0.2412,-1525.6954172,3.2581,1.61666666667
/home/ccollins/allmols/O/opt/cam/b3lyp/12la12la-12la12la_TD.log,12la12la-12la12la,---,[],"td B3LYP/6-31g(d,p)",-4.32443312279,-0.979065591229,101,0.9431,-1374.6116691,3.0917,1.03333333333
/home/ccollins/allmols/O/opt/cam/b3lyp/12lf12lf12lf-12lf-_TD.log,12lf12lf12lf-12lf-,---,[],"td B3LYP/6-31g(d,p)",-4.59518639218,-1.09961202172,117,3.1167,-1675.476924,3.2431,1.71666666667
/home/ccollins/allmols/O/opt/cam/b3lyp/4if4if4if4if-_TD.log,4if4if4if4if-,---,[],"td B3LYP/6-31g(d,p)",-5.36989449063,-0.565724670418,113,4.1464,-1383.5913604,4.2756,2.38333333333
/home/ccollins/allmols/O/opt/cam/b3lyp/12ae12ae12ae12ae_TD.log,12ae12ae12ae12ae,---,[],"td B3LYP/6-31g(d,p)",-5.02158877725,-1.71567775228,93,0.5087,-1221.1337685,3.0613,0.866666666667
/home/ccollins/allmols/O/opt/cam/b3lyp/4fi_TD.log,4fi,---,[],"td B3LYP/6-31g(d,p)",-5.74405101869,0.0857158591542,29,1.2894,-346.7981207,5.1184,0.133333333333
/home/ccollins/allmols/O/opt/cam/b3lyp/12ae12ae12ae_TD.log,12ae12ae12ae,---,[],"td B3LYP/6-31g(d,p)",-5.19274838172,-1.51757887779,70,0.6556,-916.1465342,3.4762,0.383333333333
/home/ccollins/allmols/O/opt/cam/b3lyp/4ia4ia4ia4ia-_TD.log,4ia4ia4ia4ia-,---,[],"td B3LYP/6-31g(d,p)",-5.75439134456,-0.772531187743,97,1.0616,-1082.7184938,4.4935,1.7
/home/ccollins/allmols/O/opt/cam/b3lyp/12ee12ee-12ee12ee_TD.log,12ee12ee-12ee12ee,---,[],"td B3LYP/6-31g(d,p)",-5.26975659804,-1.9619407762,117,0.1517,-1525.7022015,2.9711,1.83333333333
/home/ccollins/allmols/O/opt/cam/b3lyp/12el12el-_TD.log,12el12el-,---,[],"td B3LYP/6-31g(d,p)",-5.01369747593,-0.850355745578,63,2.1107,-840.1917413,3.9310,0.283333333333
/home/ccollins/allmols/O/opt/cam/b3lyp/4if4if4if-4if-_TD.log,4if4if4if-4if-,---,[],"td B3LYP/6-31g(d,p)",-5.34703692819,-0.502866373705,113,2.0395,-1383.5957577,4.2416,2.25
/home/ccollins/allmols/O/opt/cam/b3lyp/12af12af12af_TD.log,12af12af12af,---,[],"td B3LYP/6-31g(d,p)",-4.72661737622,-0.898247781169,64,1.3767,-913.3427956,3.6711,0.233333333333
/home/ccollins/allmols/O/opt/cam/b3lyp/12fl12fl-12fl12fl_TD.log,12fl12fl-12fl12fl,---,[],"td B3LYP/6-31g(d,p)",-3.94864391171,-0.678924027269,117,7.9458,-1675.435302,3.0615,1.38333333333
/home/ccollins/allmols/O/opt/cam/b3lyp/12aa12aa-12aa-12aa-_TD.log,12aa12aa-12aa-12aa-,---,[],"td B3LYP/6-31g(d,p)",-4.72634526238,-1.17063373359,69,0.7857,-916.5505296,3.3327,0.416666666667
/home/ccollins/allmols/O/opt/cam/b3lyp/12aa12aa-12aa-12aa_TD.log,12aa12aa-12aa-12aa,---,[],"td B3LYP/6-31g(d,p)",-4.75518932927,-1.19757300361,69,0.2792,-916.5535812,3.3284,0.316666666667
/home/ccollins/allmols/O/opt/cam/b3lyp/22-_TD.log,22-,---,[],"td B3LYP/6-31g(d,p)",-6.22950210672,-0.80191948231,15,0.0825,-155.9953421,5.5528,0.0166666666667
/home/ccollins/allmols/O/opt/cam/b3lyp/12if12if12if12if_TD.log,12if12if12if12if,---,[],"td B3LYP/6-31g(d,p)",-4.84117730226,-0.670760612112,101,2.3841,-1374.6874257,3.7215,1.01666666667
/home/ccollins/allmols/O/opt/cam/b3lyp/12ll12ll-12ll12ll-_TD.log,12ll12ll-12ll12ll-,---,[],"td B3LYP/6-31g(d,p)",-4.52443679415,-0.64409345593,133,3.7050,-1832.6799974,3.4900,1.61666666667
/home/ccollins/allmols/O/opt/cam/b3lyp/4fi4fi-_TD.log,4fi4fi-,---,[],"td B3LYP/6-31g(d,p)",-5.67411776217,-0.496879869256,57,0.9629,-692.4000622,4.4932,0.516666666667
/home/ccollins/allmols/O/opt/cam/b3lyp/12ee12ee12ee12ee-_TD.log,12ee12ee12ee12ee-,---,[],"td B3LYP/6-31g(d,p)",-5.35329554648,-1.88520467372,117,0.2160,-1525.6991019,3.0843,1.85
/home/ccollins/allmols/O/opt/cam/b3lyp/4ie4ie-4ie_TD.log,4ie4ie-4ie,---,[],"td B3LYP/6-31g(d,p)",-5.99793323009,-0.903145830263,91,2.4777,-1040.7710889,4.5193,3.21666666667
/home/ccollins/allmols/O/opt/cam/b3lyp/12ei12ei-_TD.log,12ei12ei-,---,[],"td B3LYP/6-31g(d,p)",-5.3026823725,-0.960017622528,55,0.8122,-689.8041332,4.1480,0.283333333333
/home/ccollins/allmols/O/opt/cam/b3lyp/4aa_TD.log,4aa,---,[],"td B3LYP/6-31g(d,p)",-6.73726652952,0.105308055532,21,0.0000,-232.2580257,5.5839,0.0166666666667
/home/ccollins/allmols/O/opt/cam/b3lyp/12fe12fe-12fe12fe_TD.log,12fe12fe-12fe12fe,---,[],"td B3LYP/6-31g(d,p)",-4.61668338543,-1.55322579064,109,5.7652,-1521.9939725,2.8015,1.06666666667
/home/ccollins/allmols/O/opt/cam/b3lyp/4ai4ai-4ai-4ai-_TD.log,4ai4ai-4ai-4ai-,---,[],"td B3LYP/6-31g(d,p)",-5.75439134456,-0.772531187743,97,1.0616,-1082.7184938,4.4935,1.66666666667
/home/ccollins/allmols/O/opt/cam/b3lyp/4ae4ae4ae4ae-_TD.log,4ae4ae4ae4ae-,---,[],"td B3LYP/6-31g(d,p)",-5.89806745133,-1.38750846294,105,1.6148,-1230.017582,4.0701,1.78333333333
/home/ccollins/allmols/O/opt/cam/b3lyp/12ff12ff-12ff12ff-_TD.log,12ff12ff-12ff12ff-,---,[],"td B3LYP/6-31g(d,p)",-4.3682434508,-1.0606997428,101,0.0000,-1518.2758203,3.1302,0.733333333333
/home/ccollins/allmols/O/opt/cam/b3lyp/12al12al-12al-12al_TD.log,12al12al-12al-12al,---,[],"td B3LYP/6-31g(d,p)",-4.22783271009,-0.967908923847,101,5.1163,-1374.6212766,3.0441,0.9
/home/ccollins/allmols/O/opt/cam/b3lyp/12fa12fa12fa_TD.log,12fa12fa12fa,---,[],"td B3LYP/6-31g(d,p)",-4.4112374373,-0.72491126599,64,5.4796,-913.3461347,3.5456,0.25
/home/ccollins/allmols/O/opt/cam/b3lyp/4fa4fa-4fa_TD.log,4fa4fa-4fa,---,[],"td B3LYP/6-31g(d,p)",-5.52418303711,-0.823688589397,73,2.4546,-920.0439686,4.1803,0.55
/home/ccollins/allmols/O/opt/cam/b3lyp/4aa4aa4aa4aa-_TD.log,4aa4aa4aa4aa-,---,[],"td B3LYP/6-31g(d,p)",-5.68935613713,-1.13335413771,81,0.0000,-925.449054,4.1491,0.766666666667
/home/ccollins/allmols/O/opt/cam/b3lyp/12ea12ea-12ea_TD.log,12ea12ea-12ea,---,[],"td B3LYP/6-31g(d,p)",-5.2039050491,-1.52057213001,70,0.7876,-916.1465927,3.4358,0.416666666667
/home/ccollins/allmols/O/opt/cam/b3lyp/4ef4ef-_TD.log,4ef4ef-,---,[],"td B3LYP/6-31g(d,p)",-5.68173694965,-0.650079960379,61,1.8746,-766.0464276,4.4271,0.366666666667
/home/ccollins/allmols/O/opt/cam/b3lyp/4ie4ie-4ie4ie-_TD.log,4ie4ie-4ie4ie-,---,[],"td B3LYP/6-31g(d,p)",-5.97643623684,-0.94804461363,121,3.2390,-1387.2947302,4.4966,1.98333333333
/home/ccollins/allmols/O/opt/cam/b3lyp/11_TD.log,11,---,[],"td B3LYP/6-31g(d,p)",-7.2872085973,-1.13716373145,8,2.1685,-114.5031559,4.0840,0.0
/home/ccollins/allmols/O/opt/cam/b3lyp/12el12el-12el-12el_TD.log,12el12el-12el-12el,---,[],"td B3LYP/6-31g(d,p)",-4.8760078736,-1.58070928834,125,2.1299,-1679.194051,2.9403,2.13333333333
/home/ccollins/allmols/O/opt/cam/b3lyp/4ff4ff-4ff4ff-_TD.log,4ff4ff-4ff4ff-,---,[],"td B3LYP/6-31g(d,p)",-5.2194155379,-1.10478218465,113,1.0929,-1527.2055496,3.6000,1.7
/home/ccollins/allmols/O/opt/cam/b3lyp/12le12le_TD.log,12le12le,---,[],"td B3LYP/6-31g(d,p)",-5.54295889197,-0.734435250341,63,2.5930,-840.1898987,4.2982,0.4
/home/ccollins/allmols/O/opt/cam/b3lyp/12lf12lf_TD.log,12lf12lf,---,[],"td B3LYP/6-31g(d,p)",-5.38785400398,0.0568717922642,59,1.0345,-838.321819,4.9175,0.316666666667
/home/ccollins/allmols/O/opt/cam/b3lyp/12il12il-12il12il_TD.log,12il12il-12il12il,---,[],"td B3LYP/6-31g(d,p)",-4.5198108589,-0.948316727468,117,2.6934,-1531.9002917,3.2945,2.01666666667
/home/ccollins/allmols/O/opt/cam/b3lyp/12al12al-12al_TD.log,12al12al-12al,---,[],"td B3LYP/6-31g(d,p)",-4.45450353764,-0.71348248477,76,3.6451,-1031.2591196,3.5156,0.5
/home/ccollins/allmols/O/opt/cam/b3lyp/4el_TD.log,4el,---,[],"td B3LYP/6-31g(d,p)",-5.74350679101,-0.403544822621,35,1.9636,-422.928849,4.8787,0.0833333333333
/home/ccollins/allmols/O/opt/cam/b3lyp/4aa4aa-_TD.log,4aa4aa-,---,[],"td B3LYP/6-31g(d,p)",-6.08718656914,-0.634025243903,41,0.0001,-463.3215103,5.0843,0.133333333333
/home/ccollins/allmols/O/opt/cam/b3lyp/4ae4ae-4ae-4ae-_TD.log,4ae4ae-4ae-4ae-,---,[],"td B3LYP/6-31g(d,p)",-5.8999722482,-1.3836988692,105,1.3931,-1230.0177001,4.0646,1.73333333333
/home/ccollins/allmols/O/opt/cam/b3lyp/12ai12ai12ai-12ai-_TD.log,12ai12ai12ai-12ai-,---,[],"td B3LYP/6-31g(d,p)",-4.50402825626,-0.987229006386,85,0.1152,-1073.8366636,3.2879,0.85
/home/ccollins/allmols/O/opt/cam/b3lyp/4ai4ai-4ai4ai_TD.log,4ai4ai-4ai4ai,---,[],"td B3LYP/6-31g(d,p)",-5.76228264587,-0.768449480164,97,1.0950,-1082.7185828,4.4999,1.73333333333
/home/ccollins/allmols/O/opt/cam/b3lyp/12ie12ie_TD.log,12ie12ie,---,[],"td B3LYP/6-31g(d,p)",-5.50731197912,-0.843552899613,55,1.1207,-689.8019054,4.3406,0.316666666667
/home/ccollins/allmols/O/opt/cam/b3lyp/4ff4ff-_TD.log,4ff4ff-,---,[],"td B3LYP/6-31g(d,p)",-5.28254594845,-0.652256871088,57,1.0466,-764.1987017,4.0594,0.283333333333
/home/ccollins/allmols/O/opt/cam/b3lyp/4fa4fa4fa-4fa_TD.log,4fa4fa4fa-4fa,---,[],"td B3LYP/6-31g(d,p)",-5.48935246577,-1.03648161117,97,3.7461,-1226.3251737,3.9528,1.25
/home/ccollins/allmols/O/opt/cam/b3lyp/12fe12fe-12fe12fe-_TD.log,12fe12fe-12fe12fe-,---,[],"td B3LYP/6-31g(d,p)",-4.78675453455,-1.71050758934,109,3.3835,-1522.00328,2.7962,1.3
/home/ccollins/allmols/O/opt/cam/b3lyp/4af4af_TD.log,4af4af,---,[],"td B3LYP/6-31g(d,p)",-5.67738312824,-0.546948815556,49,2.8126,-613.7592221,4.6026,0.25
/home/ccollins/allmols/O/opt/cam/b3lyp/12ef12ef-12ef12ef-_TD.log,12ef12ef-12ef12ef-,---,[],"td B3LYP/6-31g(d,p)",-4.78675453455,-1.71050758934,109,3.3848,-1522.0032796,2.7962,1.18333333333
/home/ccollins/allmols/O/opt/cam/b3lyp/12lf12lf12lf12lf_TD.log,12lf12lf12lf12lf,---,[],"td B3LYP/6-31g(d,p)",-4.25858157385,-0.889812252173,117,6.2347,-1675.4907101,3.1499,1.6
/home/ccollins/allmols/O/opt/cam/b3lyp/12el12el-12el12el-_TD.log,12el12el-12el12el-,---,[],"td B3LYP/6-31g(d,p)",-4.83410234246,-1.59513132178,125,1.8161,-1679.1958216,2.9296,2.1
/home/ccollins/allmols/O/opt/cam/b3lyp/12af12af-12af-12af-_TD.log,12af12af-12af-12af-,---,[],"td B3LYP/6-31g(d,p)",-4.33667824553,-1.08219673605,85,5.2573,-1217.4094212,3.0460,0.583333333333
/home/ccollins/allmols/O/opt/cam/b3lyp/4fa4fa4fa4fa-_TD.log,4fa4fa4fa4fa-,---,[],"td B3LYP/6-31g(d,p)",-5.52962531388,-1.14913674034,97,3.1772,-1226.3256245,3.9359,1.25
/home/ccollins/allmols/O/opt/cam/b3lyp/12il_TD.log,12il,---,[],"td B3LYP/6-31g(d,p)",-5.907047208,0.693890288392,30,1.6544,-383.863867,6.4149,0.0666666666667
/home/ccollins/allmols/O/opt/cam/b3lyp/12ai12ai12ai_TD.log,12ai12ai12ai,---,[],"td B3LYP/6-31g(d,p)",-4.78757087606,-0.720829558411,64,1.5136,-805.671037,3.8488,0.35
/home/ccollins/allmols/O/opt/cam/b3lyp/2222-_TD.log,2222-,---,[],"td B3LYP/6-31g(d,p)",-5.40935099723,-1.58016506066,29,0.1054,-310.8153042,4.0537,0.05
/home/ccollins/allmols/O/opt/cam/b3lyp/12il12il12il12il-_TD.log,12il12il12il12il-,---,[],"td B3LYP/6-31g(d,p)",-4.58919988773,-0.824232817074,117,3.4618,-1531.9020899,3.4192,1.8
/home/ccollins/allmols/O/opt/cam/b3lyp/12la12la12la-12la-_TD.log,12la12la12la-12la-,---,[],"td B3LYP/6-31g(d,p)",-4.17939644683,-0.863145095991,101,4.2302,-1374.6149729,3.0961,0.933333333333
/home/ccollins/allmols/O/opt/cam/b3lyp/12fa12fa-12fa12fa_TD.log,12fa12fa-12fa12fa,---,[],"td B3LYP/6-31g(d,p)",-4.28416027468,-0.996752990737,85,6.6566,-1217.4078158,3.0968,0.5
/home/ccollins/allmols/O/opt/cam/b3lyp/12af12af12af-12af_TD.log,12af12af12af-12af,---,[],"td B3LYP/6-31g(d,p)",-4.49477638575,-1.1763481242,85,1.8803,-1217.4054099,3.1183,0.533333333333
/home/ccollins/allmols/O/opt/cam/b3lyp/4ff4ff-4ff4ff_TD.log,4ff4ff-4ff4ff,---,[],"td B3LYP/6-31g(d,p)",-5.0833586186,-0.965187785461,113,0.4982,-1527.1989485,3.6088,1.81666666667
/home/ccollins/allmols/O/opt/cam/b3lyp/4ff4ff4ff-4ff_TD.log,4ff4ff4ff-4ff,---,[],"td B3LYP/6-31g(d,p)",-5.08852878154,-0.963827216268,113,0.4120,-1527.1989565,3.6180,1.83333333333
/home/ccollins/allmols/O/opt/cam/b3lyp/111111-_TD.log,111111-,---,[],"td B3LYP/6-31g(d,p)",-7.10570866697,-3.87381260609,22,1.8933,-341.1302889,1.7405,0.0166666666667
/home/ccollins/allmols/O/opt/cam/b3lyp/12ff12ff12ff_TD.log,12ff12ff12ff,---,[],"td B3LYP/6-31g(d,p)",-4.38266548425,-0.661780855439,76,6.5503,-1139.0000918,3.6014,0.333333333333
/home/ccollins/allmols/O/opt/cam/b3lyp/12ei12ei12ei_TD.log,12ei12ei12ei,---,[],"td B3LYP/6-31g(d,p)",-5.276559444,-1.13444259306,82,1.2060,-1034.1082684,3.7720,0.9
/home/ccollins/allmols/O/opt/cam/b3lyp/22_TD.log,22,---,[],"td B3LYP/6-31g(d,p)",-6.28147584989,-0.582051500733,15,0.0000,-156.0015248,6.1030,0.0166666666667
/home/ccollins/allmols/O/opt/cam/b3lyp/12ea12ea12ea-12ea_TD.log,12ea12ea12ea-12ea,---,[],"td B3LYP/6-31g(d,p)",-5.0311127616,-1.71105181702,93,0.8348,-1221.1338293,3.0471,0.85
/home/ccollins/allmols/O/opt/cam/b3lyp/12ii12ii-12ii-12ii-_TD.log,12ii12ii-12ii-12ii-,---,[],"td B3LYP/6-31g(d,p)",-4.67464363305,-0.539873855752,101,1.4665,-1231.1168618,3.7292,1.25
/home/ccollins/allmols/O/opt/cam/b3lyp/22-2-2-_TD.log,22-2-2-,---,[],"td B3LYP/6-31g(d,p)",-5.40935099723,-1.58016506066,29,0.1054,-310.8153043,4.0537,0.05
/home/ccollins/allmols/O/opt/cam/b3lyp/4ia4ia-4ia-4ia-_TD.log,4ia4ia-4ia-4ia-,---,[],"td B3LYP/6-31g(d,p)",-5.75357500304,-0.772803301581,97,1.1753,-1082.7184285,4.4957,1.93333333333
/home/ccollins/allmols/O/opt/cam/b3lyp/4af4af4af4af-_TD.log,4af4af4af4af-,---,[],"td B3LYP/6-31g(d,p)",-5.29506318502,-0.933894694023,97,3.6882,-1226.3217136,3.9280,1.2
/home/ccollins/allmols/O/opt/cam/b3lyp/4if4if4if4if_TD.log,4if4if4if4if,---,[],"td B3LYP/6-31g(d,p)",-5.35819359558,-0.616065730556,113,6.1477,-1383.5900202,4.2280,2.11666666667
/home/ccollins/allmols/O/opt/cam/b3lyp/12ae12ae-12ae12ae-_TD.log,12ae12ae-12ae12ae-,---,[],"td B3LYP/6-31g(d,p)",-5.05206552717,-1.73173246875,93,0.9661,-1221.1342772,3.0392,0.883333333333
/home/ccollins/allmols/O/opt/cam/b3lyp/4ie4ie4ie_TD.log,4ie4ie4ie,---,[],"td B3LYP/6-31g(d,p)",-5.99385152251,-0.927636075736,91,2.0022,-1040.7712451,4.5032,2.36666666667
/home/ccollins/allmols/O/opt/cam/b3lyp/12fl12fl-12fl-12fl_TD.log,12fl12fl-12fl-12fl,---,[],"td B3LYP/6-31g(d,p)",-4.25123450021,-0.906955424004,117,3.1764,-1675.4836514,3.1100,1.56666666667
/home/ccollins/allmols/O/opt/cam/b3lyp/12le12le12le-12le-_TD.log,12le12le12le-12le-,---,[],"td B3LYP/6-31g(d,p)",-4.9260768199,-1.39458342275,125,2.4291,-1679.1918244,3.2007,2.23333333333
/home/ccollins/allmols/O/opt/cam/b3lyp/4ff4ff4ff4ff_TD.log,4ff4ff4ff4ff,---,[],"td B3LYP/6-31g(d,p)",-4.92009031545,-0.880832495499,113,0.9100,-1527.1845993,3.5740,1.68333333333
/home/ccollins/allmols/O/opt/cam/b3lyp/4la4la-4la-4la-_TD.log,4la4la-4la-4la-,---,[],"td B3LYP/6-31g(d,p)",-5.22104822093,-0.806817531404,113,3.4136,-1383.5382719,3.9603,2.31666666667
/home/ccollins/allmols/O/opt/cam/b3lyp/1111-11-_TD.log,1111-11-,---,[],"td B3LYP/6-31g(d,p)",-7.10570866697,-3.87354049226,22,1.8937,-341.1302876,1.7406,0.0166666666667
/home/ccollins/allmols/O/opt/cam/b3lyp/12el12el12el-12el_TD.log,12el12el12el-12el,---,[],"td b3lyp/6-31g(d,p)",-4.86866079996,-1.55703538438,125,2.6598,-1679.1918761,2.9994,2.25
/home/ccollins/allmols/O/opt/cam/b3lyp/12le12le-12le_TD.log,12le12le-12le,---,[],"td B3LYP/6-31g(d,p)",-5.01260902057,-1.25662170659,94,2.1464,-1259.6937245,3.4207,1.03333333333
/home/ccollins/allmols/O/opt/cam/b3lyp/12ei12ei_TD.log,12ei12ei,---,[],"td B3LYP/6-31g(d,p)",-5.50731197912,-0.843552899613,55,1.1207,-689.8019058,4.3406,0.366666666667
/home/ccollins/allmols/O/opt/cam/b3lyp/12le12le-12le12le-_TD.log,12le12le-12le12le-,---,[],"td B3LYP/6-31g(d,p)",-4.83410234246,-1.59513132178,125,1.8168,-1679.1958217,2.9296,2.25
/home/ccollins/allmols/O/opt/cam/b3lyp/12fl12fl12fl-12fl_TD.log,12fl12fl12fl-12fl,---,[],"td B3LYP/6-31g(d,p)",-3.96741976657,-0.696339312939,117,7.6551,-1675.4357758,3.0707,1.61666666667
/home/ccollins/allmols/O/opt/cam/b3lyp/4fi4fi4fi4fi-_TD.log,4fi4fi4fi4fi-,---,[],"td B3LYP/6-31g(d,p)",-5.51084945902,-0.737156388727,113,3.3772,-1383.5985955,4.3044,2.16666666667
/home/ccollins/allmols/O/opt/cam/b3lyp/12ae12ae-12ae_TD.log,12ae12ae-12ae,---,[],"td B3LYP/6-31g(d,p)",-5.20363293526,-1.52057213001,70,0.7879,-916.146589,3.4358,0.4
/home/ccollins/allmols/O/opt/cam/b3lyp/12lf12lf-_TD.log,12lf12lf-,---,[],"td B3LYP/6-31g(d,p)",-4.69940599236,-0.240820747148,59,3.4396,-838.3217006,4.3517,0.2
/home/ccollins/allmols/O/opt/cam/b3lyp/12fe12fe-12fe-12fe_TD.log,12fe12fe-12fe-12fe,---,[],"td B3LYP/6-31g(d,p)",-4.75791046766,-1.59404286643,109,3.3646,-1521.9989099,2.8517,1.31666666667
/home/ccollins/allmols/O/opt/cam/b3lyp/4ei4ei-4ei4ei_TD.log,4ei4ei-4ei4ei,---,[],"td B3LYP/6-31g(d,p)",-5.97344298462,-0.983419412646,121,2.9728,-1387.2948933,4.4771,1.83333333333
/home/ccollins/allmols/O/opt/cam/b3lyp/12ia12ia-12ia_TD.log,12ia12ia-12ia,---,[],"td B3LYP/6-31g(d,p)",-4.75165184937,-0.773891756935,64,0.9049,-805.6764601,3.7609,0.366666666667
/home/ccollins/allmols/O/opt/cam/b3lyp/4fa4fa-4fa-4fa-_TD.log,4fa4fa-4fa-4fa-,---,[],"td B3LYP/6-31g(d,p)",-5.64091987387,-1.22043056605,97,5.0051,-1226.3326314,3.9350,1.21666666667
/home/ccollins/allmols/O/opt/cam/b3lyp/12ea12ea12ea12ea-_TD.log,12ea12ea12ea12ea-,---,[],"td B3LYP/6-31g(d,p)",-5.02730316786,-1.70941913399,93,0.3492,-1221.1333461,3.0213,0.85
/home/ccollins/allmols/O/opt/cam/b3lyp/12ia12ia-12ia-12ia_TD.log,12ia12ia-12ia-12ia,---,[],"td B3LYP/6-31g(d,p)",-4.5614442762,-0.995664535382,85,0.2874,-1073.8391304,3.2935,0.816666666667
/home/ccollins/allmols/O/opt/cam/b3lyp/4ia4ia-4ia_TD.log,4ia4ia-4ia,---,[],"td B3LYP/6-31g(d,p)",-5.86922338444,-0.638923292997,73,0.7996,-812.3384976,4.7499,0.733333333333
/home/ccollins/allmols/O/opt/cam/b3lyp/4fa4fa-4fa4fa-_TD.log,4fa4fa-4fa4fa-,---,[],"td B3LYP/6-31g(d,p)",-5.57996637402,-1.09689088334,97,3.1081,-1226.3291024,3.9866,1.15
/home/ccollins/allmols/O/opt/cam/b3lyp/4ee_TD.log,4ee,---,[],"td B3LYP/6-31g(d,p)",-6.17018128991,-1.32682707694,33,0.0000,-384.548218,4.8250,0.05
/home/ccollins/allmols/O/opt/cam/b3lyp/12la12la_TD.log,12la12la,---,[],"td B3LYP/6-31g(d,p)",-4.94784592699,-0.333611566105,51,1.2043,-687.8954069,4.3856,0.183333333333
/home/ccollins/allmols/O/opt/cam/b3lyp/12il12il-_TD.log,12il12il-,---,[],"td B3LYP/6-31g(d,p)",-4.95111129305,-0.287896441223,59,1.4394,-766.5470563,4.4834,0.383333333333
/home/ccollins/allmols/O/opt/cam/b3lyp/222-_TD.log,222-,---,[],"td B3LYP/6-31g(d,p)",-5.72337036696,-1.27975138286,22,0.1017,-233.4051408,4.6471,0.0333333333333
/home/ccollins/allmols/O/opt/cam/b3lyp/12la12la-12la-12la-_TD.log,12la12la-12la-12la-,---,[],"td B3LYP/6-31g(d,p)",-4.08197969261,-0.892805504397,101,5.0585,-1374.6257307,2.9930,0.9
/home/ccollins/allmols/O/opt/cam/b3lyp/12ai12ai-12ai-12ai_TD.log,12ai12ai-12ai-12ai,---,[],"td B3LYP/6-31g(d,p)",-4.5614442762,-0.995664535382,85,0.2874,-1073.8391304,3.2935,0.783333333333
/home/ccollins/allmols/O/opt/cam/b3lyp/12el12el-12el12el_TD.log,12el12el-12el12el,---,[],"td B3LYP/6-31g(d,p)",-4.93614503193,-1.545878717,125,2.7084,-1679.1920394,3.0646,2.38333333333
/home/ccollins/allmols/O/opt/cam/b3lyp/4ef4ef4ef_TD.log,4ef4ef4ef,---,[],"td B3LYP/6-31g(d,p)",-5.56445588522,-1.03675372501,91,3.9590,-1148.4702167,4.0412,0.983333333333
/home/ccollins/allmols/O/opt/cam/b3lyp/12if12if-12if_TD.log,12if12if-12if,---,[],"td B3LYP/6-31g(d,p)",-4.45994581441,-0.685182645557,76,1.5107,-1031.3181752,3.5578,0.65
/home/ccollins/allmols/O/opt/cam/b3lyp/12ll12ll-_TD.log,12ll12ll-,---,[],"td B3LYP/6-31g(d,p)",-4.41776816943,0.0397286204334,67,0.0005,-916.9303398,4.3238,0.316666666667
/home/ccollins/allmols/O/opt/cam/b3lyp/4fi4fi-4fi-4fi_TD.log,4fi4fi-4fi-4fi,---,[],"td B3LYP/6-31g(d,p)",-5.44554213776,-0.68654321475,113,2.0678,-1383.6013104,4.1679,2.4
/home/ccollins/allmols/O/opt/cam/b3lyp/4ae4ae4ae4ae_TD.log,4ae4ae4ae4ae,---,[],"td B3LYP/6-31g(d,p)",-5.90296550042,-1.3836988692,105,1.4842,-1230.0174493,4.0781,1.76666666667
/home/ccollins/allmols/O/opt/cam/b3lyp/12la12la12la12la-_TD.log,12la12la12la12la-,---,[],"td B3LYP/6-31g(d,p)",-4.07136725291,-0.866410462054,101,3.1850,-1374.6253015,3.0033,0.916666666667
/home/ccollins/allmols/O/opt/cam/b3lyp/12la12la12la_TD.log,12la12la12la,---,[],"td B3LYP/6-31g(d,p)",-4.58457395248,-0.691985491521,76,0.8246,-1031.245256,3.6406,0.516666666667
/home/ccollins/allmols/O/opt/cam/b3lyp/12if12if12if12if-_TD.log,12if12if12if12if-,---,[],"td B3LYP/6-31g(d,p)",-4.6877050973,-0.873485421858,101,1.5077,-1374.6952062,3.4722,1.08333333333
/home/ccollins/allmols/O/opt/cam/b3lyp/4ei4ei-4ei4ei-_TD.log,4ei4ei-4ei4ei-,---,[],"td B3LYP/6-31g(d,p)",-5.97643623684,-0.949133068984,121,3.2149,-1387.2947265,4.4965,1.9
/home/ccollins/allmols/O/opt/cam/b3lyp/12fa12fa12fa12fa_TD.log,12fa12fa12fa12fa,---,[],"td B3LYP/6-31g(d,p)",-4.15599465671,-0.909132334712,85,6.0755,-1217.4008033,3.0543,0.583333333333
/home/ccollins/allmols/O/opt/cam/b3lyp/4ie4ie4ie4ie_TD.log,4ie4ie4ie4ie,---,[],"td B3LYP/6-31g(d,p)",-5.96990550471,-0.986684778709,121,2.9342,-1387.2949125,4.4718,2.05
/home/ccollins/allmols/O/opt/cam/b3lyp/4fi4fi-4fi-4fi-_TD.log,4fi4fi-4fi-4fi-,---,[],"td B3LYP/6-31g(d,p)",-5.55166653481,-0.888179569141,113,3.9453,-1383.6045614,4.1518,2.41666666667
/home/ccollins/allmols/O/opt/cam/b3lyp/4ii4ii4ii_TD.log,4ii4ii4ii,---,[],"td B3LYP/6-31g(d,p)",-6.08936347985,0.0438103280122,85,0.1618,-930.2958018,5.2364,1.71666666667
/home/ccollins/allmols/O/opt/cam/b3lyp/4ai_TD.log,4ai,---,[],"td B3LYP/6-31g(d,p)",-6.42760098121,0.1537443188,25,0.3390,-271.5785656,5.4741,0.05
/home/ccollins/allmols/O/opt/cam/b3lyp/12fi12fi12fi12fi_TD.log,12fi12fi12fi12fi,---,[],"td B3LYP/6-31g(d,p)",-4.27245937962,-0.583956297603,101,5.3973,-1374.6808992,3.3533,1.11666666667
/home/ccollins/allmols/O/opt/cam/b3lyp/12fi12fi12fi12fi-_TD.log,12fi12fi12fi12fi-,---,[],"td B3LYP/6-31g(d,p)",-4.292051576,-0.839471192034,101,4.8531,-1374.6935096,3.1735,1.1
/home/ccollins/allmols/O/opt/cam/b3lyp/12fe12fe-12fe_TD.log,12fe12fe-12fe,---,[],"td B3LYP/6-31g(d,p)",-4.86267429551,-1.39376708123,82,3.8171,-1141.793273,3.2384,0.566666666667
/home/ccollins/allmols/O/opt/cam/b3lyp/12el12el_TD.log,12el12el,---,[],"td B3LYP/6-31g(d,p)",-5.41560961552,-0.961650305559,63,1.8905,-840.1885912,4.1518,0.3
/home/ccollins/allmols/O/opt/cam/b3lyp/12fa12fa12fa12fa-_TD.log,12fa12fa12fa12fa-,---,[],"td B3LYP/6-31g(d,p)",-4.33667824553,-1.08219673605,85,5.2573,-1217.4094213,3.0460,0.533333333333
/home/ccollins/allmols/O/opt/cam/b3lyp/12ff12ff12ff-12ff_TD.log,12ff12ff12ff-12ff,---,[],"td B3LYP/6-31g(d,p)",-4.25613254931,-0.944779247567,101,5.4493,-1518.2715905,3.1368,0.633333333333
/home/ccollins/allmols/O/opt/cam/b3lyp/4ai4ai4ai4ai_TD.log,4ai4ai4ai4ai,---,[],"td B3LYP/6-31g(d,p)",-5.75847305213,-0.763823544908,97,1.1134,-1082.7183711,4.5071,1.78333333333
/home/ccollins/allmols/O/opt/cam/b3lyp/12ee12ee12ee-12ee-_TD.log,12ee12ee12ee-12ee-,---,[],"td B3LYP/6-31g(d,p)",-5.31247847069,-1.94234857982,117,0.0001,-1525.6992259,3.0408,1.56666666667
/home/ccollins/allmols/O/opt/cam/b3lyp/222-2-_TD.log,222-2-,---,[],"td B3LYP/6-31g(d,p)",-5.41506538784,-1.59431498027,29,0.1260,-310.8155179,4.0072,0.05
/home/ccollins/allmols/O/opt/cam/b3lyp/12il12il-12il12il-_TD.log,12il12il-12il12il-,---,[],"td B3LYP/6-31g(d,p)",-4.46375540815,-0.889540138334,117,2.1053,-1531.9068874,3.2889,1.75
/home/ccollins/allmols/O/opt/cam/b3lyp/12il12il12il12il_TD.log,12il12il12il12il,---,[],"td B3LYP/6-31g(d,p)",-4.69831753701,-0.760013951168,117,2.1623,-1531.8950497,3.5574,1.9
/home/ccollins/allmols/O/opt/cam/b3lyp/4fe4fe4fe-4fe-_TD.log,4fe4fe4fe-4fe-,---,[],"td B3LYP/6-31g(d,p)",-5.62731418194,-1.44655716592,121,3.3638,-1530.9011653,3.7174,2.3
/home/ccollins/allmols/O/opt/cam/b3lyp/12fa12fa-12fa_TD.log,12fa12fa-12fa,---,[],"td B3LYP/6-31g(d,p)",-4.55491354407,-0.820967451011,64,4.5112,-913.3527512,3.5757,0.283333333333
/home/ccollins/allmols/O/opt/cam/b3lyp/4il_TD.log,4il,---,[],"td B3LYP/6-31g(d,p)",-5.66785914389,0.157553912541,33,1.1329,-386.1030111,5.1027,0.116666666667
/home/ccollins/allmols/O/opt/cam/b3lyp/222_TD.log,222,---,[],"td B3LYP/6-31g(d,p)",-5.75275866152,-1.15267422025,22,0.0000,-233.4109835,4.9512,0.0333333333333
/home/ccollins/allmols/O/opt/cam/b3lyp/12le12le-12le-12le-_TD.log,12le12le-12le-12le-,---,[],"td B3LYP/6-31g(d,p)",-4.81287746305,-1.44165911682,125,2.1531,-1679.1929185,3.0159,2.23333333333
/home/ccollins/allmols/O/opt/cam/b3lyp/4aa4aa_TD.log,4aa4aa,---,[],"td B3LYP/6-31g(d,p)",-6.08718656914,-0.634297357741,41,0.0001,-463.3215106,5.0840,0.133333333333
/home/ccollins/allmols/O/opt/cam/b3lyp/12ia12ia-12ia-12ia-_TD.log,12ia12ia-12ia-12ia-,---,[],"td B3LYP/6-31g(d,p)",-4.55572988559,-0.962194533236,85,1.1630,-1073.8358951,3.3284,0.8
/home/ccollins/allmols/O/opt/cam/b3lyp/12fl12fl12fl_TD.log,12fl12fl12fl,---,[],"td B3LYP/6-31g(d,p)",-4.07490473281,-0.414973603842,88,5.5212,-1256.8642659,3.5299,0.683333333333
/home/ccollins/allmols/O/opt/cam/b3lyp/4fe4fe-4fe-4fe-_TD.log,4fe4fe-4fe-4fe-,---,[],"td B3LYP/6-31g(d,p)",-5.56091840532,-1.4315909048,121,6.1273,-1530.9048987,3.7105,2.18333333333
/home/ccollins/allmols/O/opt/cam/b3lyp/4ef4ef_TD.log,4ef4ef,---,[],"td B3LYP/6-31g(d,p)",-5.67085239611,-0.812259808176,61,2.9888,-766.0469024,4.3371,0.366666666667
/home/ccollins/allmols/O/opt/cam/b3lyp/12ia12ia12ia-12ia_TD.log,12ia12ia12ia-12ia,---,[],"td B3LYP/6-31g(d,p)",-4.55572988559,-0.977705022036,85,1.3735,-1073.8388296,3.3265,0.8
/home/ccollins/allmols/O/opt/cam/b3lyp/22-2_TD.log,22-2,---,[],"td B3LYP/6-31g(d,p)",-5.69153304784,-1.40465163478,22,0.0000,-233.3988151,4.3888,0.0333333333333
/home/ccollins/allmols/O/opt/cam/b3lyp/4ef4ef4ef4ef-_TD.log,4ef4ef4ef4ef-,---,[],"td B3LYP/6-31g(d,p)",-5.47765157071,-1.05906705977,121,3.2016,-1530.892778,3.9319,2.55
/home/ccollins/allmols/O/opt/cam/b3lyp/11111111_TD.log,11111111,---,[],"td B3LYP/6-31g(d,p)",-7.28094997902,-4.25477198011,29,2.6571,-454.4267292,1.6278,0.0333333333333
/home/ccollins/allmols/O/opt/cam/b3lyp/4ia4ia4ia-4ia-_TD.log,4ia4ia4ia-4ia-,---,[],"td B3LYP/6-31g(d,p)",-5.76010573517,-0.767088910971,97,1.0409,-1082.7184456,4.5036,1.7
/home/ccollins/allmols/O/opt/cam/b3lyp/4ff_TD.log,4ff,---,[],"td B3LYP/6-31g(d,p)",-5.40581351733,-0.0402728481106,29,0.0001,-382.6954799,4.7996,0.0333333333333
/home/ccollins/allmols/O/opt/cam/b3lyp/12ef12ef-_TD.log,12ef12ef-,---,[],"td B3LYP/6-31g(d,p)",-5.31519960908,-1.17525966885,55,1.3849,-761.5918906,3.9517,0.216666666667
/home/ccollins/allmols/O/opt/cam/b3lyp/1111-_TD.log,1111-,---,[],"td B3LYP/6-31g(d,p)",-7.30788924904,-3.07434214833,15,0.0001,-227.8212224,2.5682,0.0
/home/ccollins/allmols/O/opt/cam/b3lyp/4ea4ea-4ea4ea_TD.log,4ea4ea-4ea4ea,---,[],"td B3LYP/6-31g(d,p)",-5.89344151607,-1.38968537365,105,1.5631,-1230.0178757,4.0492,1.85
/home/ccollins/allmols/O/opt/cam/b3lyp/4ae4ae-4ae4ae-_TD.log,4ae4ae-4ae4ae-,---,[],"td B3LYP/6-31g(d,p)",-5.88745501162,-1.38533155224,105,1.5483,-1230.0179997,4.0420,1.85
/home/ccollins/allmols/O/opt/cam/b3lyp/4ef4ef-4ef-4ef_TD.log,4ef4ef-4ef-4ef,---,[],"td B3LYP/6-31g(d,p)",-5.5269041755,-1.31539829572,121,3.5775,-1530.9001969,3.7183,2.36666666667
/home/ccollins/allmols/O/opt/cam/b3lyp/12ei_TD.log,12ei,---,[],"td B3LYP/6-31g(d,p)",-6.04990697326,-0.102042689469,28,0.6988,-345.4955625,5.7002,0.0666666666667
/home/ccollins/allmols/O/opt/cam/b3lyp/12af12af-_TD.log,12af12af-,---,[],"td B3LYP/6-31g(d,p)",-5.02294934644,-0.522458570083,43,1.8126,-609.2987945,4.3717,0.133333333333
/home/ccollins/allmols/O/opt/cam/b3lyp/4ia4ia-_TD.log,4ia4ia-,---,[],"td B3LYP/6-31g(d,p)",-6.07711835712,-0.394837179787,49,0.4694,-541.9584338,5.0930,0.216666666667
/home/ccollins/allmols/O/opt/cam/b3lyp/12ii12ii-_TD.log,12ii12ii-,---,[],"td B3LYP/6-31g(d,p)",-4.92988641364,-0.181499930336,51,0.1304,-616.1545379,4.5688,0.2
/home/ccollins/allmols/O/opt/cam/b3lyp/4fe4fe4fe_TD.log,4fe4fe4fe,---,[],"td B3LYP/6-31g(d,p)",-5.56418377138,-1.03675372501,91,3.9595,-1148.4702195,4.0412,1.0
/home/ccollins/allmols/O/opt/cam/b3lyp/4ae4ae-_TD.log,4ae4ae-,---,[],"td B3LYP/6-31g(d,p)",-6.12881998645,-1.05035941694,53,0.7503,-615.6078785,4.5365,0.25
/home/ccollins/allmols/O/opt/cam/b3lyp/4af4af-4af4af_TD.log,4af4af-4af4af,---,[],"td B3LYP/6-31g(d,p)",-5.48935246577,-1.03620949733,97,3.7461,-1226.3251736,3.9528,1.31666666667
/home/ccollins/allmols/O/opt/cam/b3lyp/12fi12fi12fi_TD.log,12fi12fi12fi,---,[],"td B3LYP/6-31g(d,p)",-4.45831313138,-0.441640760023,76,5.5315,-1031.3070157,3.7585,0.6
/home/ccollins/allmols/O/opt/cam/b3lyp/4ae4ae-4ae_TD.log,4ae4ae-4ae,---,[],"td B3LYP/6-31g(d,p)",-5.97507566765,-1.26369666639,79,1.2122,-922.8129059,4.2517,0.833333333333
/home/ccollins/allmols/O/opt/cam/b3lyp/12ie12ie-12ie-12ie-_TD.log,12ie12ie-12ie-12ie-,---,[],"td B3LYP/6-31g(d,p)",-5.02240511876,-1.35648748535,109,0.8726,-1378.4171979,3.2712,1.78333333333
/home/ccollins/allmols/O/opt/cam/b3lyp/12ff12ff-_TD.log,12ff12ff-,---,[],"td B3LYP/6-31g(d,p)",-4.96743812337,-0.437559052445,51,0.0002,-759.7276908,4.4490,0.133333333333
/home/ccollins/allmols/O/opt/cam/b3lyp/12ai12ai_TD.log,12ai12ai,---,[],"td B3LYP/6-31g(d,p)",-5.15982260725,-0.325720264786,43,1.4047,-537.5096103,4.6577,0.133333333333
/home/ccollins/allmols/O/opt/cam/b3lyp/4ai4ai-4ai_TD.log,4ai4ai-4ai,---,[],"td B3LYP/6-31g(d,p)",-5.86949549828,-0.63837906532,73,0.7998,-812.3384972,4.7506,0.733333333333
/home/ccollins/allmols/O/opt/cam/b3lyp/4ia4ia4ia4ia_TD.log,4ia4ia4ia4ia,---,[],"td B3LYP/6-31g(d,p)",-5.75847305213,-0.763823544908,97,1.1134,-1082.7183711,4.5071,1.78333333333
/home/ccollins/allmols/O/opt/cam/b3lyp/4al_TD.log,4al,---,[],"td B3LYP/6-31g(d,p)",-5.87221663666,0.116464722914,29,1.2980,-346.7830435,5.2231,0.1
/home/ccollins/allmols/O/opt/cam/b3lyp/4ea4ea-4ea-4ea_TD.log,4ea4ea-4ea-4ea,---,[],"td B3LYP/6-31g(d,p)",-5.89235306072,-1.38968537365,105,1.4340,-1230.0178488,4.0533,1.85
/home/ccollins/allmols/O/opt/cam/b3lyp/4ff4ff4ff-4ff-_TD.log,4ff4ff4ff-4ff-,---,[],"td B3LYP/6-31g(d,p)",-5.24526635256,-1.08029193918,113,1.4517,-1527.2004184,3.6615,1.53333333333
/home/ccollins/allmols/O/opt/cam/b3lyp/4ae4ae4ae_TD.log,4ae4ae4ae,---,[],"td B3LYP/6-31g(d,p)",-5.99738900241,-1.26723414629,79,1.2278,-922.8126249,4.2990,0.75
/home/ccollins/allmols/O/opt/cam/b3lyp/12ef12ef_TD.log,12ef12ef,---,[],"td B3LYP/6-31g(d,p)",-5.24989228782,-1.0655977919,55,2.4311,-761.588255,3.9313,0.266666666667
/home/ccollins/allmols/O/opt/cam/b3lyp/12fa12fa-_TD.log,12fa12fa-,---,[],"td B3LYP/6-31g(d,p)",-5.02294934644,-0.522458570083,43,1.8126,-609.2987945,4.3717,0.15
/home/ccollins/allmols/O/opt/cam/b3lyp/4aa4aa4aa-4aa-_TD.log,4aa4aa4aa-4aa-,---,[],"td B3LYP/6-31g(d,p)",-5.68010426662,-1.12246958416,81,0.0039,-925.4489937,4.1532,0.75
/home/ccollins/allmols/O/opt/cam/b3lyp/12ll12ll12ll12ll_TD.log,12ll12ll12ll12ll,---,[],"td B3LYP/6-31g(d,p)",-4.86675600309,-0.402728481106,133,3.4339,-1832.6730156,3.9248,1.46666666667
/home/ccollins/allmols/O/opt/cam/b3lyp/4aa4aa-4aa-4aa-_TD.log,4aa4aa-4aa-4aa-,---,[],"td B3LYP/6-31g(d,p)",-5.68037638046,-1.12246958416,81,0.0040,-925.4489941,4.1534,0.75
/home/ccollins/allmols/O/opt/cam/b3lyp/12aa12aa12aa_TD.log,12aa12aa12aa,---,[],"td B3LYP/6-31g(d,p)",-4.90947787575,-0.938248515441,52,0.9845,-687.7069025,3.8194,0.25
/home/ccollins/allmols/O/opt/cam/b3lyp/4fa4fa4fa_TD.log,4fa4fa4fa,---,[],"td B3LYP/6-31g(d,p)",-5.45996417121,-0.832124118393,73,4.3636,-920.0407475,4.1863,0.566666666667
/home/ccollins/allmols/O/opt/cam/b3lyp/4if4if4if_TD.log,4if4if4if,---,[],"td B3LYP/6-31g(d,p)",-5.43057587664,-0.521914342406,85,4.4950,-1037.9925659,4.3602,0.933333333333
/home/ccollins/allmols/O/opt/cam/b3lyp/4ei4ei4ei-4ei_TD.log,4ei4ei4ei-4ei,---,[],"td B3LYP/6-31g(d,p)",-5.97643623684,-0.948588841307,121,3.2140,-1387.2947272,4.4967,1.98333333333
/home/ccollins/allmols/O/opt/cam/b3lyp/4ia4ia_TD.log,4ia4ia,---,[],"td B3LYP/6-31g(d,p)",-6.07575778792,-0.400551570397,49,0.6369,-541.9584117,5.0891,0.233333333333
/home/ccollins/allmols/O/opt/cam/b3lyp/4ff4ff4ff_TD.log,4ff4ff4ff,---,[],"td B3LYP/6-31g(d,p)",-5.02485414331,-0.748585169947,85,0.6756,-1145.6880384,3.7938,0.683333333333
/home/ccollins/allmols/O/opt/cam/b3lyp/4ea4ea4ea4ea_TD.log,4ea4ea4ea4ea,---,[],"td B3LYP/6-31g(d,p)",-5.90269338658,-1.3836988692,105,1.4845,-1230.0174522,4.0778,1.76666666667
/home/ccollins/allmols/O/opt/cam/b3lyp/12ei12ei-12ei12ei-_TD.log,12ei12ei-12ei12ei-,---,[],"td B3LYP/6-31g(d,p)",-4.85859258793,-1.50206838899,109,1.4695,-1378.4234868,3.0361,1.75
/home/ccollins/allmols/O/opt/cam/b3lyp/12aa12aa-12aa_TD.log,12aa12aa-12aa,---,[],"td B3LYP/6-31g(d,p)",-4.95519300063,-0.970085834555,52,0.6226,-687.7127569,3.8117,0.25
/home/ccollins/allmols/O/opt/cam/b3lyp/4li_TD.log,4li,---,[],"td B3LYP/6-31g(d,p)",-5.66785914389,0.157553912541,33,1.1329,-386.1030111,5.1027,0.266666666667
/home/ccollins/allmols/O/opt/cam/b3lyp/1111-11-11-_TD.log,1111-11-11-,---,[],"td B3LYP/6-31g(d,p)",-7.16312468691,-4.09721806757,29,3.4235,-454.4374808,1.7035,0.0333333333333
/home/ccollins/allmols/O/opt/cam/b3lyp/12ff12ff-12ff-12ff_TD.log,12ff12ff-12ff-12ff,---,[],"td B3LYP/6-31g(d,p)",-4.19790018785,-0.908860220874,101,0.4621,-1518.2691604,3.0914,0.7
/home/ccollins/allmols/O/opt/cam/b3lyp/4fe4fe-4fe-4fe_TD.log,4fe4fe-4fe-4fe,---,[],"td B3LYP/6-31g(d,p)",-5.52908108621,-1.31893577562,121,2.8919,-1530.9003038,3.7154,2.33333333333
/home/ccollins/allmols/O/opt/cam/b3lyp/12ei12ei-12ei12ei_TD.log,12ei12ei-12ei12ei,---,[],"td B3LYP/6-31g(d,p)",-4.9105663311,-1.46587724846,109,1.5701,-1378.4212307,3.1303,1.65
/home/ccollins/allmols/O/opt/cam/b3lyp/12ef12ef12ef12ef_TD.log,12ef12ef12ef12ef,---,[],"td B3LYP/6-31g(d,p)",-4.78702664839,-1.63132246232,109,1.9857,-1521.9996832,2.8826,1.21666666667
/home/ccollins/allmols/O/opt/cam/b3lyp/111111-11_TD.log,111111-11,---,[],"td B3LYP/6-31g(d,p)",-7.05944931441,-4.05803367482,29,2.9287,-454.4400464,1.6165,0.0333333333333
/home/ccollins/allmols/O/opt/cam/b3lyp/4aa4aa4aa-4aa_TD.log,4aa4aa4aa-4aa,---,[],"td B3LYP/6-31g(d,p)",-5.68037638046,-1.12246958416,81,0.0039,-925.4489913,4.1532,0.766666666667
/home/ccollins/allmols/O/opt/cam/b3lyp/12al12al12al12al-_TD.log,12al12al12al12al-,---,[],"td B3LYP/6-31g(d,p)",-4.08197969261,-0.892805504397,101,5.0584,-1374.6257306,2.9930,1.0
/home/ccollins/allmols/O/opt/cam/b3lyp/4ai4ai4ai4ai-_TD.log,4ai4ai4ai4ai-,---,[],"td B3LYP/6-31g(d,p)",-5.75384711688,-0.772531187743,97,1.1720,-1082.7184282,4.4962,1.75
/home/ccollins/allmols/O/opt/cam/b3lyp/12il12il-12il-12il-_TD.log,12il12il-12il-12il-,---,[],"td B3LYP/6-31g(d,p)",-4.49205524736,-0.760286065006,117,1.7434,-1531.9025069,3.3866,1.83333333333
/home/ccollins/allmols/O/opt/cam/b3lyp/12la12la12la12la_TD.log,12la12la12la12la,---,[],"td B3LYP/6-31g(d,p)",-4.06755765917,-0.871308511149,101,5.3349,-1374.6259266,3.0098,0.883333333333
/home/ccollins/allmols/O/opt/cam/b3lyp/22-22_TD.log,22-22,---,[],"td B3LYP/6-31g(d,p)",-5.39111937004,-1.67894238407,29,0.0203,-310.8092379,3.8474,0.0666666666667
/home/ccollins/allmols/O/opt/cam/b3lyp/12il12il_TD.log,12il12il,---,[],"td B3LYP/6-31g(d,p)",-5.19302049555,-0.277828229195,59,2.5550,-766.5407103,4.6427,0.316666666667
/home/ccollins/allmols/O/opt/cam/b3lyp/12ia12ia-12ia12ia_TD.log,12ia12ia-12ia12ia,---,[],"td B3LYP/6-31g(d,p)",-4.56743078065,-0.98069827426,85,1.3529,-1073.8385076,3.3302,0.766666666667
/home/ccollins/allmols/O/opt/cam/b3lyp/4lf4lf-4lf-4lf-_TD.log,4lf4lf-4lf-4lf-,---,[],"td B3LYP/6-31g(d,p)",-4.8068909586,-0.823416475558,129,6.8352,-1684.4077729,3.4962,1.56666666667
/home/ccollins/allmols/O/opt/cam/b3lyp/4ii4ii_TD.log,4ii4ii,---,[],"td B3LYP/6-31g(d,p)",-6.11630274987,0.104491714017,57,0.1632,-620.5973077,5.2928,0.533333333333
/home/ccollins/allmols/O/opt/cam/b3lyp/4if4if-4if4if-_TD.log,4if4if-4if4if-,---,[],"td B3LYP/6-31g(d,p)",-5.52255035408,-0.568173694965,113,2.4460,-1383.5983164,4.3457,2.5
/home/ccollins/allmols/O/opt/cam/b3lyp/4fe4fe-4fe_TD.log,4fe4fe-4fe,---,[],"td B3LYP/6-31g(d,p)",-5.65561402115,-1.04627770936,91,2.2807,-1148.4735355,4.0273,1.1
/home/ccollins/allmols/O/opt/cam/b3lyp/12lf12lf12lf12lf-_TD.log,12lf12lf12lf12lf-,---,[],"td B3LYP/6-31g(d,p)",-4.37858377667,-1.05770649058,117,1.8408,-1675.4913398,3.1062,1.58333333333
/home/ccollins/allmols/O/opt/cam/b3lyp/12ll_TD.log,12ll,---,[],"td B3LYP/6-31g(d,p)",-5.49506685638,0.858791274574,34,2.4685,-459.0594274,6.0448,0.0833333333333
/home/ccollins/allmols/O/opt/cam/b3lyp/1111_TD.log,1111,---,[],"td B3LYP/6-31g(d,p)",-7.24503095232,-3.10536312593,15,3.2426,-227.8144845,2.4790,0.0
/home/ccollins/allmols/O/opt/cam/b3lyp/12ai12ai12ai12ai_TD.log,12ai12ai12ai12ai,---,[],"td B3LYP/6-31g(d,p)",-4.56933557752,-0.92110534361,85,1.2556,-1073.8325313,3.3784,0.916666666667
/home/ccollins/allmols/O/opt/cam/b3lyp/4ai4ai-_TD.log,4ai4ai-,---,[],"td B3LYP/6-31g(d,p)",-6.07711835712,-0.394837179787,49,0.4693,-541.9584338,5.0930,0.216666666667
/home/ccollins/allmols/O/opt/cam/b3lyp/4fi4fi_TD.log,4fi4fi,---,[],"td B3LYP/6-31g(d,p)",-5.56309531603,-0.29605985638,57,2.8542,-692.3951906,4.6333,0.533333333333
/home/ccollins/allmols/O/opt/cam/b3lyp/12aa12aa_TD.log,12aa12aa,---,[],"td B3LYP/6-31g(d,p)",-5.28417863148,-0.530349871402,35,0.9312,-458.8667179,4.6506,0.0666666666667
/home/ccollins/allmols/O/opt/cam/b3lyp/12ll12ll-12ll-12ll_TD.log,12ll12ll-12ll-12ll,---,[],"td B3LYP/6-31g(d,p)",-4.5840297248,-0.820967451011,133,2.2598,-1832.678169,3.4152,1.86666666667
/home/ccollins/allmols/O/opt/cam/b3lyp/12li12li-_TD.log,12li12li-,---,[],"td B3LYP/6-31g(d,p)",-4.95111129305,-0.287896441223,59,1.4394,-766.5470562,4.4834,0.3
/home/ccollins/allmols/O/opt/cam/b3lyp/12fa_TD.log,12fa,---,[],"td B3LYP/6-31g(d,p)",-5.67683890056,0.609262884592,22,2.0431,-305.2383693,5.9674,0.0333333333333
/home/ccollins/allmols/O/opt/cam/b3lyp/4ee4ee_TD.log,4ee4ee,---,[],"td B3LYP/6-31g(d,p)",-6.09671055349,-1.52819131749,65,0.0989,-767.8947282,4.1296,0.466666666667
/home/ccollins/allmols/O/opt/cam/b3lyp/1111-1111-_TD.log,1111-1111-,---,[],"td B3LYP/6-31g(d,p)",-7.09482411342,-3.60714104428,29,0.4343,-454.4451811,2.0930,0.0333333333333
/home/ccollins/allmols/O/opt/cam/b3lyp/12ei12ei-12ei_TD.log,12ei12ei-12ei,---,[],"td B3LYP/6-31g(d,p)",-5.00308503622,-1.32546650775,82,1.2383,-1034.1138123,3.3977,0.783333333333
/home/ccollins/allmols/O/opt/cam/b3lyp/12ai_TD.log,12ai,---,[],"td B3LYP/6-31g(d,p)",-5.96718436633,0.71729207851,22,0.9030,-269.3487471,6.5006,0.0166666666667
/home/ccollins/allmols/O/opt/cam/b3lyp/4ii4ii4ii4ii_TD.log,4ii4ii4ii4ii,---,[],"td B3LYP/6-31g(d,p)",-6.08011160934,0.00816341515755,113,0.0629,-1239.9943258,5.2269,2.33333333333
/home/ccollins/allmols/O/opt/cam/b3lyp/4ff4ff-4ff_TD.log,4ff4ff-4ff,---,[],"td B3LYP/6-31g(d,p)",-5.16526488402,-0.845457696483,85,0.0001,-1145.7020828,3.7774,0.95
/home/ccollins/allmols/O/opt/cam/b3lyp/4ei4ei-_TD.log,4ei4ei-,---,[],"td B3LYP/6-31g(d,p)",-6.03439648446,-0.830491435361,61,1.5068,-694.2475413,4.5657,0.566666666667
/home/ccollins/allmols/O/opt/cam/b3lyp/4ea4ea-4ea-4ea-_TD.log,4ea4ea-4ea-4ea-,---,[],"td B3LYP/6-31g(d,p)",-5.90160493123,-1.38886903214,105,1.2897,-1230.0177102,4.0691,1.78333333333
/home/ccollins/allmols/O/opt/cam/b3lyp/12fl12fl-12fl_TD.log,12fl12fl-12fl,---,[],"td B3LYP/6-31g(d,p)",-4.23137019,-0.513206699571,88,6.0112,-1256.8750735,3.5388,0.566666666667
/home/ccollins/allmols/O/opt/cam/b3lyp/4ea_TD.log,4ea,---,[],"td B3LYP/6-31g(d,p)",-6.32446983639,-0.742870779337,27,0.6255,-308.4031269,5.1182,0.05
/home/ccollins/allmols/O/opt/cam/b3lyp/222-2_TD.log,222-2,---,[],"td B3LYP/6-31g(d,p)",-5.39111937004,-1.67894238407,29,0.0203,-310.809238,3.8474,0.0666666666667
/home/ccollins/allmols/O/opt/cam/b3lyp/12ff12ff-12ff_TD.log,12ff12ff-12ff,---,[],"td B3LYP/6-31g(d,p)",-4.41940085246,-0.659059717053,76,3.0850,-1138.9955661,3.6030,0.316666666667
/home/ccollins/allmols/O/opt/cam/b3lyp/12ll12ll12ll-12ll-_TD.log,12ll12ll12ll-12ll-,---,[],"td B3LYP/6-31g(d,p)",-4.52062720041,-0.522730683922,133,3.7121,-1832.6748926,3.6343,1.65
/home/ccollins/allmols/O/opt/cam/b3lyp/12if12if-12if12if_TD.log,12if12if-12if12if,---,[],"td B3LYP/6-31g(d,p)",-4.36688288161,-0.853348997802,101,2.3052,-1374.69423,3.2526,1.15
/home/ccollins/allmols/O/opt/cam/b3lyp/12if12if-12if-12if_TD.log,12if12if-12if-12if,---,[],"td B3LYP/6-31g(d,p)",-4.22102986413,-0.856886477704,101,3.1584,-1374.6946589,3.0767,1.03333333333
/home/ccollins/allmols/O/opt/cam/b3lyp/4ia4ia-4ia4ia-_TD.log,4ia4ia-4ia4ia-,---,[],"td B3LYP/6-31g(d,p)",-5.76064996284,-0.772531187743,97,1.0800,-1082.7186178,4.4955,2.15
/home/ccollins/allmols/O/opt/cam/b3lyp/4af4af-4af_TD.log,4af4af-4af,---,[],"td B3LYP/6-31g(d,p)",-5.52418303711,-0.823688589397,73,2.4545,-920.0439686,4.1803,0.566666666667
/home/ccollins/allmols/O/opt/cam/b3lyp/12ff12ff12ff-12ff-_TD.log,12ff12ff12ff-12ff-,---,[],"td B3LYP/6-31g(d,p)",-4.41368646185,-1.14151755286,101,0.0001,-1518.2794215,3.1199,0.633333333333
/home/ccollins/allmols/O/opt/cam/b3lyp/4fe4fe-4fe4fe_TD.log,4fe4fe-4fe4fe,---,[],"td B3LYP/6-31g(d,p)",-5.53833295672,-1.08927169586,121,2.5978,-1530.8966644,3.9279,2.65
/home/ccollins/allmols/O/opt/cam/b3lyp/4aa4aa-4aa4aa-_TD.log,4aa4aa-4aa4aa-,---,[],"td B3LYP/6-31g(d,p)",-5.68935613713,-1.13335413771,81,0.0000,-925.449054,4.1491,0.766666666667
/home/ccollins/allmols/O/opt/cam/b3lyp/12fi12fi-_TD.log,12fi12fi-,---,[],"td B3LYP/6-31g(d,p)",-4.86866079996,-0.335516362975,51,1.7912,-687.9433147,4.3889,0.233333333333
/home/ccollins/allmols/O/opt/cam/b3lyp/12lf12lf-12lf-12lf_TD.log,12lf12lf-12lf-12lf,---,[],"td B3LYP/6-31g(d,p)",-4.25096238637,-0.885458430755,117,3.8830,-1675.4752537,3.0988,1.63333333333
/home/ccollins/allmols/O/opt/cam/b3lyp/4ie4ie-4ie4ie_TD.log,4ie4ie-4ie4ie,---,[],"td B3LYP/6-31g(d,p)",-5.97099396007,-0.96137819172,121,2.9124,-1387.2948745,4.4821,1.85
/home/ccollins/allmols/O/opt/cam/b3lyp/12ee12ee-12ee_TD.log,12ee12ee-12ee,---,[],"td B3LYP/6-31g(d,p)",-5.36418010002,-1.81826466942,88,0.0285,-1144.5758758,3.2371,0.833333333333
/home/ccollins/allmols/O/opt/cam/b3lyp/12af12af12af12af_TD.log,12af12af12af12af,---,[],"td B3LYP/6-31g(d,p)",-4.54457321821,-1.13417047922,85,1.2340,-1217.3951582,3.1983,0.516666666667
/home/ccollins/allmols/O/opt/cam/b3lyp/4ef4ef-4ef4ef-_TD.log,4ef4ef-4ef4ef-,---,[],"td B3LYP/6-31g(d,p)",-5.56255108835,-1.06532567806,121,2.7737,-1530.896363,3.9313,2.7
/home/ccollins/allmols/O/opt/cam/b3lyp/4ie4ie-4ie-4ie-_TD.log,4ie4ie-4ie-4ie-,---,[],"td B3LYP/6-31g(d,p)",-5.97126607391,-0.960561850205,121,2.9195,-1387.2948684,4.4830,2.15
/home/ccollins/allmols/O/opt/cam/b3lyp/4fe4fe4fe4fe_TD.log,4fe4fe4fe4fe,---,[],"td B3LYP/6-31g(d,p)",-5.49261783184,-1.15838861086,121,4.6523,-1530.8935284,3.8647,2.35
/home/ccollins/allmols/O/opt/cam/b3lyp/12ea_TD.log,12ea,---,[],"td B3LYP/6-31g(d,p)",-6.15331023192,-0.170887490631,24,0.4217,-306.1727756,5.7922,0.0333333333333
/home/ccollins/allmols/O/opt/cam/b3lyp/4ff4ff-4ff-4ff-_TD.log,4ff4ff-4ff-4ff-,---,[],"td B3LYP/6-31g(d,p)",-5.38785400398,-1.15566747247,113,1.1578,-1527.207412,3.6885,1.58333333333
/home/ccollins/allmols/O/opt/cam/b3lyp/4ea4ea4ea-4ea_TD.log,4ea4ea4ea-4ea,---,[],"td B3LYP/6-31g(d,p)",-5.88990403617,-1.37988927546,105,1.6833,-1230.0178499,4.0524,1.8
/home/ccollins/allmols/O/opt/cam/b3lyp/4li4li-4li-4li-_TD.log,4li4li-4li-4li-,---,[],"td B3LYP/6-31g(d,p)",-5.33125432556,-0.379326690987,129,3.1673,-1540.8091724,4.3933,2.03333333333
/home/ccollins/allmols/O/opt/cam/b3lyp/12ii12ii12ii_TD.log,12ii12ii12ii,---,[],"td B3LYP/6-31g(d,p)",-4.95056706538,-0.314291483566,76,2.0167,-923.6317092,4.2369,0.616666666667
/home/ccollins/allmols/O/opt/cam/b3lyp/12ia12ia_TD.log,12ia12ia,---,[],"td B3LYP/6-31g(d,p)",-5.15982260725,-0.325720264786,43,1.4047,-537.5096104,4.6577,0.133333333333
/home/ccollins/allmols/O/opt/cam/b3lyp/12fe12fe12fe-12fe_TD.log,12fe12fe12fe-12fe,---,[],"td B3LYP/6-31g(d,p)",-4.69559639862,-1.61934945342,109,5.7745,-1521.995804,2.8313,1.2
/home/ccollins/allmols/O/opt/cam/b3lyp/12ae12ae_TD.log,12ae12ae,---,[],"td B3LYP/6-31g(d,p)",-5.50350238538,-1.14587137428,47,0.6395,-611.1592831,4.1700,0.25
/home/ccollins/allmols/O/opt/cam/b3lyp/12le_TD.log,12le,---,[],"td B3LYP/6-31g(d,p)",-5.97561989532,-0.105580169371,32,1.5356,-420.6913675,5.2975,0.0666666666667
/home/ccollins/allmols/O/opt/cam/b3lyp/4ae_TD.log,4ae,---,[],"td B3LYP/6-31g(d,p)",-6.32446983639,-0.742598665498,27,0.6256,-308.4031259,5.1183,0.05
/home/ccollins/allmols/O/opt/cam/b3lyp/4ia4ia-4ia-4ia_TD.log,4ia4ia-4ia-4ia,---,[],"td B3LYP/6-31g(d,p)",-5.76282687355,-0.765728341778,97,1.0715,-1082.7184975,4.5065,2.15
/home/ccollins/allmols/O/opt/cam/b3lyp/4ea4ea4ea4ea-_TD.log,4ea4ea4ea4ea-,---,[],"td B3LYP/6-31g(d,p)",-5.89452997143,-1.38315464153,105,1.6432,-1230.0176211,4.0640,1.75
/home/ccollins/allmols/O/opt/cam/b3lyp/4fa4fa-4fa-4fa_TD.log,4fa4fa-4fa-4fa,---,[],"td B3LYP/6-31g(d,p)",-5.45152864221,-1.02478071611,97,2.7613,-1226.3285153,3.9207,1.21666666667
/home/ccollins/allmols/O/opt/cam/b3lyp/4ei4ei4ei_TD.log,4ei4ei4ei,---,[],"td B3LYP/6-31g(d,p)",-5.99385152251,-0.926275506543,91,1.9996,-1040.7712415,4.5039,1.56666666667
/home/ccollins/allmols/O/opt/cam/b3lyp/12af12af12af-12af-_TD.log,12af12af12af-12af-,---,[],"td B3LYP/6-31g(d,p)",-4.47436784785,-1.17199430279,85,3.6603,-1217.4075427,3.1119,0.616666666667
/home/ccollins/allmols/O/opt/cam/b3lyp/4ea4ea4ea-4ea-_TD.log,4ea4ea4ea-4ea-,---,[],"td B3LYP/6-31g(d,p)",-5.89452997143,-1.38750846294,105,1.4475,-1230.0177269,4.0554,1.86666666667
/home/ccollins/allmols/O/opt/cam/b3lyp/12li12li-12li12li_TD.log,12li12li-12li12li,---,[],"td B3LYP/6-31g(d,p)",-4.42212199084,-0.97688868052,117,1.2465,-1531.9070246,3.1840,1.85
/home/ccollins/allmols/O/opt/cam/b3lyp/12ee12ee12ee_TD.log,12ee12ee12ee,---,[],"td B3LYP/6-31g(d,p)",-5.56717702361,-1.64792140647,88,0.2784,-1144.5693764,3.5493,1.05
/home/ccollins/allmols/O/opt/cam/b3lyp/4ie4ie-_TD.log,4ie4ie-,---,[],"td B3LYP/6-31g(d,p)",-6.03439648446,-0.830491435361,61,1.5065,-694.2475411,4.5656,0.6
/home/ccollins/allmols/O/opt/cam/b3lyp/12fi12fi-12fi-12fi-_TD.log,12fi12fi-12fi-12fi-,---,[],"td B3LYP/6-31g(d,p)",-4.6877050973,-0.873485421858,101,1.5071,-1374.6952062,3.4722,1.26666666667
/home/ccollins/allmols/O/opt/cam/b3lyp/12ae12ae12ae12ae-_TD.log,12ae12ae12ae12ae-,---,[],"td B3LYP/6-31g(d,p)",-5.0346502415,-1.73363726562,93,0.8623,-1221.13389,3.0500,0.866666666667
/home/ccollins/allmols/O/opt/cam/b3lyp/12ii12ii12ii12ii-_TD.log,12ii12ii12ii12ii-,---,[],"td B3LYP/6-31g(d,p)",-4.67464363305,-0.539873855752,101,1.4665,-1231.1168618,3.7292,1.26666666667
/home/ccollins/allmols/O/opt/cam/b3lyp/12li12li12li12li_TD.log,12li12li12li12li,---,[],"td B3LYP/6-31g(d,p)",-4.42212199084,-0.97688868052,117,1.2464,-1531.9070247,3.1841,1.71666666667
/home/ccollins/allmols/O/opt/cam/b3lyp/12al12al12al-12al_TD.log,12al12al12al-12al,---,[],"td B3LYP/6-31g(d,p)",-4.18919254501,-0.922738026641,101,5.9944,-1374.6200488,3.0436,0.983333333333
/home/ccollins/allmols/O/opt/cam/b3lyp/4ai4ai4ai_TD.log,4ai4ai4ai,---,[],"td B3LYP/6-31g(d,p)",-5.86568590454,-0.638923292997,73,0.8924,-812.3383968,4.7494,0.85
/home/ccollins/allmols/O/opt/cam/b3lyp/12ie12ie12ie-12ie-_TD.log,12ie12ie12ie-12ie-,---,[],"td B3LYP/6-31g(d,p)",-4.9775063354,-1.40628431781,109,1.2675,-1378.4180932,3.2411,1.95
/home/ccollins/allmols/O/opt/cam/b3lyp/12fl12fl12fl12fl-_TD.log,12fl12fl12fl12fl-,---,[],"td B3LYP/6-31g(d,p)",-3.93966415503,-0.708584435675,117,5.8151,-1675.4417011,3.0200,1.21666666667
/home/ccollins/allmols/O/opt/cam/b3lyp/12aa12aa-_TD.log,12aa12aa-,---,[],"td B3LYP/6-31g(d,p)",-5.29642375422,-0.5268123915,35,0.0000,-458.8695376,4.6570,0.0666666666667
/home/ccollins/allmols/O/opt/cam/b3lyp/12ie12ie-12ie12ie_TD.log,12ie12ie-12ie12ie,---,[],"td B3LYP/6-31g(d,p)",-4.89396738695,-1.47431277745,109,1.3114,-1378.4204433,3.0998,1.8
/home/ccollins/allmols/O/opt/cam/b3lyp/4aa4aa4aa4aa_TD.log,4aa4aa4aa4aa,---,[],"td B3LYP/6-31g(d,p)",-5.66813125772,-1.11648307971,81,0.0002,-925.4489374,4.1508,0.766666666667
/home/ccollins/allmols/O/opt/cam/b3lyp/12il12il12il-12il_TD.log,12il12il12il-12il,---,[],"td b3lyp/6-31g(d,p)",-4.52525313567,-0.829947207684,117,2.1653,-1531.9046072,3.3844,1.83333333333
/home/ccollins/allmols/O/opt/cam/b3lyp/12el12el-12el-12el-_TD.log,12el12el-12el-12el-,---,[],"td B3LYP/6-31g(d,p)",-4.89315104543,-1.11430616901,125,4.1861,-1679.189387,3.3570,2.08333333333
/home/ccollins/allmols/O/opt/cam/b3lyp/12ia12ia12ia-12ia-_TD.log,12ia12ia12ia-12ia-,---,[],"td B3LYP/6-31g(d,p)",-4.50402825626,-0.987229006386,85,0.1152,-1073.8366636,3.2879,0.716666666667
/home/ccollins/allmols/O/opt/cam/b3lyp/2222_TD.log,2222,---,[],"td B3LYP/6-31g(d,p)",-5.43084799048,-1.49717033989,29,0.0000,-310.8210911,4.2351,0.05
/home/ccollins/allmols/O/opt/cam/b3lyp/4ai4ai_TD.log,4ai4ai,---,[],"td B3LYP/6-31g(d,p)",-6.07602990176,-0.400279456558,49,0.6368,-541.9584117,5.0891,0.233333333333
/home/ccollins/allmols/O/opt/cam/b3lyp/12ia12ia12ia12ia-_TD.log,12ia12ia12ia12ia-,---,[],"td b3lyp/6-31g(d,p)",-4.53777037224,-0.967364696169,85,1.3442,-1073.8363815,3.3101,0.766666666667
/home/ccollins/allmols/O/opt/cam/b3lyp/12ia_TD.log,12ia,---,[],"td B3LYP/6-31g(d,p)",-5.96718436633,0.71729207851,22,0.9030,-269.3487471,6.5006,0.0333333333333
/home/ccollins/allmols/O/opt/cam/b3lyp/4ie4ie4ie4ie-_TD.log,4ie4ie4ie4ie-,---,[],"td B3LYP/6-31g(d,p)",-5.96963339088,-0.98641266487,121,2.9226,-1387.2949193,4.4712,4.06666666667
/home/ccollins/allmols/O/opt/cam/b3lyp/12li12li-12li-12li-_TD.log,12li12li-12li-12li-,---,[],"td B3LYP/6-31g(d,p)",-4.54130785214,-0.822872247881,117,1.8779,-1531.9022639,3.3850,1.81666666667
/home/ccollins/allmols/O/opt/cam/b3lyp/4ie4ie-4ie-4ie_TD.log,4ie4ie-4ie-4ie,---,[],"td B3LYP/6-31g(d,p)",-5.97344298462,-0.979881932744,121,2.9852,-1387.2949021,4.4783,1.88333333333
/home/ccollins/allmols/O/opt/cam/b3lyp/12al12al-12al12al_TD.log,12al12al-12al12al,---,[],"td B3LYP/6-31g(d,p)",-4.19844441553,-0.923282254319,101,5.6225,-1374.6208709,3.0434,0.966666666667
/home/ccollins/allmols/O/opt/cam/b3lyp/12fa12fa_TD.log,12fa12fa,---,[],"td B3LYP/6-31g(d,p)",-4.83627925317,-0.344496119648,43,4.0331,-609.2916821,4.3712,0.116666666667
/home/ccollins/allmols/O/opt/cam/b3lyp/4ef4ef4ef-4ef_TD.log,4ef4ef4ef-4ef,---,[],"td B3LYP/6-31g(d,p)",-5.52744840318,-1.02559705763,121,3.6374,-1530.8966224,3.9551,2.73333333333
/home/ccollins/allmols/O/opt/cam/b3lyp/4fe4fe4fe4fe-_TD.log,4fe4fe4fe4fe-,---,[],"td B3LYP/6-31g(d,p)",-5.65833515953,-1.30641853905,121,3.0965,-1530.8976803,3.8568,2.48333333333
/home/ccollins/allmols/O/opt/cam/b3lyp/4ie_TD.log,4ie,---,[],"td B3LYP/6-31g(d,p)",-6.11548640836,-0.637834837643,31,1.1126,-347.7240482,5.0460,0.0666666666667
/home/ccollins/allmols/O/opt/cam/b3lyp/12ll12ll-12ll_TD.log,12ll12ll-12ll,---,[],"td B3LYP/6-31g(d,p)",-4.85206185581,-0.469396371559,100,2.5766,-1374.8050689,4.0202,1.08333333333
/home/ccollins/allmols/O/opt/cam/b3lyp/12ie12ie-12ie12ie-_TD.log,12ie12ie-12ie12ie-,---,[],"td B3LYP/6-31g(d,p)",-4.85859258793,-1.50234050283,109,1.4695,-1378.4234872,3.0361,1.86666666667
/home/ccollins/allmols/O/opt/cam/b3lyp/12if12if12if-12if_TD.log,12if12if12if-12if,---,[],"td B3LYP/6-31g(d,p)",-4.41776816943,-0.923554368157,101,1.4104,-1374.694532,3.2303,1.03333333333
/home/ccollins/allmols/O/opt/cam/b3lyp/12fi12fi-12fi12fi-_TD.log,12fi12fi-12fi12fi-,---,[],"td B3LYP/6-31g(d,p)",-4.29341214519,-0.99022225861,101,4.1763,-1374.7026925,3.0771,1.08333333333
/home/ccollins/allmols/O/opt/cam/b3lyp/12ai12ai12ai-12ai_TD.log,12ai12ai12ai-12ai,---,[],"td B3LYP/6-31g(d,p)",-4.56743078065,-0.98069827426,85,1.3529,-1073.8385075,3.3303,0.783333333333
/home/ccollins/allmols/O/opt/cam/b3lyp/12ef12ef12ef-12ef_TD.log,12ef12ef12ef-12ef,---,[],"td B3LYP/6-31g(d,p)",-4.76008737837,-1.66452035062,109,1.8586,-1521.9999401,2.8134,1.15
/home/ccollins/allmols/O/opt/cam/b3lyp/4af4af4af-4af-_TD.log,4af4af4af-4af-,---,[],"td B3LYP/6-31g(d,p)",-5.31139001534,-0.894982415106,97,2.4620,-1226.3248863,3.9393,1.41666666667
/home/ccollins/allmols/O/opt/cam/b3lyp/12ii12ii12ii12ii_TD.log,12ii12ii12ii12ii,---,[],"td B3LYP/6-31g(d,p)",-4.8414494161,-0.430211978803,101,1.7801,-1231.1121669,3.9473,1.41666666667
/home/ccollins/allmols/O/opt/cam/b3lyp/4fi4fi-4fi4fi-_TD.log,4fi4fi-4fi4fi-,---,[],"td B3LYP/6-31g(d,p)",-5.62595361274,-0.68844801162,113,2.6452,-1383.6025961,4.3511,2.53333333333
/home/ccollins/allmols/O/opt/cam/b3lyp/4ef4ef-4ef_TD.log,4ef4ef-4ef,---,[],"td B3LYP/6-31g(d,p)",-5.6425525569,-1.0606997428,91,1.9430,-1148.4734797,4.0087,1.06666666667
/home/ccollins/allmols/O/opt/cam/b3lyp/12ff12ff-12ff-12ff-_TD.log,12ff12ff-12ff-12ff-,---,[],"td B3LYP/6-31g(d,p)",-4.35735889726,-1.09389763111,101,4.6782,-1518.279022,3.0934,0.633333333333
/home/ccollins/allmols/O/opt/cam/b3lyp/4ff4ff_TD.log,4ff4ff,---,[],"td B3LYP/6-31g(d,p)",-5.1834965112,-0.506403853607,57,0.3606,-764.1914181,4.1471,0.233333333333
/home/ccollins/allmols/O/opt/cam/b3lyp/12ll12ll12ll12ll-_TD.log,12ll12ll12ll12ll-,---,[],"td B3LYP/6-31g(d,p)",-4.59845175825,-0.471301168429,133,4.1774,-1832.6748476,3.6940,1.71666666667
/home/ccollins/allmols/O/opt/cam/b3lyp/12la_TD.log,12la,---,[],"td B3LYP/6-31g(d,p)",-5.73343857898,0.700965248195,26,0.9926,-344.5463963,6.0605,0.0333333333333
/home/ccollins/allmols/O/opt/cam/b3lyp/12if12if12if_TD.log,12if12if12if,---,[],"td B3LYP/6-31g(d,p)",-4.93206332435,-0.491981820162,76,1.9083,-1031.3120729,4.0482,0.583333333333
/home/ccollins/allmols/O/opt/cam/b3lyp/4ei4ei4ei-4ei-_TD.log,4ei4ei4ei-4ei-,---,[],"td B3LYP/6-31g(d,p)",-5.97044973239,-0.967364696169,121,2.9346,-1387.294876,4.4813,1.91666666667
/home/ccollins/allmols/O/opt/cam/b3lyp/12ea12ea_TD.log,12ea12ea,---,[],"td B3LYP/6-31g(d,p)",-5.50350238538,-1.14587137428,47,0.6395,-611.1592852,4.1699,0.133333333333
/home/ccollins/allmols/O/opt/cam/b3lyp/12ll12ll12ll_TD.log,12ll12ll12ll,---,[],"td B3LYP/6-31g(d,p)",-4.98213227065,-0.268032131006,100,3.9098,-1374.8021736,4.2012,1.2
/home/ccollins/allmols/O/opt/cam/b3lyp/4fl_TD.log,4fl,---,[],"td B3LYP/6-31g(d,p)",-5.35710514022,0.0272113838585,33,2.4700,-422.0005365,4.8050,0.116666666667
/home/ccollins/allmols/O/opt/cam/b3lyp/4ie4ie4ie-4ie_TD.log,4ie4ie4ie-4ie,---,[],"td B3LYP/6-31g(d,p)",-5.97643623684,-0.948588841307,121,3.2140,-1387.2947275,4.4967,2.03333333333
/home/ccollins/allmols/O/opt/cam/b3lyp/4ee4ee4ee4ee_TD.log,4ee4ee4ee4ee,---,[],"td B3LYP/6-31g(d,p)",-5.97806891987,-1.70642588177,129,0.2317,-1534.5880752,3.8594,3.93333333333
/home/ccollins/allmols/O/opt/cam/b3lyp/12ei12ei12ei-12ei-_TD.log,12ei12ei12ei-12ei-,---,[],"td B3LYP/6-31g(d,p)",-4.9775063354,-1.40655643165,109,1.2675,-1378.4180935,3.2411,1.71666666667
/home/ccollins/allmols/O/opt/cam/b3lyp/12ae12ae-12ae-12ae_TD.log,12ae12ae-12ae-12ae,---,[],"td B3LYP/6-31g(d,p)",-5.04580690888,-1.73282092411,93,0.8507,-1221.1335403,3.0137,0.916666666667
/home/ccollins/allmols/O/opt/cam/b3lyp/12fl12fl-12fl12fl-_TD.log,12fl12fl-12fl12fl-,---,[],"td B3LYP/6-31g(d,p)",-4.1263342483,-0.826137613944,117,6.7392,-1675.4466933,3.0875,1.61666666667
/home/ccollins/allmols/O/opt/cam/b3lyp/12ie12ie12ie_TD.log,12ie12ie12ie,---,[],"td B3LYP/6-31g(d,p)",-5.276559444,-1.13444259306,82,1.2058,-1034.108268,3.7720,0.783333333333
/home/ccollins/allmols/O/opt/cam/b3lyp/1111-1111_TD.log,1111-1111,---,[],"td B3LYP/6-31g(d,p)",-7.05944931441,-4.05803367482,29,2.9288,-454.4400464,1.6164,0.0333333333333
/home/ccollins/allmols/O/opt/cam/b3lyp/12il12il12il-12il-_TD.log,12il12il12il-12il-,---,[],"td B3LYP/6-31g(d,p)",-4.48579662907,-0.92301014048,117,1.1909,-1531.9052143,3.2863,1.73333333333
/home/ccollins/allmols/O/opt/cam/b3lyp/12al12al12al12al_TD.log,12al12al12al12al,---,[],"td B3LYP/6-31g(d,p)",-4.04007416147,-0.881376723177,101,5.7690,-1374.6241483,2.9750,1.03333333333
/home/ccollins/allmols/O/opt/cam/b3lyp/4fi4fi4fi-4fi-_TD.log,4fi4fi4fi-4fi-,---,[],"td B3LYP/6-31g(d,p)",-5.62268824668,-0.862872982153,113,2.3907,-1383.5996949,4.2154,2.18333333333
/home/ccollins/allmols/O/opt/cam/b3lyp/4fi4fi4fi-4fi_TD.log,4fi4fi4fi-4fi,---,[],"td B3LYP/6-31g(d,p)",-5.54568003036,-0.64409345593,113,3.6555,-1383.5968658,4.3055,2.33333333333
/home/ccollins/allmols/O/opt/cam/b3lyp/12af_TD.log,12af,---,[],"td B3LYP/6-31g(d,p)",-5.75602402759,0.65388955412,22,0.9678,-305.2389386,6.0821,0.0166666666667
/home/ccollins/allmols/O/opt/cam/b3lyp/12af12af12af12af-_TD.log,12af12af12af12af-,---,[],"td B3LYP/6-31g(d,p)",-4.56552598378,-1.20682487412,85,1.5284,-1217.404235,3.1506,0.583333333333
/home/ccollins/allmols/O/opt/cam/b3lyp/4le4le-_TD.log,4le4le-,---,[],"td B3LYP/6-31g(d,p)",-5.59847011505,-0.60191581095,69,2.2810,-844.6562423,4.3966,0.716666666667
/home/ccollins/allmols/O/opt/cam/b3lyp/4af4af-4af-4af_TD.log,4af4af-4af-4af,---,[],"td B3LYP/6-31g(d,p)",-5.45152864221,-1.02478071611,97,2.7614,-1226.3285152,3.9207,1.25
/home/ccollins/allmols/O/opt/cam/b3lyp/12al12al_TD.log,12al12al,---,[],"td B3LYP/6-31g(d,p)",-4.72825005925,-0.335516362975,51,3.8411,-687.9032379,4.2696,0.2
/home/ccollins/allmols/O/opt/cam/b3lyp/12ee12ee-_TD.log,12ee12ee-,---,[],"td B3LYP/6-31g(d,p)",-5.60146336727,-1.554314246,59,0.0000,-763.4466269,3.8504,0.233333333333
/home/ccollins/allmols/O/opt/cam/b3lyp/12fe12fe12fe-12fe-_TD.log,12fe12fe12fe-12fe-,---,[],"td B3LYP/6-31g(d,p)",-4.81559860144,-1.74044011159,109,2.5614,-1521.9997587,2.8287,1.18333333333
/home/ccollins/allmols/O/opt/cam/b3lyp/4ia4ia4ia-4ia_TD.log,4ia4ia4ia-4ia,---,[],"td B3LYP/6-31g(d,p)",-5.76228264587,-0.768449480164,97,1.0949,-1082.7185828,4.4999,1.96666666667
/home/ccollins/allmols/O/opt/cam/b3lyp/12ae12ae-_TD.log,12ae12ae-,---,[],"td B3LYP/6-31g(d,p)",-5.49452262871,-1.13144934084,47,0.5724,-611.1590595,4.1879,0.133333333333
/home/ccollins/allmols/O/opt/cam/b3lyp/12ie12ie12ie-12ie_TD.log,12ie12ie12ie-12ie,---,[],"td B3LYP/6-31g(d,p)",-4.9105663311,-1.46587724846,109,1.5700,-1378.4212313,3.1303,1.76666666667
/home/ccollins/allmols/O/opt/cam/b3lyp/4ei4ei4ei4ei-_TD.log,4ei4ei4ei4ei-,---,[],"td B3LYP/6-31g(d,p)",-5.96963339088,-0.985596323355,121,2.9194,-1387.294919,4.4714,2.11666666667
/home/ccollins/allmols/O/opt/cam/b3lyp/12ef12ef-12ef-12ef-_TD.log,12ef12ef-12ef-12ef-,---,[],"td B3LYP/6-31g(d,p)",-4.72117509945,-1.69771823893,109,4.5520,-1521.9953936,2.7487,1.2
/home/ccollins/allmols/O/opt/cam/b3lyp/12fi12fi-12fi12fi_TD.log,12fi12fi-12fi12fi,---,[],"td B3LYP/6-31g(d,p)",-4.16687921025,-0.765728341778,101,6.8517,-1374.6938015,3.1629,1.08333333333
/home/ccollins/allmols/O/opt/cam/b3lyp/12fa12fa-12fa-12fa-_TD.log,12fa12fa-12fa-12fa-,---,[],"td B3LYP/6-31g(d,p)",-4.56552598378,-1.20682487412,85,1.5284,-1217.404235,3.1506,0.55
/home/ccollins/allmols/O/opt/cam/b3lyp/12ll12ll-12ll-12ll-_TD.log,12ll12ll-12ll-12ll-,---,[],"td B3LYP/6-31g(d,p)",-4.61396224705,-0.548581498587,133,3.6690,-1832.6754739,3.6405,1.45
/home/ccollins/allmols/O/opt/cam/b3lyp/4ef4ef4ef-4ef-_TD.log,4ef4ef4ef-4ef-,---,[],"td B3LYP/6-31g(d,p)",-5.47030449707,-1.0155288456,121,3.4133,-1530.8959072,3.9146,2.53333333333
/home/ccollins/allmols/O/opt/cam/b3lyp/4fa4fa-_TD.log,4fa4fa-,---,[],"td B3LYP/6-31g(d,p)",-5.81452850288,-0.665590449179,49,1.5066,-613.7631122,4.5213,0.25
/home/ccollins/allmols/O/opt/cam/b3lyp/4fe4fe-_TD.log,4fe4fe-,---,[],"td B3LYP/6-31g(d,p)",-5.72037711473,-0.972262745264,61,1.5453,-766.0508747,4.1063,0.383333333333
/home/ccollins/allmols/O/opt/cam/b3lyp/12aa12aa-12aa12aa_TD.log,12aa12aa-12aa12aa,---,[],"td B3LYP/6-31g(d,p)",-4.75627778463,-1.18886536078,69,0.8966,-916.5534775,3.3514,0.433333333333
/home/ccollins/allmols/O/opt/cam/b3lyp/12el12el12el-12el-_TD.log,12el12el12el-12el-,---,[],"td B3LYP/6-31g(d,p)",-4.9260768199,-1.39458342275,125,2.4296,-1679.1918236,3.2009,2.2
/home/ccollins/allmols/O/opt/cam/b3lyp/4ei_TD.log,4ei,---,[],"td B3LYP/6-31g(d,p)",-6.11548640836,-0.637834837643,31,1.1125,-347.7240485,5.0460,0.0666666666667
/home/ccollins/allmols/O/opt/cam/b3lyp/4af_TD.log,4af,---,[],"td B3LYP/6-31g(d,p)",-5.96936127704,0.0506131739768,25,1.3355,-307.4782367,5.2504,0.0333333333333
/home/ccollins/allmols/O/opt/cam/b3lyp/4if_TD.log,4if,---,[],"td B3LYP/6-31g(d,p)",-5.74405101869,0.0857158591542,29,1.2893,-346.7981208,5.1184,0.0666666666667
/home/ccollins/allmols/O/opt/cam/b3lyp/2_TD.log,2,---,[],"td B3LYP/6-31g(d,p)",-7.30054217539,0.507220195122,8,0.0001,-78.5937695,8.3498,0.0
/home/ccollins/allmols/O/opt/cam/b3lyp/4ll_TD.log,4ll,---,[],"td B3LYP/6-31g(d,p)",-5.28417863148,0.072110167225,37,0.0001,-461.3054541,4.7827,0.116666666667
/home/ccollins/allmols/O/opt/cam/b3lyp/12ii12ii-12ii12ii_TD.log,12ii12ii-12ii12ii,---,[],"td B3LYP/6-31g(d,p)",-4.53123964012,-0.681373051817,101,1.4186,-1231.1203526,3.5171,1.4
/home/ccollins/allmols/O/opt/cam/b3lyp/4ei4ei_TD.log,4ei4ei,---,[],"td B3LYP/6-31g(d,p)",-6.03439648446,-0.831307776877,61,1.5085,-694.2475413,4.5650,0.566666666667
/home/ccollins/allmols/O/opt/cam/b3lyp/12ef12ef-12ef12ef_TD.log,12ef12ef-12ef12ef,---,[],"td B3LYP/6-31g(d,p)",-4.73178753915,-1.62424750251,109,3.4458,-1521.9998514,2.8280,1.25
/home/ccollins/allmols/O/opt/cam/b3lyp/4af4af4af4af_TD.log,4af4af4af4af,---,[],"td B3LYP/6-31g(d,p)",-5.32635627646,-0.983691526484,97,5.9238,-1226.3224006,3.9165,1.18333333333
/home/ccollins/allmols/O/opt/cam/b3lyp/12af12af-12af12af_TD.log,12af12af-12af12af,---,[],"td B3LYP/6-31g(d,p)",-4.45668044834,-1.12029267345,85,3.0763,-1217.4050166,3.1316,0.55
/home/ccollins/allmols/O/opt/cam/b3lyp/4fi4fi-4fi4fi_TD.log,4fi4fi-4fi4fi,---,[],"td B3LYP/6-31g(d,p)",-5.44064408867,-0.519737431697,113,4.0075,-1383.5970719,4.3488,2.33333333333
/home/ccollins/allmols/O/opt/cam/b3lyp/4af4af-4af4af-_TD.log,4af4af-4af4af-,---,[],"td B3LYP/6-31g(d,p)",-5.44418156857,-0.986140551032,97,2.8339,-1226.3247205,3.9567,1.21666666667
/home/ccollins/allmols/O/opt/cam/b3lyp/12ff_TD.log,12ff,---,[],"td B3LYP/6-31g(d,p)",-5.6580630457,0.816069401916,26,2.6835,-380.4512388,5.7222,0.0333333333333
/home/ccollins/allmols/O/opt/cam/b3lyp/12ff12ff12ff12ff_TD.log,12ff12ff12ff12ff,---,[],"td B3LYP/6-31g(d,p)",-4.15517831519,-0.878111357114,101,6.9614,-1518.2753816,3.1096,0.65
/home/ccollins/allmols/O/opt/cam/b3lyp/4aa4aa-4aa-4aa_TD.log,4aa4aa-4aa-4aa,---,[],"td B3LYP/6-31g(d,p)",-5.68037638046,-1.12246958416,81,0.0040,-925.4489937,4.1532,0.816666666667
/home/ccollins/allmols/O/opt/cam/b3lyp/12ii_TD.log,12ii,---,[],"td B3LYP/6-31g(d,p)",-5.82187557652,0.85579802235,26,1.1536,-308.6704073,6.5353,0.05
/home/ccollins/allmols/O/opt/cam/b3lyp/12al12al12al_TD.log,12al12al12al,---,[],"td B3LYP/6-31g(d,p)",-4.30021499116,-0.701509475872,76,5.2089,-1031.2635913,3.4615,0.466666666667
/home/ccollins/allmols/O/opt/cam/b3lyp/12ia12ia12ia12ia_TD.log,12ia12ia12ia12ia,---,[],"td B3LYP/6-31g(d,p)",-4.56960769136,-0.92110534361,85,1.2556,-1073.8325311,3.3785,0.75
/home/ccollins/allmols/O/opt/cam/b3lyp/12ll12ll-12ll12ll_TD.log,12ll12ll-12ll12ll,---,[],"td B3LYP/6-31g(d,p)",-4.78947567293,-0.597017761855,133,2.9162,-1832.6757772,3.7508,1.36666666667
/home/ccollins/allmols/O/opt/cam/b3lyp/12ff12ff_TD.log,12ff12ff,---,[],"td B3LYP/6-31g(d,p)",-4.77886323323,-0.237555381085,51,5.0538,-759.7250085,4.4407,0.133333333333
/home/ccollins/allmols/O/opt/cam/b3lyp/12ei12ei-12ei-12ei_TD.log,12ei12ei-12ei-12ei,---,[],"td B3LYP/6-31g(d,p)",-4.92335568152,-1.44002643379,109,1.3577,-1378.4211938,3.1107,1.91666666667
/home/ccollins/allmols/O/opt/cam/b3lyp/12ia12ia12ia_TD.log,12ia12ia12ia,---,[],"td B3LYP/6-31g(d,p)",-4.78757087606,-0.720829558411,64,1.5136,-805.671037,3.8488,0.366666666667
/home/ccollins/allmols/O/opt/cam/b3lyp/12ai12ai-12ai-12ai-_TD.log,12ai12ai-12ai-12ai-,---,[],"td B3LYP/6-31g(d,p)",-4.5374982584,-0.967636810008,85,1.3447,-1073.8363818,3.3099,0.766666666667
/home/ccollins/allmols/O/opt/cam/b3lyp/4fe_TD.log,4fe,---,[],"td B3LYP/6-31g(d,p)",-5.81915443814,-0.422048563645,31,1.6946,-383.6239223,4.8858,0.05
/home/ccollins/allmols/O/opt/cam/b3lyp/22-22-_TD.log,22-22-,---,[],"td B3LYP/6-31g(d,p)",-5.36907814912,-1.75159677897,29,0.0899,-310.8029563,3.7177,0.05
/home/ccollins/allmols/O/opt/cam/b3lyp/12fi12fi12fi-12fi_TD.log,12fi12fi12fi-12fi,---,[],"td B3LYP/6-31g(d,p)",-4.22021352261,-0.813076149692,101,6.6319,-1374.6948594,3.1703,1.1
/home/ccollins/allmols/O/opt/cam/b3lyp/4ia4ia-4ia4ia_TD.log,4ia4ia-4ia4ia,---,[],"td B3LYP/6-31g(d,p)",-5.75792882446,-0.774435984613,97,1.1660,-1082.7185116,4.4955,1.95
/home/ccollins/allmols/O/opt/cam/b3lyp/12ee_TD.log,12ee,---,[],"td B3LYP/6-31g(d,p)",-6.28882292354,-0.397558318173,30,0.1552,-382.3172215,5.2676,0.05
/home/ccollins/allmols/O/opt/cam/b3lyp/4fa_TD.log,4fa,---,[],"td B3LYP/6-31g(d,p)",-5.96936127704,0.0506131739768,25,1.3355,-307.4782368,5.2504,0.0333333333333
/home/ccollins/allmols/O/opt/cam/b3lyp/12ii12ii-12ii12ii-_TD.log,12ii12ii-12ii12ii-,---,[],"td B3LYP/6-31g(d,p)",-4.4493333747,-0.75566012975,101,0.5469,-1231.1236619,3.3756,1.5
/home/ccollins/allmols/O/opt/cam/b3lyp/12li12li-12li12li-_TD.log,12li12li-12li12li-,---,[],"td B3LYP/6-31g(d,p)",-4.46375540815,-0.889540138334,117,2.1053,-1531.9068874,3.2889,1.81666666667
/home/ccollins/allmols/O/opt/cam/b3lyp/12fl12fl-_TD.log,12fl12fl-,---,[],"td B3LYP/6-31g(d,p)",-4.69940599236,-0.240820747148,59,3.4396,-838.3217006,4.3517,0.2
/home/ccollins/allmols/O/opt/cam/b3lyp/4lf4lf-_TD.log,4lf4lf-,---,[],"td B3LYP/6-31g(d,p)",-5.12227089752,-0.190207573171,65,2.3641,-842.7999268,4.3412,0.416666666667
/home/ccollins/allmols/O/opt/cam/b3lyp/12fl12fl12fl-12fl-_TD.log,12fl12fl12fl-12fl-,---,[],"td B3LYP/6-31g(d,p)",-4.43817670732,-1.09716299717,117,4.9975,-1675.4833921,3.1332,1.58333333333
/home/ccollins/allmols/O/opt/cam/b3lyp/12fe12fe12fe_TD.log,12fe12fe12fe,---,[],"td B3LYP/6-31g(d,p)",-4.77695843636,-1.37063740495,82,4.7660,-1141.787432,3.1728,0.533333333333
/home/ccollins/allmols/O/opt/cam/b3lyp/12fa12fa-12fa-12fa_TD.log,12fa12fa-12fa-12fa,---,[],"td B3LYP/6-31g(d,p)",-4.42892483681,-1.07648234544,85,4.4241,-1217.4053709,3.1393,0.516666666667
/home/ccollins/allmols/O/opt/cam/b3lyp/12ee12ee_TD.log,12ee12ee,---,[],"td B3LYP/6-31g(d,p)",-5.77126240255,-1.36002496525,59,0.1527,-763.4432563,4.0693,0.266666666667
/home/ccollins/allmols/O/opt/cam/b3lyp/12ei12ei12ei12ei-_TD.log,12ei12ei12ei12ei-,---,[],"td B3LYP/6-31g(d,p)",-5.02213300492,-1.35648748535,109,0.8727,-1378.417198,3.2711,1.68333333333
/home/ccollins/allmols/O/opt/cam/b3lyp/1111-11-11_TD.log,1111-11-11,---,[],"td B3LYP/6-31g(d,p)",-7.09482411342,-3.60714104428,29,0.4334,-454.4451805,2.0930,0.0333333333333
/home/ccollins/allmols/O/opt/cam/b3lyp/12ef12ef-12ef_TD.log,12ef12ef-12ef,---,[],"td B3LYP/6-31g(d,p)",-4.90240291595,-1.43921009228,82,2.0934,-1141.7941807,3.1729,0.616666666667
/home/ccollins/allmols/O/opt/cam/b3lyp/4ee4ee4ee_TD.log,4ee4ee4ee,---,[],"td B3LYP/6-31g(d,p)",-6.02677729698,-1.64030221899,97,0.1936,-1151.2413815,3.9707,1.38333333333
/home/ccollins/allmols/O/opt/cam/b3lyp/11111111-_TD.log,11111111-,---,[],"td B3LYP/6-31g(d,p)",-7.16339680075,-4.09749018141,29,3.4248,-454.4374797,1.7037,0.0333333333333
/home/ccollins/allmols/O/opt/cam/b3lyp/4fi4fi4fi_TD.log,4fi4fi4fi,---,[],"td B3LYP/6-31g(d,p)",-5.43057587664,-0.521914342406,85,4.4950,-1037.9925659,4.3602,1.28333333333
/home/ccollins/allmols/O/opt/cam/b3lyp/12lf12lf12lf_TD.log,12lf12lf12lf,---,[],"td B3LYP/6-31g(d,p)",-4.46021792825,-0.663141424631,88,4.8140,-1256.9114167,3.6231,0.766666666667
/home/ccollins/allmols/O/opt/cam/b3lyp/4af4af-4af-4af-_TD.log,4af4af-4af-4af-,---,[],"td B3LYP/6-31g(d,p)",-5.4077183142,-0.999474129122,97,4.0214,-1226.3281127,3.9063,1.25
/home/ccollins/allmols/O/opt/cam/b3lyp/4ai4ai4ai-4ai-_TD.log,4ai4ai4ai-4ai-,---,[],"td B3LYP/6-31g(d,p)",-5.75983362133,-0.767361024809,97,1.0406,-1082.7184457,4.5032,1.75
/home/ccollins/allmols/O/opt/cam/b3lyp/12ae12ae-12ae-12ae-_TD.log,12ae12ae-12ae-12ae-,---,[],"td B3LYP/6-31g(d,p)",-5.02730316786,-1.70969124783,93,0.3493,-1221.1333447,3.0213,0.95
/home/ccollins/allmols/O/opt/cam/b3lyp/4fa4fa-4fa4fa_TD.log,4fa4fa-4fa4fa,---,[],"td B3LYP/6-31g(d,p)",-5.35465611567,-0.93062932796,97,3.8048,-1226.3254817,3.9487,1.35
/home/ccollins/allmols/O/opt/cam/b3lyp/4li4li-_TD.log,4li4li-,---,[],"td B3LYP/6-31g(d,p)",-5.50214181619,-0.102042689469,65,0.9885,-771.0059505,4.7635,0.583333333333
/home/ccollins/allmols/O/opt/cam/b3lyp/4ea4ea_TD.log,4ea4ea,---,[],"td B3LYP/6-31g(d,p)",-6.15793616718,-1.05961128745,53,0.9473,-615.607737,4.5834,0.266666666667
/home/ccollins/allmols/O/opt/cam/b3lyp/12ai12ai12ai12ai-_TD.log,12ai12ai12ai12ai-,---,[],"td B3LYP/6-31g(d,p)",-4.55572988559,-0.962194533236,85,1.1632,-1073.8358955,3.3282,0.9
/home/ccollins/allmols/O/opt/cam/b3lyp/4la_TD.log,4la,---,[],"td B3LYP/6-31g(d,p)",-5.87221663666,0.116464722914,29,1.2980,-346.7830435,5.2231,0.183333333333
/home/ccollins/allmols/O/opt/cam/b3lyp/12ie_TD.log,12ie,---,[],"td B3LYP/6-31g(d,p)",-6.04990697326,-0.102042689469,28,0.6988,-345.4955625,5.7002,0.05
/home/ccollins/allmols/O/opt/cam/b3lyp/4ae4ae_TD.log,4ae4ae,---,[],"td B3LYP/6-31g(d,p)",-6.15793616718,-1.05961128745,53,0.9474,-615.607737,4.5834,0.266666666667
/home/ccollins/allmols/O/opt/cam/b3lyp/12ea12ea-_TD.log,12ea12ea-,---,[],"td B3LYP/6-31g(d,p)",-5.49425051487,-1.13172145467,47,0.5724,-611.1590599,4.1878,0.133333333333
/home/ccollins/allmols/O/opt/cam/b3lyp/12la12la12la-12la_TD.log,12la12la12la-12la,---,[],"td B3LYP/6-31g(d,p)",-4.31082743086,-0.95566380111,101,1.6952,-1374.6107016,3.1083,0.933333333333
/home/ccollins/allmols/O/opt/cam/b3lyp/4ie4ie_TD.log,4ie4ie,---,[],"td B3LYP/6-31g(d,p)",-6.03439648446,-0.831035663038,61,1.5082,-694.2475413,4.5651,0.583333333333
/home/ccollins/allmols/O/opt/cam/b3lyp/4af4af4af-4af_TD.log,4af4af4af-4af,---,[],"td B3LYP/6-31g(d,p)",-5.35465611567,-0.93062932796,97,3.8048,-1226.3254817,3.9487,1.35
/home/ccollins/allmols/O/opt/cam/b3lyp/111111-11-_TD.log,111111-11-,---,[],"td B3LYP/6-31g(d,p)",-7.04448305329,-4.34783491291,29,0.0009,-454.4385243,1.3098,0.0166666666667
/home/ccollins/allmols/O/opt/cam/b3lyp/12li_TD.log,12li,---,[],"td B3LYP/6-31g(d,p)",-5.6411919877,0.878111357114,30,1.0431,-383.8688056,6.1575,0.0666666666667
/home/ccollins/allmols/O/opt/cam/b3lyp/12lf_TD.log,12lf,---,[],"td B3LYP/6-31g(d,p)",-5.6686754854,0.89416607359,30,0.3879,-419.7548689,6.0465,0.0666666666667
/home/ccollins/allmols/O/opt/cam/b3lyp/4ae4ae-4ae4ae_TD.log,4ae4ae-4ae4ae,---,[],"td B3LYP/6-31g(d,p)",-5.89371362991,-1.38478732456,105,1.5299,-1230.0178875,4.0480,1.7
/home/ccollins/allmols/O/opt/cam/b3lyp/4ai4ai-4ai4ai-_TD.log,4ai4ai-4ai4ai-,---,[],"td B3LYP/6-31g(d,p)",-5.76064996284,-0.772531187743,97,1.0799,-1082.7186178,4.4954,1.78333333333
/home/ccollins/allmols/O/opt/cam/b3lyp/12ef12ef12ef-12ef-_TD.log,12ef12ef12ef-12ef-,---,[],"td B3LYP/6-31g(d,p)",-4.81559860144,-1.74044011159,109,2.5618,-1521.9997619,2.8286,1.11666666667
/home/ccollins/allmols/O/opt/cam/b3lyp/12if12if-_TD.log,12if12if-,---,[],"td B3LYP/6-31g(d,p)",-4.86866079996,-0.335516362975,51,1.7912,-687.9433147,4.3889,0.216666666667
/home/ccollins/allmols/O/opt/cam/b3lyp/12fl12fl-12fl-12fl-_TD.log,12fl12fl-12fl-12fl-,---,[],"td B3LYP/6-31g(d,p)",-4.37858377667,-1.05743437674,117,1.8432,-1675.491338,3.1064,1.61666666667
/home/ccollins/allmols/O/opt/cam/b3lyp/12la12la-_TD.log,12la12la-,---,[],"td B3LYP/6-31g(d,p)",-4.80036022648,-0.298236767089,51,1.8880,-687.9044795,4.3487,0.2
/home/ccollins/allmols/O/opt/cam/b3lyp/4if4if-4if_TD.log,4if4if-4if,---,[],"td B3LYP/6-31g(d,p)",-5.54459157501,-0.460688728724,85,2.3876,-1037.9996912,4.4537,1.23333333333
/home/ccollins/allmols/O/opt/cam/b3lyp/12le12le12le12le_TD.log,12le12le12le12le,---,[],"td B3LYP/6-31g(d,p)",-5.31737651979,-1.11648307971,125,4.5240,-1679.1867185,3.6536,2.11666666667
/home/ccollins/allmols/O/opt/cam/b3lyp/4ii_TD.log,4ii,---,[],"td B3LYP/6-31g(d,p)",-6.15412657344,0.193200825395,29,0.0814,-310.8989514,5.3585,0.0833333333333
/home/ccollins/allmols/O/opt/cam/b3lyp/12fi12fi-12fi-12fi_TD.log,12fi12fi-12fi-12fi,---,[],"td B3LYP/6-31g(d,p)",-4.38701930567,-0.786953221188,101,4.2715,-1374.6940217,3.2895,1.13333333333
/home/ccollins/allmols/O/opt/cam/b3lyp/12ii12ii-12ii_TD.log,12ii12ii-12ii,---,[],"td B3LYP/6-31g(d,p)",-4.61477858856,-0.55375166152,76,1.0785,-923.6390008,3.7899,0.733333333333
/home/ccollins/allmols/O/opt/cam/b3lyp/12if_TD.log,12if,---,[],"td B3LYP/6-31g(d,p)",-5.65343711044,0.837294281326,26,0.9376,-344.5613368,6.0928,0.0333333333333
/home/ccollins/allmols/O/opt/cam/b3lyp/12fa12fa-12fa12fa-_TD.log,12fa12fa-12fa12fa-,---,[],"td B3LYP/6-31g(d,p)",-4.47355150634,-1.18396731168,85,4.3327,-1217.4139473,3.0904,0.5
/home/ccollins/allmols/O/opt/cam/b3lyp/12ii12ii_TD.log,12ii12ii,---,[],"td B3LYP/6-31g(d,p)",-5.24064041731,0.0253065869884,51,1.6903,-616.1510682,4.9009,0.2
/home/ccollins/allmols/O/opt/cam/b3lyp/12el12el12el12el_TD.log,12el12el12el12el,---,[],"td B3LYP/6-31g(d,p)",-4.91791340475,-1.40165838255,125,3.4300,-1679.1879921,3.1605,2.26666666667
/home/ccollins/allmols/O/opt/cam/b3lyp/4aa4aa4aa_TD.log,4aa4aa4aa,---,[],"td B3LYP/6-31g(d,p)",-5.8118073645,-0.946411930598,61,0.0000,-694.3852112,4.4893,0.366666666667
/home/ccollins/allmols/O/opt/cam/b3lyp/12li12li_TD.log,12li12li,---,[],"td B3LYP/6-31g(d,p)",-5.06022894233,0.0312930914373,59,1.6634,-766.5469743,4.7273,0.383333333333
/home/ccollins/allmols/O/opt/cam/b3lyp/4ei4ei-4ei_TD.log,4ei4ei-4ei,---,[],"td B3LYP/6-31g(d,p)",-5.99902168544,-0.89607087046,91,2.4463,-1040.7710653,4.5223,1.65
/home/ccollins/allmols/O/opt/cam/b3lyp/12ii12ii12ii-12ii_TD.log,12ii12ii12ii-12ii,---,[],"td B3LYP/6-31g(d,p)",-4.53123964012,-0.681373051817,101,1.4186,-1231.1203526,3.5171,1.41666666667
/home/ccollins/allmols/O/opt/cam/b3lyp/12fi12fi-12fi_TD.log,12fi12fi-12fi,---,[],"td B3LYP/6-31g(d,p)",-4.39273369628,-0.623684918037,76,4.8494,-1031.3190788,3.5781,0.666666666667
/home/ccollins/allmols/O/opt/cam/b3lyp/12ea12ea12ea12ea_TD.log,12ea12ea12ea12ea,---,[],"td B3LYP/6-31g(d,p)",-5.02186089108,-1.71567775228,93,0.5087,-1221.1337667,3.0613,0.9
/home/ccollins/allmols/O/opt/cam/b3lyp/12fl_TD.log,12fl,---,[],"td B3LYP/6-31g(d,p)",-5.56554434058,0.755932243589,30,2.6556,-419.7481296,5.9313,0.0666666666667
/home/ccollins/allmols/O/opt/cam/b3lyp/12af12af-12af-12af_TD.log,12af12af-12af-12af,---,[],"td B3LYP/6-31g(d,p)",-4.35436564504,-1.09280917576,85,3.6277,-1217.4085964,3.0432,0.583333333333
/home/ccollins/allmols/O/opt/cam/b3lyp/4aa4aa-4aa4aa_TD.log,4aa4aa-4aa4aa,---,[],"td B3LYP/6-31g(d,p)",-5.68881190946,-1.13417047922,81,0.0001,-925.4490527,4.1480,0.8
/home/ccollins/allmols/O/opt/cam/b3lyp/12lf12lf12lf-12lf_TD.log,12lf12lf12lf-12lf,---,[],"td B3LYP/6-31g(d,p)",-4.30184767419,-0.947228272114,117,3.7542,-1675.4827394,3.1266,1.7
/home/ccollins/allmols/O/opt/cam/b3lyp/12fa12fa12fa-12fa_TD.log,12fa12fa12fa-12fa,---,[],"td B3LYP/6-31g(d,p)",-4.33096385492,-1.0345768143,85,6.4255,-1217.4086823,3.1040,0.6
/home/ccollins/allmols/O/opt/cam/b3lyp/12ii12ii-12ii-12ii_TD.log,12ii12ii-12ii-12ii,---,[],"td b3lyp/6-31g(d,p)",-4.55110395033,-0.668855815242,101,0.4260,-1231.1210268,3.4951,1.63333333333
/home/ccollins/allmols/O/opt/cam/b3lyp/12fe_TD.log,12fe,---,[],"td B3LYP/6-31g(d,p)",-5.9726266431,-0.341774981263,28,1.4432,-381.3875044,5.0716,0.0333333333333
/home/ccollins/allmols/O/opt/cam/b3lyp/12le12le12le12le-_TD.log,12le12le12le12le-,---,[],"td b3lyp/6-31g(d,p)",-4.78267282697,-1.2419275593,125,4.1781,-1679.1904497,3.1979,2.2
/home/ccollins/allmols/O/opt/cam/b3lyp/12ll12ll_TD.log,12ll12ll,---,[],"td B3LYP/6-31g(d,p)",-5.1834965112,0.0103403258662,67,3.6495,-916.931429,4.7388,0.4
/home/ccollins/allmols/O/opt/cam/b3lyp/4lf_TD.log,4lf,---,[],"td B3LYP/6-31g(d,p)",-5.35710514022,0.0272113838585,33,2.4700,-422.0005365,4.8050,0.133333333333
/home/ccollins/allmols/O/opt/cam/b3lyp/4ai4ai-4ai-4ai_TD.log,4ai4ai-4ai-4ai,---,[],"td B3LYP/6-31g(d,p)",-5.76282687355,-0.765728341778,97,1.0712,-1082.7184974,4.5066,1.88333333333
/home/ccollins/allmols/O/opt/cam/b3lyp/4if4if-4if4if_TD.log,4if4if-4if4if,---,[],"td B3LYP/6-31g(d,p)",-5.5459521442,-0.64409345593,113,3.6497,-1383.5968625,4.3058,3.13333333333
/home/ccollins/allmols/O/opt/cam/b3lyp/12fl12fl_TD.log,12fl12fl,---,[],"td B3LYP/6-31g(d,p)",-4.54185207982,-0.105308055532,59,4.6711,-838.3058034,4.3423,0.316666666667
/home/ccollins/allmols/O/opt/cam/b3lyp/12ii12ii12ii-12ii-_TD.log,12ii12ii12ii-12ii-,---,[],"td B3LYP/6-31g(d,p)",-4.6044382627,-0.616609958233,101,1.1001,-1231.1178167,3.6376,1.56666666667
/home/ccollins/allmols/O/opt/cam/b3lyp/4if4if4if-4if_TD.log,4if4if4if-4if,---,[],"td B3LYP/6-31g(d,p)",-5.44064408867,-0.519737431697,113,4.0075,-1383.597072,4.3490,2.43333333333
/home/ccollins/allmols/O/opt/cam/b3lyp/4ea4ea4ea_TD.log,4ea4ea4ea,---,[],"td B3LYP/6-31g(d,p)",-5.99738900241,-1.26723414629,79,1.2277,-922.8126262,4.2989,0.9
/home/ccollins/allmols/O/opt/cam/b3lyp/4ef4ef4ef4ef_TD.log,4ef4ef4ef4ef,---,[],"td B3LYP/6-31g(d,p)",-5.49261783184,-1.15811649702,121,4.6525,-1530.8935266,3.8647,2.35
/home/ccollins/allmols/O/opt/cam/b3lyp/12if12if12if-12if-_TD.log,12if12if12if-12if-,---,[],"td B3LYP/6-31g(d,p)",-4.47028614027,-0.924098595834,101,3.5872,-1374.6954308,3.2827,1.0
/home/ccollins/allmols/O/opt/cam/b3lyp/12ai12ai-12ai12ai_TD.log,12ai12ai-12ai12ai,---,[],"td b3lyp/6-31g(d,p)",-4.55572988559,-0.977705022036,85,1.3736,-1073.8388295,3.3266,0.716666666667
/home/ccollins/allmols/O/opt/cam/b3lyp/4ef4ef-4ef-4ef-_TD.log,4ef4ef-4ef-4ef-,---,[],"td B3LYP/6-31g(d,p)",-5.48010059526,-1.24002276243,121,5.5803,-1530.8998688,3.7442,2.15
/home/ccollins/allmols/O/opt/cam/b3lyp/12lf12lf-12lf-12lf-_TD.log,12lf12lf-12lf-12lf-,---,[],"td B3LYP/6-31g(d,p)",-3.93966415503,-0.708584435675,117,5.8151,-1675.4417011,3.0200,1.21666666667
/home/ccollins/allmols/O/opt/cam/b3lyp/4fi4fi4fi4fi_TD.log,4fi4fi4fi4fi,---,[],"td B3LYP/6-31g(d,p)",-5.35819359558,-0.616065730556,113,6.1477,-1383.5900202,4.2280,2.11666666667
/home/ccollins/allmols/O/opt/cam/b3lyp/4le4le-4le-4le-_TD.log,4le4le-4le-4le-,---,[],"td B3LYP/6-31g(d,p)",-5.3886703455,-0.953486890402,137,3.2887,-1688.1109721,3.9467,2.8
/home/ccollins/allmols/O/opt/cam/b3lyp/4if4if-_TD.log,4if4if-,---,[],"td B3LYP/6-31g(d,p)",-5.56445588522,-0.202996923584,57,1.1275,-692.3966482,4.7387,0.416666666667
/home/ccollins/allmols/O/opt/cam/b3lyp/4af4af4af_TD.log,4af4af4af,---,[],"td B3LYP/6-31g(d,p)",-5.45996417121,-0.832124118393,73,4.3636,-920.0407474,4.1863,0.566666666667
/home/ccollins/allmols/O/opt/cam/b3lyp/4ea4ea-_TD.log,4ea4ea-,---,[],"td B3LYP/6-31g(d,p)",-6.12881998645,-1.05035941694,53,0.7507,-615.6078783,4.5366,0.25
/home/ccollins/allmols/O/opt/cam/b3lyp/12fi12fi12fi-12fi-_TD.log,12fi12fi12fi-12fi-,---,[],"td B3LYP/6-31g(d,p)",-4.47028614027,-0.924098595834,101,3.5872,-1374.6954308,3.2827,1.06666666667
/home/ccollins/allmols/O/opt/cam/b3lyp/12ae12ae12ae-12ae_TD.log,12ae12ae12ae-12ae,---,[],"td B3LYP/6-31g(d,p)",-5.04798381959,-1.73554206249,93,0.9922,-1221.1341412,3.0545,0.833333333333
/home/ccollins/allmols/O/opt/cam/b3lyp/12el_TD.log,12el,---,[],"td B3LYP/6-31g(d,p)",-5.79792955873,-0.190751800848,32,1.3380,-420.6875463,5.0392,0.0666666666667
/home/ccollins/allmols/O/opt/cam/b3lyp/12ea12ea-12ea12ea_TD.log,12ea12ea-12ea12ea,---,[],"td B3LYP/6-31g(d,p)",-5.04798381959,-1.73554206249,93,0.9922,-1221.1341418,3.0545,0.9
/home/ccollins/allmols/O/opt/cam/b3lyp/12li12li-12li_TD.log,12li12li-12li,---,[],"td B3LYP/6-31g(d,p)",-4.59300948147,-0.752122649849,88,1.0118,-1149.2271138,3.6167,0.833333333333
/home/ccollins/allmols/O/opt/cam/b3lyp/12aa12aa12aa12aa_TD.log,12aa12aa12aa12aa,---,[],"td B3LYP/6-31g(d,p)",-4.70022233388,-1.14587137428,69,0.7875,-916.5471729,3.3383,0.316666666667
/home/ccollins/allmols/O/opt/cam/b3lyp/12ee12ee12ee-12ee_TD.log,12ee12ee12ee-12ee,---,[],"td B3LYP/6-31g(d,p)",-5.26975659804,-1.9619407762,117,0.1517,-1525.7022016,2.9711,1.8
/home/ccollins/allmols/O/opt/cam/b3lyp/12ie12ie-_TD.log,12ie12ie-,---,[],"td B3LYP/6-31g(d,p)",-5.3026823725,-0.960017622528,55,0.8121,-689.8041331,4.1481,0.266666666667
/home/ccollins/allmols/O/opt/cam/b3lyp/4af4af-_TD.log,4af4af-,---,[],"td B3LYP/6-31g(d,p)",-5.65234865509,-0.496335641579,49,1.3156,-613.7586802,4.6077,0.216666666667
/home/ccollins/allmols/O/opt/cam/b3lyp/4fe4fe4fe-4fe_TD.log,4fe4fe4fe-4fe,---,[],"td B3LYP/6-31g(d,p)",-5.63139588951,-1.22750552586,121,1.3596,-1530.896857,3.8777,2.45
/home/ccollins/allmols/O/opt/cam/b3lyp/12lf12lf-12lf12lf_TD.log,12lf12lf-12lf12lf,---,[],"td B3LYP/6-31g(d,p)",-4.22783271009,-0.856614363865,117,2.5102,-1675.4820591,3.1449,1.53333333333
/home/ccollins/allmols/O/opt/cam/b3lyp/4ae4ae-4ae-4ae_TD.log,4ae4ae-4ae-4ae,---,[],"td B3LYP/6-31g(d,p)",-5.89398574375,-1.39077382901,105,1.5277,-1230.0178601,4.0530,1.83333333333
/home/ccollins/allmols/O/opt/cam/b3lyp/4ie4ie4ie-4ie-_TD.log,4ie4ie4ie-4ie-,---,[],"td B3LYP/6-31g(d,p)",-5.97317087078,-0.985052095677,121,2.9845,-1387.2948936,4.4768,1.86666666667
/home/ccollins/allmols/O/opt/cam/b3lyp/12le12le12le-12le_TD.log,12le12le12le-12le,---,[],"td B3LYP/6-31g(d,p)",-4.94077096719,-1.36709992505,125,3.3059,-1679.1927743,3.2101,2.21666666667
/home/ccollins/allmols/O/opt/cam/b3lyp/4ei4ei-4ei-4ei_TD.log,4ei4ei-4ei-4ei,---,[],"td B3LYP/6-31g(d,p)",-5.97126607391,-0.960017622528,121,2.9181,-1387.2948678,4.4830,2.03333333333
/home/ccollins/allmols/O/opt/cam/b3lyp/12ai12ai-_TD.log,12ai12ai-,---,[],"td B3LYP/6-31g(d,p)",-5.1002296766,-0.348849941066,43,0.1534,-537.5122548,4.5981,0.133333333333
/home/ccollins/allmols/O/opt/cam/b3lyp/12el12el-12el_TD.log,12el12el-12el,---,[],"td B3LYP/6-31g(d,p)",-5.02539837099,-1.40900545619,94,1.7156,-1259.690706,3.3420,0.916666666667
/home/ccollins/allmols/O/opt/cam/b3lyp/4if4if-4if-4if_TD.log,4if4if-4if-4if,---,[],"td B3LYP/6-31g(d,p)",-5.44554213776,-0.68654321475,113,2.0677,-1383.6013105,4.1679,2.36666666667
/home/ccollins/allmols/O/opt/cam/b3lyp/4fi4fi-4fi_TD.log,4fi4fi-4fi,---,[],"td B3LYP/6-31g(d,p)",-5.54459157501,-0.460688728724,85,2.3876,-1037.999691,4.4537,1.6
/home/ccollins/allmols/O/opt/cam/b3lyp/12li12li12li-12li-_TD.log,12li12li12li-12li-,---,[],"td B3LYP/6-31g(d,p)",-4.48579662907,-0.92301014048,117,1.1910,-1531.9052142,3.2863,1.83333333333
/home/ccollins/allmols/O/opt/cam/b3lyp/12ei12ei-12ei-12ei-_TD.log,12ei12ei-12ei-12ei-,---,[],"td B3LYP/6-31g(d,p)",-5.01641861431,-1.3660114697,109,1.5718,-1378.4180367,3.2820,1.63333333333
/home/ccollins/allmols/O/opt/cam/b3lyp/12ai12ai-12ai_TD.log,12ai12ai-12ai,---,[],"td B3LYP/6-31g(d,p)",-4.75165184937,-0.773891756935,64,0.9049,-805.6764601,3.7609,0.35
/home/ccollins/allmols/O/opt/cam/b3lyp/12ef12ef12ef_TD.log,12ef12ef12ef,---,[],"td B3LYP/6-31g(d,p)",-4.94866226851,-1.42914188025,82,2.5036,-1141.7939013,3.2804,0.633333333333
/home/ccollins/allmols/O/opt/cam/b3lyp/12ef_TD.log,12ef,---,[],"td B3LYP/6-31g(d,p)",-5.99929379928,-0.133880008584,28,1.5373,-381.3837849,5.3435,0.05
/home/ccollins/allmols/O/opt/cam/b3lyp/4if4if_TD.log,4if4if,---,[],"td B3LYP/6-31g(d,p)",-5.56309531603,-0.29605985638,57,2.8542,-692.3951906,4.6334,0.366666666667
/home/ccollins/allmols/O/opt/cam/b3lyp/12fe12fe-_TD.log,12fe12fe-,---,[],"td B3LYP/6-31g(d,p)",-5.31519960908,-1.17525966885,55,1.3846,-761.5918936,3.9518,0.2
/home/ccollins/allmols/O/opt/cam/b3lyp/12ea12ea-12ea12ea-_TD.log,12ea12ea-12ea12ea-,---,[],"td B3LYP/6-31g(d,p)",-5.05179341333,-1.73173246875,93,0.9655,-1221.1342789,3.0391,0.85
/home/ccollins/allmols/O/opt/cam/b3lyp/12ae12ae12ae-12ae-_TD.log,12ae12ae12ae-12ae-,---,[],"td B3LYP/6-31g(d,p)",-5.02567048482,-1.71322872773,93,0.8427,-1221.1336891,3.0636,1.01666666667
/home/ccollins/allmols/O/opt/cam/b3lyp/12ie12ie-12ie_TD.log,12ie12ie-12ie,---,[],"td B3LYP/6-31g(d,p)",-5.00308503622,-1.32546650775,82,1.2383,-1034.1138123,3.3977,0.766666666667
/home/ccollins/allmols/O/opt/cam/b3lyp/4ai4ai4ai-4ai_TD.log,4ai4ai4ai-4ai,---,[],"td B3LYP/6-31g(d,p)",-5.7582009383,-0.774163870774,97,1.1638,-1082.7185118,4.4956,1.65
/home/ccollins/allmols/O/opt/cam/b3lyp/12ef12ef-12ef-12ef_TD.log,12ef12ef-12ef-12ef,---,[],"td B3LYP/6-31g(d,p)",-4.66076582728,-1.65853384618,109,2.9019,-1521.9948066,2.6775,1.05
/home/ccollins/allmols/O/opt/cam/b3lyp/12le12le12le_TD.log,12le12le12le,---,[],"td B3LYP/6-31g(d,p)",-5.39765010217,-0.979881932744,94,3.5450,-1259.6883511,3.8879,0.983333333333
/home/ccollins/allmols/O/opt/cam/b3lyp/12fa12fa12fa-12fa-_TD.log,12fa12fa12fa-12fa-,---,[],"td B3LYP/6-31g(d,p)",-4.47436784785,-1.17199430279,85,3.6603,-1217.4075427,3.1119,0.516666666667
/home/ccollins/allmols/O/opt/cam/b3lyp/4fa4fa4fa-4fa-_TD.log,4fa4fa4fa-4fa-,---,[],"td B3LYP/6-31g(d,p)",-5.69588686926,-1.21362772009,97,2.8560,-1226.3287651,3.9841,1.25
/home/ccollins/allmols/O/opt/cam/b3lyp/12li12li12li-12li_TD.log,12li12li12li-12li,---,[],"td B3LYP/6-31g(d,p)",-4.42212199084,-0.97688868052,117,1.2465,-1531.9070245,3.1840,1.81666666667
/home/ccollins/allmols/O/opt/cam/b3lyp/12ia12ia-_TD.log,12ia12ia-,---,[],"td B3LYP/6-31g(d,p)",-5.1002296766,-0.348849941066,43,0.1534,-537.5122548,4.5981,0.133333333333
/home/ccollins/allmols/O/opt/cam/b3lyp/12ea12ea-12ea-12ea_TD.log,12ea12ea-12ea-12ea,---,[],"td B3LYP/6-31g(d,p)",-5.04580690888,-1.73282092411,93,0.8507,-1221.133539,3.0137,0.983333333333
/home/ccollins/allmols/O/opt/cam/b3lyp/12li12li-12li-12li_TD.log,12li12li-12li-12li,---,[],"td B3LYP/6-31g(d,p)",-4.46919768492,-0.918384205224,117,1.5285,-1531.9050412,3.2359,1.88333333333
/home/ccollins/allmols/O/opt/cam/b3lyp/12af12af_TD.log,12af12af,---,[],"td B3LYP/6-31g(d,p)",-5.05097707181,-0.452253199728,43,1.3653,-609.2905105,4.4672,0.1
/home/ccollins/allmols/O/opt/cam/b3lyp/12li12li12li12li-_TD.log,12li12li12li12li-,---,[],"td B3LYP/6-31g(d,p)",-4.46076215592,-0.919744774417,117,1.5595,-1531.9051365,3.2299,1.86666666667
/home/ccollins/allmols/O/opt/cam/b3lyp/12al12al-_TD.log,12al12al-,---,[],"td B3LYP/6-31g(d,p)",-4.80036022648,-0.298236767089,51,1.8880,-687.9044795,4.3487,0.266666666667
/home/ccollins/allmols/O/opt/cam/b3lyp/12fi_TD.log,12fi,---,[],"td B3LYP/6-31g(d,p)",-5.5889461307,0.774163870774,26,2.3479,-344.5602718,6.0282,0.05
/home/ccollins/allmols/O/opt/cam/b3lyp/12ie12ie-12ie-12ie_TD.log,12ie12ie-12ie-12ie,---,[],"td B3LYP/6-31g(d,p)",-4.92444413687,-1.43839375076,109,1.3556,-1378.4211899,3.1129,1.76666666667
/home/ccollins/allmols/O/opt/cam/b3lyp/4ei4ei-4ei-4ei-_TD.log,4ei4ei-4ei-4ei-,---,[],"td B3LYP/6-31g(d,p)",-5.96990550471,-0.986140551032,121,2.9333,-1387.2949116,4.4720,1.98333333333
/home/ccollins/allmols/O/opt/cam/b3lyp/12if12if_TD.log,12if12if,---,[],"td B3LYP/6-31g(d,p)",-5.13261122339,-0.114559926044,51,1.4523,-687.9366265,4.6850,0.25
