/home/ccollins/mols/opt/cam/cam/12ea12ea12ea_TD.log,12ea12ea12ea,---,[],"td CAM-B3LYP/6-31g(d,p)",-6.44202301466,-0.350482624097,70,0.6771,-915.682421,3.8144,0.533333333333
/home/ccollins/mols/opt/cam/cam/12el12el12el12el-_TD.log,12el12el12el12el-,---,[],"td CAM-B3LYP/6-31g(d,p)",-6.04718583487,-0.309121320632,125,2.3443,-1678.3976308,3.4702,2.15
/home/ccollins/mols/opt/cam/cam/12if12if-12if-12if-_TD.log,12if12if-12if-12if-,---,[],"td CAM-B3LYP/6-31g(d,p)",-5.56309531603,0.278100343034,101,5.0368,-1374.0748546,3.5808,1.06666666667
/home/ccollins/mols/opt/cam/cam/12ia12ia-12ia12ia-_TD.log,12ia12ia-12ia12ia-,---,[],"td CAM-B3LYP/6-31g(d,p)",-5.81262370601,0.154832774155,85,0.1212,-1073.3011321,3.6765,0.716666666667
/home/ccollins/mols/opt/cam/cam/12ie12ie12ie12ie_TD.log,12ie12ie12ie12ie,---,[],"td CAM-B3LYP/6-31g(d,p)",-6.42107024909,-0.0887091113787,109,1.0531,-1377.7002354,3.9301,1.68333333333
/home/ccollins/mols/opt/cam/cam/12ff12ff12ff12ff-_TD.log,12ff12ff12ff12ff-,---,[],"td CAM-B3LYP/6-31g(d,p)",-5.64064776003,-0.0408170757877,101,4.8526,-1517.6810811,3.4460,0.85
/home/ccollins/mols/opt/cam/cam/4fa4fa4fa4fa_TD.log,4fa4fa4fa4fa,---,[],"td CAM-B3LYP/6-31g(d,p)",-6.63114213248,0.168166352245,97,6.1619,-1225.6945898,4.4351,1.48333333333
/home/ccollins/mols/opt/cam/cam/12ff12ff-12ff12ff_TD.log,12ff12ff-12ff12ff,---,[],"td CAM-B3LYP/6-31g(d,p)",-5.43112010432,0.235378470376,101,5.7990,-1517.6723718,3.4943,1.03333333333
/home/ccollins/mols/opt/cam/cam/12il12il-12il-12il_TD.log,12il12il-12il-12il,---,[],"td CAM-B3LYP/6-31g(d,p)",-5.76745280881,0.186125865592,117,2.5585,-1531.1823972,3.6311,1.73333333333
/home/ccollins/mols/opt/cam/cam/12fe12fe_TD.log,12fe12fe,---,[],"td CAM-B3LYP/6-31g(d,p)",-6.49263618864,0.178506678112,55,3.4859,-761.2347907,4.2531,0.283333333333
/home/ccollins/mols/opt/cam/cam/12ef12ef12ef12ef-_TD.log,12ef12ef12ef12ef-,---,[],"td CAM-B3LYP/6-31g(d,p)",-6.06133575448,-0.634025243903,109,0.2717,-1521.3063084,3.2290,1.31666666667
/home/ccollins/mols/opt/cam/cam/12ae12ae-12ae12ae_TD.log,12ae12ae-12ae12ae,---,[],"td CAM-B3LYP/6-31g(d,p)",-6.23929820491,-0.57878613467,93,0.8337,-1220.5172779,3.4371,0.8
/home/ccollins/mols/opt/cam/cam/4ei4ei4ei4ei_TD.log,4ei4ei4ei4ei,---,[],"td CAM-B3LYP/6-31g(d,p)",-7.32421607935,0.229664079766,121,2.8719,-1386.4719143,4.9965,3.25
/home/ccollins/mols/opt/cam/cam/4fe4fe-4fe4fe-_TD.log,4fe4fe-4fe4fe-,---,[],"td CAM-B3LYP/6-31g(d,p)",-7.01101305114,-0.0462593525594,121,2.7165,-1530.0980162,4.5685,2.21666666667
/home/ccollins/mols/opt/cam/cam/12ei12ei12ei12ei_TD.log,12ei12ei12ei12ei,---,[],"td CAM-B3LYP/6-31g(d,p)",-6.42107024909,-0.0887091113787,109,1.0534,-1377.7002354,3.9300,1.75
/home/ccollins/mols/opt/cam/cam/12if12if-12if12if-_TD.log,12if12if-12if12if-,---,[],"td CAM-B3LYP/6-31g(d,p)",-5.54622425804,0.111838787658,101,4.3607,-1374.0839522,3.4521,1.03333333333
/home/ccollins/mols/opt/cam/cam/12aa12aa12aa-12aa-_TD.log,12aa12aa12aa-12aa-,---,[],"td CAM-B3LYP/6-31g(d,p)",-5.98133428593,-0.00517016293311,69,0.0000,-916.1110532,3.7171,0.383333333333
/home/ccollins/mols/opt/cam/cam/4le_TD.log,4le,---,[],"td CAM-B3LYP/6-31g(d,p)",-7.10543655313,0.850355745578,35,1.9173,-422.6955266,5.1357,0.116666666667
/home/ccollins/mols/opt/cam/cam/12af12af-12af_TD.log,12af12af-12af,---,[],"td CAM-B3LYP/6-31g(d,p)",-5.94759216995,0.248439934628,64,2.1401,-912.9608292,3.8949,0.366666666667
/home/ccollins/mols/opt/cam/cam/12ee12ee-12ee12ee-_TD.log,12ee12ee-12ee12ee-,---,[],"td CAM-B3LYP/6-31g(d,p)",-6.42215870444,-0.87484599105,117,0.0252,-1524.9129754,3.3115,1.65
/home/ccollins/mols/opt/cam/cam/12al12al-12al-12al-_TD.log,12al12al-12al-12al-,---,[],"td CAM-B3LYP/6-31g(d,p)",-5.56581645442,0.312114572857,101,2.7193,-1373.9840069,3.5712,0.95
/home/ccollins/mols/opt/cam/cam/4if4if-4if-4if-_TD.log,4if4if-4if-4if-,---,[],"td CAM-B3LYP/6-31g(d,p)",-6.76012409196,0.503682715221,113,2.7357,-1382.8734752,4.7102,6.18333333333
/home/ccollins/mols/opt/cam/cam/111111_TD.log,111111,---,[],"td CAM-B3LYP/6-31g(d,p)",-8.85023048614,-2.50997804711,22,3.6981,-340.9855292,1.9812,0.0333333333333
/home/ccollins/mols/opt/cam/cam/12fi12fi_TD.log,12fi12fi,---,[],"td CAM-B3LYP/6-31g(d,p)",-6.24310779865,1.1643751153,51,4.3977,-687.6202305,4.8426,0.35
/home/ccollins/mols/opt/cam/cam/4fa4fa_TD.log,4fa4fa,---,[],"td CAM-B3LYP/6-31g(d,p)",-7.05591183451,0.680284596462,49,2.8882,-613.4406194,4.9870,0.216666666667
/home/ccollins/mols/opt/cam/cam/12el12el12el_TD.log,12el12el12el,---,[],"td CAM-B3LYP/6-31g(d,p)",-6.38134162865,-0.0756476471266,94,3.1407,-1259.0899271,3.9340,1.1
/home/ccollins/mols/opt/cam/cam/12aa12aa12aa-12aa_TD.log,12aa12aa12aa-12aa,---,[],"td CAM-B3LYP/6-31g(d,p)",-6.00664087292,-0.0258508146656,69,0.9344,-916.113746,3.7133,0.4
/home/ccollins/mols/opt/cam/cam/12aa_TD.log,12aa,---,[],"td CAM-B3LYP/6-31g(d,p)",-7.66326992223,2.00928858411,18,0.6275,-229.9118431,6.6534,0.05
/home/ccollins/mols/opt/cam/cam/4aa4aa-4aa_TD.log,4aa4aa-4aa,---,[],"td CAM-B3LYP/6-31g(d,p)",-7.11604899283,0.231296762797,61,0.0000,-693.9706708,4.8925,0.55
/home/ccollins/mols/opt/cam/cam/12ee12ee-12ee-12ee-_TD.log,12ee12ee-12ee-12ee-,---,[],"td CAM-B3LYP/6-31g(d,p)",-6.58134530001,-0.75185053601,117,0.2695,-1524.9068614,3.5369,2.0
/home/ccollins/mols/opt/cam/cam/12al_TD.log,12al,---,[],"td CAM-B3LYP/6-31g(d,p)",-7.06652427421,2.00139728279,26,1.9958,-344.3833792,6.1289,0.0833333333333
/home/ccollins/mols/opt/cam/cam/4fe4fe_TD.log,4fe4fe,---,[],"td CAM-B3LYP/6-31g(d,p)",-7.01618321407,0.404089050299,61,2.9747,-765.640576,4.8077,0.566666666667
/home/ccollins/mols/opt/cam/cam/22-2-_TD.log,22-2-,---,[],"td CAM-B3LYP/6-31g(d,p)",-7.10407598394,0.0127893504135,22,0.1001,-233.2512474,4.8578,0.0833333333333
/home/ccollins/mols/opt/cam/cam/12le12le-12le12le_TD.log,12le12le-12le12le,---,[],"td CAM-B3LYP/6-31g(d,p)",-6.27031918251,-0.238643836439,125,2.6466,-1678.397282,3.6475,2.15
/home/ccollins/mols/opt/cam/cam/12il12il-12il_TD.log,12il12il-12il,---,[],"td CAM-B3LYP/6-31g(d,p)",-5.93861241328,0.365720999058,88,3.7700,-1148.6817765,3.9314,0.9
/home/ccollins/mols/opt/cam/cam/4ae4ae4ae-4ae-_TD.log,4ae4ae4ae-4ae-,---,[],"td CAM-B3LYP/6-31g(d,p)",-7.19142452612,-0.220684323092,105,1.4054,-1229.2931141,4.6144,2.05
/home/ccollins/mols/opt/cam/cam/12ll12ll12ll-12ll_TD.log,12ll12ll12ll-12ll,---,[],"td CAM-B3LYP/6-31g(d,p)",-6.01507640192,0.564364101225,133,4.1933,-1831.8788763,4.1236,1.96666666667
/home/ccollins/mols/opt/cam/cam/12af12af-12af12af-_TD.log,12af12af-12af12af-,---,[],"td CAM-B3LYP/6-31g(d,p)",-5.73860874192,-0.0764639886424,85,4.5203,-1216.8943205,3.4951,0.55
/home/ccollins/mols/opt/cam/cam/12ea12ea-12ea-12ea-_TD.log,12ea12ea-12ea-12ea-,---,[],"td CAM-B3LYP/6-31g(d,p)",-6.24174722946,-0.60382060782,93,0.8982,-1220.5172738,3.4428,0.933333333333
/home/ccollins/mols/opt/cam/cam/4ea4ea-4ea4ea-_TD.log,4ea4ea-4ea4ea-,---,[],"td CAM-B3LYP/6-31g(d,p)",-7.17890728955,-0.215514160159,105,1.5337,-1229.2934024,4.5982,1.95
/home/ccollins/mols/opt/cam/cam/12ai12ai-12ai12ai-_TD.log,12ai12ai-12ai12ai-,---,[],"td CAM-B3LYP/6-31g(d,p)",-5.81262370601,0.154832774155,85,0.1212,-1073.3011321,3.6765,0.733333333333
/home/ccollins/mols/opt/cam/cam/12fe12fe12fe12fe_TD.log,12fe12fe12fe12fe,---,[],"td CAM-B3LYP/6-31g(d,p)",-5.77752102083,-0.450348402858,109,5.6930,-1521.2911871,3.2580,1.16666666667
/home/ccollins/mols/opt/cam/cam/4ef_TD.log,4ef,---,[],"td CAM-B3LYP/6-31g(d,p)",-7.19115241228,0.833484687586,31,1.6537,-383.4157504,5.1380,0.0833333333333
/home/ccollins/mols/opt/cam/cam/12fl12fl12fl12fl_TD.log,12fl12fl12fl12fl,---,[],"td CAM-B3LYP/6-31g(d,p)",-5.03845983524,0.536336375851,117,5.0651,-1674.7221425,3.4043,1.2
/home/ccollins/mols/opt/cam/cam/12al12al12al-12al-_TD.log,12al12al12al-12al-,---,[],"td CAM-B3LYP/6-31g(d,p)",-5.42268457532,0.26912058636,101,4.4063,-1373.9946213,3.5170,0.966666666667
/home/ccollins/mols/opt/cam/cam/4ae4ae4ae-4ae_TD.log,4ae4ae4ae-4ae,---,[],"td CAM-B3LYP/6-31g(d,p)",-7.18407745248,-0.220140095415,105,1.6473,-1229.2932426,4.6122,1.98333333333
/home/ccollins/mols/opt/cam/cam/12li12li12li_TD.log,12li12li12li,---,[],"td CAM-B3LYP/6-31g(d,p)",-5.87901948263,0.410075554747,88,0.9764,-1148.6864909,3.9207,1.01666666667
/home/ccollins/mols/opt/cam/cam/4ia4ia4ia_TD.log,4ia4ia4ia,---,[],"td CAM-B3LYP/6-31g(d,p)",-7.19958794128,0.585044752958,73,0.8807,-811.8496979,5.1991,1.15
/home/ccollins/mols/opt/cam/cam/12fe12fe-12fe-12fe-_TD.log,12fe12fe-12fe-12fe-,---,[],"td CAM-B3LYP/6-31g(d,p)",-6.06133575448,-0.634025243903,109,0.2717,-1521.3063084,3.2290,1.26666666667
/home/ccollins/mols/opt/cam/cam/12ei12ei12ei-12ei_TD.log,12ei12ei12ei-12ei,---,[],"td CAM-B3LYP/6-31g(d,p)",-6.10596242401,-0.337693273684,109,1.2810,-1377.7051637,3.4873,1.46666666667
/home/ccollins/mols/opt/cam/cam/12ae_TD.log,12ae,---,[],"td CAM-B3LYP/6-31g(d,p)",-7.61292886209,1.20247105271,24,0.4075,-306.0131627,5.9565,0.0666666666667
/home/ccollins/mols/opt/cam/cam/12aa12aa-12aa12aa-_TD.log,12aa12aa-12aa12aa-,---,[],"td CAM-B3LYP/6-31g(d,p)",-6.03167534607,-0.0462593525594,69,0.0001,-916.1164736,3.7094,0.566666666667
/home/ccollins/mols/opt/cam/cam/12al12al-12al12al-_TD.log,12al12al-12al12al-,---,[],"td CAM-B3LYP/6-31g(d,p)",-5.49697165325,0.19238448388,101,4.0725,-1374.0007119,3.4812,0.966666666667
/home/ccollins/mols/opt/cam/cam/4la4la-_TD.log,4la4la-,---,[],"td CAM-B3LYP/6-31g(d,p)",-6.95795085262,0.835933712133,57,1.3092,-691.9988308,5.0104,0.4
/home/ccollins/mols/opt/cam/cam/4ia_TD.log,4ia,---,[],"td CAM-B3LYP/6-31g(d,p)",-7.8570149753,1.4922722908,25,0.3384,-271.4092341,5.5799,0.1
/home/ccollins/mols/opt/cam/cam/12le12le-_TD.log,12le12le-,---,[],"td CAM-B3LYP/6-31g(d,p)",-6.33671495913,0.361095063802,63,2.1418,-839.7896434,4.2658,0.416666666667
/home/ccollins/mols/opt/cam/cam/12aa12aa12aa12aa-_TD.log,12aa12aa12aa12aa-,---,[],"td CAM-B3LYP/6-31g(d,p)",-5.97670835068,-0.00761918748038,69,0.8316,-916.1107268,3.6961,0.4
/home/ccollins/mols/opt/cam/cam/22-2-2_TD.log,22-2-2,---,[],"td CAM-B3LYP/6-31g(d,p)",-6.70406864122,-0.422592791322,29,0.0000,-310.6064448,4.1705,0.0833333333333
/home/ccollins/mols/opt/cam/cam/12lf12lf-12lf_TD.log,12lf12lf-12lf,---,[],"td CAM-B3LYP/6-31g(d,p)",-5.65697459034,0.49034913713,88,3.9880,-1256.3534282,3.8324,0.816666666667
/home/ccollins/mols/opt/cam/cam/4ff4ff-4ff-4ff_TD.log,4ff4ff-4ff-4ff,---,[],"td CAM-B3LYP/6-31g(d,p)",-6.58352221072,0.124356024233,113,0.8723,-1526.5018828,4.1943,2.31666666667
/home/ccollins/mols/opt/cam/cam/12la12la-12la-12la_TD.log,12la12la-12la-12la,---,[],"td CAM-B3LYP/6-31g(d,p)",-5.46894392788,0.112383015336,101,3.0979,-1374.0026825,3.3999,0.933333333333
/home/ccollins/mols/opt/cam/cam/12la12la-12la12la-_TD.log,12la12la-12la12la-,---,[],"td CAM-B3LYP/6-31g(d,p)",-5.49697165325,0.19238448388,101,4.0725,-1374.0007119,3.4812,0.9
/home/ccollins/mols/opt/cam/cam/12ie12ie12ie12ie-_TD.log,12ie12ie12ie12ie-,---,[],"td CAM-B3LYP/6-31g(d,p)",-6.25508080755,-0.202724809746,109,1.5799,-1377.7030259,3.7246,1.58333333333
/home/ccollins/mols/opt/cam/cam/12lf12lf-12lf12lf-_TD.log,12lf12lf-12lf12lf-,---,[],"td CAM-B3LYP/6-31g(d,p)",-5.38486075176,0.251161073014,117,6.9429,-1674.7470368,3.4365,1.26666666667
/home/ccollins/mols/opt/cam/cam/4ff4ff4ff4ff-_TD.log,4ff4ff4ff4ff-,---,[],"td CAM-B3LYP/6-31g(d,p)",-6.42134236293,0.134152122422,113,1.2277,-1526.4866637,4.1330,1.9
/home/ccollins/mols/opt/cam/cam/12la12la-12la_TD.log,12la12la-12la,---,[],"td CAM-B3LYP/6-31g(d,p)",-5.7949363065,0.366265226735,76,1.2615,-1030.7942161,3.8381,0.583333333333
/home/ccollins/mols/opt/cam/cam/4ea4ea-4ea_TD.log,4ea4ea-4ea,---,[],"td CAM-B3LYP/6-31g(d,p)",-7.28748071114,-0.0740149640951,79,1.2066,-922.2671239,4.7749,1.01666666667
/home/ccollins/mols/opt/cam/cam/12ea12ea12ea-12ea-_TD.log,12ea12ea12ea-12ea-,---,[],"td CAM-B3LYP/6-31g(d,p)",-6.23276747279,-0.582323614572,93,0.8332,-1220.5170852,3.4553,1.05
/home/ccollins/mols/opt/cam/cam/12fe12fe12fe12fe-_TD.log,12fe12fe12fe12fe-,---,[],"td CAM-B3LYP/6-31g(d,p)",-5.94378257621,-0.611984022977,109,4.8422,-1521.2983992,3.2207,1.13333333333
/home/ccollins/mols/opt/cam/cam/12ee12ee12ee12ee_TD.log,12ee12ee12ee12ee,---,[],"td CAM-B3LYP/6-31g(d,p)",-6.71468108092,-0.639195406836,117,0.2924,-1524.9038978,3.7350,1.55
/home/ccollins/mols/opt/cam/cam/12la12la-12la12la_TD.log,12la12la-12la12la,---,[],"td CAM-B3LYP/6-31g(d,p)",-5.58976247221,0.141771309903,101,1.0468,-1373.9920641,3.5141,1.01666666667
/home/ccollins/mols/opt/cam/cam/12lf12lf12lf-12lf-_TD.log,12lf12lf12lf-12lf-,---,[],"td CAM-B3LYP/6-31g(d,p)",-5.89316940223,-0.0141499196064,117,3.1615,-1674.7784101,3.6004,1.45
/home/ccollins/mols/opt/cam/cam/4if4if4if4if-_TD.log,4if4if4if4if-,---,[],"td CAM-B3LYP/6-31g(d,p)",-6.72474929295,0.639739634513,113,4.3335,-1382.8646742,4.7712,3.48333333333
/home/ccollins/mols/opt/cam/cam/12ae12ae12ae12ae_TD.log,12ae12ae12ae12ae,---,[],"td CAM-B3LYP/6-31g(d,p)",-6.22814153753,-0.583956297603,93,0.5453,-1220.517197,3.4548,1.06666666667
/home/ccollins/mols/opt/cam/cam/4fi_TD.log,4fi,---,[],"td CAM-B3LYP/6-31g(d,p)",-7.1574102963,1.40138626871,29,1.3260,-346.6088617,5.2651,0.0666666666667
/home/ccollins/mols/opt/cam/cam/12ae12ae12ae_TD.log,12ae12ae12ae,---,[],"td CAM-B3LYP/6-31g(d,p)",-6.44202301466,-0.350482624097,70,0.6767,-915.682421,3.8144,0.483333333333
/home/ccollins/mols/opt/cam/cam/4ia4ia4ia4ia-_TD.log,4ia4ia4ia4ia-,---,[],"td CAM-B3LYP/6-31g(d,p)",-7.06734061573,0.43075620648,97,1.0407,-1082.0700665,5.0111,2.91666666667
/home/ccollins/mols/opt/cam/cam/12ee12ee-12ee12ee_TD.log,12ee12ee-12ee12ee,---,[],"td CAM-B3LYP/6-31g(d,p)",-6.47249976458,-0.851988428609,117,0.1840,-1524.909658,3.3752,1.5
/home/ccollins/mols/opt/cam/cam/12el12el-_TD.log,12el12el-,---,[],"td CAM-B3LYP/6-31g(d,p)",-6.33671495913,0.360822949964,63,2.1418,-839.7896434,4.2657,0.416666666667
/home/ccollins/mols/opt/cam/cam/4if4if4if-4if-_TD.log,4if4if4if-4if-,---,[],"td CAM-B3LYP/6-31g(d,p)",-6.71359262557,0.712394029415,113,2.1321,-1382.8690001,4.7787,2.7
/home/ccollins/mols/opt/cam/cam/12af12af12af_TD.log,12af12af12af,---,[],"td CAM-B3LYP/6-31g(d,p)",-6.03983876123,0.258508146656,64,1.3743,-912.9509529,3.9989,0.45
/home/ccollins/mols/opt/cam/cam/12fl12fl-12fl12fl_TD.log,12fl12fl-12fl12fl,---,[],"td CAM-B3LYP/6-31g(d,p)",-5.199007,0.410075554747,117,8.0780,-1674.7353001,3.4233,1.3
/home/ccollins/mols/opt/cam/cam/12aa12aa-12aa-12aa-_TD.log,12aa12aa-12aa-12aa-,---,[],"td CAM-B3LYP/6-31g(d,p)",-5.97670835068,-0.00761918748038,69,0.8316,-916.1107268,3.6961,0.466666666667
/home/ccollins/mols/opt/cam/cam/12aa12aa-12aa-12aa_TD.log,12aa12aa-12aa-12aa,---,[],"td CAM-B3LYP/6-31g(d,p)",-6.00582453141,-0.0351026851775,69,0.2693,-916.1138386,3.6883,0.416666666667
/home/ccollins/mols/opt/cam/cam/22-_TD.log,22-,---,[],"td CAM-B3LYP/6-31g(d,p)",-7.72966569884,0.591031257406,15,0.0808,-155.8909018,5.7153,0.05
/home/ccollins/mols/opt/cam/cam/12if12if12if12if_TD.log,12if12if12if12if,---,[],"td CAM-B3LYP/6-31g(d,p)",-6.18433120952,0.517560520989,101,2.3386,-1374.069736,4.1885,1.11666666667
/home/ccollins/mols/opt/cam/cam/12ll12ll-12ll12ll-_TD.log,12ll12ll-12ll12ll-,---,[],"td CAM-B3LYP/6-31g(d,p)",-5.83983508987,0.512934585733,133,3.8751,-1831.8823678,3.9592,1.83333333333
/home/ccollins/mols/opt/cam/cam/4fi4fi-_TD.log,4fi4fi-,---,[],"td CAM-B3LYP/6-31g(d,p)",-7.07523191705,0.757292812782,57,1.0313,-692.0315601,4.9643,0.433333333333
/home/ccollins/mols/opt/cam/cam/12ee12ee12ee12ee-_TD.log,12ee12ee12ee12ee-,---,[],"td CAM-B3LYP/6-31g(d,p)",-6.58134530001,-0.75185053601,117,0.2700,-1524.9068614,3.5369,1.76666666667
/home/ccollins/mols/opt/cam/cam/4ie4ie-4ie_TD.log,4ie4ie-4ie,---,[],"td CAM-B3LYP/6-31g(d,p)",-7.35904665069,0.325992378625,91,2.4440,-1040.1512966,5.0320,2.4
/home/ccollins/mols/opt/cam/cam/12ei12ei-_TD.log,12ei12ei-,---,[],"td CAM-B3LYP/6-31g(d,p)",-6.61644798519,0.261773512719,55,0.7630,-689.4423038,4.4174,0.366666666667
/home/ccollins/mols/opt/cam/cam/4aa_TD.log,4aa,---,[],"td CAM-B3LYP/6-31g(d,p)",-8.19498036282,1.45036675966,21,0.0000,-232.1138325,5.6734,0.05
/home/ccollins/mols/opt/cam/cam/12fe12fe-12fe12fe_TD.log,12fe12fe-12fe12fe,---,[],"td CAM-B3LYP/6-31g(d,p)",-5.82514094259,-0.45198108589,109,6.0710,-1521.2970194,3.2502,1.13333333333
/home/ccollins/mols/opt/cam/cam/4ai4ai-4ai-4ai-_TD.log,4ai4ai-4ai-4ai-,---,[],"td CAM-B3LYP/6-31g(d,p)",-7.06734061573,0.43075620648,97,1.0408,-1082.0700665,5.0111,1.75
/home/ccollins/mols/opt/cam/cam/4ae4ae4ae4ae-_TD.log,4ae4ae4ae4ae-,---,[],"td CAM-B3LYP/6-31g(d,p)",-7.19060818461,-0.221500664608,105,1.6065,-1229.2930481,4.6231,1.98333333333
/home/ccollins/mols/opt/cam/cam/12ff12ff-12ff12ff-_TD.log,12ff12ff-12ff12ff-,---,[],"td CAM-B3LYP/6-31g(d,p)",-5.64908328902,0.00136056919292,101,0.0000,-1517.6771905,3.4727,0.966666666667
/home/ccollins/mols/opt/cam/cam/12al12al-12al-12al_TD.log,12al12al-12al-12al,---,[],"td CAM-B3LYP/6-31g(d,p)",-5.45914782969,0.155921229509,101,5.3986,-1374.0004489,3.4302,1.03333333333
/home/ccollins/mols/opt/cam/cam/12fa12fa12fa_TD.log,12fa12fa12fa,---,[],"td CAM-B3LYP/6-31g(d,p)",-5.71085313038,0.432933117189,64,5.6750,-912.9544653,3.9135,0.383333333333
/home/ccollins/mols/opt/cam/cam/4fa4fa-4fa_TD.log,4fa4fa-4fa,---,[],"td CAM-B3LYP/6-31g(d,p)",-6.86951385508,0.365720999058,73,2.4729,-919.570671,4.6421,0.616666666667
/home/ccollins/mols/opt/cam/cam/4aa4aa4aa4aa-_TD.log,4aa4aa4aa4aa-,---,[],"td CAM-B3LYP/6-31g(d,p)",-6.96148833252,0.0375517097247,81,0.0000,-924.8992321,4.6255,0.966666666667
/home/ccollins/mols/opt/cam/cam/12ea12ea-12ea_TD.log,12ea12ea-12ea,---,[],"td CAM-B3LYP/6-31g(d,p)",-6.4542681374,-0.35374799016,70,0.7721,-915.682492,3.7758,0.566666666667
/home/ccollins/mols/opt/cam/cam/4ef4ef-_TD.log,4ef4ef-,---,[],"td CAM-B3LYP/6-31g(d,p)",-7.03523118277,0.58450052528,61,1.7931,-765.6401066,4.9065,0.683333333333
/home/ccollins/mols/opt/cam/cam/4ie4ie-4ie4ie-_TD.log,4ie4ie-4ie4ie-,---,[],"td CAM-B3LYP/6-31g(d,p)",-7.33292372219,0.273746521616,121,3.1834,-1386.4717221,5.0060,6.86666666667
/home/ccollins/mols/opt/cam/cam/11_TD.log,11,---,[],"td CAM-B3LYP/6-31g(d,p)",-8.99227390988,0.491709706323,8,2.2462,-114.4519001,4.0540,0.0333333333333
/home/ccollins/mols/opt/cam/cam/12el12el-12el-12el_TD.log,12el12el-12el-12el,---,[],"td CAM-B3LYP/6-31g(d,p)",-6.09861535037,-0.459872387209,125,2.3708,-1678.3987652,3.3870,1.93333333333
/home/ccollins/mols/opt/cam/cam/4ff4ff-4ff4ff-_TD.log,4ff4ff-4ff4ff-,---,[],"td CAM-B3LYP/6-31g(d,p)",-6.58161741385,0.0274834976971,113,1.1148,-1526.5009322,4.1863,1.63333333333
/home/ccollins/mols/opt/cam/cam/12le12le_TD.log,12le12le,---,[],"td CAM-B3LYP/6-31g(d,p)",-6.94461727453,0.52490759463,63,2.5421,-839.7887613,4.6992,0.55
/home/ccollins/mols/opt/cam/cam/12lf12lf_TD.log,12lf12lf,---,[],"td CAM-B3LYP/6-31g(d,p)",-6.85862930153,1.33716740281,59,1.1361,-837.9687912,5.3513,0.45
/home/ccollins/mols/opt/cam/cam/12il12il-12il12il_TD.log,12il12il-12il12il,---,[],"td CAM-B3LYP/6-31g(d,p)",-5.768813378,0.194833508427,117,2.7866,-1531.1824762,3.6613,1.73333333333
/home/ccollins/mols/opt/cam/cam/12al12al-12al_TD.log,12al12al-12al,---,[],"td CAM-B3LYP/6-31g(d,p)",-5.7533028892,0.457423362661,76,3.8106,-1030.7923584,3.8935,0.533333333333
/home/ccollins/mols/opt/cam/cam/4el_TD.log,4el,---,[],"td CAM-B3LYP/6-31g(d,p)",-7.10489232545,0.850083631739,35,1.9189,-422.6955265,5.1355,0.0833333333333
/home/ccollins/mols/opt/cam/cam/4aa4aa-_TD.log,4aa4aa-,---,[],"td CAM-B3LYP/6-31g(d,p)",-7.43632698085,0.611711909139,41,0.0001,-463.0421748,5.3656,0.216666666667
/home/ccollins/mols/opt/cam/cam/4ae4ae-4ae-4ae-_TD.log,4ae4ae-4ae-4ae-,---,[],"td CAM-B3LYP/6-31g(d,p)",-7.1919687538,-0.216330501675,105,1.3825,-1229.2931372,4.6133,1.81666666667
/home/ccollins/mols/opt/cam/cam/12ai12ai12ai-12ai-_TD.log,12ai12ai12ai-12ai-,---,[],"td CAM-B3LYP/6-31g(d,p)",-5.73670394505,0.164900986182,85,0.0738,-1073.2965465,3.6516,0.733333333333
/home/ccollins/mols/opt/cam/cam/4ai4ai-4ai4ai_TD.log,4ai4ai-4ai4ai,---,[],"td CAM-B3LYP/6-31g(d,p)",-7.07468768937,0.435110027897,97,1.0778,-1082.0701367,5.0114,1.61666666667
/home/ccollins/mols/opt/cam/cam/12ie12ie_TD.log,12ie12ie,---,[],"td CAM-B3LYP/6-31g(d,p)",-6.85481970779,0.410891896263,55,1.1327,-689.4405986,4.6702,0.616666666667
/home/ccollins/mols/opt/cam/cam/4ff4ff-_TD.log,4ff4ff-,---,[],"td CAM-B3LYP/6-31g(d,p)",-6.68447644484,0.555384344552,57,1.0719,-763.8412057,4.5851,0.3
/home/ccollins/mols/opt/cam/cam/4fa4fa4fa-4fa_TD.log,4fa4fa4fa-4fa,---,[],"td CAM-B3LYP/6-31g(d,p)",-6.81481897352,0.122451227363,97,3.8257,-1225.6972424,4.4741,1.91666666667
/home/ccollins/mols/opt/cam/cam/12fe12fe-12fe12fe-_TD.log,12fe12fe-12fe12fe-,---,[],"td CAM-B3LYP/6-31g(d,p)",-6.00283127918,-0.623957031875,109,3.6166,-1521.3070693,3.2011,1.26666666667
/home/ccollins/mols/opt/cam/cam/4af4af_TD.log,4af4af,---,[],"td CAM-B3LYP/6-31g(d,p)",-7.05591183451,0.680284596462,49,2.8884,-613.4406194,4.9869,0.266666666667
/home/ccollins/mols/opt/cam/cam/12ef12ef-12ef12ef-_TD.log,12ef12ef-12ef12ef-,---,[],"td CAM-B3LYP/6-31g(d,p)",-6.00283127918,-0.623957031875,109,3.6179,-1521.3070692,3.2011,1.16666666667
/home/ccollins/mols/opt/cam/cam/12lf12lf12lf12lf_TD.log,12lf12lf12lf12lf,---,[],"td CAM-B3LYP/6-31g(d,p)",-5.52499937863,0.200820012876,117,6.5222,-1674.792899,3.5132,1.26666666667
/home/ccollins/mols/opt/cam/cam/12el12el-12el12el-_TD.log,12el12el-12el12el-,---,[],"td CAM-B3LYP/6-31g(d,p)",-6.05317233932,-0.491165478646,125,1.7738,-1678.4004012,3.3336,1.83333333333
/home/ccollins/mols/opt/cam/cam/12af12af-12af-12af-_TD.log,12af12af-12af-12af-,---,[],"td CAM-B3LYP/6-31g(d,p)",-5.60037491192,0.0212248794096,85,5.4630,-1216.8896299,3.4621,0.633333333333
/home/ccollins/mols/opt/cam/cam/4fa4fa4fa4fa-_TD.log,4fa4fa4fa4fa-,---,[],"td CAM-B3LYP/6-31g(d,p)",-6.84910531718,0.00244902454726,97,3.3082,-1225.697718,4.4722,1.38333333333
/home/ccollins/mols/opt/cam/cam/12il_TD.log,12il,---,[],"td CAM-B3LYP/6-31g(d,p)",-7.42000015053,2.10997070439,30,1.7049,-383.6781264,6.5688,0.116666666667
/home/ccollins/mols/opt/cam/cam/12ai12ai12ai_TD.log,12ai12ai12ai,---,[],"td CAM-B3LYP/6-31g(d,p)",-6.07793469863,0.481641494295,64,1.5758,-805.2643218,4.1697,0.433333333333
/home/ccollins/mols/opt/cam/cam/2222-_TD.log,2222-,---,[],"td CAM-B3LYP/6-31g(d,p)",-6.70951091799,-0.360550836125,29,0.1048,-310.6117736,4.3109,0.0833333333333
/home/ccollins/mols/opt/cam/cam/12il12il12il12il-_TD.log,12il12il12il12il-,---,[],"td CAM-B3LYP/6-31g(d,p)",-5.86731858757,0.333067338428,117,3.5542,-1531.1843285,3.8350,1.55
/home/ccollins/mols/opt/cam/cam/12la12la12la-12la-_TD.log,12la12la12la-12la-,---,[],"td CAM-B3LYP/6-31g(d,p)",-5.42268457532,0.26912058636,101,4.4063,-1373.9946213,3.5170,0.85
/home/ccollins/mols/opt/cam/cam/12fa12fa-12fa12fa_TD.log,12fa12fa-12fa12fa,---,[],"td CAM-B3LYP/6-31g(d,p)",-5.53942141207,0.12299545504,85,6.8798,-1216.8880091,3.5189,0.566666666667
/home/ccollins/mols/opt/cam/cam/12af12af12af-12af_TD.log,12af12af12af-12af,---,[],"td CAM-B3LYP/6-31g(d,p)",-5.76582012578,-0.0712938257092,85,2.0051,-1216.8854331,3.5224,0.55
/home/ccollins/mols/opt/cam/cam/4ff4ff-4ff4ff_TD.log,4ff4ff-4ff4ff,---,[],"td CAM-B3LYP/6-31g(d,p)",-6.43685285173,0.170343262954,113,0.4967,-1526.4939005,4.1740,1.75
/home/ccollins/mols/opt/cam/cam/4ff4ff4ff-4ff_TD.log,4ff4ff4ff-4ff,---,[],"td CAM-B3LYP/6-31g(d,p)",-6.44120667314,0.171975945986,113,0.4135,-1526.4939269,4.1812,1.78333333333
/home/ccollins/mols/opt/cam/cam/111111-_TD.log,111111-,---,[],"td CAM-B3LYP/6-31g(d,p)",-8.77703186356,-2.39160852732,22,1.9683,-340.9946354,2.0342,0.0333333333333
/home/ccollins/mols/opt/cam/cam/12ff12ff12ff_TD.log,12ff12ff12ff,---,[],"td CAM-B3LYP/6-31g(d,p)",-5.699696463,0.454974338114,76,6.7661,-1138.5501979,3.9039,0.516666666667
/home/ccollins/mols/opt/cam/cam/12ei12ei12ei_TD.log,12ei12ei12ei,---,[],"td CAM-B3LYP/6-31g(d,p)",-6.56964440496,0.0748313056109,82,1.2096,-1033.5704447,4.1863,0.866666666667
/home/ccollins/mols/opt/cam/cam/22_TD.log,22,---,[],"td CAM-B3LYP/6-31g(d,p)",-7.74680887067,0.795932977861,15,0.0000,-155.8965088,6.2748,0.0333333333333
/home/ccollins/mols/opt/cam/cam/12ea12ea12ea-12ea_TD.log,12ea12ea12ea-12ea,---,[],"td CAM-B3LYP/6-31g(d,p)",-6.23929820491,-0.57878613467,93,0.8336,-1220.5172779,3.4371,0.833333333333
/home/ccollins/mols/opt/cam/cam/12ii12ii-12ii-12ii-_TD.log,12ii12ii-12ii-12ii-,---,[],"td CAM-B3LYP/6-31g(d,p)",-5.9641911141,0.668311587565,101,1.5376,-1230.4792606,4.1624,1.41666666667
/home/ccollins/mols/opt/cam/cam/22-2-2-_TD.log,22-2-2-,---,[],"td CAM-B3LYP/6-31g(d,p)",-6.70951091799,-0.360550836125,29,0.1048,-310.6117736,4.3109,0.1
/home/ccollins/mols/opt/cam/cam/4ia4ia-4ia-4ia-_TD.log,4ia4ia-4ia-4ia-,---,[],"td CAM-B3LYP/6-31g(d,p)",-7.06706850189,0.43075620648,97,1.1618,-1082.0700096,5.0197,1.48333333333
/home/ccollins/mols/opt/cam/cam/4af4af4af4af-_TD.log,4af4af4af4af-,---,[],"td CAM-B3LYP/6-31g(d,p)",-6.60039326872,0.220412209254,97,3.8566,-1225.6938776,4.4438,1.5
/home/ccollins/mols/opt/cam/cam/4if4if4if4if_TD.log,4if4if4if4if,---,[],"td CAM-B3LYP/6-31g(d,p)",-6.71440896708,0.58640532215,113,6.3977,-1382.8631,4.7421,7.4
/home/ccollins/mols/opt/cam/cam/12ae12ae-12ae12ae-_TD.log,12ae12ae-12ae12ae-,---,[],"td CAM-B3LYP/6-31g(d,p)",-6.26161153968,-0.601099469434,93,0.9540,-1220.5177509,3.4283,0.8
/home/ccollins/mols/opt/cam/cam/4ie4ie4ie_TD.log,4ie4ie4ie,---,[],"td CAM-B3LYP/6-31g(d,p)",-7.35387648776,0.298508880928,91,1.9644,-1040.151435,5.0265,2.6
/home/ccollins/mols/opt/cam/cam/12fl12fl-12fl-12fl_TD.log,12fl12fl-12fl-12fl,---,[],"td CAM-B3LYP/6-31g(d,p)",-5.51438693892,0.178234564273,117,3.2250,-1674.7853578,3.4606,1.35
/home/ccollins/mols/opt/cam/cam/12le12le12le-12le-_TD.log,12le12le12le-12le-,---,[],"td CAM-B3LYP/6-31g(d,p)",-6.1764399082,-0.258236032817,125,2.3877,-1678.3968277,3.6125,2.26666666667
/home/ccollins/mols/opt/cam/cam/4ff4ff4ff4ff_TD.log,4ff4ff4ff4ff,---,[],"td CAM-B3LYP/6-31g(d,p)",-6.24501259552,0.247623593112,113,0.9294,-1526.4786124,4.0779,1.41666666667
/home/ccollins/mols/opt/cam/cam/4la4la-4la-4la-_TD.log,4la4la-4la-4la-,---,[],"td CAM-B3LYP/6-31g(d,p)",-6.52039180017,0.357285470062,113,3.5585,-1382.8101085,4.4729,3.0
/home/ccollins/mols/opt/cam/cam/1111-11-_TD.log,1111-11-,---,[],"td CAM-B3LYP/6-31g(d,p)",-8.77675974972,-2.39133641348,22,1.9688,-340.9946355,2.0343,0.0333333333333
/home/ccollins/mols/opt/cam/cam/12el12el12el-12el_TD.log,12el12el12el-12el,---,[],"td cam-b3lyp/6-31g(d,p)",-6.08854713834,-0.439735963153,125,2.8934,-1678.3964537,3.4024,1.71666666667
/home/ccollins/mols/opt/cam/cam/12le12le-12le_TD.log,12le12le-12le,---,[],"td CAM-B3LYP/6-31g(d,p)",-6.29453731415,-0.100682120276,94,2.1157,-1259.0951216,3.7865,1.13333333333
/home/ccollins/mols/opt/cam/cam/12ei12ei_TD.log,12ei12ei,---,[],"td CAM-B3LYP/6-31g(d,p)",-6.85454759395,0.410891896263,55,1.1326,-689.4405986,4.6701,0.6
/home/ccollins/mols/opt/cam/cam/12le12le-12le12le-_TD.log,12le12le-12le12le-,---,[],"td CAM-B3LYP/6-31g(d,p)",-6.05317233932,-0.491165478646,125,1.7744,-1678.4004011,3.3336,1.81666666667
/home/ccollins/mols/opt/cam/cam/12fl12fl12fl-12fl_TD.log,12fl12fl12fl-12fl,---,[],"td CAM-B3LYP/6-31g(d,p)",-5.21751074103,0.389939130692,117,7.7763,-1674.7355633,3.4229,1.25
/home/ccollins/mols/opt/cam/cam/4fi4fi4fi4fi-_TD.log,4fi4fi4fi4fi-,---,[],"td CAM-B3LYP/6-31g(d,p)",-6.88937816529,0.466675233173,113,3.6124,-1382.8722397,4.8795,3.65
/home/ccollins/mols/opt/cam/cam/12ae12ae-12ae_TD.log,12ae12ae-12ae,---,[],"td CAM-B3LYP/6-31g(d,p)",-6.4542681374,-0.35374799016,70,0.7725,-915.6824919,3.7758,0.666666666667
/home/ccollins/mols/opt/cam/cam/12lf12lf-_TD.log,12lf12lf-,---,[],"td CAM-B3LYP/6-31g(d,p)",-6.07466933257,0.961650305559,59,3.5399,-837.9679883,4.5724,0.316666666667
/home/ccollins/mols/opt/cam/cam/12fe12fe-12fe-12fe_TD.log,12fe12fe-12fe-12fe,---,[],"td CAM-B3LYP/6-31g(d,p)",-5.97589200916,-0.491437592484,109,3.5267,-1521.3025543,3.2525,1.33333333333
/home/ccollins/mols/opt/cam/cam/4ei4ei-4ei4ei_TD.log,4ei4ei-4ei4ei,---,[],"td CAM-B3LYP/6-31g(d,p)",-7.32775355925,0.234290015022,121,2.9130,-1386.4718627,4.9967,3.1
/home/ccollins/mols/opt/cam/cam/12ia12ia-12ia_TD.log,12ia12ia-12ia,---,[],"td CAM-B3LYP/6-31g(d,p)",-6.03439648446,0.420415880614,64,0.9260,-805.2698793,4.0648,0.466666666667
/home/ccollins/mols/opt/cam/cam/4fa4fa-4fa-4fa-_TD.log,4fa4fa-4fa-4fa-,---,[],"td CAM-B3LYP/6-31g(d,p)",-7.00067272527,-0.0495247186225,97,4.9967,-1225.7046001,4.5162,1.5
/home/ccollins/mols/opt/cam/cam/12ea12ea12ea12ea-_TD.log,12ea12ea12ea12ea-,---,[],"td CAM-B3LYP/6-31g(d,p)",-6.23630495269,-0.574704427091,93,0.3384,-1220.5169628,3.4183,1.11666666667
/home/ccollins/mols/opt/cam/cam/12ia12ia-12ia-12ia_TD.log,12ia12ia-12ia-12ia,---,[],"td CAM-B3LYP/6-31g(d,p)",-5.80282760782,0.159186595572,85,0.2619,-1073.2993034,3.6615,0.783333333333
/home/ccollins/mols/opt/cam/cam/4ia4ia-4ia_TD.log,4ia4ia-4ia,---,[],"td CAM-B3LYP/6-31g(d,p)",-7.20094851047,0.584228411442,73,0.7936,-811.8497807,5.2005,2.08333333333
/home/ccollins/mols/opt/cam/cam/4fa4fa-4fa4fa-_TD.log,4fa4fa-4fa4fa-,---,[],"td CAM-B3LYP/6-31g(d,p)",-6.90869824783,0.0653073212604,97,3.0838,-1225.701095,4.4979,2.66666666667
/home/ccollins/mols/opt/cam/cam/4ee_TD.log,4ee,---,[],"td CAM-B3LYP/6-31g(d,p)",-7.51523999404,-0.127621390296,33,0.0000,-384.315769,4.9704,0.0666666666667
/home/ccollins/mols/opt/cam/cam/12la12la_TD.log,12la12la,---,[],"td CAM-B3LYP/6-31g(d,p)",-6.33317747923,0.911037131582,51,1.1933,-687.5821689,4.6627,0.3
/home/ccollins/mols/opt/cam/cam/12il12il-_TD.log,12il12il-,---,[],"td CAM-B3LYP/6-31g(d,p)",-6.31984390113,0.950493638177,59,1.4705,-766.1838405,4.7346,0.45
/home/ccollins/mols/opt/cam/cam/222-_TD.log,222-,---,[],"td CAM-B3LYP/6-31g(d,p)",-7.10407598394,0.0127893504135,22,0.1001,-233.2512474,4.8578,0.0833333333333
/home/ccollins/mols/opt/cam/cam/12la12la-12la-12la-_TD.log,12la12la-12la-12la-,---,[],"td CAM-B3LYP/6-31g(d,p)",-5.31275058453,0.221772778447,101,5.3257,-1374.0048507,3.4118,0.9
/home/ccollins/mols/opt/cam/cam/12ai12ai-12ai-12ai_TD.log,12ai12ai-12ai-12ai,---,[],"td CAM-B3LYP/6-31g(d,p)",-5.80282760782,0.159186595572,85,0.2619,-1073.2993034,3.6615,0.883333333333
/home/ccollins/mols/opt/cam/cam/12el12el-12el12el_TD.log,12el12el-12el12el,---,[],"td CAM-B3LYP/6-31g(d,p)",-6.16664381001,-0.423137019,125,2.8870,-1678.3971859,3.4748,1.91666666667
/home/ccollins/mols/opt/cam/cam/4ef4ef4ef_TD.log,4ef4ef4ef,---,[],"td CAM-B3LYP/6-31g(d,p)",-6.88720125458,0.14422033445,91,4.0247,-1147.8656886,4.5718,1.63333333333
/home/ccollins/mols/opt/cam/cam/12if12if-12if_TD.log,12if12if-12if,---,[],"td CAM-B3LYP/6-31g(d,p)",-5.76064996284,0.46531466398,76,1.5972,-1030.8521334,3.8784,0.766666666667
/home/ccollins/mols/opt/cam/cam/12ll12ll-_TD.log,12ll12ll-,---,[],"td CAM-B3LYP/6-31g(d,p)",-5.77398354093,1.25335634052,67,0.0005,-916.5266728,4.5548,0.433333333333
/home/ccollins/mols/opt/cam/cam/4fi4fi-4fi-4fi_TD.log,4fi4fi-4fi-4fi,---,[],"td CAM-B3LYP/6-31g(d,p)",-6.82325450252,0.529261416048,113,2.1131,-1382.8747836,4.7544,2.75
/home/ccollins/mols/opt/cam/cam/4ae4ae4ae4ae_TD.log,4ae4ae4ae4ae,---,[],"td CAM-B3LYP/6-31g(d,p)",-7.1955062337,-0.217963184707,105,1.4785,-1229.2929348,4.6283,2.15
/home/ccollins/mols/opt/cam/cam/12la12la12la12la-_TD.log,12la12la12la12la-,---,[],"td CAM-B3LYP/6-31g(d,p)",-5.29996123412,0.250344731498,101,3.5113,-1374.0043565,3.4066,0.883333333333
/home/ccollins/mols/opt/cam/cam/12la12la12la_TD.log,12la12la12la,---,[],"td CAM-B3LYP/6-31g(d,p)",-5.90051647588,0.484362632681,76,0.8281,-1030.779066,4.0017,0.7
/home/ccollins/mols/opt/cam/cam/12if12if12if12if-_TD.log,12if12if12if12if-,---,[],"td CAM-B3LYP/6-31g(d,p)",-5.9987495716,0.276739773841,101,1.5445,-1374.0770935,3.9004,1.15
/home/ccollins/mols/opt/cam/cam/4ei4ei-4ei4ei-_TD.log,4ei4ei-4ei4ei-,---,[],"td CAM-B3LYP/6-31g(d,p)",-7.33292372219,0.272658066262,121,3.1597,-1386.4717188,5.0064,3.3
/home/ccollins/mols/opt/cam/cam/12fa12fa12fa12fa_TD.log,12fa12fa12fa12fa,---,[],"td CAM-B3LYP/6-31g(d,p)",-5.41180002178,0.205445948132,85,6.3145,-1216.8808268,3.5001,0.55
/home/ccollins/mols/opt/cam/cam/4ie4ie4ie4ie_TD.log,4ie4ie4ie4ie,---,[],"td CAM-B3LYP/6-31g(d,p)",-7.32421607935,0.229119852088,121,2.8727,-1386.4719143,4.9963,3.53333333333
/home/ccollins/mols/opt/cam/cam/4fi4fi-4fi-4fi-_TD.log,4fi4fi-4fi-4fi-,---,[],"td CAM-B3LYP/6-31g(d,p)",-6.94624995756,0.319733760337,113,3.8926,-1382.8777668,4.7420,3.51666666667
/home/ccollins/mols/opt/cam/cam/4ii4ii4ii_TD.log,4ii4ii4ii,---,[],"td CAM-B3LYP/6-31g(d,p)",-7.48149787805,1.34886829787,85,0.1646,-929.7329829,5.3998,1.4
/home/ccollins/mols/opt/cam/cam/4ai_TD.log,4ai,---,[],"td CAM-B3LYP/6-31g(d,p)",-7.8570149753,1.4922722908,25,0.3384,-271.4092341,5.5799,0.1
/home/ccollins/mols/opt/cam/cam/12fi12fi12fi12fi_TD.log,12fi12fi12fi12fi,---,[],"td CAM-B3LYP/6-31g(d,p)",-5.56554434058,0.573615971737,101,5.6018,-1374.0626475,3.8365,0.983333333333
/home/ccollins/mols/opt/cam/cam/12fi12fi12fi12fi-_TD.log,12fi12fi12fi12fi-,---,[],"td CAM-B3LYP/6-31g(d,p)",-5.56309531603,0.278100343034,101,5.0368,-1374.0748546,3.5808,1.03333333333
/home/ccollins/mols/opt/cam/cam/12fe12fe-12fe_TD.log,12fe12fe-12fe,---,[],"td CAM-B3LYP/6-31g(d,p)",-6.11766331907,-0.262317740396,82,4.0444,-1141.2688674,3.5933,0.716666666667
/home/ccollins/mols/opt/cam/cam/12el12el_TD.log,12el12el,---,[],"td CAM-B3LYP/6-31g(d,p)",-6.76338945803,0.272385952423,63,2.0175,-839.7872971,4.4714,0.633333333333
/home/ccollins/mols/opt/cam/cam/12fa12fa12fa12fa-_TD.log,12fa12fa12fa12fa-,---,[],"td CAM-B3LYP/6-31g(d,p)",-5.60037491192,0.0212248794096,85,5.4630,-1216.8896299,3.4621,0.616666666667
/home/ccollins/mols/opt/cam/cam/12ff12ff12ff-12ff_TD.log,12ff12ff12ff-12ff,---,[],"td CAM-B3LYP/6-31g(d,p)",-5.53670027369,0.119457975139,101,5.5874,-1517.6733328,3.4834,0.966666666667
/home/ccollins/mols/opt/cam/cam/4ai4ai4ai4ai_TD.log,4ai4ai4ai4ai,---,[],"td CAM-B3LYP/6-31g(d,p)",-7.07359923401,0.441096532346,97,1.0935,-1082.0699732,5.0308,1.71666666667
/home/ccollins/mols/opt/cam/cam/12ee12ee12ee-12ee-_TD.log,12ee12ee12ee-12ee-,---,[],"td CAM-B3LYP/6-31g(d,p)",-6.52909944301,-0.824504930912,117,0.0001,-1524.9068847,3.4603,1.55
/home/ccollins/mols/opt/cam/cam/222-2-_TD.log,222-2-,---,[],"td CAM-B3LYP/6-31g(d,p)",-6.72012335769,-0.3730680727,29,0.1237,-310.6119726,4.2451,0.1
/home/ccollins/mols/opt/cam/cam/12il12il-12il12il-_TD.log,12il12il-12il12il-,---,[],"td CAM-B3LYP/6-31g(d,p)",-5.72418670847,0.247351479274,117,2.1532,-1531.1892561,3.6706,1.61666666667
/home/ccollins/mols/opt/cam/cam/12il12il12il12il_TD.log,12il12il12il12il,---,[],"td CAM-B3LYP/6-31g(d,p)",-5.98840924574,0.423137019,117,2.2394,-1531.1775611,3.9980,1.66666666667
/home/ccollins/mols/opt/cam/cam/4fe4fe4fe-4fe-_TD.log,4fe4fe4fe-4fe-,---,[],"td CAM-B3LYP/6-31g(d,p)",-6.98298532577,-0.28653587203,121,3.1556,-1530.0982317,4.4591,2.63333333333
/home/ccollins/mols/opt/cam/cam/12fa12fa-12fa_TD.log,12fa12fa-12fa,---,[],"td CAM-B3LYP/6-31g(d,p)",-5.85752248938,0.338237501361,64,4.6601,-912.9612561,3.9106,0.383333333333
/home/ccollins/mols/opt/cam/cam/4il_TD.log,4il,---,[],"td CAM-B3LYP/6-31g(d,p)",-7.06842907108,1.47485700513,33,1.1566,-385.8886253,5.2672,0.133333333333
/home/ccollins/mols/opt/cam/cam/222_TD.log,222,---,[],"td CAM-B3LYP/6-31g(d,p)",-7.11033460222,0.125172365749,22,0.0000,-233.2565996,5.1806,0.0666666666667
/home/ccollins/mols/opt/cam/cam/12le12le-12le-12le-_TD.log,12le12le-12le-12le-,---,[],"td CAM-B3LYP/6-31g(d,p)",-6.04718583487,-0.309121320632,125,2.3431,-1678.3976308,3.4701,1.96666666667
/home/ccollins/mols/opt/cam/cam/4aa4aa_TD.log,4aa4aa,---,[],"td CAM-B3LYP/6-31g(d,p)",-7.43632698085,0.6114397953,41,0.0001,-463.0421748,5.3654,0.216666666667
/home/ccollins/mols/opt/cam/cam/12ia12ia-12ia-12ia-_TD.log,12ia12ia-12ia-12ia-,---,[],"td CAM-B3LYP/6-31g(d,p)",-5.79792955873,0.197010419135,85,1.2604,-1073.2959344,3.7074,0.916666666667
/home/ccollins/mols/opt/cam/cam/12fl12fl12fl_TD.log,12fl12fl12fl,---,[],"td CAM-B3LYP/6-31g(d,p)",-5.36608489689,0.717564192348,88,5.5381,-1256.3371446,3.8285,0.95
/home/ccollins/mols/opt/cam/cam/4fe4fe-4fe-4fe-_TD.log,4fe4fe-4fe-4fe-,---,[],"td CAM-B3LYP/6-31g(d,p)",-6.91713377683,-0.251161073014,121,5.9771,-1530.1019085,4.4547,2.25
/home/ccollins/mols/opt/cam/cam/4ef4ef_TD.log,4ef4ef,---,[],"td CAM-B3LYP/6-31g(d,p)",-7.01618321407,0.404089050299,61,2.9742,-765.6405759,4.8076,0.466666666667
/home/ccollins/mols/opt/cam/cam/12ia12ia12ia-12ia_TD.log,12ia12ia12ia-12ia,---,[],"td CAM-B3LYP/6-31g(d,p)",-5.79602476186,0.178234564273,85,1.4175,-1073.2990437,3.6901,0.8
/home/ccollins/mols/opt/cam/cam/22-2_TD.log,22-2,---,[],"td CAM-B3LYP/6-31g(d,p)",-7.09455199959,-0.100954234115,22,0.0000,-233.2454188,4.5941,0.0666666666667
/home/ccollins/mols/opt/cam/cam/4ef4ef4ef4ef-_TD.log,4ef4ef4ef4ef-,---,[],"td CAM-B3LYP/6-31g(d,p)",-6.7914171834,0.110478218465,121,3.2619,-1530.0900642,4.4974,2.83333333333
/home/ccollins/mols/opt/cam/cam/11111111_TD.log,11111111,---,[],"td CAM-B3LYP/6-31g(d,p)",-8.95308951712,-2.79297643924,29,2.7662,-454.2482991,1.9628,0.0666666666667
/home/ccollins/mols/opt/cam/cam/4ia4ia4ia-4ia-_TD.log,4ia4ia4ia-4ia-,---,[],"td CAM-B3LYP/6-31g(d,p)",-7.07359923401,0.437014824767,97,1.0252,-1082.0700355,5.0215,2.63333333333
/home/ccollins/mols/opt/cam/cam/4ff_TD.log,4ff,---,[],"td CAM-B3LYP/6-31g(d,p)",-6.82624775474,1.25580536507,29,0.0001,-382.5114201,4.9692,0.05
/home/ccollins/mols/opt/cam/cam/12ef12ef-_TD.log,12ef12ef-,---,[],"td CAM-B3LYP/6-31g(d,p)",-6.65454392259,0.0136056919292,55,1.4933,-761.2400332,4.2489,0.35
/home/ccollins/mols/opt/cam/cam/1111-_TD.log,1111-,---,[],"td CAM-B3LYP/6-31g(d,p)",-8.99744407281,-1.54832774155,15,0.0001,-227.7274976,2.7501,0.0333333333333
/home/ccollins/mols/opt/cam/cam/4ea4ea-4ea4ea_TD.log,4ea4ea-4ea4ea,---,[],"td CAM-B3LYP/6-31g(d,p)",-7.18571013551,-0.222044892285,105,1.5518,-1229.2932762,4.6057,1.83333333333
/home/ccollins/mols/opt/cam/cam/4ae4ae-4ae4ae-_TD.log,4ae4ae-4ae4ae-,---,[],"td CAM-B3LYP/6-31g(d,p)",-7.17890728955,-0.215514160159,105,1.5334,-1229.2934025,4.5983,2.16666666667
/home/ccollins/mols/opt/cam/cam/4ef4ef-4ef-4ef_TD.log,4ef4ef-4ef-4ef,---,[],"td CAM-B3LYP/6-31g(d,p)",-6.8618946676,-0.133607894745,121,3.4143,-1530.0973362,4.4518,2.45
/home/ccollins/mols/opt/cam/cam/12ei_TD.log,12ei,---,[],"td CAM-B3LYP/6-31g(d,p)",-7.50898137575,1.26179186952,28,0.6983,-345.3106815,5.9235,0.1
/home/ccollins/mols/opt/cam/cam/12af12af-_TD.log,12af12af-,---,[],"td CAM-B3LYP/6-31g(d,p)",-6.407736671,0.706951752644,43,1.8845,-609.0356401,4.6222,0.216666666667
/home/ccollins/mols/opt/cam/cam/4ia4ia-_TD.log,4ia4ia-,---,[],"td CAM-B3LYP/6-31g(d,p)",-7.44693942055,0.865049892861,49,0.4677,-541.6294369,5.3528,0.366666666667
/home/ccollins/mols/opt/cam/cam/12ii12ii-_TD.log,12ii12ii-,---,[],"td CAM-B3LYP/6-31g(d,p)",-6.27929893919,1.0775708008,51,0.1329,-615.8312328,4.7972,0.316666666667
/home/ccollins/mols/opt/cam/cam/4fe4fe4fe_TD.log,4fe4fe4fe,---,[],"td CAM-B3LYP/6-31g(d,p)",-6.88720125458,0.14422033445,91,4.0253,-1147.8656885,4.5718,1.35
/home/ccollins/mols/opt/cam/cam/4ae4ae-_TD.log,4ae4ae-,---,[],"td CAM-B3LYP/6-31g(d,p)",-7.48095365038,0.174697084372,53,0.7473,-615.2408954,5.0332,0.4
/home/ccollins/mols/opt/cam/cam/4af4af-4af4af_TD.log,4af4af-4af4af,---,[],"td CAM-B3LYP/6-31g(d,p)",-6.81481897352,0.122451227363,97,3.8257,-1225.6972424,4.4741,1.5
/home/ccollins/mols/opt/cam/cam/12fi12fi12fi_TD.log,12fi12fi12fi,---,[],"td CAM-B3LYP/6-31g(d,p)",-5.78187484225,0.744503462368,76,5.7074,-1030.841324,4.1590,0.816666666667
/home/ccollins/mols/opt/cam/cam/4ae4ae-4ae_TD.log,4ae4ae-4ae,---,[],"td CAM-B3LYP/6-31g(d,p)",-7.28748071114,-0.0740149640951,79,1.2067,-922.2671239,4.7750,1.4
/home/ccollins/mols/opt/cam/cam/12ie12ie-12ie-12ie-_TD.log,12ie12ie-12ie-12ie-,---,[],"td CAM-B3LYP/6-31g(d,p)",-6.26406056422,-0.188574890139,109,0.8287,-1377.7022223,3.7134,1.61666666667
/home/ccollins/mols/opt/cam/cam/12ff12ff-_TD.log,12ff12ff-,---,[],"td CAM-B3LYP/6-31g(d,p)",-6.36882439208,0.754299560557,51,0.0001,-759.4248002,4.6730,0.233333333333
/home/ccollins/mols/opt/cam/cam/12ai12ai_TD.log,12ai12ai,---,[],"td CAM-B3LYP/6-31g(d,p)",-6.52610619078,0.947228272114,43,1.4524,-537.2360542,4.8924,0.233333333333
/home/ccollins/mols/opt/cam/cam/4ai4ai-4ai_TD.log,4ai4ai-4ai,---,[],"td CAM-B3LYP/6-31g(d,p)",-7.20122062431,0.585044752958,73,0.7937,-811.8497807,5.2009,1.1
/home/ccollins/mols/opt/cam/cam/4ia4ia4ia4ia_TD.log,4ia4ia4ia4ia,---,[],"td CAM-B3LYP/6-31g(d,p)",-7.07359923401,0.441096532346,97,1.0934,-1082.0699732,5.0308,2.68333333333
/home/ccollins/mols/opt/cam/cam/4al_TD.log,4al,---,[],"td CAM-B3LYP/6-31g(d,p)",-7.29727680933,1.4386658646,29,1.3087,-346.5938233,5.3836,0.133333333333
/home/ccollins/mols/opt/cam/cam/4ea4ea-4ea-4ea_TD.log,4ea4ea-4ea-4ea,---,[],"td CAM-B3LYP/6-31g(d,p)",-7.18326111096,-0.222317006124,105,1.4203,-1229.2932676,4.6053,1.98333333333
/home/ccollins/mols/opt/cam/cam/4ff4ff4ff-4ff-_TD.log,4ff4ff4ff-4ff-,---,[],"td CAM-B3LYP/6-31g(d,p)",-6.5995769272,0.0571439061028,113,1.4661,-1526.4945958,4.1946,1.86666666667
/home/ccollins/mols/opt/cam/cam/4ae4ae4ae_TD.log,4ae4ae4ae,---,[],"td CAM-B3LYP/6-31g(d,p)",-7.31061038742,-0.0827226069298,79,1.2307,-922.2668646,4.7975,1.28333333333
/home/ccollins/mols/opt/cam/cam/12ef12ef_TD.log,12ef12ef,---,[],"td CAM-B3LYP/6-31g(d,p)",-6.59277408124,0.136873260808,55,2.3639,-761.2364988,4.2097,0.316666666667
/home/ccollins/mols/opt/cam/cam/12fa12fa-_TD.log,12fa12fa-,---,[],"td CAM-B3LYP/6-31g(d,p)",-6.407736671,0.706951752644,43,1.8845,-609.0356401,4.6222,0.266666666667
/home/ccollins/mols/opt/cam/cam/4aa4aa4aa-4aa-_TD.log,4aa4aa4aa-4aa-,---,[],"td CAM-B3LYP/6-31g(d,p)",-6.95278068968,0.0489804909453,81,0.0028,-924.8991964,4.6327,1.11666666667
/home/ccollins/mols/opt/cam/cam/12ll12ll12ll12ll_TD.log,12ll12ll12ll12ll,---,[],"td CAM-B3LYP/6-31g(d,p)",-6.24174722946,0.809266555952,133,3.4981,-1831.8766175,4.4367,1.91666666667
/home/ccollins/mols/opt/cam/cam/4aa4aa-4aa-4aa-_TD.log,4aa4aa-4aa-4aa-,---,[],"td CAM-B3LYP/6-31g(d,p)",-6.95305280352,0.0492526047839,81,0.0028,-924.8991964,4.6330,0.966666666667
/home/ccollins/mols/opt/cam/cam/12aa12aa12aa_TD.log,12aa12aa12aa,---,[],"td CAM-B3LYP/6-31g(d,p)",-6.20283495054,0.263134081912,52,1.0348,-687.3753684,4.1173,0.233333333333
/home/ccollins/mols/opt/cam/cam/4fa4fa4fa_TD.log,4fa4fa4fa,---,[],"td CAM-B3LYP/6-31g(d,p)",-6.79032872805,0.345312461164,73,4.5155,-919.5675496,4.6463,0.666666666667
/home/ccollins/mols/opt/cam/cam/4if4if4if_TD.log,4if4if4if,---,[],"td CAM-B3LYP/6-31g(d,p)",-6.79903637088,0.695522971423,85,4.6637,-1037.4448716,4.8306,1.96666666667
/home/ccollins/mols/opt/cam/cam/4ei4ei4ei-4ei_TD.log,4ei4ei4ei-4ei,---,[],"td CAM-B3LYP/6-31g(d,p)",-7.33319583602,0.273202293939,121,3.1588,-1386.4717188,5.0065,3.33333333333
/home/ccollins/mols/opt/cam/cam/4ia4ia_TD.log,4ia4ia,---,[],"td CAM-B3LYP/6-31g(d,p)",-7.44693942055,0.859335502251,49,0.6316,-541.6294159,5.3540,0.483333333333
/home/ccollins/mols/opt/cam/cam/4ff4ff4ff_TD.log,4ff4ff4ff,---,[],"td CAM-B3LYP/6-31g(d,p)",-6.37208975814,0.407898644039,85,0.6905,-1145.1560426,4.2575,0.8
/home/ccollins/mols/opt/cam/cam/4ea4ea4ea4ea_TD.log,4ea4ea4ea4ea,---,[],"td CAM-B3LYP/6-31g(d,p)",-7.1955062337,-0.218235298545,105,1.4788,-1229.2929348,4.6279,1.76666666667
/home/ccollins/mols/opt/cam/cam/12ei12ei-12ei12ei-_TD.log,12ei12ei-12ei12ei-,---,[],"td CAM-B3LYP/6-31g(d,p)",-6.06133575448,-0.373612300377,109,1.4358,-1377.708033,3.4243,1.33333333333
/home/ccollins/mols/opt/cam/cam/12aa12aa-12aa_TD.log,12aa12aa-12aa,---,[],"td CAM-B3LYP/6-31g(d,p)",-6.24855007543,0.231568876636,52,0.6416,-687.3813519,4.1084,0.266666666667
/home/ccollins/mols/opt/cam/cam/4li_TD.log,4li,---,[],"td CAM-B3LYP/6-31g(d,p)",-7.06842907108,1.47485700513,33,1.1566,-385.8886253,5.2672,0.15
/home/ccollins/mols/opt/cam/cam/1111-11-11-_TD.log,1111-11-11-,---,[],"td CAM-B3LYP/6-31g(d,p)",-8.8344478835,-2.63188504679,29,3.5370,-454.2595403,2.0593,0.0833333333333
/home/ccollins/mols/opt/cam/cam/12ff12ff-12ff-12ff_TD.log,12ff12ff-12ff-12ff,---,[],"td CAM-B3LYP/6-31g(d,p)",-5.47139295243,0.157281798702,101,0.3759,-1517.6704091,3.4459,0.916666666667
/home/ccollins/mols/opt/cam/cam/4fe4fe-4fe-4fe_TD.log,4fe4fe-4fe-4fe,---,[],"td CAM-B3LYP/6-31g(d,p)",-6.86488791982,-0.137689602324,121,2.7627,-1530.0974516,4.4509,2.46666666667
/home/ccollins/mols/opt/cam/cam/12ei12ei-12ei12ei_TD.log,12ei12ei-12ei12ei,---,[],"td CAM-B3LYP/6-31g(d,p)",-6.12310559584,-0.327625061656,109,1.5914,-1377.705971,3.5240,1.66666666667
/home/ccollins/mols/opt/cam/cam/12ef12ef12ef12ef_TD.log,12ef12ef12ef12ef,---,[],"td CAM-B3LYP/6-31g(d,p)",-6.00500818989,-0.531710440595,109,1.9627,-1521.303209,3.2825,1.26666666667
/home/ccollins/mols/opt/cam/cam/111111-11_TD.log,111111-11,---,[],"td CAM-B3LYP/6-31g(d,p)",-8.71988795745,-2.59759870313,29,3.0466,-454.2619558,1.9608,0.0833333333333
/home/ccollins/mols/opt/cam/cam/4aa4aa4aa-4aa_TD.log,4aa4aa4aa-4aa,---,[],"td CAM-B3LYP/6-31g(d,p)",-6.95278068968,0.0489804909453,81,0.0028,-924.8991963,4.6327,0.983333333333
/home/ccollins/mols/opt/cam/cam/12al12al12al12al-_TD.log,12al12al12al12al-,---,[],"td CAM-B3LYP/6-31g(d,p)",-5.31275058453,0.221772778447,101,5.3257,-1374.0048507,3.4118,0.883333333333
/home/ccollins/mols/opt/cam/cam/4ai4ai4ai4ai-_TD.log,4ai4ai4ai4ai-,---,[],"td CAM-B3LYP/6-31g(d,p)",-7.06734061573,0.431300434157,97,1.1586,-1082.0700098,5.0200,1.7
/home/ccollins/mols/opt/cam/cam/12il12il-12il-12il-_TD.log,12il12il-12il-12il-,---,[],"td CAM-B3LYP/6-31g(d,p)",-5.7652758981,0.392116041401,117,1.8137,-1531.1845783,3.7894,1.6
/home/ccollins/mols/opt/cam/cam/12la12la12la12la_TD.log,12la12la12la12la,---,[],"td CAM-B3LYP/6-31g(d,p)",-5.29669586806,0.242997657856,101,5.6327,-1374.0051602,3.4217,0.95
/home/ccollins/mols/opt/cam/cam/22-22_TD.log,22-22,---,[],"td CAM-B3LYP/6-31g(d,p)",-6.7116878287,-0.447355150634,29,0.0247,-310.6061416,4.0849,0.1
/home/ccollins/mols/opt/cam/cam/12il12il_TD.log,12il12il,---,[],"td CAM-B3LYP/6-31g(d,p)",-6.57671936476,0.991310713965,59,2.6376,-766.1778874,4.9211,0.583333333333
/home/ccollins/mols/opt/cam/cam/12ia12ia-12ia12ia_TD.log,12ia12ia-12ia12ia,---,[],"td CAM-B3LYP/6-31g(d,p)",-5.80826988459,0.177962450435,85,1.4118,-1073.2986893,3.7020,0.716666666667
/home/ccollins/mols/opt/cam/cam/4lf4lf-4lf-4lf-_TD.log,4lf4lf-4lf-4lf-,---,[],"td CAM-B3LYP/6-31g(d,p)",-6.16065730556,0.357013356223,129,6.9956,-1683.6009374,4.1943,2.86666666667
/home/ccollins/mols/opt/cam/cam/4ii4ii_TD.log,4ii4ii,---,[],"td CAM-B3LYP/6-31g(d,p)",-7.51306308333,1.4182573267,57,0.1650,-620.2186698,5.4374,0.533333333333
/home/ccollins/mols/opt/cam/cam/4if4if-4if4if-_TD.log,4if4if-4if4if-,---,[],"td CAM-B3LYP/6-31g(d,p)",-6.89482044206,0.641644431383,113,2.5372,-1382.8720425,4.8777,2.5
/home/ccollins/mols/opt/cam/cam/4fe4fe-4fe_TD.log,4fe4fe-4fe,---,[],"td CAM-B3LYP/6-31g(d,p)",-6.99604679002,0.153200091123,91,2.1492,-1147.8689804,4.6091,1.28333333333
/home/ccollins/mols/opt/cam/cam/12lf12lf12lf12lf-_TD.log,12lf12lf12lf12lf-,---,[],"td CAM-B3LYP/6-31g(d,p)",-5.64826694751,0.0168710579923,117,1.9718,-1674.7931413,3.4598,1.3
/home/ccollins/mols/opt/cam/cam/12ll_TD.log,12ll,---,[],"td CAM-B3LYP/6-31g(d,p)",-7.02053703549,2.24276225762,34,2.5209,-458.8538064,6.3499,0.133333333333
/home/ccollins/mols/opt/cam/cam/1111_TD.log,1111,---,[],"td CAM-B3LYP/6-31g(d,p)",-8.91934740114,-1.56519879954,15,3.3759,-227.7206507,2.6468,0.0333333333333
/home/ccollins/mols/opt/cam/cam/12ai12ai12ai12ai_TD.log,12ai12ai12ai12ai,---,[],"td CAM-B3LYP/6-31g(d,p)",-5.81670541359,0.243269771695,85,1.3250,-1073.2925538,3.7611,0.816666666667
/home/ccollins/mols/opt/cam/cam/4ai4ai-_TD.log,4ai4ai-,---,[],"td CAM-B3LYP/6-31g(d,p)",-7.44693942055,0.865049892861,49,0.4677,-541.6294369,5.3528,0.3
/home/ccollins/mols/opt/cam/cam/4fi4fi_TD.log,4fi4fi,---,[],"td CAM-B3LYP/6-31g(d,p)",-6.95631816958,0.959201281012,57,2.9483,-692.026701,5.0336,0.45
/home/ccollins/mols/opt/cam/cam/12aa12aa_TD.log,12aa12aa,---,[],"td CAM-B3LYP/6-31g(d,p)",-6.65617660563,0.742870779337,35,0.9703,-458.6434454,4.8578,0.166666666667
/home/ccollins/mols/opt/cam/cam/12ll12ll-12ll-12ll_TD.log,12ll12ll-12ll-12ll,---,[],"td CAM-B3LYP/6-31g(d,p)",-5.88065216566,0.320005874176,133,2.3628,-1831.8812849,3.8248,2.0
/home/ccollins/mols/opt/cam/cam/12li12li-_TD.log,12li12li-,---,[],"td CAM-B3LYP/6-31g(d,p)",-6.31984390113,0.950493638177,59,1.4705,-766.1838405,4.7346,0.433333333333
/home/ccollins/mols/opt/cam/cam/12fa_TD.log,12fa,---,[],"td CAM-B3LYP/6-31g(d,p)",-7.20693501492,2.01854045462,22,2.0867,-305.1028725,6.2269,0.0833333333333
/home/ccollins/mols/opt/cam/cam/4ee4ee_TD.log,4ee4ee,---,[],"td CAM-B3LYP/6-31g(d,p)",-7.42380974427,-0.366537340574,65,0.1006,-767.4397485,4.7836,0.716666666667
/home/ccollins/mols/opt/cam/cam/1111-1111-_TD.log,1111-1111-,---,[],"td CAM-B3LYP/6-31g(d,p)",-8.75499064263,-2.12085525793,29,0.4470,-454.2674394,2.4134,0.0833333333333
/home/ccollins/mols/opt/cam/cam/12ei12ei-12ei_TD.log,12ei12ei-12ei,---,[],"td CAM-B3LYP/6-31g(d,p)",-6.24365202633,-0.165717327698,82,1.2090,-1033.5751644,3.7328,0.916666666667
/home/ccollins/mols/opt/cam/cam/12ai_TD.log,12ai,---,[],"td CAM-B3LYP/6-31g(d,p)",-7.47850462583,2.15051566634,22,0.9272,-269.2080446,6.6174,0.1
/home/ccollins/mols/opt/cam/cam/4ii4ii4ii4ii_TD.log,4ii4ii4ii4ii,---,[],"td CAM-B3LYP/6-31g(d,p)",-7.47115755219,1.30832333592,113,0.0650,-1239.2473103,5.3973,2.7
/home/ccollins/mols/opt/cam/cam/4ff4ff-4ff_TD.log,4ff4ff-4ff,---,[],"td CAM-B3LYP/6-31g(d,p)",-6.5410724519,0.318917418822,85,0.0001,-1145.1710644,4.3012,0.916666666667
/home/ccollins/mols/opt/cam/cam/4ei4ei-_TD.log,4ei4ei-,---,[],"td CAM-B3LYP/6-31g(d,p)",-7.40149640951,0.409259213232,61,1.4905,-693.8309366,5.1125,0.983333333333
/home/ccollins/mols/opt/cam/cam/4ea4ea-4ea-4ea-_TD.log,4ea4ea-4ea-4ea-,---,[],"td CAM-B3LYP/6-31g(d,p)",-7.19414566451,-0.222861233801,105,1.2741,-1229.2931305,4.6216,2.01666666667
/home/ccollins/mols/opt/cam/cam/12fl12fl-12fl_TD.log,12fl12fl-12fl,---,[],"td CAM-B3LYP/6-31g(d,p)",-5.52880897237,0.620419551974,88,6.1365,-1256.3482815,3.8450,0.9
/home/ccollins/mols/opt/cam/cam/4ea_TD.log,4ea,---,[],"td CAM-B3LYP/6-31g(d,p)",-7.72340708056,0.523819139276,27,0.6273,-308.2148845,5.3450,0.05
/home/ccollins/mols/opt/cam/cam/222-2_TD.log,222-2,---,[],"td CAM-B3LYP/6-31g(d,p)",-6.71141571486,-0.447355150634,29,0.0247,-310.6061416,4.0849,0.116666666667
/home/ccollins/mols/opt/cam/cam/12ff12ff-12ff_TD.log,12ff12ff-12ff,---,[],"td CAM-B3LYP/6-31g(d,p)",-5.73860874192,0.45960027337,76,3.1382,-1138.5448471,3.8952,0.566666666667
/home/ccollins/mols/opt/cam/cam/12ll12ll12ll-12ll-_TD.log,12ll12ll12ll-12ll-,---,[],"td CAM-B3LYP/6-31g(d,p)",-5.83901874836,0.643821342092,133,3.8090,-1831.877293,4.0539,1.7
/home/ccollins/mols/opt/cam/cam/12if12if-12if12if_TD.log,12if12if-12if12if,---,[],"td CAM-B3LYP/6-31g(d,p)",-5.63683816629,0.272930180101,101,2.3643,-1374.075626,3.6231,1.18333333333
/home/ccollins/mols/opt/cam/cam/12if12if-12if-12if_TD.log,12if12if-12if-12if,---,[],"td CAM-B3LYP/6-31g(d,p)",-5.48227750597,0.254426439077,101,3.3681,-1374.0759678,3.4904,1.18333333333
/home/ccollins/mols/opt/cam/cam/4ia4ia-4ia4ia-_TD.log,4ia4ia-4ia4ia-,---,[],"td CAM-B3LYP/6-31g(d,p)",-7.07305500634,0.431028320319,97,1.0672,-1082.0701639,5.0081,2.36666666667
/home/ccollins/mols/opt/cam/cam/4af4af-4af_TD.log,4af4af-4af,---,[],"td CAM-B3LYP/6-31g(d,p)",-6.86951385508,0.365720999058,73,2.4728,-919.570671,4.6421,0.766666666667
/home/ccollins/mols/opt/cam/cam/12ff12ff12ff-12ff-_TD.log,12ff12ff12ff-12ff-,---,[],"td CAM-B3LYP/6-31g(d,p)",-5.70214548755,-0.0927908189575,101,0.0001,-1517.6814228,3.4654,0.866666666667
/home/ccollins/mols/opt/cam/cam/4fe4fe-4fe4fe_TD.log,4fe4fe-4fe4fe,---,[],"td CAM-B3LYP/6-31g(d,p)",-6.86107832608,0.0949677296661,121,2.6647,-1530.0939289,4.5395,2.86666666667
/home/ccollins/mols/opt/cam/cam/4aa4aa-4aa4aa-_TD.log,4aa4aa-4aa4aa-,---,[],"td CAM-B3LYP/6-31g(d,p)",-6.96148833252,0.0375517097247,81,0.0000,-924.8992321,4.6255,0.983333333333
/home/ccollins/mols/opt/cam/cam/12fi12fi-_TD.log,12fi12fi-,---,[],"td CAM-B3LYP/6-31g(d,p)",-6.24365202633,0.888179569141,51,1.8711,-687.630113,4.6297,0.333333333333
/home/ccollins/mols/opt/cam/cam/12lf12lf-12lf-12lf_TD.log,12lf12lf-12lf-12lf,---,[],"td CAM-B3LYP/6-31g(d,p)",-5.51275425589,0.209799769549,117,4.0211,-1674.7764398,3.4633,1.25
/home/ccollins/mols/opt/cam/cam/4ie4ie-4ie4ie_TD.log,4ie4ie-4ie4ie,---,[],"td CAM-B3LYP/6-31g(d,p)",-7.32557664854,0.256331235947,121,2.8530,-1386.471857,4.9995,5.53333333333
/home/ccollins/mols/opt/cam/cam/12ee12ee-12ee_TD.log,12ee12ee-12ee,---,[],"td CAM-B3LYP/6-31g(d,p)",-6.5925019674,-0.684366304041,88,0.0378,-1143.9793466,3.5868,0.883333333333
/home/ccollins/mols/opt/cam/cam/12af12af12af12af_TD.log,12af12af12af12af,---,[],"td CAM-B3LYP/6-31g(d,p)",-5.81643329975,-0.0212248794096,85,1.2641,-1216.8748858,3.5892,0.6
/home/ccollins/mols/opt/cam/cam/4ef4ef-4ef4ef-_TD.log,4ef4ef-4ef4ef-,---,[],"td CAM-B3LYP/6-31g(d,p)",-6.90107906035,0.121362772009,121,2.5437,-1530.0936345,4.5721,2.58333333333
/home/ccollins/mols/opt/cam/cam/4ie4ie-4ie-4ie-_TD.log,4ie4ie-4ie-4ie-,---,[],"td CAM-B3LYP/6-31g(d,p)",-7.32612087622,0.257419691301,121,2.8609,-1386.4718514,5.0005,4.78333333333
/home/ccollins/mols/opt/cam/cam/4fe4fe4fe4fe_TD.log,4fe4fe4fe4fe,---,[],"td CAM-B3LYP/6-31g(d,p)",-6.80039694008,0.00217691070868,121,4.8540,-1530.0908114,4.4414,3.08333333333
/home/ccollins/mols/opt/cam/cam/12ea_TD.log,12ea,---,[],"td CAM-B3LYP/6-31g(d,p)",-7.61292886209,1.20247105271,24,0.4074,-306.0131627,5.9565,0.0666666666667
/home/ccollins/mols/opt/cam/cam/4ff4ff-4ff-4ff-_TD.log,4ff4ff-4ff-4ff-,---,[],"td CAM-B3LYP/6-31g(d,p)",-6.75168856297,-0.00217691070868,113,1.1812,-1526.5012378,4.1944,1.96666666667
/home/ccollins/mols/opt/cam/cam/4ea4ea4ea-4ea_TD.log,4ea4ea4ea-4ea,---,[],"td CAM-B3LYP/6-31g(d,p)",-7.18162842793,-0.210343997226,105,1.6764,-1229.2932734,4.6077,1.68333333333
/home/ccollins/mols/opt/cam/cam/4li4li-4li-4li-_TD.log,4li4li-4li-4li-,---,[],"td CAM-B3LYP/6-31g(d,p)",-6.68338798948,0.844641354968,129,3.3485,-1539.9820784,4.8712,3.55
/home/ccollins/mols/opt/cam/cam/12ii12ii12ii_TD.log,12ii12ii12ii,---,[],"td CAM-B3LYP/6-31g(d,p)",-6.29045560657,0.936887946248,76,2.0889,-923.1516274,4.6464,0.983333333333
/home/ccollins/mols/opt/cam/cam/12ia12ia_TD.log,12ia12ia,---,[],"td CAM-B3LYP/6-31g(d,p)",-6.52610619078,0.947228272114,43,1.4524,-537.2360542,4.8924,0.216666666667
/home/ccollins/mols/opt/cam/cam/12fe12fe12fe-12fe_TD.log,12fe12fe12fe-12fe,---,[],"td CAM-B3LYP/6-31g(d,p)",-5.91031257406,-0.531438326756,109,6.0757,-1521.2987992,3.2426,1.15
/home/ccollins/mols/opt/cam/cam/12ae12ae_TD.log,12ae12ae,---,[],"td CAM-B3LYP/6-31g(d,p)",-6.82924100697,0.0854437453157,47,0.6399,-610.8475843,4.4390,0.233333333333
/home/ccollins/mols/opt/cam/cam/12le_TD.log,12le,---,[],"td CAM-B3LYP/6-31g(d,p)",-7.4733344629,1.2468256084,32,1.5042,-420.486545,5.8440,0.133333333333
/home/ccollins/mols/opt/cam/cam/4ae_TD.log,4ae,---,[],"td CAM-B3LYP/6-31g(d,p)",-7.72340708056,0.524091253115,27,0.6274,-308.2148845,5.3451,0.0833333333333
/home/ccollins/mols/opt/cam/cam/4ia4ia-4ia-4ia_TD.log,4ia4ia-4ia-4ia,---,[],"td CAM-B3LYP/6-31g(d,p)",-7.07659248624,0.438919621637,97,1.0578,-1082.0700744,5.0252,2.01666666667
/home/ccollins/mols/opt/cam/cam/4ea4ea4ea4ea-_TD.log,4ea4ea4ea4ea-,---,[],"td CAM-B3LYP/6-31g(d,p)",-7.18598224935,-0.216058387836,105,1.6386,-1229.2930852,4.6144,1.71666666667
/home/ccollins/mols/opt/cam/cam/4fa4fa-4fa-4fa_TD.log,4fa4fa-4fa-4fa,---,[],"td CAM-B3LYP/6-31g(d,p)",-6.7843422236,0.148574155867,97,2.7478,-1225.700554,4.4821,1.2
/home/ccollins/mols/opt/cam/cam/4ei4ei4ei_TD.log,4ei4ei4ei,---,[],"td CAM-B3LYP/6-31g(d,p)",-7.3541486016,0.299869450121,91,1.9618,-1040.1514348,5.0269,5.03333333333
/home/ccollins/mols/opt/cam/cam/12af12af12af-12af-_TD.log,12af12af12af-12af-,---,[],"td CAM-B3LYP/6-31g(d,p)",-5.74296256333,-0.0693890288392,85,3.8348,-1216.8876935,3.5109,0.583333333333
/home/ccollins/mols/opt/cam/cam/4ea4ea4ea-4ea-_TD.log,4ea4ea4ea-4ea-,---,[],"td CAM-B3LYP/6-31g(d,p)",-7.18625436319,-0.220412209254,105,1.4363,-1229.2931507,4.6099,1.68333333333
/home/ccollins/mols/opt/cam/cam/12li12li-12li12li_TD.log,12li12li-12li12li,---,[],"td CAM-B3LYP/6-31g(d,p)",-5.66323320863,0.147213586674,117,1.2602,-1531.189046,3.5469,1.56666666667
/home/ccollins/mols/opt/cam/cam/12ee12ee12ee_TD.log,12ee12ee12ee,---,[],"td CAM-B3LYP/6-31g(d,p)",-6.84720052031,-0.471845396106,88,0.3288,-1143.9737878,3.9734,0.883333333333
/home/ccollins/mols/opt/cam/cam/4ie4ie-_TD.log,4ie4ie-,---,[],"td CAM-B3LYP/6-31g(d,p)",-7.40149640951,0.409259213232,61,1.4902,-693.8309366,5.1123,0.716666666667
/home/ccollins/mols/opt/cam/cam/12fi12fi-12fi-12fi-_TD.log,12fi12fi-12fi-12fi-,---,[],"td CAM-B3LYP/6-31g(d,p)",-5.9987495716,0.276739773841,101,1.5439,-1374.0770935,3.9004,1.06666666667
/home/ccollins/mols/opt/cam/cam/12ae12ae12ae12ae-_TD.log,12ae12ae12ae12ae-,---,[],"td CAM-B3LYP/6-31g(d,p)",-6.24174722946,-0.60382060782,93,0.8982,-1220.5172738,3.4428,0.933333333333
/home/ccollins/mols/opt/cam/cam/12ii12ii12ii12ii-_TD.log,12ii12ii12ii12ii-,---,[],"td CAM-B3LYP/6-31g(d,p)",-5.9641911141,0.668311587565,101,1.5376,-1230.4792606,4.1624,1.31666666667
/home/ccollins/mols/opt/cam/cam/12li12li12li12li_TD.log,12li12li12li12li,---,[],"td CAM-B3LYP/6-31g(d,p)",-5.66323320863,0.147213586674,117,1.2600,-1531.189046,3.5469,1.45
/home/ccollins/mols/opt/cam/cam/12al12al12al-12al_TD.log,12al12al12al-12al,---,[],"td CAM-B3LYP/6-31g(d,p)",-5.43656238109,0.202996923584,101,6.2630,-1373.9997087,3.4874,0.933333333333
/home/ccollins/mols/opt/cam/cam/4ai4ai4ai_TD.log,4ai4ai4ai,---,[],"td CAM-B3LYP/6-31g(d,p)",-7.19958794128,0.585044752958,73,0.8806,-811.8496979,5.1991,1.03333333333
/home/ccollins/mols/opt/cam/cam/12ie12ie12ie-12ie-_TD.log,12ie12ie12ie-12ie-,---,[],"td CAM-B3LYP/6-31g(d,p)",-6.20555608893,-0.253065869884,109,1.2035,-1377.7030358,3.6520,1.75
/home/ccollins/mols/opt/cam/cam/12fl12fl12fl12fl-_TD.log,12fl12fl12fl12fl-,---,[],"td CAM-B3LYP/6-31g(d,p)",-5.1919320402,0.368714251283,117,5.9079,-1674.7412155,3.3641,1.06666666667
/home/ccollins/mols/opt/cam/cam/12aa12aa-_TD.log,12aa12aa-,---,[],"td CAM-B3LYP/6-31g(d,p)",-6.66760538685,0.747224600754,35,0.0000,-458.6463204,4.8710,0.116666666667
/home/ccollins/mols/opt/cam/cam/12ie12ie-12ie12ie_TD.log,12ie12ie-12ie12ie,---,[],"td CAM-B3LYP/6-31g(d,p)",-6.10596242401,-0.337693273684,109,1.2810,-1377.7051637,3.4873,1.58333333333
/home/ccollins/mols/opt/cam/cam/4aa4aa4aa4aa_TD.log,4aa4aa4aa4aa,---,[],"td CAM-B3LYP/6-31g(d,p)",-6.94053556695,0.0549669953942,81,0.0002,-924.8991484,4.6315,0.95
/home/ccollins/mols/opt/cam/cam/12il12il12il-12il_TD.log,12il12il12il-12il,---,[],"td cam-b3lyp/6-31g(d,p)",-5.79874590024,0.317828963467,117,2.2105,-1531.1870432,3.7839,1.73333333333
/home/ccollins/mols/opt/cam/cam/12el12el-12el-12el-_TD.log,12el12el-12el-12el-,---,[],"td CAM-B3LYP/6-31g(d,p)",-6.16854860688,0.0587765891343,125,4.1541,-1678.3944032,3.8147,1.98333333333
/home/ccollins/mols/opt/cam/cam/12ia12ia12ia-12ia-_TD.log,12ia12ia12ia-12ia-,---,[],"td CAM-B3LYP/6-31g(d,p)",-5.73670394505,0.164900986182,85,0.0738,-1073.2965465,3.6516,0.8
/home/ccollins/mols/opt/cam/cam/2222_TD.log,2222,---,[],"td CAM-B3LYP/6-31g(d,p)",-6.7152253086,-0.289529124254,29,0.0000,-310.6171128,4.5026,0.1
/home/ccollins/mols/opt/cam/cam/4ai4ai_TD.log,4ai4ai,---,[],"td CAM-B3LYP/6-31g(d,p)",-7.44693942055,0.85960761609,49,0.6316,-541.6294159,5.3540,0.316666666667
/home/ccollins/mols/opt/cam/cam/12ia12ia12ia12ia-_TD.log,12ia12ia12ia12ia-,---,[],"td cam-b3lyp/6-31g(d,p)",-5.77860947619,0.187758548624,85,1.3887,-1073.2964091,3.6768,0.8
/home/ccollins/mols/opt/cam/cam/12ia_TD.log,12ia,---,[],"td CAM-B3LYP/6-31g(d,p)",-7.47850462583,2.15051566634,22,0.9272,-269.2080446,6.6174,0.116666666667
/home/ccollins/mols/opt/cam/cam/4ie4ie4ie4ie-_TD.log,4ie4ie4ie4ie-,---,[],"td CAM-B3LYP/6-31g(d,p)",-7.32367185167,0.229119852088,121,2.8604,-1386.4719212,4.9953,3.5
/home/ccollins/mols/opt/cam/cam/12li12li-12li-12li-_TD.log,12li12li-12li-12li-,---,[],"td CAM-B3LYP/6-31g(d,p)",-5.81398427521,0.334427907621,117,1.8912,-1531.1842844,3.8025,1.53333333333
/home/ccollins/mols/opt/cam/cam/4ie4ie-4ie-4ie_TD.log,4ie4ie-4ie-4ie,---,[],"td CAM-B3LYP/6-31g(d,p)",-7.32775355925,0.237827494923,121,2.9251,-1386.471872,4.9970,3.9
/home/ccollins/mols/opt/cam/cam/12al12al-12al12al_TD.log,12al12al-12al12al,---,[],"td CAM-B3LYP/6-31g(d,p)",-5.44853538999,0.19809887449,101,5.8678,-1374.0005773,3.4644,0.833333333333
/home/ccollins/mols/opt/cam/cam/12fa12fa_TD.log,12fa12fa,---,[],"td CAM-B3LYP/6-31g(d,p)",-6.21725698399,0.894982415106,43,4.1509,-609.0282818,4.6559,0.2
/home/ccollins/mols/opt/cam/cam/4ef4ef4ef-4ef_TD.log,4ef4ef4ef-4ef,---,[],"td CAM-B3LYP/6-31g(d,p)",-6.85101011405,0.163812530828,121,3.5670,-1530.0938733,4.5617,2.48333333333
/home/ccollins/mols/opt/cam/cam/4fe4fe4fe4fe-_TD.log,4fe4fe4fe4fe-,---,[],"td CAM-B3LYP/6-31g(d,p)",-6.97999207354,-0.145308789804,121,3.0362,-1530.0948673,4.4857,2.41666666667
/home/ccollins/mols/opt/cam/cam/4ie_TD.log,4ie,---,[],"td CAM-B3LYP/6-31g(d,p)",-7.49047763473,0.620147438135,31,1.1062,-347.5106488,5.2783,0.116666666667
/home/ccollins/mols/opt/cam/cam/12ll12ll-12ll_TD.log,12ll12ll-12ll,---,[],"td CAM-B3LYP/6-31g(d,p)",-6.21698487015,0.727904518215,100,2.6737,-1374.2050993,4.4193,1.41666666667
/home/ccollins/mols/opt/cam/cam/12ie12ie-12ie12ie-_TD.log,12ie12ie-12ie12ie-,---,[],"td CAM-B3LYP/6-31g(d,p)",-6.06133575448,-0.373612300377,109,1.4358,-1377.708033,3.4243,1.4
/home/ccollins/mols/opt/cam/cam/12if12if12if-12if_TD.log,12if12if12if-12if,---,[],"td CAM-B3LYP/6-31g(d,p)",-5.69425418623,0.195105622265,101,1.4686,-1374.0759608,3.6157,1.13333333333
/home/ccollins/mols/opt/cam/cam/12fi12fi-12fi12fi-_TD.log,12fi12fi-12fi12fi-,---,[],"td CAM-B3LYP/6-31g(d,p)",-5.54622425804,0.111838787658,101,4.3607,-1374.0839522,3.4521,1.08333333333
/home/ccollins/mols/opt/cam/cam/12ai12ai12ai-12ai_TD.log,12ai12ai12ai-12ai,---,[],"td CAM-B3LYP/6-31g(d,p)",-5.80826988459,0.178234564273,85,1.4118,-1073.2986893,3.7022,0.716666666667
/home/ccollins/mols/opt/cam/cam/12ef12ef12ef-12ef_TD.log,12ef12ef12ef-12ef,---,[],"td CAM-B3LYP/6-31g(d,p)",-5.98051794442,-0.577697679316,109,1.8153,-1521.3037345,3.2169,1.15
/home/ccollins/mols/opt/cam/cam/4af4af4af-4af-_TD.log,4af4af4af-4af-,---,[],"td CAM-B3LYP/6-31g(d,p)",-6.62189026196,0.268304244845,97,2.5062,-1225.696982,4.4462,1.65
/home/ccollins/mols/opt/cam/cam/12ii12ii12ii12ii_TD.log,12ii12ii12ii12ii,---,[],"td CAM-B3LYP/6-31g(d,p)",-6.15984096405,0.803280051503,101,1.8551,-1230.4750119,4.4191,1.48333333333
/home/ccollins/mols/opt/cam/cam/4fi4fi-4fi4fi-_TD.log,4fi4fi-4fi4fi-,---,[],"td CAM-B3LYP/6-31g(d,p)",-6.99904004224,0.518376862504,113,2.7159,-1382.876308,4.8741,3.91666666667
/home/ccollins/mols/opt/cam/cam/4ef4ef-4ef_TD.log,4ef4ef-4ef,---,[],"td CAM-B3LYP/6-31g(d,p)",-6.98244109809,0.136873260808,91,1.9384,-1147.8689339,4.5970,1.38333333333
/home/ccollins/mols/opt/cam/cam/12ff12ff-12ff-12ff-_TD.log,12ff12ff-12ff-12ff-,---,[],"td CAM-B3LYP/6-31g(d,p)",-5.64064776003,-0.0408170757877,101,4.8526,-1517.6810811,3.4460,0.916666666667
/home/ccollins/mols/opt/cam/cam/4ff4ff_TD.log,4ff4ff,---,[],"td CAM-B3LYP/6-31g(d,p)",-6.56474635586,0.701237362033,57,0.3688,-763.8334297,4.5554,0.3
/home/ccollins/mols/opt/cam/cam/12ll12ll12ll12ll-_TD.log,12ll12ll12ll12ll-,---,[],"td CAM-B3LYP/6-31g(d,p)",-5.93262590883,0.709400777191,133,4.2788,-1831.8773693,4.1585,2.01666666667
/home/ccollins/mols/opt/cam/cam/12la_TD.log,12la,---,[],"td CAM-B3LYP/6-31g(d,p)",-7.25700396122,2.11486875348,26,0.9831,-344.3858587,6.3589,0.0833333333333
/home/ccollins/mols/opt/cam/cam/12if12if12if_TD.log,12if12if12if,---,[],"td CAM-B3LYP/6-31g(d,p)",-6.2991632494,0.721645899927,76,1.8742,-1030.846733,4.4553,0.75
/home/ccollins/mols/opt/cam/cam/4ei4ei4ei-4ei-_TD.log,4ei4ei4ei-4ei-,---,[],"td CAM-B3LYP/6-31g(d,p)",-7.32530453471,0.250616845337,121,2.8748,-1386.4718577,4.9992,3.08333333333
/home/ccollins/mols/opt/cam/cam/12ea12ea_TD.log,12ea12ea,---,[],"td CAM-B3LYP/6-31g(d,p)",-6.82896889313,0.0854437453157,47,0.6399,-610.8475843,4.4389,0.233333333333
/home/ccollins/mols/opt/cam/cam/12ll12ll12ll_TD.log,12ll12ll12ll,---,[],"td CAM-B3LYP/6-31g(d,p)",-6.37753203491,0.966276240815,100,4.0031,-1374.2027127,4.6725,1.11666666667
/home/ccollins/mols/opt/cam/cam/4fl_TD.log,4fl,---,[],"td CAM-B3LYP/6-31g(d,p)",-6.7652942549,1.32546650775,33,2.5287,-421.7913675,4.9904,0.0666666666667
/home/ccollins/mols/opt/cam/cam/4ie4ie4ie-4ie_TD.log,4ie4ie4ie-4ie,---,[],"td CAM-B3LYP/6-31g(d,p)",-7.33319583602,0.273202293939,121,3.1588,-1386.4717188,5.0065,5.55
/home/ccollins/mols/opt/cam/cam/4ee4ee4ee4ee_TD.log,4ee4ee4ee4ee,---,[],"td CAM-B3LYP/6-31g(d,p)",-7.27686827144,-0.578514020832,129,0.2350,-1533.6880124,4.5101,2.86666666667
/home/ccollins/mols/opt/cam/cam/12ei12ei12ei-12ei-_TD.log,12ei12ei12ei-12ei-,---,[],"td CAM-B3LYP/6-31g(d,p)",-6.20555608893,-0.253065869884,109,1.2036,-1377.7030358,3.6519,1.83333333333
/home/ccollins/mols/opt/cam/cam/12ae12ae-12ae-12ae_TD.log,12ae12ae-12ae-12ae,---,[],"td CAM-B3LYP/6-31g(d,p)",-6.25480869371,-0.601371583273,93,0.8308,-1220.5169962,3.4046,1.11666666667
/home/ccollins/mols/opt/cam/cam/12fl12fl-12fl12fl-_TD.log,12fl12fl-12fl12fl-,---,[],"td CAM-B3LYP/6-31g(d,p)",-5.38486075176,0.251161073014,117,6.9429,-1674.7470368,3.4365,1.16666666667
/home/ccollins/mols/opt/cam/cam/12ie12ie12ie_TD.log,12ie12ie12ie,---,[],"td CAM-B3LYP/6-31g(d,p)",-6.56964440496,0.0748313056109,82,1.2094,-1033.5704447,4.1863,0.85
/home/ccollins/mols/opt/cam/cam/1111-1111_TD.log,1111-1111,---,[],"td CAM-B3LYP/6-31g(d,p)",-8.71988795745,-2.59759870313,29,3.0467,-454.2619558,1.9607,0.0833333333333
/home/ccollins/mols/opt/cam/cam/12il12il12il-12il-_TD.log,12il12il12il-12il-,---,[],"td CAM-B3LYP/6-31g(d,p)",-5.74051353879,0.213337249451,117,1.2102,-1531.1873276,3.6558,1.8
/home/ccollins/mols/opt/cam/cam/12al12al12al12al_TD.log,12al12al12al12al,---,[],"td CAM-B3LYP/6-31g(d,p)",-5.26975659804,0.22884773825,101,6.0453,-1374.0031589,3.3967,0.833333333333
/home/ccollins/mols/opt/cam/cam/4fi4fi4fi-4fi-_TD.log,4fi4fi4fi-4fi-,---,[],"td CAM-B3LYP/6-31g(d,p)",-7.01727166943,0.339598070554,113,2.4386,-1382.8729227,4.8036,2.55
/home/ccollins/mols/opt/cam/cam/4fi4fi4fi-4fi_TD.log,4fi4fi4fi-4fi,---,[],"td CAM-B3LYP/6-31g(d,p)",-6.91522897996,0.563275645871,113,3.8060,-1382.8703527,4.8441,2.3
/home/ccollins/mols/opt/cam/cam/12af_TD.log,12af,---,[],"td CAM-B3LYP/6-31g(d,p)",-7.29401144327,2.06452769334,22,0.9401,-305.1034596,6.3454,0.05
/home/ccollins/mols/opt/cam/cam/12af12af12af12af-_TD.log,12af12af12af12af-,---,[],"td CAM-B3LYP/6-31g(d,p)",-5.83738606532,-0.0990494372449,85,1.6178,-1216.8842826,3.5485,0.55
/home/ccollins/mols/opt/cam/cam/4le4le-_TD.log,4le4le-,---,[],"td CAM-B3LYP/6-31g(d,p)",-6.94244036382,0.629127194808,69,2.1956,-844.1997879,4.8862,0.7
/home/ccollins/mols/opt/cam/cam/4af4af-4af-4af_TD.log,4af4af-4af-4af,---,[],"td CAM-B3LYP/6-31g(d,p)",-6.7843422236,0.148574155867,97,2.7478,-1225.700554,4.4821,1.51666666667
/home/ccollins/mols/opt/cam/cam/12al12al_TD.log,12al12al,---,[],"td CAM-B3LYP/6-31g(d,p)",-6.08854713834,0.8998804642,51,3.9814,-687.5893764,4.5516,0.25
/home/ccollins/mols/opt/cam/cam/12ee12ee-_TD.log,12ee12ee-,---,[],"td CAM-B3LYP/6-31g(d,p)",-6.89536466974,-0.372251731184,59,0.0000,-763.0462805,4.1411,0.35
/home/ccollins/mols/opt/cam/cam/12fe12fe12fe-12fe-_TD.log,12fe12fe12fe-12fe-,---,[],"td CAM-B3LYP/6-31g(d,p)",-6.03684550901,-0.658243375537,109,2.7693,-1521.3029529,3.2479,1.21666666667
/home/ccollins/mols/opt/cam/cam/4ia4ia4ia-4ia_TD.log,4ia4ia4ia-4ia,---,[],"td CAM-B3LYP/6-31g(d,p)",-7.07468768937,0.435110027897,97,1.0777,-1082.0701367,5.0114,2.66666666667
/home/ccollins/mols/opt/cam/cam/12ae12ae-_TD.log,12ae12ae-,---,[],"td CAM-B3LYP/6-31g(d,p)",-6.81835645342,0.0985052095677,47,0.5446,-610.8472804,4.4651,0.266666666667
/home/ccollins/mols/opt/cam/cam/12ie12ie12ie-12ie_TD.log,12ie12ie12ie-12ie,---,[],"td CAM-B3LYP/6-31g(d,p)",-6.12310559584,-0.327625061656,109,1.5914,-1377.705971,3.5241,1.6
/home/ccollins/mols/opt/cam/cam/4ei4ei4ei4ei-_TD.log,4ei4ei4ei4ei-,---,[],"td CAM-B3LYP/6-31g(d,p)",-7.32367185167,0.230208307443,121,2.8572,-1386.4719211,4.9953,2.98333333333
/home/ccollins/mols/opt/cam/cam/12ef12ef-12ef-12ef-_TD.log,12ef12ef-12ef-12ef-,---,[],"td CAM-B3LYP/6-31g(d,p)",-5.94378257621,-0.612256136816,109,4.8419,-1521.2983992,3.2206,1.18333333333
/home/ccollins/mols/opt/cam/cam/12fi12fi-12fi12fi_TD.log,12fi12fi-12fi12fi,---,[],"td CAM-B3LYP/6-31g(d,p)",-5.41941920926,0.358646039255,101,7.0913,-1374.0750557,3.5721,1.05
/home/ccollins/mols/opt/cam/cam/12fa12fa-12fa-12fa-_TD.log,12fa12fa-12fa-12fa-,---,[],"td CAM-B3LYP/6-31g(d,p)",-5.83738606532,-0.0990494372449,85,1.6178,-1216.8842826,3.5485,0.7
/home/ccollins/mols/opt/cam/cam/12ll12ll-12ll-12ll-_TD.log,12ll12ll-12ll-12ll-,---,[],"td CAM-B3LYP/6-31g(d,p)",-5.94351046237,0.623412804198,133,3.7612,-1831.8780315,4.0978,1.81666666667
/home/ccollins/mols/opt/cam/cam/4ef4ef4ef-4ef-_TD.log,4ef4ef4ef-4ef-,---,[],"td CAM-B3LYP/6-31g(d,p)",-6.79223352492,0.175241312049,121,3.3033,-1530.093092,4.5287,2.96666666667
/home/ccollins/mols/opt/cam/cam/4fa4fa-_TD.log,4fa4fa-,---,[],"td CAM-B3LYP/6-31g(d,p)",-7.21673111311,0.571439061028,49,1.4980,-613.4444301,4.9625,0.216666666667
/home/ccollins/mols/opt/cam/cam/4fe4fe-_TD.log,4fe4fe-,---,[],"td CAM-B3LYP/6-31g(d,p)",-7.08149053533,0.248167820789,61,1.4440,-765.644482,4.7403,0.433333333333
/home/ccollins/mols/opt/cam/cam/12aa12aa-12aa12aa_TD.log,12aa12aa-12aa12aa,---,[],"td CAM-B3LYP/6-31g(d,p)",-6.00664087292,-0.0258508146656,69,0.9344,-916.113746,3.7133,0.433333333333
/home/ccollins/mols/opt/cam/cam/12el12el12el-12el-_TD.log,12el12el12el-12el-,---,[],"td CAM-B3LYP/6-31g(d,p)",-6.1764399082,-0.258236032817,125,2.3882,-1678.3968277,3.6127,2.3
/home/ccollins/mols/opt/cam/cam/4ei_TD.log,4ei,---,[],"td CAM-B3LYP/6-31g(d,p)",-7.49047763473,0.620147438135,31,1.1062,-347.5106488,5.2783,0.15
/home/ccollins/mols/opt/cam/cam/4af_TD.log,4af,---,[],"td CAM-B3LYP/6-31g(d,p)",-7.40829925547,1.3730864295,25,1.3562,-307.31416,5.3907,0.0833333333333
/home/ccollins/mols/opt/cam/cam/4if_TD.log,4if,---,[],"td CAM-B3LYP/6-31g(d,p)",-7.1574102963,1.40138626871,29,1.3260,-346.6088617,5.2651,0.0833333333333
/home/ccollins/mols/opt/cam/cam/2_TD.log,2,---,[],"td CAM-B3LYP/6-31g(d,p)",-8.938123256,2.02044525149,8,0.0001,-78.537598,8.3498,0.0166666666667
/home/ccollins/mols/opt/cam/cam/4ll_TD.log,4ll,---,[],"td CAM-B3LYP/6-31g(d,p)",-6.67767359887,1.3695489496,37,0.0001,-461.0711154,4.9776,0.133333333333
/home/ccollins/mols/opt/cam/cam/12ii12ii-12ii12ii_TD.log,12ii12ii-12ii12ii,---,[],"td CAM-B3LYP/6-31g(d,p)",-5.78976614357,0.496335641579,101,1.4793,-1230.4824282,3.8970,1.33333333333
/home/ccollins/mols/opt/cam/cam/4ei4ei_TD.log,4ei4ei,---,[],"td CAM-B3LYP/6-31g(d,p)",-7.40122429567,0.408442871716,61,1.4922,-693.8309365,5.1124,1.21666666667
/home/ccollins/mols/opt/cam/cam/12ef12ef-12ef12ef_TD.log,12ef12ef-12ef12ef,---,[],"td CAM-B3LYP/6-31g(d,p)",-5.94840851147,-0.529261416048,109,3.4455,-1521.3036843,3.2401,1.13333333333
/home/ccollins/mols/opt/cam/cam/4af4af4af4af_TD.log,4af4af4af4af,---,[],"td CAM-B3LYP/6-31g(d,p)",-6.63114213248,0.167894238407,97,6.1623,-1225.6945898,4.4348,1.48333333333
/home/ccollins/mols/opt/cam/cam/12af12af-12af12af_TD.log,12af12af-12af12af,---,[],"td CAM-B3LYP/6-31g(d,p)",-5.72200979776,-0.00680284596462,85,3.1788,-1216.885042,3.5324,0.533333333333
/home/ccollins/mols/opt/cam/cam/4fi4fi-4fi4fi_TD.log,4fi4fi-4fi4fi,---,[],"td CAM-B3LYP/6-31g(d,p)",-6.8033901923,0.69225760536,113,4.1420,-1382.8705863,4.8497,3.93333333333
/home/ccollins/mols/opt/cam/cam/4af4af-4af4af-_TD.log,4af4af-4af4af-,---,[],"td CAM-B3LYP/6-31g(d,p)",-6.76937596248,0.175241312049,97,2.8599,-1225.6967722,4.4782,1.5
/home/ccollins/mols/opt/cam/cam/12ff_TD.log,12ff,---,[],"td CAM-B3LYP/6-31g(d,p)",-7.20557444573,2.19623079122,26,2.7127,-380.295783,6.2878,0.0833333333333
/home/ccollins/mols/opt/cam/cam/12ff12ff12ff12ff_TD.log,12ff12ff12ff12ff,---,[],"td CAM-B3LYP/6-31g(d,p)",-5.42839896593,0.189663345494,101,7.2580,-1517.6780168,3.4776,1.01666666667
/home/ccollins/mols/opt/cam/cam/4aa4aa-4aa-4aa_TD.log,4aa4aa-4aa-4aa,---,[],"td CAM-B3LYP/6-31g(d,p)",-6.95305280352,0.0489804909453,81,0.0029,-924.8991964,4.6328,1.03333333333
/home/ccollins/mols/opt/cam/cam/12ii_TD.log,12ii,---,[],"td CAM-B3LYP/6-31g(d,p)",-7.32503242087,2.28276299189,26,1.1826,-308.5045464,6.6296,0.1
/home/ccollins/mols/opt/cam/cam/12al12al12al_TD.log,12al12al12al,---,[],"td CAM-B3LYP/6-31g(d,p)",-5.5769731218,0.453069541244,76,5.4342,-1030.7961993,3.8149,0.566666666667
/home/ccollins/mols/opt/cam/cam/12ia12ia12ia12ia_TD.log,12ia12ia12ia12ia,---,[],"td CAM-B3LYP/6-31g(d,p)",-5.81697752743,0.243269771695,85,1.3249,-1073.2925538,3.7613,0.916666666667
/home/ccollins/mols/opt/cam/cam/12ll12ll-12ll12ll_TD.log,12ll12ll-12ll12ll,---,[],"td CAM-B3LYP/6-31g(d,p)",-6.13861608464,0.583956297603,133,3.0003,-1831.8788107,4.2226,1.76666666667
/home/ccollins/mols/opt/cam/cam/12ff12ff_TD.log,12ff12ff,---,[],"td CAM-B3LYP/6-31g(d,p)",-6.17562356668,0.966820468492,51,5.1659,-759.4225222,4.6646,0.233333333333
/home/ccollins/mols/opt/cam/cam/12ei12ei-12ei-12ei_TD.log,12ei12ei-12ei-12ei,---,[],"td CAM-B3LYP/6-31g(d,p)",-6.14460258909,-0.29415505951,109,1.2993,-1377.7057554,3.5336,1.63333333333
/home/ccollins/mols/opt/cam/cam/12ia12ia12ia_TD.log,12ia12ia12ia,---,[],"td CAM-B3LYP/6-31g(d,p)",-6.07793469863,0.481641494295,64,1.5759,-805.2643218,4.1697,0.466666666667
/home/ccollins/mols/opt/cam/cam/12ai12ai-12ai-12ai-_TD.log,12ai12ai-12ai-12ai-,---,[],"td CAM-B3LYP/6-31g(d,p)",-5.77833736235,0.187486434785,85,1.3891,-1073.2964091,3.6765,0.783333333333
/home/ccollins/mols/opt/cam/cam/4fe_TD.log,4fe,---,[],"td CAM-B3LYP/6-31g(d,p)",-7.19060818461,0.834028915263,31,1.6549,-383.4157505,5.1377,0.0666666666667
/home/ccollins/mols/opt/cam/cam/22-22-_TD.log,22-22-,---,[],"td CAM-B3LYP/6-31g(d,p)",-6.70406864122,-0.512118244217,29,0.0874,-310.6003121,3.9542,0.1
/home/ccollins/mols/opt/cam/cam/12fi12fi12fi-12fi_TD.log,12fi12fi12fi-12fi,---,[],"td CAM-B3LYP/6-31g(d,p)",-5.47574677384,0.303679043861,101,6.8435,-1374.0760187,3.5506,1.1
/home/ccollins/mols/opt/cam/cam/4ia4ia-4ia4ia_TD.log,4ia4ia-4ia4ia,---,[],"td CAM-B3LYP/6-31g(d,p)",-7.07087809563,0.429123523448,97,1.1534,-1082.0700808,5.0140,2.66666666667
/home/ccollins/mols/opt/cam/cam/12ee_TD.log,12ee,---,[],"td CAM-B3LYP/6-31g(d,p)",-7.73674065865,0.985868437193,30,0.1263,-382.1133747,5.9625,0.116666666667
/home/ccollins/mols/opt/cam/cam/4fa_TD.log,4fa,---,[],"td CAM-B3LYP/6-31g(d,p)",-7.40829925547,1.3730864295,25,1.3562,-307.31416,5.3907,0.05
/home/ccollins/mols/opt/cam/cam/12ii12ii-12ii12ii-_TD.log,12ii12ii-12ii12ii-,---,[],"td CAM-B3LYP/6-31g(d,p)",-5.69370995855,0.406810188684,101,0.5589,-1230.485447,3.7594,1.35
/home/ccollins/mols/opt/cam/cam/12li12li-12li12li-_TD.log,12li12li-12li12li-,---,[],"td CAM-B3LYP/6-31g(d,p)",-5.72418670847,0.247351479274,117,2.1532,-1531.1892561,3.6706,1.63333333333
/home/ccollins/mols/opt/cam/cam/12fl12fl-_TD.log,12fl12fl-,---,[],"td CAM-B3LYP/6-31g(d,p)",-6.07466933257,0.961650305559,59,3.5399,-837.9679883,4.5724,0.333333333333
/home/ccollins/mols/opt/cam/cam/4lf4lf-_TD.log,4lf4lf-,---,[],"td CAM-B3LYP/6-31g(d,p)",-6.50896301895,1.04627770936,65,2.4210,-842.3916483,4.7566,0.533333333333
/home/ccollins/mols/opt/cam/cam/12fl12fl12fl-12fl-_TD.log,12fl12fl12fl-12fl-,---,[],"td CAM-B3LYP/6-31g(d,p)",-5.71466272412,-0.0236739039569,117,5.1691,-1674.7848435,3.4907,1.26666666667
/home/ccollins/mols/opt/cam/cam/12fe12fe12fe_TD.log,12fe12fe12fe,---,[],"td CAM-B3LYP/6-31g(d,p)",-6.03630128133,-0.232113104313,82,5.0309,-1141.2628326,3.6163,0.683333333333
/home/ccollins/mols/opt/cam/cam/12fa12fa-12fa-12fa_TD.log,12fa12fa-12fa-12fa,---,[],"td CAM-B3LYP/6-31g(d,p)",-5.691260934,0.0397286204334,85,4.5724,-1216.8853928,3.5248,0.583333333333
/home/ccollins/mols/opt/cam/cam/12ee12ee_TD.log,12ee12ee,---,[],"td CAM-B3LYP/6-31g(d,p)",-7.10407598394,-0.138778057678,59,0.1956,-763.043598,4.4092,0.416666666667
/home/ccollins/mols/opt/cam/cam/12ei12ei12ei12ei-_TD.log,12ei12ei12ei12ei-,---,[],"td CAM-B3LYP/6-31g(d,p)",-6.26406056422,-0.188847003978,109,0.8288,-1377.7022223,3.7132,1.58333333333
/home/ccollins/mols/opt/cam/cam/1111-11-11_TD.log,1111-11-11,---,[],"td CAM-B3LYP/6-31g(d,p)",-8.75499064263,-2.12085525793,29,0.4461,-454.2674393,2.4135,0.0666666666667
/home/ccollins/mols/opt/cam/cam/12ef12ef-12ef_TD.log,12ef12ef-12ef,---,[],"td CAM-B3LYP/6-31g(d,p)",-6.16555535466,-0.311842459018,82,2.1050,-1141.2704035,3.5331,0.666666666667
/home/ccollins/mols/opt/cam/cam/4ee4ee4ee_TD.log,4ee4ee4ee,---,[],"td CAM-B3LYP/6-31g(d,p)",-7.33700542976,-0.500145235319,97,0.1964,-1150.5638645,4.6106,1.65
/home/ccollins/mols/opt/cam/cam/11111111-_TD.log,11111111-,---,[],"td CAM-B3LYP/6-31g(d,p)",-8.83499211117,-2.63215716063,29,3.5385,-454.2595403,2.0594,0.0833333333333
/home/ccollins/mols/opt/cam/cam/4fi4fi4fi_TD.log,4fi4fi4fi,---,[],"td CAM-B3LYP/6-31g(d,p)",-6.79903637088,0.695522971423,85,4.6637,-1037.4448716,4.8306,1.73333333333
/home/ccollins/mols/opt/cam/cam/12lf12lf12lf_TD.log,12lf12lf12lf,---,[],"td CAM-B3LYP/6-31g(d,p)",-5.77099028871,0.472117509945,88,5.0211,-1256.3860976,3.9259,0.8
/home/ccollins/mols/opt/cam/cam/4af4af-4af-4af-_TD.log,4af4af-4af-4af-,---,[],"td CAM-B3LYP/6-31g(d,p)",-6.73971555407,0.177146108919,97,4.0154,-1225.7001719,4.4777,1.35
/home/ccollins/mols/opt/cam/cam/4ai4ai4ai-4ai-_TD.log,4ai4ai4ai-4ai-,---,[],"td CAM-B3LYP/6-31g(d,p)",-7.07332712018,0.436742710929,97,1.0249,-1082.0700355,5.0210,1.88333333333
/home/ccollins/mols/opt/cam/cam/12ae12ae-12ae-12ae-_TD.log,12ae12ae-12ae-12ae-,---,[],"td CAM-B3LYP/6-31g(d,p)",-6.23630495269,-0.574704427091,93,0.3386,-1220.5169628,3.4183,0.916666666667
/home/ccollins/mols/opt/cam/cam/4fa4fa-4fa4fa_TD.log,4fa4fa-4fa4fa,---,[],"td CAM-B3LYP/6-31g(d,p)",-6.66678904533,0.231024648959,97,3.8939,-1225.697563,4.4524,1.53333333333
/home/ccollins/mols/opt/cam/cam/4li4li-_TD.log,4li4li-,---,[],"td CAM-B3LYP/6-31g(d,p)",-6.88883393762,1.16056552156,65,0.9987,-770.5875161,5.1346,0.666666666667
/home/ccollins/mols/opt/cam/cam/4ea4ea_TD.log,4ea4ea,---,[],"td CAM-B3LYP/6-31g(d,p)",-7.5100698311,0.159186595572,53,0.9525,-615.2407657,5.0491,0.35
/home/ccollins/mols/opt/cam/cam/12ai12ai12ai12ai-_TD.log,12ai12ai12ai12ai-,---,[],"td CAM-B3LYP/6-31g(d,p)",-5.79792955873,0.197010419135,85,1.2606,-1073.2959344,3.7072,0.8
/home/ccollins/mols/opt/cam/cam/4la_TD.log,4la,---,[],"td CAM-B3LYP/6-31g(d,p)",-7.29727680933,1.4386658646,29,1.3087,-346.5938233,5.3836,0.1
/home/ccollins/mols/opt/cam/cam/12ie_TD.log,12ie,---,[],"td CAM-B3LYP/6-31g(d,p)",-7.50898137575,1.26179186952,28,0.6983,-345.3106815,5.9235,0.1
/home/ccollins/mols/opt/cam/cam/4ae4ae_TD.log,4ae4ae,---,[],"td CAM-B3LYP/6-31g(d,p)",-7.50979771727,0.159186595572,53,0.9526,-615.2407657,5.0491,0.383333333333
/home/ccollins/mols/opt/cam/cam/12ea12ea-_TD.log,12ea12ea-,---,[],"td CAM-B3LYP/6-31g(d,p)",-6.81835645342,0.0985052095677,47,0.5446,-610.8472804,4.4651,0.233333333333
/home/ccollins/mols/opt/cam/cam/12la12la12la-12la_TD.log,12la12la12la-12la,---,[],"td CAM-B3LYP/6-31g(d,p)",-5.56962604816,0.168982693761,101,1.7882,-1373.9910285,3.5170,0.9
/home/ccollins/mols/opt/cam/cam/4ie4ie_TD.log,4ie4ie,---,[],"td CAM-B3LYP/6-31g(d,p)",-7.40122429567,0.408714985555,61,1.4919,-693.8309366,5.1124,0.766666666667
/home/ccollins/mols/opt/cam/cam/4af4af4af-4af_TD.log,4af4af4af-4af,---,[],"td CAM-B3LYP/6-31g(d,p)",-6.66678904533,0.231024648959,97,3.8939,-1225.697563,4.4524,1.46666666667
/home/ccollins/mols/opt/cam/cam/111111-11-_TD.log,111111-11-,---,[],"td CAM-B3LYP/6-31g(d,p)",-8.71199665613,-2.89529124254,29,0.0009,-454.2610012,1.6799,0.0666666666667
/home/ccollins/mols/opt/cam/cam/12li_TD.log,12li,---,[],"td CAM-B3LYP/6-31g(d,p)",-7.16366891459,2.28602835795,30,1.0377,-383.6830247,6.4554,0.116666666667
/home/ccollins/mols/opt/cam/cam/12lf_TD.log,12lf,---,[],"td CAM-B3LYP/6-31g(d,p)",-7.21237729169,2.27677648744,30,0.4609,-419.5740635,6.4476,0.116666666667
/home/ccollins/mols/opt/cam/cam/4ae4ae-4ae4ae_TD.log,4ae4ae-4ae4ae,---,[],"td CAM-B3LYP/6-31g(d,p)",-7.18543802167,-0.215514160159,105,1.5212,-1229.2932977,4.6003,1.9
/home/ccollins/mols/opt/cam/cam/4ai4ai-4ai4ai-_TD.log,4ai4ai-4ai4ai-,---,[],"td CAM-B3LYP/6-31g(d,p)",-7.07305500634,0.431028320319,97,1.0670,-1082.0701639,5.0081,1.73333333333
/home/ccollins/mols/opt/cam/cam/12ef12ef12ef-12ef-_TD.log,12ef12ef12ef-12ef-,---,[],"td CAM-B3LYP/6-31g(d,p)",-6.03684550901,-0.658243375537,109,2.7697,-1521.3029529,3.2477,1.11666666667
/home/ccollins/mols/opt/cam/cam/12if12if-_TD.log,12if12if-,---,[],"td CAM-B3LYP/6-31g(d,p)",-6.24365202633,0.888179569141,51,1.8711,-687.630113,4.6297,0.383333333333
/home/ccollins/mols/opt/cam/cam/12fl12fl-12fl-12fl-_TD.log,12fl12fl-12fl-12fl-,---,[],"td CAM-B3LYP/6-31g(d,p)",-5.64826694751,0.0171431718308,117,1.9742,-1674.7931413,3.4600,1.36666666667
/home/ccollins/mols/opt/cam/cam/12la12la-_TD.log,12la12la-,---,[],"td CAM-B3LYP/6-31g(d,p)",-6.1658274685,0.945323475244,51,1.9591,-687.590694,4.6301,0.25
/home/ccollins/mols/opt/cam/cam/4if4if-4if_TD.log,4if4if-4if,---,[],"td CAM-B3LYP/6-31g(d,p)",-6.92448085047,0.76926582168,85,2.4566,-1037.4524454,4.9294,1.15
/home/ccollins/mols/opt/cam/cam/12le12le12le12le_TD.log,12le12le12le12le,---,[],"td CAM-B3LYP/6-31g(d,p)",-6.65590449179,0.0862600868314,125,4.4538,-1678.3928231,4.1524,1.93333333333
/home/ccollins/mols/opt/cam/cam/4ii_TD.log,4ii,---,[],"td CAM-B3LYP/6-31g(d,p)",-7.55768975286,1.52519806527,29,0.0803,-310.7044532,5.4767,0.1
/home/ccollins/mols/opt/cam/cam/12fi12fi-12fi-12fi_TD.log,12fi12fi-12fi-12fi,---,[],"td CAM-B3LYP/6-31g(d,p)",-5.66595434702,0.350210510259,101,4.3972,-1374.0751712,3.7040,1.16666666667
/home/ccollins/mols/opt/cam/cam/12ii12ii-12ii_TD.log,12ii12ii-12ii,---,[],"td CAM-B3LYP/6-31g(d,p)",-5.89616265446,0.643005000576,76,1.1077,-923.1582751,4.1089,0.833333333333
/home/ccollins/mols/opt/cam/cam/12if_TD.log,12if,---,[],"td CAM-B3LYP/6-31g(d,p)",-7.18897550157,2.24167380226,26,0.9080,-344.4006273,6.4406,0.0833333333333
/home/ccollins/mols/opt/cam/cam/12fa12fa-12fa12fa-_TD.log,12fa12fa-12fa12fa-,---,[],"td CAM-B3LYP/6-31g(d,p)",-5.73860874192,-0.0764639886424,85,4.5203,-1216.8943205,3.4951,0.616666666667
/home/ccollins/mols/opt/cam/cam/12ii12ii_TD.log,12ii12ii,---,[],"td CAM-B3LYP/6-31g(d,p)",-6.63495172622,1.33063667068,51,1.7436,-615.828148,5.2256,0.466666666667
/home/ccollins/mols/opt/cam/cam/12el12el12el12el_TD.log,12el12el12el12el,---,[],"td CAM-B3LYP/6-31g(d,p)",-6.16609958233,-0.252521642207,125,3.5841,-1678.3926097,3.6286,1.95
/home/ccollins/mols/opt/cam/cam/4aa4aa4aa_TD.log,4aa4aa4aa,---,[],"td CAM-B3LYP/6-31g(d,p)",-7.11033460222,0.250888959175,61,0.0000,-693.9706614,4.9095,0.516666666667
/home/ccollins/mols/opt/cam/cam/12li12li_TD.log,12li12li,---,[],"td CAM-B3LYP/6-31g(d,p)",-6.47059496771,1.30777910824,59,1.6771,-766.1840186,5.0537,0.5
/home/ccollins/mols/opt/cam/cam/4ei4ei-4ei_TD.log,4ei4ei-4ei,---,[],"td CAM-B3LYP/6-31g(d,p)",-7.36040721988,0.333611566105,91,2.4135,-1040.1512841,5.0339,2.73333333333
/home/ccollins/mols/opt/cam/cam/12ii12ii12ii-12ii_TD.log,12ii12ii12ii-12ii,---,[],"td CAM-B3LYP/6-31g(d,p)",-5.78976614357,0.496335641579,101,1.4793,-1230.4824282,3.8970,1.36666666667
/home/ccollins/mols/opt/cam/cam/12fi12fi-12fi_TD.log,12fi12fi-12fi,---,[],"td CAM-B3LYP/6-31g(d,p)",-5.6841859742,0.531438326756,76,5.0133,-1030.8530073,3.9000,0.75
/home/ccollins/mols/opt/cam/cam/12ea12ea12ea12ea_TD.log,12ea12ea12ea12ea,---,[],"td CAM-B3LYP/6-31g(d,p)",-6.22814153753,-0.583956297603,93,0.5453,-1220.5171971,3.4549,1.01666666667
/home/ccollins/mols/opt/cam/cam/12fl_TD.log,12fl,---,[],"td CAM-B3LYP/6-31g(d,p)",-7.09591256878,2.13935899895,30,2.6600,-419.5673961,6.3593,0.116666666667
/home/ccollins/mols/opt/cam/cam/12af12af-12af-12af_TD.log,12af12af-12af-12af,---,[],"td CAM-B3LYP/6-31g(d,p)",-5.61915076678,0.0130614642521,85,3.8366,-1216.8887346,3.4641,0.583333333333
/home/ccollins/mols/opt/cam/cam/4aa4aa-4aa4aa_TD.log,4aa4aa-4aa4aa,---,[],"td CAM-B3LYP/6-31g(d,p)",-6.96094410484,0.036735368209,81,0.0001,-924.8992321,4.6243,1.06666666667
/home/ccollins/mols/opt/cam/cam/12lf12lf12lf-12lf_TD.log,12lf12lf12lf-12lf,---,[],"td CAM-B3LYP/6-31g(d,p)",-5.57071450351,0.136056919292,117,3.9138,-1674.784702,3.4779,1.28333333333
/home/ccollins/mols/opt/cam/cam/12fa12fa12fa-12fa_TD.log,12fa12fa12fa-12fa,---,[],"td CAM-B3LYP/6-31g(d,p)",-5.59166726908,0.0764639886424,85,6.6417,-1216.8888581,3.4963,0.583333333333
/home/ccollins/mols/opt/cam/cam/12ii12ii-12ii-12ii_TD.log,12ii12ii-12ii-12ii,---,[],"td cam-b3lyp/6-31g(d,p)",-5.81997077965,0.514567268764,101,0.4080,-1230.4830454,3.9319,1.25
/home/ccollins/mols/opt/cam/cam/12fe_TD.log,12fe,---,[],"td CAM-B3LYP/6-31g(d,p)",-7.48285844725,0.998929901445,28,1.5332,-381.2076589,5.6048,0.1
/home/ccollins/mols/opt/cam/cam/12le12le12le12le-_TD.log,12le12le12le12le-,---,[],"td cam-b3lyp/6-31g(d,p)",-6.02704941082,-0.0908860220874,125,4.2389,-1678.3947873,3.6272,2.2
/home/ccollins/mols/opt/cam/cam/12ll12ll_TD.log,12ll12ll,---,[],"td CAM-B3LYP/6-31g(d,p)",-6.61644798519,1.28873113954,67,3.7374,-916.528884,5.1141,0.616666666667
/home/ccollins/mols/opt/cam/cam/4lf_TD.log,4lf,---,[],"td CAM-B3LYP/6-31g(d,p)",-6.7652942549,1.32546650775,33,2.5288,-421.7913675,4.9904,0.0666666666667
/home/ccollins/mols/opt/cam/cam/4ai4ai-4ai-4ai_TD.log,4ai4ai-4ai-4ai,---,[],"td CAM-B3LYP/6-31g(d,p)",-7.07659248624,0.438919621637,97,1.0575,-1082.0700744,5.0252,1.75
/home/ccollins/mols/opt/cam/cam/4if4if-4if4if_TD.log,4if4if-4if4if,---,[],"td CAM-B3LYP/6-31g(d,p)",-6.91577320764,0.563275645871,113,3.8001,-1382.8703525,4.8443,4.21666666667
/home/ccollins/mols/opt/cam/cam/12fl12fl_TD.log,12fl12fl,---,[],"td CAM-B3LYP/6-31g(d,p)",-5.91439428164,1.10804755072,59,4.6868,-837.9520613,4.5707,0.416666666667
/home/ccollins/mols/opt/cam/cam/12ii12ii12ii-12ii-_TD.log,12ii12ii12ii-12ii-,---,[],"td CAM-B3LYP/6-31g(d,p)",-5.87711468576,0.575520768607,101,1.1365,-1230.480104,4.0335,1.25
/home/ccollins/mols/opt/cam/cam/4if4if4if-4if_TD.log,4if4if4if-4if,---,[],"td CAM-B3LYP/6-31g(d,p)",-6.8033901923,0.692529719199,113,4.1420,-1382.8705863,4.8499,2.38333333333
/home/ccollins/mols/opt/cam/cam/4ea4ea4ea_TD.log,4ea4ea4ea,---,[],"td CAM-B3LYP/6-31g(d,p)",-7.31033827358,-0.0827226069298,79,1.2306,-922.2668646,4.7974,1.15
/home/ccollins/mols/opt/cam/cam/4ef4ef4ef4ef_TD.log,4ef4ef4ef4ef,---,[],"td CAM-B3LYP/6-31g(d,p)",-6.80039694008,0.00244902454726,121,4.8542,-1530.0908114,4.4415,3.0
/home/ccollins/mols/opt/cam/cam/12if12if12if-12if-_TD.log,12if12if12if-12if-,---,[],"td CAM-B3LYP/6-31g(d,p)",-5.75167020617,0.197554646813,101,3.7212,-1374.0769791,3.6736,1.08333333333
/home/ccollins/mols/opt/cam/cam/12ai12ai-12ai12ai_TD.log,12ai12ai-12ai12ai,---,[],"td cam-b3lyp/6-31g(d,p)",-5.7962968757,0.178234564273,85,1.4175,-1073.2990437,3.6901,0.716666666667
/home/ccollins/mols/opt/cam/cam/4ef4ef-4ef-4ef-_TD.log,4ef4ef-4ef-4ef-,---,[],"td CAM-B3LYP/6-31g(d,p)",-6.81590742887,-0.0473478079138,121,5.4589,-1530.0969536,4.4725,2.56666666667
/home/ccollins/mols/opt/cam/cam/12lf12lf-12lf-12lf-_TD.log,12lf12lf-12lf-12lf-,---,[],"td CAM-B3LYP/6-31g(d,p)",-5.1919320402,0.368714251283,117,5.9079,-1674.7412154,3.3641,1.15
/home/ccollins/mols/opt/cam/cam/4fi4fi4fi4fi_TD.log,4fi4fi4fi4fi,---,[],"td CAM-B3LYP/6-31g(d,p)",-6.71440896708,0.58640532215,113,6.3977,-1382.8631,4.7421,4.05
/home/ccollins/mols/opt/cam/cam/4le4le-4le-4le-_TD.log,4le4le-4le-4le-,---,[],"td CAM-B3LYP/6-31g(d,p)",-6.69400042919,0.220684323092,137,3.2783,-1687.207931,4.5148,2.93333333333
/home/ccollins/mols/opt/cam/cam/4if4if-_TD.log,4if4if-,---,[],"td CAM-B3LYP/6-31g(d,p)",-6.96148833252,1.053624783,57,1.1796,-692.0284007,5.1185,0.683333333333
/home/ccollins/mols/opt/cam/cam/4af4af4af_TD.log,4af4af4af,---,[],"td CAM-B3LYP/6-31g(d,p)",-6.79032872805,0.345312461164,73,4.5155,-919.5675496,4.6463,0.683333333333
/home/ccollins/mols/opt/cam/cam/4ea4ea-_TD.log,4ea4ea-,---,[],"td CAM-B3LYP/6-31g(d,p)",-7.48095365038,0.174697084372,53,0.7478,-615.2408954,5.0333,0.316666666667
/home/ccollins/mols/opt/cam/cam/12fi12fi12fi-12fi-_TD.log,12fi12fi12fi-12fi-,---,[],"td CAM-B3LYP/6-31g(d,p)",-5.75167020617,0.197554646813,101,3.7212,-1374.0769791,3.6736,1.01666666667
/home/ccollins/mols/opt/cam/cam/12ae12ae12ae-12ae_TD.log,12ae12ae12ae-12ae,---,[],"td CAM-B3LYP/6-31g(d,p)",-6.25644137674,-0.605997518529,93,1.0108,-1220.5175922,3.4455,1.0
/home/ccollins/mols/opt/cam/cam/12el_TD.log,12el,---,[],"td CAM-B3LYP/6-31g(d,p)",-7.2956441263,1.15757226934,32,1.4191,-420.4827564,5.5849,0.15
/home/ccollins/mols/opt/cam/cam/12ea12ea-12ea12ea_TD.log,12ea12ea-12ea12ea,---,[],"td CAM-B3LYP/6-31g(d,p)",-6.25644137674,-0.605997518529,93,1.0109,-1220.5175922,3.4455,0.816666666667
/home/ccollins/mols/opt/cam/cam/12li12li-12li_TD.log,12li12li-12li,---,[],"td CAM-B3LYP/6-31g(d,p)",-5.87901948263,0.410075554747,88,0.9765,-1148.6864909,3.9207,1.01666666667
/home/ccollins/mols/opt/cam/cam/12aa12aa12aa12aa_TD.log,12aa12aa12aa12aa,---,[],"td CAM-B3LYP/6-31g(d,p)",-5.95031330834,0.0174152856694,69,0.8455,-916.1072914,3.7039,0.383333333333
/home/ccollins/mols/opt/cam/cam/12ee12ee12ee-12ee_TD.log,12ee12ee12ee-12ee,---,[],"td CAM-B3LYP/6-31g(d,p)",-6.47249976458,-0.851988428609,117,0.1841,-1524.909658,3.3752,1.75
/home/ccollins/mols/opt/cam/cam/12ie12ie-_TD.log,12ie12ie-,---,[],"td CAM-B3LYP/6-31g(d,p)",-6.61644798519,0.261773512719,55,0.7629,-689.4423038,4.4175,0.383333333333
/home/ccollins/mols/opt/cam/cam/4af4af-_TD.log,4af4af-,---,[],"td CAM-B3LYP/6-31g(d,p)",-7.03495906894,0.732802567309,49,1.3428,-613.4400618,4.9884,0.316666666667
/home/ccollins/mols/opt/cam/cam/4fe4fe4fe-4fe_TD.log,4fe4fe4fe-4fe,---,[],"td CAM-B3LYP/6-31g(d,p)",-6.96176044636,-0.0585044752958,121,1.5318,-1530.0941344,4.5174,2.66666666667
/home/ccollins/mols/opt/cam/cam/12lf12lf-12lf12lf_TD.log,12lf12lf-12lf12lf,---,[],"td CAM-B3LYP/6-31g(d,p)",-5.48935246577,0.237827494923,117,2.6050,-1674.7839708,3.4958,1.3
/home/ccollins/mols/opt/cam/cam/4ae4ae-4ae-4ae_TD.log,4ae4ae-4ae-4ae,---,[],"td CAM-B3LYP/6-31g(d,p)",-7.18516590783,-0.223405461478,105,1.5130,-1229.2932666,4.6038,1.9
/home/ccollins/mols/opt/cam/cam/4ie4ie4ie-4ie-_TD.log,4ie4ie4ie-4ie-,---,[],"td CAM-B3LYP/6-31g(d,p)",-7.32748144541,0.232929445829,121,2.9245,-1386.4718626,4.9969,5.63333333333
/home/ccollins/mols/opt/cam/cam/12le12le12le-12le_TD.log,12le12le12le-12le,---,[],"td CAM-B3LYP/6-31g(d,p)",-6.20201860903,-0.229936193604,125,3.3013,-1678.3976566,3.6200,2.16666666667
/home/ccollins/mols/opt/cam/cam/4ei4ei-4ei-4ei_TD.log,4ei4ei-4ei-4ei,---,[],"td CAM-B3LYP/6-31g(d,p)",-7.32612087622,0.25769180514,121,2.8595,-1386.4718513,5.0005,3.65
/home/ccollins/mols/opt/cam/cam/12ai12ai-_TD.log,12ai12ai-,---,[],"td CAM-B3LYP/6-31g(d,p)",-6.45916618649,0.916751522193,43,0.1413,-537.2387383,4.8216,0.2
/home/ccollins/mols/opt/cam/cam/12el12el-12el_TD.log,12el12el-12el,---,[],"td CAM-B3LYP/6-31g(d,p)",-6.27494511777,-0.261229285042,94,1.8495,-1259.09199,3.6774,1.23333333333
/home/ccollins/mols/opt/cam/cam/4if4if-4if-4if_TD.log,4if4if-4if-4if,---,[],"td CAM-B3LYP/6-31g(d,p)",-6.82325450252,0.529261416048,113,2.1131,-1382.8747836,4.7544,2.88333333333
/home/ccollins/mols/opt/cam/cam/4fi4fi-4fi_TD.log,4fi4fi-4fi,---,[],"td CAM-B3LYP/6-31g(d,p)",-6.92448085047,0.768993707841,85,2.4565,-1037.4524454,4.9294,2.11666666667
/home/ccollins/mols/opt/cam/cam/12li12li12li-12li-_TD.log,12li12li12li-12li-,---,[],"td CAM-B3LYP/6-31g(d,p)",-5.74051353879,0.213337249451,117,1.2103,-1531.1873276,3.6558,1.6
/home/ccollins/mols/opt/cam/cam/12ei12ei-12ei-12ei-_TD.log,12ei12ei-12ei-12ei-,---,[],"td CAM-B3LYP/6-31g(d,p)",-6.25508080755,-0.202724809746,109,1.5800,-1377.7030259,3.7247,1.65
/home/ccollins/mols/opt/cam/cam/12ai12ai-12ai_TD.log,12ai12ai-12ai,---,[],"td CAM-B3LYP/6-31g(d,p)",-6.03439648446,0.420415880614,64,0.9260,-805.2698793,4.0647,0.583333333333
/home/ccollins/mols/opt/cam/cam/12ef12ef12ef_TD.log,12ef12ef12ef,---,[],"td CAM-B3LYP/6-31g(d,p)",-6.21072625186,-0.293066604156,82,2.4554,-1141.2698284,3.6262,0.733333333333
/home/ccollins/mols/opt/cam/cam/12ef_TD.log,12ef,---,[],"td CAM-B3LYP/6-31g(d,p)",-7.50109007443,1.21689308615,28,1.4905,-381.2040406,5.8495,0.1
/home/ccollins/mols/opt/cam/cam/4if4if_TD.log,4if4if,---,[],"td CAM-B3LYP/6-31g(d,p)",-6.95659028342,0.959201281012,57,2.9483,-692.026701,5.0336,1.46666666667
/home/ccollins/mols/opt/cam/cam/12fe12fe-_TD.log,12fe12fe-,---,[],"td CAM-B3LYP/6-31g(d,p)",-6.65454392259,0.0136056919292,55,1.4931,-761.2400333,4.2490,0.333333333333
/home/ccollins/mols/opt/cam/cam/12ea12ea-12ea12ea-_TD.log,12ea12ea-12ea12ea-,---,[],"td CAM-B3LYP/6-31g(d,p)",-6.26133942584,-0.601099469434,93,0.9535,-1220.5177509,3.4282,0.85
/home/ccollins/mols/opt/cam/cam/12ae12ae12ae-12ae-_TD.log,12ae12ae12ae-12ae-,---,[],"td CAM-B3LYP/6-31g(d,p)",-6.23276747279,-0.582323614572,93,0.8336,-1220.5170853,3.4552,0.983333333333
/home/ccollins/mols/opt/cam/cam/12ie12ie-12ie_TD.log,12ie12ie-12ie,---,[],"td CAM-B3LYP/6-31g(d,p)",-6.24365202633,-0.165717327698,82,1.2090,-1033.5751644,3.7328,1.0
/home/ccollins/mols/opt/cam/cam/4ai4ai4ai-4ai_TD.log,4ai4ai4ai-4ai,---,[],"td CAM-B3LYP/6-31g(d,p)",-7.07087809563,0.429123523448,97,1.1513,-1082.0700809,5.0140,1.75
/home/ccollins/mols/opt/cam/cam/12ef12ef-12ef-12ef_TD.log,12ef12ef-12ef-12ef,---,[],"td CAM-B3LYP/6-31g(d,p)",-5.88337330404,-0.572799630221,109,3.1911,-1521.298726,3.1513,1.18333333333
/home/ccollins/mols/opt/cam/cam/12le12le12le_TD.log,12le12le12le,---,[],"td CAM-B3LYP/6-31g(d,p)",-6.75930775045,0.243269771695,94,3.4810,-1259.0908393,4.3566,1.05
/home/ccollins/mols/opt/cam/cam/12fa12fa12fa-12fa-_TD.log,12fa12fa12fa-12fa-,---,[],"td CAM-B3LYP/6-31g(d,p)",-5.74296256333,-0.0693890288392,85,3.8348,-1216.8876935,3.5109,0.666666666667
/home/ccollins/mols/opt/cam/cam/4fa4fa4fa-4fa-_TD.log,4fa4fa4fa-4fa-,---,[],"td CAM-B3LYP/6-31g(d,p)",-7.04611573632,-0.0536064262012,97,2.7962,-1225.7007981,4.5400,1.63333333333
/home/ccollins/mols/opt/cam/cam/12li12li12li-12li_TD.log,12li12li12li-12li,---,[],"td CAM-B3LYP/6-31g(d,p)",-5.66323320863,0.147213586674,117,1.2602,-1531.189046,3.5469,1.6
/home/ccollins/mols/opt/cam/cam/12ia12ia-_TD.log,12ia12ia-,---,[],"td CAM-B3LYP/6-31g(d,p)",-6.45916618649,0.916751522193,43,0.1413,-537.2387383,4.8216,0.216666666667
/home/ccollins/mols/opt/cam/cam/12ea12ea-12ea-12ea_TD.log,12ea12ea-12ea-12ea,---,[],"td CAM-B3LYP/6-31g(d,p)",-6.25480869371,-0.601371583273,93,0.8308,-1220.5169962,3.4046,1.06666666667
/home/ccollins/mols/opt/cam/cam/12li12li-12li-12li_TD.log,12li12li-12li-12li,---,[],"td CAM-B3LYP/6-31g(d,p)",-5.72473093615,0.218507412384,117,1.5319,-1531.1869341,3.6260,1.51666666667
/home/ccollins/mols/opt/cam/cam/12af12af_TD.log,12af12af,---,[],"td CAM-B3LYP/6-31g(d,p)",-6.44039033163,0.78450419664,43,1.3368,-609.0270183,4.7197,0.166666666667
/home/ccollins/mols/opt/cam/cam/12li12li12li12li-_TD.log,12li12li12li12li-,---,[],"td CAM-B3LYP/6-31g(d,p)",-5.71547906564,0.217146843191,117,1.5523,-1531.1870101,3.6196,1.7
/home/ccollins/mols/opt/cam/cam/12al12al-_TD.log,12al12al-,---,[],"td CAM-B3LYP/6-31g(d,p)",-6.1658274685,0.945323475244,51,1.9591,-687.590694,4.6301,0.25
/home/ccollins/mols/opt/cam/cam/12fi_TD.log,12fi,---,[],"td CAM-B3LYP/6-31g(d,p)",-7.11740956203,2.17908761939,26,2.3972,-344.3995225,6.3103,0.1
/home/ccollins/mols/opt/cam/cam/12ie12ie-12ie-12ie_TD.log,12ie12ie-12ie-12ie,---,[],"td CAM-B3LYP/6-31g(d,p)",-6.14569104444,-0.291978148802,109,1.2974,-1377.7057548,3.5360,1.63333333333
/home/ccollins/mols/opt/cam/cam/4ei4ei-4ei-4ei-_TD.log,4ei4ei-4ei-4ei-,---,[],"td CAM-B3LYP/6-31g(d,p)",-7.32421607935,0.229664079766,121,2.8719,-1386.4719143,4.9965,3.1
/home/ccollins/mols/opt/cam/cam/12if12if_TD.log,12if12if,---,[],"td CAM-B3LYP/6-31g(d,p)",-6.55114066393,1.15566747247,51,1.4196,-687.6236555,5.0065,0.333333333333
