/home/ccollins/allmols/O/opt/cam/m06hf/12ea12ea12ea_TD.log,12ea12ea12ea,---,[],"td m06hf/6-31g(d,p)",-7.94000969607,0.566813125772,70,0.7617,-915.9294793,4.2477,0.883333333333
/home/ccollins/allmols/O/opt/cam/m06hf/12el12el12el12el-_TD.log,12el12el12el12el-,---,[],"td m06hf/6-31g(d,p)",-7.58462902288,0.517560520989,125,2.7974,-1678.7618554,3.9414,4.98333333333
/home/ccollins/allmols/O/opt/cam/m06hf/12if12if-12if-12if-_TD.log,12if12if-12if-12if-,---,[],"td m06hf/6-31g(d,p)",-7.17319289894,1.05743437674,101,5.2848,-1374.2880953,4.0107,3.13333333333
/home/ccollins/allmols/O/opt/cam/m06hf/12ia12ia-12ia12ia-_TD.log,12ia12ia-12ia12ia-,---,[],"td m06hf/6-31g(d,p)",-7.31006615975,1.04491714017,85,0.3277,-1073.5367367,4.1128,3.13333333333
/home/ccollins/allmols/O/opt/cam/m06hf/12ie12ie12ie12ie_TD.log,12ie12ie12ie12ie,---,[],"td m06hf/6-31g(d,p)",-7.9500779081,0.806545417566,109,1.1461,-1378.0721856,4.3391,3.41666666667
/home/ccollins/allmols/O/opt/cam/m06hf/12ff12ff12ff12ff-_TD.log,12ff12ff12ff12ff-,---,[],"td m06hf/6-31g(d,p)",-7.36095144756,0.591303371245,101,5.0354,-1517.8336824,3.8554,1.38333333333
/home/ccollins/allmols/O/opt/cam/m06hf/4fa4fa4fa4fa_TD.log,4fa4fa4fa4fa,---,[],"td m06hf/6-31g(d,p)",-8.28749906794,0.827770296975,97,6.6123,-1225.997222,4.8699,6.11666666667
/home/ccollins/allmols/O/opt/cam/m06hf/12ff12ff-12ff12ff_TD.log,12ff12ff-12ff12ff,---,[],"td m06hf/6-31g(d,p)",-7.13292005083,0.907227537842,101,5.9767,-1517.8253523,3.9115,1.43333333333
/home/ccollins/allmols/O/opt/cam/m06hf/12il12il-12il-12il_TD.log,12il12il-12il-12il,---,[],"td m06hf/6-31g(d,p)",-7.30353542762,1.03158356208,117,2.8971,-1531.4568436,4.0769,6.13333333333
/home/ccollins/allmols/O/opt/cam/m06hf/12fe12fe_TD.log,12fe12fe,---,[],"td m06hf/6-31g(d,p)",-8.12314230944,1.10260527395,55,3.8086,-761.3865828,4.6633,0.5
/home/ccollins/allmols/O/opt/cam/m06hf/12ef12ef12ef12ef-_TD.log,12ef12ef12ef12ef-,---,[],"td m06hf/6-31g(d,p)",-7.6151057728,0.100954234115,109,0.3427,-1521.6092494,3.6090,1.76666666667
/home/ccollins/allmols/O/opt/cam/m06hf/12ae12ae-12ae12ae_TD.log,12ae12ae-12ae12ae,---,[],"td m06hf/6-31g(d,p)",-7.71469943772,0.294971401026,93,0.7336,-1220.8472682,3.8999,1.33333333333
/home/ccollins/allmols/O/opt/cam/m06hf/4ei4ei4ei4ei_TD.log,4ei4ei4ei4ei,---,[],"td m06hf/6-31g(d,p)",-8.95281740328,0.991582827803,121,2.7490,-1386.9739107,4.3829,10.5166666667
/home/ccollins/allmols/O/opt/cam/m06hf/4fe4fe-4fe4fe-_TD.log,4fe4fe-4fe4fe-,---,[],"td m06hf/6-31g(d,p)",-8.71009185926,0.64409345593,121,2.2361,-1530.5406934,4.3880,9.06666666667
/home/ccollins/allmols/O/opt/cam/m06hf/12ei12ei12ei12ei_TD.log,12ei12ei12ei12ei,---,[],"td m06hf/6-31g(d,p)",-7.9500779081,0.806273303727,109,1.1465,-1378.0721838,4.3391,3.36666666667
/home/ccollins/allmols/O/opt/cam/m06hf/12if12if-12if12if-_TD.log,12if12if-12if12if-,---,[],"td m06hf/6-31g(d,p)",-7.13945078295,0.872124852665,101,4.7389,-1374.2971143,3.8606,3.43333333333
/home/ccollins/allmols/O/opt/cam/m06hf/12aa12aa12aa-12aa-_TD.log,12aa12aa12aa-12aa-,---,[],"td m06hf/6-31g(d,p)",-7.46625950309,0.93062932796,69,0.0000,-916.311259,4.1629,0.6
/home/ccollins/allmols/O/opt/cam/m06hf/4le_TD.log,4le,---,[],"td m06hf/6-31g(d,p)",-8.79607983226,1.72765076118,35,1.8254,-422.8102048,4.4336,0.183333333333
/home/ccollins/allmols/O/opt/cam/m06hf/12af12af-12af_TD.log,12af12af-12af,---,[],"td m06hf/6-31g(d,p)",-7.58109154298,1.08682267131,64,2.3319,-913.0906745,4.2816,0.583333333333
/home/ccollins/allmols/O/opt/cam/m06hf/12ee12ee-12ee12ee-_TD.log,12ee12ee-12ee12ee-,---,[],"td m06hf/6-31g(d,p)",-7.88912440825,-0.043266100335,117,0.0863,-1525.3740282,3.7786,4.26666666667
/home/ccollins/allmols/O/opt/cam/m06hf/12al12al-12al-12al-_TD.log,12al12al-12al-12al-,---,[],"td m06hf/6-31g(d,p)",-7.13509696153,1.15539535863,101,3.2255,-1374.2113499,4.0132,2.0
/home/ccollins/allmols/O/opt/cam/m06hf/4if4if-4if-4if-_TD.log,4if4if-4if-4if-,---,[],"td m06hf/6-31g(d,p)",-8.52178908296,1.23185934727,113,2.7872,-1383.2199439,5.1164,5.21666666667
/home/ccollins/allmols/O/opt/cam/m06hf/111111_TD.log,111111,---,[],"td m06hf/6-31g(d,p)",-11.4551762629,-1.02559705763,22,4.0853,-340.9880765,1.3282,0.0833333333333
/home/ccollins/allmols/O/opt/cam/m06hf/12fi12fi_TD.log,12fi12fi,---,[],"td m06hf/6-31g(d,p)",-7.93021359788,2.14235225118,51,4.5986,-687.7261861,5.2461,0.583333333333
/home/ccollins/allmols/O/opt/cam/m06hf/4fa4fa_TD.log,4fa4fa,---,[],"td m06hf/6-31g(d,p)",-8.77703186356,1.47812237119,49,3.0535,-613.587114,5.3680,0.366666666667
/home/ccollins/allmols/O/opt/cam/m06hf/12el12el12el_TD.log,12el12el12el,---,[],"td m06hf/6-31g(d,p)",-7.95143847729,0.807089645243,94,3.5620,-1259.3635864,4.2889,2.31666666667
/home/ccollins/allmols/O/opt/cam/m06hf/12aa12aa12aa-12aa_TD.log,12aa12aa12aa-12aa,---,[],"td m06hf/6-31g(d,p)",-7.49455934231,0.903417944102,69,1.1000,-916.3142752,4.1555,0.833333333333
/home/ccollins/allmols/O/opt/cam/m06hf/12aa_TD.log,12aa,---,[],"td m06hf/6-31g(d,p)",-9.33323254962,3.34509541772,18,0.7172,-229.9604633,6.9948,0.1
/home/ccollins/allmols/O/opt/cam/m06hf/4aa4aa-4aa_TD.log,4aa4aa-4aa,---,[],"td m06hf/6-31g(d,p)",-8.67689397096,1.00056258448,61,0.0000,-694.2099653,5.2963,0.85
/home/ccollins/allmols/O/opt/cam/m06hf/12ee12ee-12ee-12ee-_TD.log,12ee12ee-12ee-12ee-,---,[],"td m06hf/6-31g(d,p)",-8.07443393233,0.109389763111,117,0.6274,-1525.3685102,4.0199,5.55
/home/ccollins/allmols/O/opt/cam/m06hf/12al_TD.log,12al,---,[],"td m06hf/6-31g(d,p)",-8.86084292584,3.25257671261,26,2.1359,-344.4385402,6.6104,0.183333333333
/home/ccollins/allmols/O/opt/cam/m06hf/4fe4fe_TD.log,4fe4fe,---,[],"td m06hf/6-31g(d,p)",-8.70573803785,1.1763481242,61,2.8544,-765.8552879,4.3893,1.01666666667
/home/ccollins/allmols/O/opt/cam/m06hf/22-2-_TD.log,22-2-,---,[],"td m06hf/6-31g(d,p)",-8.67281226338,1.09199283424,22,0.0186,-233.3179439,5.1021,0.15
/home/ccollins/allmols/O/opt/cam/m06hf/12le12le-12le12le_TD.log,12le12le-12le12le,---,[],"td m06hf/6-31g(d,p)",-7.85238904004,0.569534264158,125,2.6078,-1678.759966,4.0863,13.4833333333
/home/ccollins/allmols/O/opt/cam/m06hf/12il12il-12il_TD.log,12il12il-12il,---,[],"td m06hf/6-31g(d,p)",-7.48013730886,1.25553325123,88,4.2621,-1148.8866724,4.3329,1.88333333333
/home/ccollins/allmols/O/opt/cam/m06hf/4ae4ae4ae-4ae-_TD.log,4ae4ae4ae-4ae-,---,[],"td m06hf/6-31g(d,p)",-8.76288194395,0.498512552288,105,1.3178,-1229.7537064,4.3506,10.5833333333
/home/ccollins/allmols/O/opt/cam/m06hf/12ll12ll12ll-12ll_TD.log,12ll12ll12ll-12ll,---,[],"td m06hf/6-31g(d,p)",-7.69918894892,1.37798447859,133,4.6477,-1832.1460622,4.5736,7.45
/home/ccollins/allmols/O/opt/cam/m06hf/12af12af-12af12af-_TD.log,12af12af-12af12af-,---,[],"td m06hf/6-31g(d,p)",-7.35088323553,0.698516223647,85,4.7206,-1217.0681245,3.9014,1.18333333333
/home/ccollins/allmols/O/opt/cam/m06hf/12ea12ea-12ea-12ea-_TD.log,12ea12ea-12ea-12ea-,---,[],"td m06hf/6-31g(d,p)",-7.71633212075,0.268304244845,93,0.9076,-1220.8468856,3.9053,1.4
/home/ccollins/allmols/O/opt/cam/m06hf/4ea4ea-4ea4ea-_TD.log,4ea4ea-4ea4ea-,---,[],"td m06hf/6-31g(d,p)",-8.74900413818,0.504499056736,105,1.4373,-1229.7542048,4.3537,5.85
/home/ccollins/allmols/O/opt/cam/m06hf/12ai12ai-12ai12ai-_TD.log,12ai12ai-12ai12ai-,---,[],"td m06hf/6-31g(d,p)",-7.31006615975,1.04491714017,85,0.3277,-1073.5367367,4.1128,1.7
/home/ccollins/allmols/O/opt/cam/m06hf/12fe12fe12fe12fe_TD.log,12fe12fe12fe12fe,---,[],"td m06hf/6-31g(d,p)",-7.33401217754,0.334700021459,109,5.7870,-1521.5952951,3.7075,1.75
/home/ccollins/allmols/O/opt/cam/m06hf/4ef_TD.log,4ef,---,[],"td m06hf/6-31g(d,p)",-8.90084366011,1.69744612509,31,1.5283,-383.5174403,4.4334,0.116666666667
/home/ccollins/allmols/O/opt/cam/m06hf/12fl12fl12fl12fl_TD.log,12fl12fl12fl12fl,---,[],"td m06hf/6-31g(d,p)",-6.6722313221,1.26777837397,117,4.8403,-1674.9258522,3.8393,2.05
/home/ccollins/allmols/O/opt/cam/m06hf/12al12al12al-12al-_TD.log,12al12al12al-12al-,---,[],"td m06hf/6-31g(d,p)",-6.97373345525,1.12029267345,101,4.5638,-1374.2216114,3.9563,2.01666666667
/home/ccollins/allmols/O/opt/cam/m06hf/4ae4ae4ae-4ae_TD.log,4ae4ae4ae-4ae,---,[],"td m06hf/6-31g(d,p)",-8.75499064263,0.499601007642,105,1.5248,-1229.7539231,4.3504,7.61666666667
/home/ccollins/allmols/O/opt/cam/m06hf/12li12li12li_TD.log,12li12li12li,---,[],"td m06hf/6-31g(d,p)",-7.42952413488,1.28900325338,88,0.8666,-1148.8897458,4.3234,3.83333333333
/home/ccollins/allmols/O/opt/cam/m06hf/4ia4ia4ia_TD.log,4ia4ia4ia,---,[],"td m06hf/6-31g(d,p)",-8.80179422287,1.36655569737,73,0.8542,-812.1198852,5.5125,1.75
/home/ccollins/allmols/O/opt/cam/m06hf/12fe12fe-12fe-12fe-_TD.log,12fe12fe-12fe-12fe-,---,[],"td m06hf/6-31g(d,p)",-7.6151057728,0.100954234115,109,0.3427,-1521.6092489,3.6090,1.78333333333
/home/ccollins/allmols/O/opt/cam/m06hf/12ei12ei12ei-12ei_TD.log,12ei12ei12ei-12ei,---,[],"td m06hf/6-31g(d,p)",-7.58843861662,0.514023041087,109,1.3539,-1378.0749025,3.9378,4.06666666667
/home/ccollins/allmols/O/opt/cam/m06hf/12ae_TD.log,12ae,---,[],"td m06hf/6-31g(d,p)",-9.26738100069,2.38915950278,24,0.4090,-306.094268,4.4127,0.116666666667
/home/ccollins/allmols/O/opt/cam/m06hf/12aa12aa-12aa12aa-_TD.log,12aa12aa-12aa12aa-,---,[],"td m06hf/6-31g(d,p)",-7.52285918152,0.876206560243,69,0.0001,-916.3172774,4.1480,0.6
/home/ccollins/allmols/O/opt/cam/m06hf/12al12al-12al12al-_TD.log,12al12al-12al12al-,---,[],"td m06hf/6-31g(d,p)",-7.0643473635,1.01770575631,101,4.3067,-1374.2288868,3.9085,2.1
/home/ccollins/allmols/O/opt/cam/m06hf/4la4la-_TD.log,4la4la-,---,[],"td m06hf/6-31g(d,p)",-8.65757388842,1.66043864305,57,1.3770,-692.1715458,5.3958,0.566666666667
/home/ccollins/allmols/O/opt/cam/m06hf/4ia_TD.log,4ia,---,[],"td m06hf/6-31g(d,p)",-9.54031118079,2.50344731498,25,0.3202,-271.4918859,5.8208,0.116666666667
/home/ccollins/allmols/O/opt/cam/m06hf/12le12le-_TD.log,12le12le-,---,[],"td m06hf/6-31g(d,p)",-7.93130205323,1.30315317298,63,2.1628,-839.968069,4.6695,1.46666666667
/home/ccollins/allmols/O/opt/cam/m06hf/12aa12aa12aa12aa-_TD.log,12aa12aa12aa12aa-,---,[],"td m06hf/6-31g(d,p)",-7.46244990935,0.927363961897,69,0.9827,-916.3107922,4.1455,0.833333333333
/home/ccollins/allmols/O/opt/cam/m06hf/22-2-2_TD.log,22-2-2,---,[],"td m06hf/6-31g(d,p)",-8.22409654355,0.573888085576,29,0.0000,-310.6965581,4.4509,0.15
/home/ccollins/allmols/O/opt/cam/m06hf/12lf12lf-12lf_TD.log,12lf12lf-12lf,---,[],"td m06hf/6-31g(d,p)",-7.34516884492,1.23213146111,88,4.5897,-1256.506342,4.2138,3.96666666667
/home/ccollins/allmols/O/opt/cam/m06hf/4ff4ff-4ff-4ff_TD.log,4ff4ff-4ff-4ff,---,[],"td m06hf/6-31g(d,p)",-8.41457623056,0.749401511463,113,0.9167,-1526.788894,4.6529,3.11666666667
/home/ccollins/allmols/O/opt/cam/m06hf/12la12la-12la-12la_TD.log,12la12la-12la-12la,---,[],"td m06hf/6-31g(d,p)",-7.03768020732,0.916751522193,101,3.2926,-1374.2307966,3.8290,2.1
/home/ccollins/allmols/O/opt/cam/m06hf/12la12la-12la12la-_TD.log,12la12la-12la12la-,---,[],"td m06hf/6-31g(d,p)",-7.0643473635,1.01770575631,101,4.3067,-1374.2288868,3.9085,2.48333333333
/home/ccollins/allmols/O/opt/cam/m06hf/12ie12ie12ie12ie-_TD.log,12ie12ie12ie12ie-,---,[],"td m06hf/6-31g(d,p)",-7.75497228583,0.675930775045,109,1.7747,-1378.0736444,4.1855,4.45
/home/ccollins/allmols/O/opt/cam/m06hf/12lf12lf-12lf12lf-_TD.log,12lf12lf-12lf12lf-,---,[],"td m06hf/6-31g(d,p)",-7.04067345955,0.950221524339,117,7.5227,-1674.951088,3.8523,4.23333333333
/home/ccollins/allmols/O/opt/cam/m06hf/4ff4ff4ff4ff-_TD.log,4ff4ff4ff4ff-,---,[],"td m06hf/6-31g(d,p)",-8.21321199001,0.731169884278,113,1.2411,-1526.7718111,4.6001,3.61666666667
/home/ccollins/allmols/O/opt/cam/m06hf/12la12la-12la_TD.log,12la12la-12la,---,[],"td m06hf/6-31g(d,p)",-7.39414933587,1.22804975353,76,1.5137,-1030.9652531,4.2426,1.56666666667
/home/ccollins/allmols/O/opt/cam/m06hf/4ea4ea-4ea_TD.log,4ea4ea-4ea,---,[],"td m06hf/6-31g(d,p)",-8.86982268251,0.684094190202,79,1.1316,-922.6099991,4.3539,4.68333333333
/home/ccollins/allmols/O/opt/cam/m06hf/12ea12ea12ea-12ea-_TD.log,12ea12ea12ea-12ea-,---,[],"td m06hf/6-31g(d,p)",-7.70708025024,0.292794490317,93,0.5940,-1220.8466532,3.9174,1.5
/home/ccollins/allmols/O/opt/cam/m06hf/12fe12fe12fe12fe-_TD.log,12fe12fe12fe12fe-,---,[],"td m06hf/6-31g(d,p)",-7.50027373292,0.140682854548,109,5.2355,-1521.6015272,3.6377,1.9
/home/ccollins/allmols/O/opt/cam/m06hf/12ee12ee12ee12ee_TD.log,12ee12ee12ee12ee,---,[],"td m06hf/6-31g(d,p)",-8.23198784487,0.234834242699,117,0.5959,-1525.3665645,4.2004,5.78333333333
/home/ccollins/allmols/O/opt/cam/m06hf/12la12la-12la12la_TD.log,12la12la-12la12la,---,[],"td m06hf/6-31g(d,p)",-7.18326111096,0.946411930598,101,1.0008,-1374.220823,3.9472,2.31666666667
/home/ccollins/allmols/O/opt/cam/m06hf/12lf12lf12lf-12lf-_TD.log,12lf12lf12lf-12lf-,---,[],"td m06hf/6-31g(d,p)",-7.57592138004,0.677019230399,117,3.2814,-1674.9866957,3.9932,4.9
/home/ccollins/allmols/O/opt/cam/m06hf/4if4if4if4if-_TD.log,4if4if4if4if-,---,[],"td m06hf/6-31g(d,p)",-8.44831834655,1.35458268848,113,4.8196,-1383.2088749,5.1613,4.81666666667
/home/ccollins/allmols/O/opt/cam/m06hf/12ae12ae12ae12ae_TD.log,12ae12ae12ae12ae,---,[],"td m06hf/6-31g(d,p)",-7.70245431498,0.293338717995,93,0.6113,-1220.8468893,3.9200,1.21666666667
/home/ccollins/allmols/O/opt/cam/m06hf/4fi_TD.log,4fi,---,[],"td m06hf/6-31g(d,p)",-8.94220496358,2.36548559882,29,1.4672,-346.6861453,5.5715,0.15
/home/ccollins/allmols/O/opt/cam/m06hf/12ae12ae12ae_TD.log,12ae12ae12ae,---,[],"td m06hf/6-31g(d,p)",-7.94000969607,0.566813125772,70,0.7613,-915.9294795,4.2476,0.9
/home/ccollins/allmols/O/opt/cam/m06hf/4ia4ia4ia4ia-_TD.log,4ia4ia4ia4ia-,---,[],"td m06hf/6-31g(d,p)",-8.65839022993,1.17172218895,97,1.0352,-1082.4338817,5.4302,3.35
/home/ccollins/allmols/O/opt/cam/m06hf/12ee12ee-12ee12ee_TD.log,12ee12ee-12ee12ee,---,[],"td m06hf/6-31g(d,p)",-7.9487173389,-0.0141499196064,117,0.4703,-1525.3708843,3.8443,4.93333333333
/home/ccollins/allmols/O/opt/cam/m06hf/12el12el-_TD.log,12el12el-,---,[],"td m06hf/6-31g(d,p)",-7.93130205323,1.30288105914,63,2.1628,-839.9680684,4.6694,0.666666666667
/home/ccollins/allmols/O/opt/cam/m06hf/4if4if4if-4if-_TD.log,4if4if4if-4if-,---,[],"td m06hf/6-31g(d,p)",-8.45920290009,1.44084277531,113,2.5196,-1383.2144282,5.1800,5.16666666667
/home/ccollins/allmols/O/opt/cam/m06hf/12af12af12af_TD.log,12af12af12af,---,[],"td m06hf/6-31g(d,p)",-7.67279390658,1.1072312092,64,1.6716,-913.0797929,4.3922,0.783333333333
/home/ccollins/allmols/O/opt/cam/m06hf/12fl12fl-12fl12fl_TD.log,12fl12fl-12fl12fl,---,[],"td m06hf/6-31g(d,p)",-6.84475149576,1.13280991003,117,8.2565,-1674.9404772,3.8566,3.03333333333
/home/ccollins/allmols/O/opt/cam/m06hf/12aa12aa-12aa-12aa-_TD.log,12aa12aa-12aa-12aa-,---,[],"td m06hf/6-31g(d,p)",-7.46244990935,0.927363961897,69,0.9827,-916.3107922,4.1455,0.816666666667
/home/ccollins/allmols/O/opt/cam/m06hf/12aa12aa-12aa-12aa_TD.log,12aa12aa-12aa-12aa,---,[],"td m06hf/6-31g(d,p)",-7.49537568382,0.891989162881,69,0.3314,-916.3142692,4.1331,0.616666666667
/home/ccollins/allmols/O/opt/cam/m06hf/22-_TD.log,22-,---,[],"td m06hf/6-31g(d,p)",-9.39173702492,1.78724369183,15,0.0002,-155.9341896,5.8967,0.766666666667
/home/ccollins/allmols/O/opt/cam/m06hf/12if12if12if12if_TD.log,12if12if12if12if,---,[],"td m06hf/6-31g(d,p)",-7.87361391945,1.33036455684,101,2.1857,-1374.2882149,4.6309,3.4
/home/ccollins/allmols/O/opt/cam/m06hf/12ll12ll-12ll12ll-_TD.log,12ll12ll-12ll12ll-,---,[],"td m06hf/6-31g(d,p)",-7.4994573914,1.32628284926,133,4.5015,-1832.147659,4.4279,7.96666666667
/home/ccollins/allmols/O/opt/cam/m06hf/4fi4fi-_TD.log,4fi4fi-,---,[],"td m06hf/6-31g(d,p)",-8.8570333321,1.57526701157,57,1.3624,-692.199351,5.3347,0.75
/home/ccollins/allmols/O/opt/cam/m06hf/12ee12ee12ee12ee-_TD.log,12ee12ee12ee12ee-,---,[],"td m06hf/6-31g(d,p)",-8.07443393233,0.109389763111,117,0.6280,-1525.368509,4.0198,5.45
/home/ccollins/allmols/O/opt/cam/m06hf/4ie4ie-4ie_TD.log,4ie4ie-4ie,---,[],"td m06hf/6-31g(d,p)",-8.99118545452,1.11621096588,91,2.3077,-1040.5247044,4.3811,3.26666666667
/home/ccollins/allmols/O/opt/cam/m06hf/12ei12ei-_TD.log,12ei12ei-,---,[],"td m06hf/6-31g(d,p)",-8.15144214865,1.22560072899,55,0.7005,-689.625096,4.3238,0.633333333333
/home/ccollins/allmols/O/opt/cam/m06hf/4aa_TD.log,4aa,---,[],"td m06hf/6-31g(d,p)",-9.87718811296,2.47759650032,21,0.0000,-232.1877289,5.9093,0.333333333333
/home/ccollins/allmols/O/opt/cam/m06hf/12fe12fe-12fe12fe_TD.log,12fe12fe-12fe12fe,---,[],"td m06hf/6-31g(d,p)",-7.37047543191,0.322727012562,109,6.4773,-1521.6006886,3.6692,2.0
/home/ccollins/allmols/O/opt/cam/m06hf/4ai4ai-4ai-4ai-_TD.log,4ai4ai-4ai-4ai-,---,[],"td m06hf/6-31g(d,p)",-8.65839022993,1.17172218895,97,1.0352,-1082.4338817,5.4302,6.98333333333
/home/ccollins/allmols/O/opt/cam/m06hf/4ae4ae4ae4ae-_TD.log,4ae4ae4ae4ae-,---,[],"td m06hf/6-31g(d,p)",-8.7617934886,0.497424096933,105,1.4731,-1229.7537255,4.3494,9.51666666667
/home/ccollins/allmols/O/opt/cam/m06hf/12ff12ff-12ff12ff-_TD.log,12ff12ff-12ff12ff-,---,[],"td m06hf/6-31g(d,p)",-7.3682985212,0.645998252801,101,0.0000,-1517.8301312,3.8793,1.41666666667
/home/ccollins/allmols/O/opt/cam/m06hf/12al12al-12al-12al_TD.log,12al12al-12al-12al,---,[],"td m06hf/6-31g(d,p)",-7.00067272527,0.998385673768,101,5.7889,-1374.2287392,3.8693,2.05
/home/ccollins/allmols/O/opt/cam/m06hf/12fa12fa12fa_TD.log,12fa12fa12fa,---,[],"td m06hf/6-31g(d,p)",-7.33673331593,1.30206471763,64,5.7497,-913.085318,4.3398,0.533333333333
/home/ccollins/allmols/O/opt/cam/m06hf/4fa4fa-4fa_TD.log,4fa4fa-4fa,---,[],"td m06hf/6-31g(d,p)",-8.56995323239,1.08192462221,73,2.5064,-919.7960413,5.0639,1.0
/home/ccollins/allmols/O/opt/cam/m06hf/4aa4aa4aa4aa-_TD.log,4aa4aa4aa4aa-,---,[],"td m06hf/6-31g(d,p)",-8.5079112772,0.762190861876,81,0.0000,-925.220997,5.0350,3.21666666667
/home/ccollins/allmols/O/opt/cam/m06hf/12ea12ea-12ea_TD.log,12ea12ea-12ea,---,[],"td m06hf/6-31g(d,p)",-7.95198270497,0.559193938292,70,0.6628,-915.9296748,4.2109,0.833333333333
/home/ccollins/allmols/O/opt/cam/m06hf/4ef4ef-_TD.log,4ef4ef-,---,[],"td m06hf/6-31g(d,p)",-8.72641868958,1.3815219585,61,1.6092,-765.8543678,4.3905,0.733333333333
/home/ccollins/allmols/O/opt/cam/m06hf/4ie4ie-4ie4ie-_TD.log,4ie4ie-4ie4ie-,---,[],"td m06hf/6-31g(d,p)",-8.96206927379,1.04192388794,121,3.0139,-1386.9735478,4.3808,6.46666666667
/home/ccollins/allmols/O/opt/cam/m06hf/11_TD.log,11,---,[],"td m06hf/6-31g(d,p)",-11.8598095409,2.3992277148,8,2.5559,-114.4510832,3.0589,0.05
/home/ccollins/allmols/O/opt/cam/m06hf/12el12el-12el-12el_TD.log,12el12el-12el-12el,---,[],"td m06hf/6-31g(d,p)",-7.62082016341,0.364632543704,125,2.9257,-1678.7643101,3.8546,5.76666666667
/home/ccollins/allmols/O/opt/cam/m06hf/4ff4ff-4ff4ff-_TD.log,4ff4ff-4ff4ff-,---,[],"td m06hf/6-31g(d,p)",-8.39634460338,0.629399308647,113,1.1453,-1526.7867038,4.6691,3.35
/home/ccollins/allmols/O/opt/cam/m06hf/12le12le_TD.log,12le12le,---,[],"td m06hf/6-31g(d,p)",-8.61757315415,1.48002716806,63,2.4784,-839.9686563,4.3431,2.45
/home/ccollins/allmols/O/opt/cam/m06hf/12lf12lf_TD.log,12lf12lf,---,[],"td m06hf/6-31g(d,p)",-8.68614584147,2.26507559238,59,1.6884,-838.0718182,5.7716,0.966666666667
/home/ccollins/allmols/O/opt/cam/m06hf/12il12il-12il12il_TD.log,12il12il-12il12il,---,[],"td m06hf/6-31g(d,p)",-7.30462388297,1.04382868481,117,3.1469,-1531.457876,4.0964,8.33333333333
/home/ccollins/allmols/O/opt/cam/m06hf/12al12al-12al_TD.log,12al12al-12al,---,[],"td m06hf/6-31g(d,p)",-7.3457130726,1.34941252554,76,4.1172,-1030.9633731,4.3145,0.9
/home/ccollins/allmols/O/opt/cam/m06hf/4el_TD.log,4el,---,[],"td m06hf/6-31g(d,p)",-8.79580771842,1.7271065335,35,1.8268,-422.8102072,4.4328,0.15
/home/ccollins/allmols/O/opt/cam/m06hf/4aa4aa-_TD.log,4aa4aa-,---,[],"td m06hf/6-31g(d,p)",-9.03036984728,1.46669358997,41,0.0002,-463.1987908,5.6637,2.1
/home/ccollins/allmols/O/opt/cam/m06hf/4ae4ae-4ae-4ae-_TD.log,4ae4ae-4ae-4ae-,---,[],"td m06hf/6-31g(d,p)",-8.76288194395,0.503682715221,105,1.3129,-1229.7537859,4.3523,8.11666666667
/home/ccollins/allmols/O/opt/cam/m06hf/12ai12ai12ai-12ai-_TD.log,12ai12ai12ai-12ai-,---,[],"td m06hf/6-31g(d,p)",-7.22326184524,1.06124397048,85,0.2917,-1073.5312411,4.0943,1.71666666667
/home/ccollins/allmols/O/opt/cam/m06hf/4ai4ai-4ai4ai_TD.log,4ai4ai-4ai4ai,---,[],"td m06hf/6-31g(d,p)",-8.66573730358,1.17553178269,97,1.0747,-1082.4339619,5.4278,8.35
/home/ccollins/allmols/O/opt/cam/m06hf/12ie12ie_TD.log,12ie12ie,---,[],"td m06hf/6-31g(d,p)",-8.42654923946,1.4005699272,55,1.2934,-689.6247829,4.3527,1.1
/home/ccollins/allmols/O/opt/cam/m06hf/4ff4ff-_TD.log,4ff4ff-,---,[],"td m06hf/6-31g(d,p)",-8.54736778379,1.30424162834,57,1.1089,-763.9786018,5.0385,0.583333333333
/home/ccollins/allmols/O/opt/cam/m06hf/4fa4fa4fa-4fa_TD.log,4fa4fa4fa-4fa,---,[],"td m06hf/6-31g(d,p)",-8.49757095133,0.782871513609,97,3.9392,-1226.000731,4.9101,4.4
/home/ccollins/allmols/O/opt/cam/m06hf/12fe12fe-12fe12fe-_TD.log,12fe12fe-12fe12fe-,---,[],"td m06hf/6-31g(d,p)",-7.55197536225,0.118369519784,109,4.1047,-1521.6108292,3.5898,2.06666666667
/home/ccollins/allmols/O/opt/cam/m06hf/4af4af_TD.log,4af4af,---,[],"td m06hf/6-31g(d,p)",-8.77703186356,1.47812237119,49,3.0536,-613.587113,5.3679,1.6
/home/ccollins/allmols/O/opt/cam/m06hf/12ef12ef-12ef12ef-_TD.log,12ef12ef-12ef12ef-,---,[],"td m06hf/6-31g(d,p)",-7.55197536225,0.118369519784,109,4.1062,-1521.61083,3.5899,2.01666666667
/home/ccollins/allmols/O/opt/cam/m06hf/12lf12lf12lf12lf_TD.log,12lf12lf12lf12lf,---,[],"td m06hf/6-31g(d,p)",-7.16421314226,0.922465912803,117,7.4104,-1675.0001063,3.9218,5.41666666667
/home/ccollins/allmols/O/opt/cam/m06hf/12el12el-12el12el-_TD.log,12el12el-12el12el-,---,[],"td m06hf/6-31g(d,p)",-7.56884642024,0.31537993892,125,1.7956,-1678.7651469,3.7780,5.6
/home/ccollins/allmols/O/opt/cam/m06hf/12af12af-12af-12af-_TD.log,12af12af-12af-12af-,---,[],"td m06hf/6-31g(d,p)",-7.21346574705,0.801103140794,85,5.6046,-1217.063912,3.8870,1.15
/home/ccollins/allmols/O/opt/cam/m06hf/4fa4fa4fa4fa-_TD.log,4fa4fa4fa4fa-,---,[],"td m06hf/6-31g(d,p)",-8.52314965216,0.654161667958,97,3.5668,-1226.0013185,4.9098,5.7
/home/ccollins/allmols/O/opt/cam/m06hf/12il_TD.log,12il,---,[],"td m06hf/6-31g(d,p)",-9.12560969078,3.36740875249,30,1.8665,-383.7436019,6.9174,0.3
/home/ccollins/allmols/O/opt/cam/m06hf/12ai12ai12ai_TD.log,12ai12ai12ai,---,[],"td m06hf/6-31g(d,p)",-7.6031327639,1.43676106773,64,1.7421,-805.4401282,4.5900,0.816666666667
/home/ccollins/allmols/O/opt/cam/m06hf/2222-_TD.log,2222-,---,[],"td m06hf/6-31g(d,p)",-8.22382442971,0.63837906532,29,0.0192,-310.7017857,4.6040,0.166666666667
/home/ccollins/allmols/O/opt/cam/m06hf/12il12il12il12il-_TD.log,12il12il12il12il-,---,[],"td m06hf/6-31g(d,p)",-7.43197315943,1.18260674249,117,3.8633,-1531.45796,4.2838,3.6
/home/ccollins/allmols/O/opt/cam/m06hf/12la12la12la-12la-_TD.log,12la12la12la-12la-,---,[],"td m06hf/6-31g(d,p)",-6.97373345525,1.12029267345,101,4.5638,-1374.2216114,3.9563,3.0
/home/ccollins/allmols/O/opt/cam/m06hf/12fa12fa-12fa12fa_TD.log,12fa12fa-12fa12fa,---,[],"td m06hf/6-31g(d,p)",-7.14026712447,0.925731278866,85,6.8893,-1217.0622691,3.9439,1.25
/home/ccollins/allmols/O/opt/cam/m06hf/12af12af12af-12af_TD.log,12af12af12af-12af,---,[],"td m06hf/6-31g(d,p)",-7.38680226223,0.699060451325,85,2.3028,-1217.0583875,3.9301,1.3
/home/ccollins/allmols/O/opt/cam/m06hf/4ff4ff-4ff4ff_TD.log,4ff4ff-4ff4ff,---,[],"td m06hf/6-31g(d,p)",-8.23987914619,0.777157122999,113,0.5210,-1526.7794081,4.6484,3.26666666667
/home/ccollins/allmols/O/opt/cam/m06hf/4ff4ff4ff-4ff_TD.log,4ff4ff4ff-4ff,---,[],"td m06hf/6-31g(d,p)",-8.24314451225,0.779606147546,113,0.4365,-1526.7793902,4.6554,3.56666666667
/home/ccollins/allmols/O/opt/cam/m06hf/111111-_TD.log,111111-,---,[],"td m06hf/6-31g(d,p)",-11.3915016247,-0.886002658432,22,2.1590,-340.9987137,1.4153,0.166666666667
/home/ccollins/allmols/O/opt/cam/m06hf/12ff12ff12ff_TD.log,12ff12ff12ff,---,[],"td m06hf/6-31g(d,p)",-7.41537421528,1.1883211331,76,7.0421,-1138.6646366,4.2930,0.716666666667
/home/ccollins/allmols/O/opt/cam/m06hf/12ei12ei12ei_TD.log,12ei12ei12ei,---,[],"td m06hf/6-31g(d,p)",-8.11361832509,1.0000183568,82,1.3916,-1033.8486946,4.3485,1.78333333333
/home/ccollins/allmols/O/opt/cam/m06hf/22_TD.log,22,---,[],"td m06hf/6-31g(d,p)",-9.39282548027,2.01881256846,15,0.0000,-155.9395635,6.5040,0.766666666667
/home/ccollins/allmols/O/opt/cam/m06hf/12ea12ea12ea-12ea_TD.log,12ea12ea12ea-12ea,---,[],"td m06hf/6-31g(d,p)",-7.71469943772,0.294971401026,93,0.7335,-1220.8472686,3.8999,1.38333333333
/home/ccollins/allmols/O/opt/cam/m06hf/12ii12ii-12ii-12ii-_TD.log,12ii12ii-12ii-12ii-,---,[],"td m06hf/6-31g(d,p)",-7.51578422172,1.58288619905,101,1.6716,-1230.7560704,4.6139,3.68333333333
/home/ccollins/allmols/O/opt/cam/m06hf/22-2-2-_TD.log,22-2-2-,---,[],"td m06hf/6-31g(d,p)",-8.22382442971,0.63837906532,29,0.0192,-310.7017856,4.6040,0.15
/home/ccollins/allmols/O/opt/cam/m06hf/4ia4ia-4ia-4ia-_TD.log,4ia4ia-4ia-4ia-,---,[],"td m06hf/6-31g(d,p)",-8.65920657145,1.17226641662,97,1.1565,-1082.433868,5.4435,3.41666666667
/home/ccollins/allmols/O/opt/cam/m06hf/4af4af4af4af-_TD.log,4af4af4af4af-,---,[],"td m06hf/6-31g(d,p)",-8.25647809034,0.884369975401,97,4.1713,-1225.9963182,4.8785,3.88333333333
/home/ccollins/allmols/O/opt/cam/m06hf/4if4if4if4if_TD.log,4if4if4if4if,---,[],"td m06hf/6-31g(d,p)",-8.44396452513,1.29580609934,113,7.0372,-1383.2072665,5.1407,4.75
/home/ccollins/allmols/O/opt/cam/m06hf/12ae12ae-12ae12ae-_TD.log,12ae12ae-12ae12ae-,---,[],"td m06hf/6-31g(d,p)",-7.73891756935,0.266671561813,93,0.7142,-1220.8480525,3.8880,1.3
/home/ccollins/allmols/O/opt/cam/m06hf/4ie4ie4ie_TD.log,4ie4ie4ie,---,[],"td m06hf/6-31g(d,p)",-8.98601529159,1.08518998828,91,1.8795,-1040.524871,4.3826,3.15
/home/ccollins/allmols/O/opt/cam/m06hf/12fl12fl-12fl-12fl_TD.log,12fl12fl-12fl-12fl,---,[],"td m06hf/6-31g(d,p)",-7.16530159762,0.890628593688,117,3.4070,-1674.9927354,3.8786,2.5
/home/ccollins/allmols/O/opt/cam/m06hf/12le12le12le-12le-_TD.log,12le12le12le-12le-,---,[],"td m06hf/6-31g(d,p)",-7.7223186252,0.570894833351,125,2.3677,-1678.7609123,4.0561,7.11666666667
/home/ccollins/allmols/O/opt/cam/m06hf/4ff4ff4ff4ff_TD.log,4ff4ff4ff4ff,---,[],"td m06hf/6-31g(d,p)",-8.02899092129,0.848723062546,113,0.9954,-1526.7636278,4.5538,3.06666666667
/home/ccollins/allmols/O/opt/cam/m06hf/4la4la-4la-4la-_TD.log,4la4la-4la-4la-,---,[],"td m06hf/6-31g(d,p)",-8.14654409956,1.05471323836,113,3.8955,-1383.1657501,4.9131,4.11666666667
/home/ccollins/allmols/O/opt/cam/m06hf/1111-11-_TD.log,1111-11-,---,[],"td m06hf/6-31g(d,p)",-11.3912295108,-0.885730544594,22,2.1594,-340.9987162,1.4155,0.0833333333333
/home/ccollins/allmols/O/opt/cam/m06hf/12el12el12el-12el_TD.log,12el12el12el-12el,---,[],"td m06hf/6-31g(d,p)",-7.61047983754,0.374428641893,125,3.4572,-1678.7623971,3.8501,4.61666666667
/home/ccollins/allmols/O/opt/cam/m06hf/12le12le-12le_TD.log,12le12le-12le,---,[],"td m06hf/6-31g(d,p)",-7.86871587036,0.744775576207,94,2.1262,-1259.3658407,4.2047,6.53333333333
/home/ccollins/allmols/O/opt/cam/m06hf/12ei12ei_TD.log,12ei12ei,---,[],"td m06hf/6-31g(d,p)",-8.42654923946,1.4005699272,55,1.2934,-689.6247829,4.3527,0.616666666667
/home/ccollins/allmols/O/opt/cam/m06hf/12le12le-12le12le-_TD.log,12le12le-12le12le-,---,[],"td m06hf/6-31g(d,p)",-7.56884642024,0.31537993892,125,1.7963,-1678.7651448,3.7780,9.58333333333
/home/ccollins/allmols/O/opt/cam/m06hf/12fl12fl12fl-12fl_TD.log,12fl12fl12fl-12fl,---,[],"td m06hf/6-31g(d,p)",-6.85808507386,1.11104080294,117,7.9057,-1674.9400894,3.8456,3.0
/home/ccollins/allmols/O/opt/cam/m06hf/4fi4fi4fi4fi-_TD.log,4fi4fi4fi4fi-,---,[],"td m06hf/6-31g(d,p)",-8.64315185497,1.16981739208,113,4.2338,-1383.218259,5.2481,4.65
/home/ccollins/allmols/O/opt/cam/m06hf/12ae12ae-12ae_TD.log,12ae12ae-12ae,---,[],"td m06hf/6-31g(d,p)",-7.95198270497,0.559193938292,70,0.6632,-915.9296723,4.2108,0.8
/home/ccollins/allmols/O/opt/cam/m06hf/12lf12lf-_TD.log,12lf12lf-,---,[],"td m06hf/6-31g(d,p)",-7.79442879243,1.84193857338,59,3.8240,-838.0685017,4.9311,0.766666666667
/home/ccollins/allmols/O/opt/cam/m06hf/12fe12fe-12fe-12fe_TD.log,12fe12fe-12fe-12fe,---,[],"td m06hf/6-31g(d,p)",-7.52449186455,0.270481155553,109,3.9175,-1521.6062266,3.6525,3.03333333333
/home/ccollins/allmols/O/opt/cam/m06hf/4ei4ei-4ei4ei_TD.log,4ei4ei-4ei4ei,---,[],"td m06hf/6-31g(d,p)",-8.95472220015,0.998113559929,121,2.7836,-1386.9739933,4.3836,8.51666666667
/home/ccollins/allmols/O/opt/cam/m06hf/12ia12ia-12ia_TD.log,12ia12ia-12ia,---,[],"td m06hf/6-31g(d,p)",-7.55170324841,1.3646509005,64,1.0551,-805.4458067,4.4734,0.916666666667
/home/ccollins/allmols/O/opt/cam/m06hf/4fa4fa-4fa-4fa-_TD.log,4fa4fa-4fa-4fa-,---,[],"td m06hf/6-31g(d,p)",-8.71907161594,0.617426299749,97,5.0327,-1226.0099925,4.9409,5.08333333333
/home/ccollins/allmols/O/opt/cam/m06hf/12ea12ea12ea12ea-_TD.log,12ea12ea12ea12ea-,---,[],"td m06hf/6-31g(d,p)",-7.71469943772,0.299325222443,93,0.4500,-1220.8469268,3.8896,1.3
/home/ccollins/allmols/O/opt/cam/m06hf/12ia12ia-12ia-12ia_TD.log,12ia12ia-12ia-12ia,---,[],"td m06hf/6-31g(d,p)",-7.29972583388,1.04954307542,85,0.4025,-1073.5344385,4.1053,1.63333333333
/home/ccollins/allmols/O/opt/cam/m06hf/4ia4ia-4ia_TD.log,4ia4ia-4ia,---,[],"td m06hf/6-31g(d,p)",-8.80179422287,1.36356244515,73,0.7962,-812.1198361,5.5039,1.88333333333
/home/ccollins/allmols/O/opt/cam/m06hf/4fa4fa-4fa4fa-_TD.log,4fa4fa-4fa4fa-,---,[],"td m06hf/6-31g(d,p)",-8.59988575464,0.726271835183,97,3.0714,-1226.0055921,4.9301,5.1
/home/ccollins/allmols/O/opt/cam/m06hf/4ee_TD.log,4ee,---,[],"td m06hf/6-31g(d,p)",-9.12969139836,0.69416240223,33,0.0000,-384.4563252,4.3811,0.116666666667
/home/ccollins/allmols/O/opt/cam/m06hf/12la12la_TD.log,12la12la,---,[],"td m06hf/6-31g(d,p)",-7.99388823611,1.89581711342,51,1.2837,-687.695248,5.0552,0.966666666667
/home/ccollins/allmols/O/opt/cam/m06hf/12il12il-_TD.log,12il12il-,---,[],"td m06hf/6-31g(d,p)",-7.92449920727,1.93391305082,59,1.5960,-766.3170635,5.1093,1.11666666667
/home/ccollins/allmols/O/opt/cam/m06hf/222-_TD.log,222-,---,[],"td m06hf/6-31g(d,p)",-8.67281226338,1.09199283424,22,0.0186,-233.317944,5.1021,0.15
/home/ccollins/allmols/O/opt/cam/m06hf/12la12la-12la-12la-_TD.log,12la12la-12la-12la-,---,[],"td m06hf/6-31g(d,p)",-6.85944564305,1.06042762897,101,5.3989,-1374.2314607,3.8569,2.1
/home/ccollins/allmols/O/opt/cam/m06hf/12ai12ai-12ai-12ai_TD.log,12ai12ai-12ai-12ai,---,[],"td m06hf/6-31g(d,p)",-7.29972583388,1.04954307542,85,0.4025,-1073.5344385,4.1053,1.61666666667
/home/ccollins/allmols/O/opt/cam/m06hf/12el12el-12el12el_TD.log,12el12el-12el12el,---,[],"td m06hf/6-31g(d,p)",-7.69918894892,0.388578561499,125,3.4387,-1678.7632794,3.9075,3.55
/home/ccollins/allmols/O/opt/cam/m06hf/4ef4ef4ef_TD.log,4ef4ef4ef,---,[],"td m06hf/6-31g(d,p)",-8.55934079269,0.848723062546,91,4.0718,-1148.193314,4.3852,5.63333333333
/home/ccollins/allmols/O/opt/cam/m06hf/12if12if-12if_TD.log,12if12if-12if,---,[],"td m06hf/6-31g(d,p)",-7.37891096091,1.29063593641,76,1.8260,-1031.0113893,4.2672,1.86666666667
/home/ccollins/allmols/O/opt/cam/m06hf/12ll12ll-_TD.log,12ll12ll-,---,[],"td m06hf/6-31g(d,p)",-7.46108934016,2.176366481,67,0.0006,-916.6550496,4.9374,3.68333333333
/home/ccollins/allmols/O/opt/cam/m06hf/4fi4fi-4fi-4fi_TD.log,4fi4fi-4fi-4fi,---,[],"td m06hf/6-31g(d,p)",-8.58981754261,1.25090731597,113,2.3577,-1383.2218886,5.1529,5.43333333333
/home/ccollins/allmols/O/opt/cam/m06hf/4ae4ae4ae4ae_TD.log,4ae4ae4ae4ae,---,[],"td m06hf/6-31g(d,p)",-8.76723576537,0.501505804512,105,1.3746,-1229.753635,4.3497,9.35
/home/ccollins/allmols/O/opt/cam/m06hf/12la12la12la12la-_TD.log,12la12la12la12la-,---,[],"td m06hf/6-31g(d,p)",-6.84121401586,1.09335340343,101,3.8432,-1374.2306303,3.8481,2.61666666667
/home/ccollins/allmols/O/opt/cam/m06hf/12la12la12la_TD.log,12la12la12la,---,[],"td m06hf/6-31g(d,p)",-7.51877747394,1.36519512818,76,1.0533,-1030.9498169,4.4262,1.53333333333
/home/ccollins/allmols/O/opt/cam/m06hf/12if12if12if12if-_TD.log,12if12if12if12if-,---,[],"td m06hf/6-31g(d,p)",-7.65755553162,1.0606997428,101,1.6452,-1374.2934761,4.3309,2.9
/home/ccollins/allmols/O/opt/cam/m06hf/4ei4ei-4ei4ei-_TD.log,4ei4ei-4ei4ei-,---,[],"td m06hf/6-31g(d,p)",-8.96234138763,1.04056331875,121,2.9895,-1386.9735582,4.3809,11.4333333333
/home/ccollins/allmols/O/opt/cam/m06hf/12fa12fa12fa12fa_TD.log,12fa12fa12fa12fa,---,[],"td m06hf/6-31g(d,p)",-7.0178158971,1.01525673176,85,6.2860,-1217.0557498,3.9520,1.35
/home/ccollins/allmols/O/opt/cam/m06hf/4ie4ie4ie4ie_TD.log,4ie4ie4ie4ie,---,[],"td m06hf/6-31g(d,p)",-8.95281740328,0.991038600126,121,2.7497,-1386.9739097,4.3829,5.95
/home/ccollins/allmols/O/opt/cam/m06hf/4fi4fi-4fi-4fi-_TD.log,4fi4fi-4fi-4fi-,---,[],"td m06hf/6-31g(d,p)",-8.73158885251,1.02777396834,113,3.7287,-1383.2261455,5.1282,4.86666666667
/home/ccollins/allmols/O/opt/cam/m06hf/4ii4ii4ii_TD.log,4ii4ii4ii,---,[],"td m06hf/6-31g(d,p)",-9.17404595405,2.19514233586,85,0.1633,-930.0342549,5.6260,2.23333333333
/home/ccollins/allmols/O/opt/cam/m06hf/4ai_TD.log,4ai,---,[],"td m06hf/6-31g(d,p)",-9.54031118079,2.50344731498,25,0.3202,-271.4918859,5.8208,0.15
/home/ccollins/allmols/O/opt/cam/m06hf/12fi12fi12fi12fi_TD.log,12fi12fi12fi12fi,---,[],"td m06hf/6-31g(d,p)",-7.20149273815,1.39730456113,101,5.8722,-1374.2773913,4.3033,2.51666666667
/home/ccollins/allmols/O/opt/cam/m06hf/12fi12fi12fi12fi-_TD.log,12fi12fi12fi12fi-,---,[],"td m06hf/6-31g(d,p)",-7.17319289894,1.05743437674,101,5.2848,-1374.2880953,4.0107,2.28333333333
/home/ccollins/allmols/O/opt/cam/m06hf/12fe12fe-12fe_TD.log,12fe12fe-12fe,---,[],"td m06hf/6-31g(d,p)",-7.68449480164,0.549669953942,82,4.4759,-1141.4960863,3.9797,0.916666666667
/home/ccollins/allmols/O/opt/cam/m06hf/12el12el_TD.log,12el12el,---,[],"td m06hf/6-31g(d,p)",-8.3732149271,1.22750552586,63,2.3654,-839.9692946,4.3151,0.783333333333
/home/ccollins/allmols/O/opt/cam/m06hf/12fa12fa12fa12fa-_TD.log,12fa12fa12fa12fa-,---,[],"td m06hf/6-31g(d,p)",-7.21346574705,0.801103140794,85,5.6045,-1217.0639119,3.8870,1.18333333333
/home/ccollins/allmols/O/opt/cam/m06hf/12ff12ff12ff-12ff_TD.log,12ff12ff12ff-12ff,---,[],"td m06hf/6-31g(d,p)",-7.25346648132,0.768993707841,101,5.8096,-1517.8263364,3.8936,1.26666666667
/home/ccollins/allmols/O/opt/cam/m06hf/4ai4ai4ai4ai_TD.log,4ai4ai4ai4ai,---,[],"td m06hf/6-31g(d,p)",-8.66682575893,1.18423942552,97,1.0811,-1082.4338697,5.4503,8.53333333333
/home/ccollins/allmols/O/opt/cam/m06hf/12ee12ee12ee-12ee-_TD.log,12ee12ee12ee-12ee-,---,[],"td m06hf/6-31g(d,p)",-8.01620157087,0.0212248794096,117,0.0001,-1525.3683113,3.9353,4.53333333333
/home/ccollins/allmols/O/opt/cam/m06hf/222-2-_TD.log,222-2-,---,[],"td m06hf/6-31g(d,p)",-8.2349810971,0.624229145714,29,0.0139,-310.7020855,4.5197,1.18333333333
/home/ccollins/allmols/O/opt/cam/m06hf/12il12il-12il12il-_TD.log,12il12il-12il12il-,---,[],"td m06hf/6-31g(d,p)",-7.26924908396,1.08845535434,117,2.3484,-1531.4621578,4.1053,4.06666666667
/home/ccollins/allmols/O/opt/cam/m06hf/12il12il12il12il_TD.log,12il12il12il12il,---,[],"td m06hf/6-31g(d,p)",-7.56177146044,1.29852723773,117,2.4415,-1531.4538277,4.4549,3.21666666667
/home/ccollins/allmols/O/opt/cam/m06hf/4fe4fe4fe-4fe-_TD.log,4fe4fe4fe-4fe-,---,[],"td m06hf/6-31g(d,p)",-8.68832275218,0.372795958861,121,2.7391,-1530.5406558,4.3750,7.01666666667
/home/ccollins/allmols/O/opt/cam/m06hf/12fa12fa-12fa_TD.log,12fa12fa-12fa,---,[],"td m06hf/6-31g(d,p)",-7.48013730886,1.19240284068,64,4.8138,-913.0913607,4.3026,0.566666666667
/home/ccollins/allmols/O/opt/cam/m06hf/4il_TD.log,4il,---,[],"td m06hf/6-31g(d,p)",-8.83199885895,2.45120145797,33,1.2759,-385.9788275,5.5817,0.2
/home/ccollins/allmols/O/opt/cam/m06hf/222_TD.log,222,---,[],"td m06hf/6-31g(d,p)",-8.66927478348,1.21526040312,22,0.0000,-233.3231801,5.4656,0.133333333333
/home/ccollins/allmols/O/opt/cam/m06hf/12le12le-12le-12le-_TD.log,12le12le-12le-12le-,---,[],"td m06hf/6-31g(d,p)",-7.58462902288,0.51728840715,125,2.7960,-1678.7618576,3.9413,5.68333333333
/home/ccollins/allmols/O/opt/cam/m06hf/4aa4aa_TD.log,4aa4aa,---,[],"td m06hf/6-31g(d,p)",-9.03009773344,1.46642147613,41,0.0001,-463.1987886,5.6634,0.35
/home/ccollins/allmols/O/opt/cam/m06hf/12ia12ia-12ia-12ia-_TD.log,12ia12ia-12ia-12ia-,---,[],"td m06hf/6-31g(d,p)",-7.29537201246,1.09634665566,85,1.2597,-1073.5309045,4.1579,1.53333333333
/home/ccollins/allmols/O/opt/cam/m06hf/12fl12fl12fl_TD.log,12fl12fl12fl,---,[],"td m06hf/6-31g(d,p)",-7.02108126317,1.51104814566,88,5.3449,-1256.4894858,4.2338,1.13333333333
/home/ccollins/allmols/O/opt/cam/m06hf/4fe4fe-4fe-4fe-_TD.log,4fe4fe-4fe-4fe-,---,[],"td m06hf/6-31g(d,p)",-8.62546445546,0.428579295771,121,5.6275,-1530.5453903,4.3741,10.2166666667
/home/ccollins/allmols/O/opt/cam/m06hf/4ef4ef_TD.log,4ef4ef,---,[],"td m06hf/6-31g(d,p)",-8.70573803785,1.1763481242,61,2.8539,-765.8552884,4.3894,2.91666666667
/home/ccollins/allmols/O/opt/cam/m06hf/12ia12ia12ia-12ia_TD.log,12ia12ia12ia-12ia,---,[],"td m06hf/6-31g(d,p)",-7.2921066464,1.07294486554,85,1.6770,-1073.5344274,4.1297,2.05
/home/ccollins/allmols/O/opt/cam/m06hf/22-2_TD.log,22-2,---,[],"td m06hf/6-31g(d,p)",-8.67417283257,0.969269493039,22,0.0000,-233.3122517,4.8154,0.133333333333
/home/ccollins/allmols/O/opt/cam/m06hf/4ef4ef4ef4ef-_TD.log,4ef4ef4ef4ef-,---,[],"td m06hf/6-31g(d,p)",-8.45729810322,0.78831379038,121,3.3819,-1530.5300002,4.3848,11.85
/home/ccollins/allmols/O/opt/cam/m06hf/11111111_TD.log,11111111,---,[],"td m06hf/6-31g(d,p)",-11.5202114703,-1.39539976426,29,3.0240,-454.2534318,1.2977,0.183333333333
/home/ccollins/allmols/O/opt/cam/m06hf/4ia4ia4ia-4ia-_TD.log,4ia4ia4ia-4ia-,---,[],"td m06hf/6-31g(d,p)",-8.66546518974,1.17798080723,97,1.0359,-1082.4338364,5.4432,3.26666666667
/home/ccollins/allmols/O/opt/cam/m06hf/4ff_TD.log,4ff,---,[],"td m06hf/6-31g(d,p)",-8.70519381017,2.18072030242,29,0.0001,-382.5745505,5.3345,0.116666666667
/home/ccollins/allmols/O/opt/cam/m06hf/12ef12ef-_TD.log,12ef12ef-,---,[],"td m06hf/6-31g(d,p)",-8.28124044965,0.893893959751,55,1.8189,-761.3910016,4.3208,0.683333333333
/home/ccollins/allmols/O/opt/cam/m06hf/1111-_TD.log,1111-,---,[],"td m06hf/6-31g(d,p)",-11.6875614811,0.0851716314771,15,0.0000,-227.7285941,2.0270,0.0666666666667
/home/ccollins/allmols/O/opt/cam/m06hf/4ea4ea-4ea4ea_TD.log,4ea4ea-4ea4ea,---,[],"td m06hf/6-31g(d,p)",-8.75580698415,0.497424096933,105,1.4616,-1229.7539867,4.3507,4.71666666667
/home/ccollins/allmols/O/opt/cam/m06hf/4ae4ae-4ae4ae-_TD.log,4ae4ae-4ae4ae-,---,[],"td m06hf/6-31g(d,p)",-8.74927625202,0.504499056736,105,1.4370,-1229.7542061,4.3537,6.6
/home/ccollins/allmols/O/opt/cam/m06hf/4ef4ef-4ef-4ef_TD.log,4ef4ef-4ef-4ef,---,[],"td m06hf/6-31g(d,p)",-8.54872835298,0.555384344552,121,3.1352,-1530.5394043,4.3715,11.3666666667
/home/ccollins/allmols/O/opt/cam/m06hf/12ei_TD.log,12ei,---,[],"td m06hf/6-31g(d,p)",-9.15608644071,2.42698332634,28,0.7461,-345.4006359,4.4065,0.15
/home/ccollins/allmols/O/opt/cam/m06hf/12af12af-_TD.log,12af12af-,---,[],"td m06hf/6-31g(d,p)",-8.08586271355,1.65907807385,43,2.0604,-609.121963,4.9790,0.35
/home/ccollins/allmols/O/opt/cam/m06hf/4ia4ia-_TD.log,4ia4ia-,---,[],"td m06hf/6-31g(d,p)",-9.07227537842,1.71839889066,49,0.4669,-541.8058355,5.6286,0.55
/home/ccollins/allmols/O/opt/cam/m06hf/12ii12ii-_TD.log,12ii12ii-,---,[],"td m06hf/6-31g(d,p)",-7.8415044865,2.09718135397,51,0.1485,-615.9665215,5.1705,0.8
/home/ccollins/allmols/O/opt/cam/m06hf/4fe4fe4fe_TD.log,4fe4fe4fe,---,[],"td m06hf/6-31g(d,p)",-8.55934079269,0.848723062546,91,4.0726,-1148.193312,4.3851,3.16666666667
/home/ccollins/allmols/O/opt/cam/m06hf/4ae4ae-_TD.log,4ae4ae-,---,[],"td m06hf/6-31g(d,p)",-9.09050700561,1.00219526751,53,0.7104,-615.4662006,4.3568,1.18333333333
/home/ccollins/allmols/O/opt/cam/m06hf/4af4af-4af4af_TD.log,4af4af-4af4af,---,[],"td m06hf/6-31g(d,p)",-8.49757095133,0.782871513609,97,3.9392,-1226.0007311,4.9101,5.5
/home/ccollins/allmols/O/opt/cam/m06hf/12fi12fi12fi_TD.log,12fi12fi12fi,---,[],"td m06hf/6-31g(d,p)",-7.42925202105,1.61744465655,76,5.9351,-1031.0018056,4.6009,1.11666666667
/home/ccollins/allmols/O/opt/cam/m06hf/4ae4ae-4ae_TD.log,4ae4ae-4ae,---,[],"td m06hf/6-31g(d,p)",-8.86982268251,0.684094190202,79,1.1317,-922.6099996,4.3539,3.73333333333
/home/ccollins/allmols/O/opt/cam/m06hf/12ie12ie-12ie-12ie-_TD.log,12ie12ie-12ie-12ie-,---,[],"td m06hf/6-31g(d,p)",-7.77102700231,0.691441263844,109,0.8661,-1378.0727234,4.1835,4.03333333333
/home/ccollins/allmols/O/opt/cam/m06hf/12ff12ff-_TD.log,12ff12ff-,---,[],"td m06hf/6-31g(d,p)",-8.13946913975,1.59159384188,51,0.0001,-759.5001008,5.0225,0.366666666667
/home/ccollins/allmols/O/opt/cam/m06hf/12ai12ai_TD.log,12ai12ai,---,[],"td m06hf/6-31g(d,p)",-8.09756360861,1.99840403057,43,1.6047,-537.3525166,5.2684,0.416666666667
/home/ccollins/allmols/O/opt/cam/m06hf/4ai4ai-4ai_TD.log,4ai4ai-4ai,---,[],"td m06hf/6-31g(d,p)",-8.80206633671,1.36437878666,73,0.7963,-812.1198401,5.5041,3.8
/home/ccollins/allmols/O/opt/cam/m06hf/4ia4ia4ia4ia_TD.log,4ia4ia4ia4ia,---,[],"td m06hf/6-31g(d,p)",-8.66682575893,1.18423942552,97,1.0811,-1082.4338697,5.4503,3.26666666667
/home/ccollins/allmols/O/opt/cam/m06hf/4al_TD.log,4al,---,[],"td m06hf/6-31g(d,p)",-9.07173115074,2.42290161876,29,1.3734,-346.6751276,5.6903,0.466666666667
/home/ccollins/allmols/O/opt/cam/m06hf/4ea4ea-4ea-4ea_TD.log,4ea4ea-4ea-4ea,---,[],"td m06hf/6-31g(d,p)",-8.75363007344,0.496607755417,105,1.3418,-1229.7539101,4.3537,6.33333333333
/home/ccollins/allmols/O/opt/cam/m06hf/4ff4ff4ff-4ff-_TD.log,4ff4ff4ff-4ff-,---,[],"td m06hf/6-31g(d,p)",-8.41512045824,0.662325083116,113,1.5061,-1526.7812303,4.6530,3.76666666667
/home/ccollins/allmols/O/opt/cam/m06hf/4ae4ae4ae_TD.log,4ae4ae4ae,---,[],"td m06hf/6-31g(d,p)",-8.89376870031,0.673753864336,79,1.1336,-922.6099349,4.3503,5.46666666667
/home/ccollins/allmols/O/opt/cam/m06hf/12ef12ef_TD.log,12ef12ef,---,[],"td m06hf/6-31g(d,p)",-8.21783792526,1.02995087904,55,2.2387,-761.3874986,4.2942,0.783333333333
/home/ccollins/allmols/O/opt/cam/m06hf/12fa12fa-_TD.log,12fa12fa-,---,[],"td m06hf/6-31g(d,p)",-8.08586271355,1.65907807385,43,2.0604,-609.121963,4.9790,0.35
/home/ccollins/allmols/O/opt/cam/m06hf/4aa4aa4aa-4aa-_TD.log,4aa4aa4aa-4aa-,---,[],"td m06hf/6-31g(d,p)",-8.50056420355,0.773619643097,81,0.0018,-925.2210886,5.0445,3.41666666667
/home/ccollins/allmols/O/opt/cam/m06hf/12ll12ll12ll12ll_TD.log,12ll12ll12ll12ll,---,[],"td m06hf/6-31g(d,p)",-7.96694896609,1.64003010515,133,3.7622,-1832.144545,4.8794,6.7
/home/ccollins/allmols/O/opt/cam/m06hf/4aa4aa-4aa-4aa-_TD.log,4aa4aa-4aa-4aa-,---,[],"td m06hf/6-31g(d,p)",-8.50083631739,0.773891756935,81,0.0019,-925.2210902,5.0448,3.51666666667
/home/ccollins/allmols/O/opt/cam/m06hf/12aa12aa12aa_TD.log,12aa12aa12aa,---,[],"td m06hf/6-31g(d,p)",-7.71116195782,1.25335634052,52,1.2138,-687.5246767,4.5341,0.466666666667
/home/ccollins/allmols/O/opt/cam/m06hf/4fa4fa4fa_TD.log,4fa4fa4fa,---,[],"td m06hf/6-31g(d,p)",-8.46546151838,1.05280844149,73,4.8070,-919.7919417,5.0669,3.66666666667
/home/ccollins/allmols/O/opt/cam/m06hf/4if4if4if_TD.log,4if4if4if,---,[],"td m06hf/6-31g(d,p)",-8.53811591328,1.44111488915,85,5.1029,-1037.7001512,5.2127,1.81666666667
/home/ccollins/allmols/O/opt/cam/m06hf/4ei4ei4ei-4ei_TD.log,4ei4ei4ei-4ei,---,[],"td m06hf/6-31g(d,p)",-8.96234138763,1.04110754643,121,2.9888,-1386.9735591,4.3809,11.4833333333
/home/ccollins/allmols/O/opt/cam/m06hf/4ia4ia_TD.log,4ia4ia,---,[],"td m06hf/6-31g(d,p)",-9.0728196061,1.71241238621,49,0.6017,-541.8058786,5.6309,0.566666666667
/home/ccollins/allmols/O/opt/cam/m06hf/4ff4ff4ff_TD.log,4ff4ff4ff,---,[],"td m06hf/6-31g(d,p)",-8.17538816645,1.06097185664,85,0.7399,-1145.3671058,4.7224,1.25
/home/ccollins/allmols/O/opt/cam/m06hf/4ea4ea4ea4ea_TD.log,4ea4ea4ea4ea,---,[],"td m06hf/6-31g(d,p)",-8.76696365153,0.501233690673,105,1.3750,-1229.7536369,4.3496,7.06666666667
/home/ccollins/allmols/O/opt/cam/m06hf/12ei12ei-12ei12ei-_TD.log,12ei12ei-12ei12ei-,---,[],"td m06hf/6-31g(d,p)",-7.53347162122,0.471845396106,109,1.4349,-1378.0768917,3.8727,2.93333333333
/home/ccollins/allmols/O/opt/cam/m06hf/12aa12aa-12aa_TD.log,12aa12aa-12aa,---,[],"td m06hf/6-31g(d,p)",-7.76014244876,1.20927389867,52,0.7611,-687.5315428,4.5173,0.433333333333
/home/ccollins/allmols/O/opt/cam/m06hf/4li_TD.log,4li,---,[],"td m06hf/6-31g(d,p)",-8.83199885895,2.45120145797,33,1.2759,-385.9788275,5.5817,0.2
/home/ccollins/allmols/O/opt/cam/m06hf/1111-11-11-_TD.log,1111-11-11-,---,[],"td m06hf/6-31g(d,p)",-11.3983044706,-1.18505576704,29,3.8443,-454.2658957,1.4340,0.166666666667
/home/ccollins/allmols/O/opt/cam/m06hf/12ff12ff-12ff-12ff_TD.log,12ff12ff-12ff-12ff,---,[],"td m06hf/6-31g(d,p)",-7.17890728955,0.811715580499,101,0.3755,-1517.8226301,3.8634,1.45
/home/ccollins/allmols/O/opt/cam/m06hf/4fe4fe-4fe-4fe_TD.log,4fe4fe-4fe-4fe,---,[],"td m06hf/6-31g(d,p)",-8.55253794672,0.551030523134,121,2.6170,-1530.5396133,4.3734,10.55
/home/ccollins/allmols/O/opt/cam/m06hf/12ei12ei-12ei12ei_TD.log,12ei12ei-12ei12ei,---,[],"td m06hf/6-31g(d,p)",-7.6031327639,0.527900846855,109,1.7823,-1378.0757765,3.9723,3.6
/home/ccollins/allmols/O/opt/cam/m06hf/12ef12ef12ef12ef_TD.log,12ef12ef12ef12ef,---,[],"td m06hf/6-31g(d,p)",-7.55034267922,0.217691070868,109,2.1494,-1521.606226,3.6590,1.66666666667
/home/ccollins/allmols/O/opt/cam/m06hf/111111-11_TD.log,111111-11,---,[],"td m06hf/6-31g(d,p)",-11.278030154,-1.1502251957,29,3.3750,-454.2679968,1.3470,0.133333333333
/home/ccollins/allmols/O/opt/cam/m06hf/4aa4aa4aa-4aa_TD.log,4aa4aa4aa-4aa,---,[],"td m06hf/6-31g(d,p)",-8.50056420355,0.773619643097,81,0.0018,-925.2210872,5.0445,2.75
/home/ccollins/allmols/O/opt/cam/m06hf/12al12al12al12al-_TD.log,12al12al12al12al-,---,[],"td m06hf/6-31g(d,p)",-6.85944564305,1.06042762897,101,5.3989,-1374.231461,3.8569,1.83333333333
/home/ccollins/allmols/O/opt/cam/m06hf/4ai4ai4ai4ai-_TD.log,4ai4ai4ai4ai-,---,[],"td m06hf/6-31g(d,p)",-8.65920657145,1.17253853046,97,1.1537,-1082.4338676,5.4436,5.6
/home/ccollins/allmols/O/opt/cam/m06hf/12il12il-12il-12il-_TD.log,12il12il-12il-12il-,---,[],"td m06hf/6-31g(d,p)",-7.33428429138,1.23321991647,117,2.0490,-1531.4578394,4.2323,4.36666666667
/home/ccollins/allmols/O/opt/cam/m06hf/12la12la12la12la_TD.log,12la12la12la12la,---,[],"td m06hf/6-31g(d,p)",-6.84039767435,1.08627844363,101,5.8371,-1374.2320043,3.8684,1.88333333333
/home/ccollins/allmols/O/opt/cam/m06hf/22-22_TD.log,22-22,---,[],"td m06hf/6-31g(d,p)",-8.2349810971,0.54613247404,29,0.0206,-310.6962506,4.3443,0.183333333333
/home/ccollins/allmols/O/opt/cam/m06hf/12il12il_TD.log,12il12il,---,[],"td m06hf/6-31g(d,p)",-8.20423223334,1.99731557521,59,2.8704,-766.3142234,5.3079,1.06666666667
/home/ccollins/allmols/O/opt/cam/m06hf/12ia12ia-12ia12ia_TD.log,12ia12ia-12ia12ia,---,[],"td m06hf/6-31g(d,p)",-7.30462388297,1.07457754857,85,1.5106,-1073.5339302,4.1436,2.6
/home/ccollins/allmols/O/opt/cam/m06hf/4lf4lf-4lf-4lf-_TD.log,4lf4lf-4lf-4lf-,---,[],"td m06hf/6-31g(d,p)",-7.95116636345,1.04029120491,129,7.4385,-1683.9386846,4.6864,4.45
/home/ccollins/allmols/O/opt/cam/m06hf/4ii4ii_TD.log,4ii4ii,---,[],"td m06hf/6-31g(d,p)",-9.20044099639,2.32956657213,57,0.1671,-620.4149815,5.6739,0.85
/home/ccollins/allmols/O/opt/cam/m06hf/4if4if-4if4if-_TD.log,4if4if-4if4if-,---,[],"td m06hf/6-31g(d,p)",-8.64070283043,1.35539902999,113,2.8895,-1383.2177759,5.2461,5.41666666667
/home/ccollins/allmols/O/opt/cam/m06hf/4fe4fe-4fe_TD.log,4fe4fe-4fe,---,[],"td m06hf/6-31g(d,p)",-8.67879876783,0.879199812468,91,1.8442,-1148.19727,4.3909,2.58333333333
/home/ccollins/allmols/O/opt/cam/m06hf/12lf12lf12lf12lf-_TD.log,12lf12lf12lf12lf-,---,[],"td m06hf/6-31g(d,p)",-7.30734502136,0.708856549514,117,2.4374,-1674.9996372,3.8660,3.3
/home/ccollins/allmols/O/opt/cam/m06hf/12ll_TD.log,12ll,---,[],"td m06hf/6-31g(d,p)",-8.8534958522,3.42618534162,34,2.6534,-458.9167164,6.7652,0.266666666667
/home/ccollins/allmols/O/opt/cam/m06hf/1111_TD.log,1111,---,[],"td m06hf/6-31g(d,p)",-11.562933343,0.0680284596462,15,3.7886,-227.7208405,1.9043,0.05
/home/ccollins/allmols/O/opt/cam/m06hf/12ai12ai12ai12ai_TD.log,12ai12ai12ai12ai,---,[],"td m06hf/6-31g(d,p)",-7.31741323339,1.14913674034,85,1.4526,-1073.5275613,4.2146,1.56666666667
/home/ccollins/allmols/O/opt/cam/m06hf/4ai4ai-_TD.log,4ai4ai-,---,[],"td m06hf/6-31g(d,p)",-9.07227537842,1.71839889066,49,0.4669,-541.8058356,5.6286,0.6
/home/ccollins/allmols/O/opt/cam/m06hf/4fi4fi_TD.log,4fi4fi,---,[],"td m06hf/6-31g(d,p)",-8.72342543736,1.78506678112,57,3.2193,-692.193066,5.3780,0.7
/home/ccollins/allmols/O/opt/cam/m06hf/12aa12aa_TD.log,12aa12aa,---,[],"td m06hf/6-31g(d,p)",-8.21239564849,1.82642808458,35,1.1381,-458.7426832,5.2243,0.216666666667
/home/ccollins/allmols/O/opt/cam/m06hf/12ll12ll-12ll-12ll_TD.log,12ll12ll-12ll-12ll,---,[],"td m06hf/6-31g(d,p)",-7.50816503423,1.131177227,133,2.7860,-1832.1503686,4.2765,7.03333333333
/home/ccollins/allmols/O/opt/cam/m06hf/12li12li-_TD.log,12li12li-,---,[],"td m06hf/6-31g(d,p)",-7.92449920727,1.93391305082,59,1.5960,-766.3170636,5.1093,1.0
/home/ccollins/allmols/O/opt/cam/m06hf/12fa_TD.log,12fa,---,[],"td m06hf/6-31g(d,p)",-9.0262881397,3.27135256747,22,2.1608,-305.145118,6.7005,0.1
/home/ccollins/allmols/O/opt/cam/m06hf/4ee4ee_TD.log,4ee4ee,---,[],"td m06hf/6-31g(d,p)",-9.02002952141,0.393748724432,65,0.1516,-767.7326879,4.3142,2.8
/home/ccollins/allmols/O/opt/cam/m06hf/1111-1111-_TD.log,1111-1111-,---,[],"td m06hf/6-31g(d,p)",-11.2837445446,-0.616065730556,29,0.4414,-454.2736012,1.7771,0.15
/home/ccollins/allmols/O/opt/cam/m06hf/12ei12ei-12ei_TD.log,12ei12ei-12ei,---,[],"td m06hf/6-31g(d,p)",-7.73483586178,0.718924761541,82,1.2333,-1033.85107,4.1552,2.15
/home/ccollins/allmols/O/opt/cam/m06hf/12ai_TD.log,12ai,---,[],"td m06hf/6-31g(d,p)",-9.15581432687,3.45992745761,22,0.9999,-269.2647976,6.9737,0.183333333333
/home/ccollins/allmols/O/opt/cam/m06hf/4ii4ii4ii4ii_TD.log,4ii4ii4ii4ii,---,[],"td m06hf/6-31g(d,p)",-9.16996424647,2.15595794311,113,0.0591,-1239.653553,5.6245,4.88333333333
/home/ccollins/allmols/O/opt/cam/m06hf/4ff4ff-4ff_TD.log,4ff4ff-4ff,---,[],"td m06hf/6-31g(d,p)",-8.37076590255,0.981786729614,85,0.0001,-1145.3825255,4.7735,1.61666666667
/home/ccollins/allmols/O/opt/cam/m06hf/4ei4ei-_TD.log,4ei4ei-,---,[],"td m06hf/6-31g(d,p)",-9.0382611486,1.23458048566,61,1.4071,-694.0758266,4.3824,3.73333333333
/home/ccollins/allmols/O/opt/cam/m06hf/4ea4ea-4ea-4ea-_TD.log,4ea4ea-4ea-4ea-,---,[],"td m06hf/6-31g(d,p)",-8.7653309685,0.49606352774,105,1.2139,-1229.7537752,4.3498,8.86666666667
/home/ccollins/allmols/O/opt/cam/m06hf/12fl12fl-12fl_TD.log,12fl12fl-12fl,---,[],"td m06hf/6-31g(d,p)",-7.19414566451,1.40710065932,88,6.3885,-1256.5014178,4.2508,1.43333333333
/home/ccollins/allmols/O/opt/cam/m06hf/4ea_TD.log,4ea,---,[],"td m06hf/6-31g(d,p)",-9.37024003167,1.44301968602,27,0.6108,-308.3222801,4.4098,0.1
/home/ccollins/allmols/O/opt/cam/m06hf/222-2_TD.log,222-2,---,[],"td m06hf/6-31g(d,p)",-8.2349810971,0.54613247404,29,0.0205,-310.6962506,4.3443,0.15
/home/ccollins/allmols/O/opt/cam/m06hf/12ff12ff-12ff_TD.log,12ff12ff-12ff,---,[],"td m06hf/6-31g(d,p)",-7.46353836471,1.18940958845,76,3.2143,-1138.6588947,4.2832,0.766666666667
/home/ccollins/allmols/O/opt/cam/m06hf/12ll12ll12ll-12ll-_TD.log,12ll12ll12ll-12ll-,---,[],"td m06hf/6-31g(d,p)",-7.49183820392,1.47023106987,133,4.1006,-1832.142908,4.5022,6.16666666667
/home/ccollins/allmols/O/opt/cam/m06hf/12if12if-12if12if_TD.log,12if12if-12if12if,---,[],"td m06hf/6-31g(d,p)",-7.24829631839,1.05226421381,101,2.5680,-1374.2904149,4.0317,3.23333333333
/home/ccollins/allmols/O/opt/cam/m06hf/12if12if-12if-12if_TD.log,12if12if-12if-12if,---,[],"td m06hf/6-31g(d,p)",-7.08393955988,1.02641339914,101,3.6753,-1374.2889879,3.9248,2.35
/home/ccollins/allmols/O/opt/cam/m06hf/4ia4ia-4ia4ia-_TD.log,4ia4ia-4ia4ia-,---,[],"td m06hf/6-31g(d,p)",-8.66356039287,1.17090584743,97,1.0819,-1082.4339997,5.4256,3.23333333333
/home/ccollins/allmols/O/opt/cam/m06hf/4af4af-4af_TD.log,4af4af-4af,---,[],"td m06hf/6-31g(d,p)",-8.56995323239,1.08192462221,73,2.5064,-919.7960412,5.0639,3.3
/home/ccollins/allmols/O/opt/cam/m06hf/12ff12ff12ff-12ff-_TD.log,12ff12ff12ff-12ff-,---,[],"td m06hf/6-31g(d,p)",-7.43415007014,0.531982554434,101,0.0001,-1517.834105,3.8694,1.18333333333
/home/ccollins/allmols/O/opt/cam/m06hf/4fe4fe-4fe4fe_TD.log,4fe4fe-4fe4fe,---,[],"td m06hf/6-31g(d,p)",-8.53593900257,0.791579156444,121,2.8370,-1530.535199,4.3878,12.55
/home/ccollins/allmols/O/opt/cam/m06hf/4aa4aa-4aa4aa-_TD.log,4aa4aa-4aa4aa-,---,[],"td m06hf/6-31g(d,p)",-8.5079112772,0.762190861876,81,0.0000,-925.220997,5.0350,3.58333333333
/home/ccollins/allmols/O/opt/cam/m06hf/12fi12fi-_TD.log,12fi12fi-,---,[],"td m06hf/6-31g(d,p)",-7.90735603544,1.82125792165,51,2.1102,-687.7350554,4.9813,0.516666666667
/home/ccollins/allmols/O/opt/cam/m06hf/12lf12lf-12lf-12lf_TD.log,12lf12lf-12lf-12lf,---,[],"td m06hf/6-31g(d,p)",-7.15523338559,0.939336970795,117,4.5479,-1674.982421,3.8921,4.86666666667
/home/ccollins/allmols/O/opt/cam/m06hf/4ie4ie-4ie4ie_TD.log,4ie4ie-4ie4ie,---,[],"td m06hf/6-31g(d,p)",-8.95417797248,1.02042689469,121,2.7182,-1386.974035,4.3817,6.18333333333
/home/ccollins/allmols/O/opt/cam/m06hf/12ee12ee-12ee_TD.log,12ee12ee-12ee,---,[],"td m06hf/6-31g(d,p)",-8.07878775375,0.181227816498,88,0.1539,-1144.3242815,4.0293,1.9
/home/ccollins/allmols/O/opt/cam/m06hf/12af12af12af12af_TD.log,12af12af12af12af,---,[],"td m06hf/6-31g(d,p)",-7.4303404764,0.763007203392,85,1.7206,-1217.0467282,4.0073,1.3
/home/ccollins/allmols/O/opt/cam/m06hf/4ef4ef-4ef4ef-_TD.log,4ef4ef-4ef4ef-,---,[],"td m06hf/6-31g(d,p)",-8.5876406319,0.813620377369,121,1.9212,-1530.5346123,4.3879,11.8333333333
/home/ccollins/allmols/O/opt/cam/m06hf/4ie4ie-4ie-4ie-_TD.log,4ie4ie-4ie-4ie-,---,[],"td m06hf/6-31g(d,p)",-8.95472220015,1.02124323621,121,2.7280,-1386.9740068,4.3818,5.68333333333
/home/ccollins/allmols/O/opt/cam/m06hf/4fe4fe4fe4fe_TD.log,4fe4fe4fe4fe,---,[],"td m06hf/6-31g(d,p)",-8.46192403848,0.66912792908,121,5.2186,-1530.5311643,4.3837,5.7
/home/ccollins/allmols/O/opt/cam/m06hf/12ea_TD.log,12ea,---,[],"td m06hf/6-31g(d,p)",-9.26738100069,2.38915950278,24,0.4090,-306.094268,4.4127,0.116666666667
/home/ccollins/allmols/O/opt/cam/m06hf/4ff4ff-4ff-4ff-_TD.log,4ff4ff-4ff-4ff-,---,[],"td m06hf/6-31g(d,p)",-8.59281079483,0.618242641265,113,1.2317,-1526.7893769,4.6407,3.96666666667
/home/ccollins/allmols/O/opt/cam/m06hf/4ea4ea4ea-4ea_TD.log,4ea4ea4ea-4ea,---,[],"td m06hf/6-31g(d,p)",-8.75254161808,0.510213447347,105,1.5542,-1229.7539822,4.3536,7.6
/home/ccollins/allmols/O/opt/cam/m06hf/4li4li-4li-4li-_TD.log,4li4li-4li-4li-,---,[],"td m06hf/6-31g(d,p)",-8.38110622842,1.60002937088,129,3.8513,-1540.3787936,5.2460,5.4
/home/ccollins/allmols/O/opt/cam/m06hf/12ii12ii12ii_TD.log,12ii12ii12ii,---,[],"td m06hf/6-31g(d,p)",-7.884498473,1.9034363009,76,2.2380,-923.3592827,5.0954,1.9
/home/ccollins/allmols/O/opt/cam/m06hf/12ia12ia_TD.log,12ia12ia,---,[],"td m06hf/6-31g(d,p)",-8.09756360861,1.99840403057,43,1.6047,-537.3525166,5.2684,0.433333333333
/home/ccollins/allmols/O/opt/cam/m06hf/12fe12fe12fe-12fe_TD.log,12fe12fe12fe-12fe,---,[],"td m06hf/6-31g(d,p)",-7.45238169732,0.222589119962,109,6.5058,-1521.6024346,3.6311,1.95
/home/ccollins/allmols/O/opt/cam/m06hf/12ae12ae_TD.log,12ae12ae,---,[],"td m06hf/6-31g(d,p)",-8.37430338245,1.07729868696,47,0.7003,-611.0119,4.3429,0.433333333333
/home/ccollins/allmols/O/opt/cam/m06hf/12le_TD.log,12le,---,[],"td m06hf/6-31g(d,p)",-9.18084880002,2.38997584429,32,1.4635,-420.5740144,4.3792,0.966666666667
/home/ccollins/allmols/O/opt/cam/m06hf/4ae_TD.log,4ae,---,[],"td m06hf/6-31g(d,p)",-9.37024003167,1.44329179985,27,0.6109,-308.3222819,4.4101,0.166666666667
/home/ccollins/allmols/O/opt/cam/m06hf/4ia4ia-4ia-4ia_TD.log,4ia4ia-4ia-4ia,---,[],"td m06hf/6-31g(d,p)",-8.66845844196,1.18042983178,97,1.0763,-1082.4338586,5.4433,3.41666666667
/home/ccollins/allmols/O/opt/cam/m06hf/4ea4ea4ea4ea-_TD.log,4ea4ea4ea4ea-,---,[],"td m06hf/6-31g(d,p)",-8.75662332566,0.503682715221,105,1.5176,-1229.7537873,4.3529,10.4833333333
/home/ccollins/allmols/O/opt/cam/m06hf/4fa4fa-4fa-4fa_TD.log,4fa4fa-4fa-4fa,---,[],"td m06hf/6-31g(d,p)",-8.47852298263,0.821511678688,97,2.7545,-1226.0049369,4.9214,4.73333333333
/home/ccollins/allmols/O/opt/cam/m06hf/4ei4ei4ei_TD.log,4ei4ei4ei,---,[],"td m06hf/6-31g(d,p)",-8.98628740543,1.08682267131,91,1.8773,-1040.5248717,4.3828,5.61666666667
/home/ccollins/allmols/O/opt/cam/m06hf/12af12af12af-12af-_TD.log,12af12af12af-12af-,---,[],"td m06hf/6-31g(d,p)",-7.36149567524,0.702597931226,85,4.0924,-1217.0611755,3.9192,1.28333333333
/home/ccollins/allmols/O/opt/cam/m06hf/4ea4ea4ea-4ea-_TD.log,4ea4ea4ea-4ea-,---,[],"td m06hf/6-31g(d,p)",-8.75662332566,0.499601007642,105,1.3630,-1229.7537591,4.3504,8.91666666667
/home/ccollins/allmols/O/opt/cam/m06hf/12li12li-12li12li_TD.log,12li12li-12li12li,---,[],"td m06hf/6-31g(d,p)",-7.18979184309,0.978521363551,117,1.3470,-1531.4624428,3.9795,7.73333333333
/home/ccollins/allmols/O/opt/cam/m06hf/12ee12ee12ee_TD.log,12ee12ee12ee,---,[],"td m06hf/6-31g(d,p)",-8.38056200074,0.428579295771,88,0.6936,-1144.3202604,4.2087,2.63333333333
/home/ccollins/allmols/O/opt/cam/m06hf/4ie4ie-_TD.log,4ie4ie-,---,[],"td m06hf/6-31g(d,p)",-9.0382611486,1.23430837182,61,1.4068,-694.0758269,4.3824,1.08333333333
/home/ccollins/allmols/O/opt/cam/m06hf/12fi12fi-12fi-12fi-_TD.log,12fi12fi-12fi-12fi-,---,[],"td m06hf/6-31g(d,p)",-7.65755553162,1.0606997428,101,1.6447,-1374.2934762,4.3309,2.16666666667
/home/ccollins/allmols/O/opt/cam/m06hf/12ae12ae12ae12ae-_TD.log,12ae12ae12ae12ae-,---,[],"td m06hf/6-31g(d,p)",-7.71633212075,0.268304244845,93,0.9076,-1220.8468856,3.9053,1.35
/home/ccollins/allmols/O/opt/cam/m06hf/12ii12ii12ii12ii-_TD.log,12ii12ii12ii12ii-,---,[],"td m06hf/6-31g(d,p)",-7.51578422172,1.58288619905,101,1.6716,-1230.7560704,4.6139,3.06666666667
/home/ccollins/allmols/O/opt/cam/m06hf/12li12li12li12li_TD.log,12li12li12li12li,---,[],"td m06hf/6-31g(d,p)",-7.18979184309,0.978521363551,117,1.3468,-1531.4624426,3.9795,7.78333333333
/home/ccollins/allmols/O/opt/cam/m06hf/12al12al12al-12al_TD.log,12al12al12al-12al,---,[],"td m06hf/6-31g(d,p)",-6.99604679002,1.04355657097,101,6.5108,-1374.2278669,3.9287,2.05
/home/ccollins/allmols/O/opt/cam/m06hf/4ai4ai4ai_TD.log,4ai4ai4ai,---,[],"td m06hf/6-31g(d,p)",-8.80179422287,1.36655569737,73,0.8541,-812.1198853,5.5125,2.48333333333
/home/ccollins/allmols/O/opt/cam/m06hf/12ie12ie12ie-12ie-_TD.log,12ie12ie12ie-12ie-,---,[],"td m06hf/6-31g(d,p)",-7.70218220115,0.615521502879,109,1.1565,-1378.0736464,4.1110,3.5
/home/ccollins/allmols/O/opt/cam/m06hf/12fl12fl12fl12fl-_TD.log,12fl12fl12fl12fl-,---,[],"td m06hf/6-31g(d,p)",-6.83658808061,1.07648234544,117,5.8687,-1674.9443201,3.7857,3.01666666667
/home/ccollins/allmols/O/opt/cam/m06hf/12aa12aa-_TD.log,12aa12aa-,---,[],"td m06hf/6-31g(d,p)",-8.22464077123,1.82833288145,35,0.0000,-458.7459026,5.2400,0.216666666667
/home/ccollins/allmols/O/opt/cam/m06hf/12ie12ie-12ie12ie_TD.log,12ie12ie-12ie12ie,---,[],"td m06hf/6-31g(d,p)",-7.58816650278,0.514023041087,109,1.3538,-1378.0749026,3.9378,4.35
/home/ccollins/allmols/O/opt/cam/m06hf/4aa4aa4aa4aa_TD.log,4aa4aa4aa4aa,---,[],"td m06hf/6-31g(d,p)",-8.48723062546,0.779878261384,81,0.0002,-925.2208061,5.0439,4.05
/home/ccollins/allmols/O/opt/cam/m06hf/12il12il12il-12il_TD.log,12il12il12il-12il,---,[],"td m06hf/6-31g(d,p)",-7.36176778908,1.16110974924,117,2.3713,-1531.4602172,4.2256,4.1
/home/ccollins/allmols/O/opt/cam/m06hf/12el12el-12el-12el-_TD.log,12el12el-12el-12el-,---,[],"td m06hf/6-31g(d,p)",-7.737829114,0.91729574987,125,4.1369,-1678.7569807,4.2383,3.9
/home/ccollins/allmols/O/opt/cam/m06hf/12ia12ia12ia-12ia-_TD.log,12ia12ia12ia-12ia-,---,[],"td m06hf/6-31g(d,p)",-7.22326184524,1.06124397048,85,0.2917,-1073.5312411,4.0943,1.71666666667
/home/ccollins/allmols/O/opt/cam/m06hf/2222_TD.log,2222,---,[],"td m06hf/6-31g(d,p)",-8.22409654355,0.712666143254,29,0.0000,-310.707044,4.8202,0.15
/home/ccollins/allmols/O/opt/cam/m06hf/4ai4ai_TD.log,4ai4ai,---,[],"td m06hf/6-31g(d,p)",-9.0728196061,1.71268450005,49,0.6016,-541.8058785,5.6309,1.36666666667
/home/ccollins/allmols/O/opt/cam/m06hf/12ia12ia12ia12ia-_TD.log,12ia12ia12ia12ia-,---,[],"td m06hf/6-31g(d,p)",-7.27414713305,1.08138039454,85,1.6987,-1073.5314177,4.1227,1.85
/home/ccollins/allmols/O/opt/cam/m06hf/12ia_TD.log,12ia,---,[],"td m06hf/6-31g(d,p)",-9.15581432687,3.45992745761,22,1.0000,-269.2647975,6.9737,0.183333333333
/home/ccollins/allmols/O/opt/cam/m06hf/4ie4ie4ie4ie-_TD.log,4ie4ie4ie4ie-,---,[],"td m06hf/6-31g(d,p)",-8.95200106177,0.991310713965,121,2.7377,-1386.9739004,4.3828,5.58333333333
/home/ccollins/allmols/O/opt/cam/m06hf/12li12li-12li-12li-_TD.log,12li12li-12li-12li-,---,[],"td m06hf/6-31g(d,p)",-7.37020331807,1.191858613,117,2.0036,-1531.4579792,4.2562,6.71666666667
/home/ccollins/allmols/O/opt/cam/m06hf/4ie4ie-4ie-4ie_TD.log,4ie4ie-4ie-4ie,---,[],"td m06hf/6-31g(d,p)",-8.95472220015,1.00246738135,121,2.7955,-1386.9740103,4.3837,4.75
/home/ccollins/allmols/O/opt/cam/m06hf/12al12al-12al12al_TD.log,12al12al-12al12al,---,[],"td m06hf/6-31g(d,p)",-7.01645532791,1.0239643746,101,6.2455,-1374.22897,3.8966,2.33333333333
/home/ccollins/allmols/O/opt/cam/m06hf/12fa12fa_TD.log,12fa12fa,---,[],"td m06hf/6-31g(d,p)",-7.89130131896,1.87840182775,43,4.2668,-609.1150334,5.0526,0.383333333333
/home/ccollins/allmols/O/opt/cam/m06hf/4ef4ef4ef-4ef_TD.log,4ef4ef4ef-4ef,---,[],"td m06hf/6-31g(d,p)",-8.52451022135,0.863689323669,121,3.3003,-1530.5352857,4.3880,13.7666666667
/home/ccollins/allmols/O/opt/cam/m06hf/4fe4fe4fe4fe-_TD.log,4fe4fe4fe4fe-,---,[],"td m06hf/6-31g(d,p)",-8.65376429468,0.514295154925,121,2.7122,-1530.5365789,4.3862,6.06666666667
/home/ccollins/allmols/O/opt/cam/m06hf/4ie_TD.log,4ie,---,[],"td m06hf/6-31g(d,p)",-9.1348615613,1.49825879525,31,1.0558,-347.6267267,4.4155,0.166666666667
/home/ccollins/allmols/O/opt/cam/m06hf/12ll12ll-12ll_TD.log,12ll12ll-12ll,---,[],"td m06hf/6-31g(d,p)",-7.91361465373,1.59159384188,100,3.0712,-1374.4041898,4.8492,4.53333333333
/home/ccollins/allmols/O/opt/cam/m06hf/12ie12ie-12ie12ie-_TD.log,12ie12ie-12ie12ie-,---,[],"td m06hf/6-31g(d,p)",-7.53347162122,0.471845396106,109,1.4348,-1378.0768914,3.8727,3.18333333333
/home/ccollins/allmols/O/opt/cam/m06hf/12if12if12if-12if_TD.log,12if12if12if-12if,---,[],"td m06hf/6-31g(d,p)",-7.31659689187,0.958112825657,101,1.7091,-1374.2908341,4.0320,2.48333333333
/home/ccollins/allmols/O/opt/cam/m06hf/12fi12fi-12fi12fi-_TD.log,12fi12fi-12fi12fi-,---,[],"td m06hf/6-31g(d,p)",-7.13945078295,0.872124852665,101,4.7389,-1374.2971143,3.8606,2.45
/home/ccollins/allmols/O/opt/cam/m06hf/12ai12ai12ai-12ai_TD.log,12ai12ai12ai-12ai,---,[],"td m06hf/6-31g(d,p)",-7.30489599681,1.07457754857,85,1.5106,-1073.5339297,4.1437,1.7
/home/ccollins/allmols/O/opt/cam/m06hf/12ef12ef12ef-12ef_TD.log,12ef12ef12ef-12ef,---,[],"td m06hf/6-31g(d,p)",-7.53728121496,0.158914481734,109,1.8922,-1521.6074842,3.6004,2.05
/home/ccollins/allmols/O/opt/cam/m06hf/4af4af4af-4af-_TD.log,4af4af4af-4af-,---,[],"td m06hf/6-31g(d,p)",-8.28940386481,0.940153312311,97,2.6738,-1226.0004197,4.8830,5.91666666667
/home/ccollins/allmols/O/opt/cam/m06hf/12ii12ii12ii12ii_TD.log,12ii12ii12ii12ii,---,[],"td m06hf/6-31g(d,p)",-7.74844155371,1.73390937946,101,1.9883,-1230.7532949,4.8913,3.81666666667
/home/ccollins/allmols/O/opt/cam/m06hf/4fi4fi-4fi4fi-_TD.log,4fi4fi-4fi4fi-,---,[],"td m06hf/6-31g(d,p)",-8.75009259354,1.22696129818,113,3.0111,-1383.2239337,5.2441,5.4
/home/ccollins/allmols/O/opt/cam/m06hf/4ef4ef-4ef_TD.log,4ef4ef-4ef,---,[],"td m06hf/6-31g(d,p)",-8.66736998661,0.862600868314,91,2.0200,-1148.197385,4.3911,3.81666666667
/home/ccollins/allmols/O/opt/cam/m06hf/12ff12ff-12ff-12ff-_TD.log,12ff12ff-12ff-12ff-,---,[],"td m06hf/6-31g(d,p)",-7.36095144756,0.591303371245,101,5.0354,-1517.8336824,3.8554,1.28333333333
/home/ccollins/allmols/O/opt/cam/m06hf/4ff4ff_TD.log,4ff4ff,---,[],"td m06hf/6-31g(d,p)",-8.40233110782,1.45036675966,57,0.3953,-763.970479,4.9961,0.533333333333
/home/ccollins/allmols/O/opt/cam/m06hf/12ll12ll12ll12ll-_TD.log,12ll12ll12ll12ll-,---,[],"td m06hf/6-31g(d,p)",-7.59360877955,1.54506237549,133,4.6061,-1832.1430092,4.6046,6.43333333333
/home/ccollins/allmols/O/opt/cam/m06hf/12la_TD.log,12la,---,[],"td m06hf/6-31g(d,p)",-9.05839757265,3.3801981029,26,0.9800,-344.4410489,6.8281,0.15
/home/ccollins/allmols/O/opt/cam/m06hf/12if12if12if_TD.log,12if12if12if,---,[],"td m06hf/6-31g(d,p)",-7.99388823611,1.58506310976,76,1.7331,-1031.0097591,4.8757,2.06666666667
/home/ccollins/allmols/O/opt/cam/m06hf/4ei4ei4ei-4ei-_TD.log,4ei4ei4ei-4ei-,---,[],"td m06hf/6-31g(d,p)",-8.9536337448,1.01498461792,121,2.7389,-1386.9740427,4.3815,13.1166666667
/home/ccollins/allmols/O/opt/cam/m06hf/12ea12ea_TD.log,12ea12ea,---,[],"td m06hf/6-31g(d,p)",-8.37430338245,1.07729868696,47,0.7003,-611.0118989,4.3427,0.433333333333
/home/ccollins/allmols/O/opt/cam/m06hf/12ll12ll12ll_TD.log,12ll12ll12ll,---,[],"td m06hf/6-31g(d,p)",-8.10926450367,1.84520393944,100,4.3217,-1374.4023806,5.1017,3.03333333333
/home/ccollins/allmols/O/opt/cam/m06hf/4fl_TD.log,4fl,---,[],"td m06hf/6-31g(d,p)",-8.61485201576,2.26398713703,33,2.7389,-421.8672903,5.3619,0.166666666667
/home/ccollins/allmols/O/opt/cam/m06hf/4ie4ie4ie-4ie_TD.log,4ie4ie4ie-4ie,---,[],"td m06hf/6-31g(d,p)",-8.96234138763,1.04110754643,121,2.9887,-1386.9735591,4.3809,6.3
/home/ccollins/allmols/O/opt/cam/m06hf/4ee4ee4ee4ee_TD.log,4ee4ee4ee4ee,---,[],"td m06hf/6-31g(d,p)",-8.85567276291,0.115920495237,129,0.3352,-1534.2854116,4.3097,12.4
/home/ccollins/allmols/O/opt/cam/m06hf/12ei12ei12ei-12ei-_TD.log,12ei12ei12ei-12ei-,---,[],"td m06hf/6-31g(d,p)",-7.70218220115,0.615521502879,109,1.1566,-1378.0736462,4.1109,3.31666666667
/home/ccollins/allmols/O/opt/cam/m06hf/12ae12ae-12ae-12ae_TD.log,12ae12ae-12ae-12ae,---,[],"td m06hf/6-31g(d,p)",-7.73347529258,0.267760017168,93,0.5880,-1220.8464702,3.8710,1.25
/home/ccollins/allmols/O/opt/cam/m06hf/12fl12fl-12fl12fl-_TD.log,12fl12fl-12fl12fl-,---,[],"td m06hf/6-31g(d,p)",-7.04067345955,0.950221524339,117,7.5227,-1674.9510898,3.8524,3.48333333333
/home/ccollins/allmols/O/opt/cam/m06hf/12ie12ie12ie_TD.log,12ie12ie12ie,---,[],"td m06hf/6-31g(d,p)",-8.11334621125,1.0000183568,82,1.3915,-1033.8486963,4.3485,2.55
/home/ccollins/allmols/O/opt/cam/m06hf/1111-1111_TD.log,1111-1111,---,[],"td m06hf/6-31g(d,p)",-11.278030154,-1.1502251957,29,3.3751,-454.2679969,1.3470,0.133333333333
/home/ccollins/allmols/O/opt/cam/m06hf/12il12il12il-12il-_TD.log,12il12il12il-12il-,---,[],"td m06hf/6-31g(d,p)",-7.28122209286,1.05117575845,117,1.3893,-1531.4609104,4.0895,4.41666666667
/home/ccollins/allmols/O/opt/cam/m06hf/12al12al12al12al_TD.log,12al12al12al12al,---,[],"td m06hf/6-31g(d,p)",-6.81726799807,1.06804681645,101,6.2245,-1374.2302129,3.8455,1.96666666667
/home/ccollins/allmols/O/opt/cam/m06hf/4fi4fi4fi-4fi-_TD.log,4fi4fi4fi-4fi-,---,[],"td m06hf/6-31g(d,p)",-8.79744040145,1.04001909107,113,2.6872,-1383.2200041,5.1879,4.98333333333
/home/ccollins/allmols/O/opt/cam/m06hf/4fi4fi4fi-4fi_TD.log,4fi4fi4fi-4fi,---,[],"td m06hf/6-31g(d,p)",-8.661655596,1.27458121993,113,4.2401,-1383.2164022,5.2234,5.35
/home/ccollins/allmols/O/opt/cam/m06hf/12af_TD.log,12af,---,[],"td m06hf/6-31g(d,p)",-9.11662993411,3.3146186678,22,0.8652,-305.1455492,6.4979,0.1
/home/ccollins/allmols/O/opt/cam/m06hf/12af12af12af12af-_TD.log,12af12af12af12af-,---,[],"td m06hf/6-31g(d,p)",-7.4578239741,0.674570205852,85,1.6327,-1217.0568536,3.9632,1.28333333333
/home/ccollins/allmols/O/opt/cam/m06hf/4le4le-_TD.log,4le4le-,---,[],"td m06hf/6-31g(d,p)",-8.6102260805,1.44247545834,69,2.0313,-844.4408415,4.3964,1.3
/home/ccollins/allmols/O/opt/cam/m06hf/4af4af-4af-4af_TD.log,4af4af-4af-4af,---,[],"td m06hf/6-31g(d,p)",-8.47852298263,0.821511678688,97,2.7545,-1226.004937,4.9214,3.36666666667
/home/ccollins/allmols/O/opt/cam/m06hf/12al12al_TD.log,12al12al,---,[],"td m06hf/6-31g(d,p)",-7.72095805601,1.90125939019,51,4.2464,-687.7022058,4.9514,0.466666666667
/home/ccollins/allmols/O/opt/cam/m06hf/12ee12ee-_TD.log,12ee12ee-,---,[],"td m06hf/6-31g(d,p)",-8.41974639349,0.54803727091,59,0.0001,-763.2752515,4.2534,1.18333333333
/home/ccollins/allmols/O/opt/cam/m06hf/12fe12fe12fe-12fe-_TD.log,12fe12fe12fe-12fe-,---,[],"td m06hf/6-31g(d,p)",-7.59170398268,0.0780966716739,109,3.2388,-1521.6060802,3.6303,1.85
/home/ccollins/allmols/O/opt/cam/m06hf/4ia4ia4ia-4ia_TD.log,4ia4ia4ia-4ia,---,[],"td m06hf/6-31g(d,p)",-8.66573730358,1.17553178269,97,1.0746,-1082.4339619,5.4278,3.18333333333
/home/ccollins/allmols/O/opt/cam/m06hf/12ae12ae-_TD.log,12ae12ae-,---,[],"td m06hf/6-31g(d,p)",-8.36069769052,1.09199283424,47,0.4333,-611.0115039,4.3272,0.45
/home/ccollins/allmols/O/opt/cam/m06hf/12ie12ie12ie-12ie_TD.log,12ie12ie12ie-12ie,---,[],"td m06hf/6-31g(d,p)",-7.6031327639,0.527900846855,109,1.7823,-1378.0757754,3.9723,3.83333333333
/home/ccollins/allmols/O/opt/cam/m06hf/4ei4ei4ei4ei-_TD.log,4ei4ei4ei4ei-,---,[],"td m06hf/6-31g(d,p)",-8.95227317561,0.992127055481,121,2.7347,-1386.9738968,4.3829,14.25
/home/ccollins/allmols/O/opt/cam/m06hf/12ef12ef-12ef-12ef-_TD.log,12ef12ef-12ef-12ef-,---,[],"td m06hf/6-31g(d,p)",-7.50027373292,0.14041074071,109,5.2351,-1521.6015245,3.6376,1.96666666667
/home/ccollins/allmols/O/opt/cam/m06hf/12fi12fi-12fi12fi_TD.log,12fi12fi-12fi12fi,---,[],"td m06hf/6-31g(d,p)",-7.01455053104,1.15131365105,101,7.4064,-1374.2887521,4.0057,2.38333333333
/home/ccollins/allmols/O/opt/cam/m06hf/12fa12fa-12fa-12fa-_TD.log,12fa12fa-12fa-12fa-,---,[],"td m06hf/6-31g(d,p)",-7.4578239741,0.674570205852,85,1.6327,-1217.0568536,3.9632,1.25
/home/ccollins/allmols/O/opt/cam/m06hf/12ll12ll-12ll-12ll-_TD.log,12ll12ll-12ll-12ll-,---,[],"td m06hf/6-31g(d,p)",-7.59660203177,1.44791773511,133,4.0748,-1832.1438386,4.5345,8.46666666667
/home/ccollins/allmols/O/opt/cam/m06hf/4ef4ef4ef-4ef-_TD.log,4ef4ef4ef-4ef-,---,[],"td m06hf/6-31g(d,p)",-8.46546151838,0.877022901759,121,3.1388,-1530.5338919,4.3684,11.1833333333
/home/ccollins/allmols/O/opt/cam/m06hf/4fa4fa-_TD.log,4fa4fa-,---,[],"td m06hf/6-31g(d,p)",-8.97812399027,1.37145374647,49,1.4840,-613.5918587,5.3625,0.433333333333
/home/ccollins/allmols/O/opt/cam/m06hf/4fe4fe-_TD.log,4fe4fe-,---,[],"td m06hf/6-31g(d,p)",-8.78410682336,1.02205957772,61,1.1051,-765.8605363,4.3887,0.866666666667
/home/ccollins/allmols/O/opt/cam/m06hf/12aa12aa-12aa12aa_TD.log,12aa12aa-12aa12aa,---,[],"td m06hf/6-31g(d,p)",-7.49455934231,0.903417944102,69,1.1000,-916.3142752,4.1555,0.916666666667
/home/ccollins/allmols/O/opt/cam/m06hf/12el12el12el-12el-_TD.log,12el12el12el-12el-,---,[],"td m06hf/6-31g(d,p)",-7.72259073904,0.57116694719,125,2.3683,-1678.7609121,4.0564,4.73333333333
/home/ccollins/allmols/O/opt/cam/m06hf/4ei_TD.log,4ei,---,[],"td m06hf/6-31g(d,p)",-9.1348615613,1.49825879525,31,1.0557,-347.6267265,4.4154,0.133333333333
/home/ccollins/allmols/O/opt/cam/m06hf/4af_TD.log,4af,---,[],"td m06hf/6-31g(d,p)",-9.20343424862,2.34888665466,25,1.4363,-307.3824954,5.6870,0.133333333333
/home/ccollins/allmols/O/opt/cam/m06hf/4if_TD.log,4if,---,[],"td m06hf/6-31g(d,p)",-8.94220496358,2.36548559882,29,1.4672,-346.6861454,5.5715,0.15
/home/ccollins/allmols/O/opt/cam/m06hf/2_TD.log,2,---,[],"td m06hf/6-31g(d,p)",-10.752034104,3.44142371658,8,0.0001,-78.556917,8.3561,0.183333333333
/home/ccollins/allmols/O/opt/cam/m06hf/4ll_TD.log,4ll,---,[],"td m06hf/6-31g(d,p)",-8.49702672365,2.31405608333,37,0.0001,-461.1600488,5.3506,0.2
/home/ccollins/allmols/O/opt/cam/m06hf/12ii12ii-12ii12ii_TD.log,12ii12ii-12ii12ii,---,[],"td m06hf/6-31g(d,p)",-7.31441998116,1.38451521072,101,1.5976,-1230.7587971,4.3367,3.38333333333
/home/ccollins/allmols/O/opt/cam/m06hf/4ei4ei_TD.log,4ei4ei,---,[],"td m06hf/6-31g(d,p)",-9.03798903476,1.23349203031,61,1.4087,-694.0758252,4.3824,0.95
/home/ccollins/allmols/O/opt/cam/m06hf/12ef12ef-12ef12ef_TD.log,12ef12ef-12ef12ef,---,[],"td m06hf/6-31g(d,p)",-7.49292665927,0.225854486025,109,3.4722,-1521.6075089,3.6300,2.03333333333
/home/ccollins/allmols/O/opt/cam/m06hf/4af4af4af4af_TD.log,4af4af4af4af,---,[],"td m06hf/6-31g(d,p)",-8.28749906794,0.827226069298,97,6.6126,-1225.9972211,4.8697,5.66666666667
/home/ccollins/allmols/O/opt/cam/m06hf/12af12af-12af12af_TD.log,12af12af-12af12af,---,[],"td m06hf/6-31g(d,p)",-7.32965835612,0.779061919869,85,3.4624,-1217.0580254,3.9425,1.18333333333
/home/ccollins/allmols/O/opt/cam/m06hf/4fi4fi-4fi4fi_TD.log,4fi4fi-4fi4fi,---,[],"td m06hf/6-31g(d,p)",-8.53866014096,1.41526407448,113,4.5180,-1383.2164403,5.2255,4.88333333333
/home/ccollins/allmols/O/opt/cam/m06hf/4af4af-4af4af-_TD.log,4af4af-4af4af-,---,[],"td m06hf/6-31g(d,p)",-8.45240005412,0.84028753355,97,2.9877,-1226.0002543,4.9143,5.51666666667
/home/ccollins/allmols/O/opt/cam/m06hf/12ff_TD.log,12ff,---,[],"td m06hf/6-31g(d,p)",-9.06111871104,3.35217037753,26,2.7346,-380.3320322,6.3555,0.133333333333
/home/ccollins/allmols/O/opt/cam/m06hf/12ff12ff12ff12ff_TD.log,12ff12ff12ff12ff,---,[],"td m06hf/6-31g(d,p)",-7.13183159547,0.849539404062,101,7.6359,-1517.8312476,3.8989,1.4
/home/ccollins/allmols/O/opt/cam/m06hf/4aa4aa-4aa-4aa_TD.log,4aa4aa-4aa-4aa,---,[],"td m06hf/6-31g(d,p)",-8.50083631739,0.773619643097,81,0.0019,-925.2210883,5.0446,3.53333333333
/home/ccollins/allmols/O/opt/cam/m06hf/12ii_TD.log,12ii,---,[],"td m06hf/6-31g(d,p)",-8.99934886968,3.57040567607,26,1.2407,-308.5701822,6.9752,0.25
/home/ccollins/allmols/O/opt/cam/m06hf/12al12al12al_TD.log,12al12al12al,---,[],"td m06hf/6-31g(d,p)",-7.15142379185,1.34750772867,76,5.7056,-1030.9662139,4.2399,0.916666666667
/home/ccollins/allmols/O/opt/cam/m06hf/12ia12ia12ia12ia_TD.log,12ia12ia12ia12ia,---,[],"td m06hf/6-31g(d,p)",-7.31741323339,1.14913674034,85,1.4525,-1073.5275613,4.2148,2.15
/home/ccollins/allmols/O/opt/cam/m06hf/12ll12ll-12ll12ll_TD.log,12ll12ll-12ll12ll,---,[],"td m06hf/6-31g(d,p)",-7.84232082802,1.399209358,133,3.3538,-1832.1460542,4.6691,4.81666666667
/home/ccollins/allmols/O/opt/cam/m06hf/12ff12ff_TD.log,12ff12ff,---,[],"td m06hf/6-31g(d,p)",-7.92858091485,1.83050979216,51,5.3065,-759.4979836,5.0199,0.416666666667
/home/ccollins/allmols/O/opt/cam/m06hf/12ei12ei-12ei-12ei_TD.log,12ei12ei-12ei-12ei,---,[],"td m06hf/6-31g(d,p)",-7.63170471695,0.568717922642,109,1.2415,-1378.0748828,3.9983,4.13333333333
/home/ccollins/allmols/O/opt/cam/m06hf/12ia12ia12ia_TD.log,12ia12ia12ia,---,[],"td m06hf/6-31g(d,p)",-7.6031327639,1.43648895389,64,1.7421,-805.4401281,4.5900,0.8
/home/ccollins/allmols/O/opt/cam/m06hf/12ai12ai-12ai-12ai-_TD.log,12ai12ai-12ai-12ai-,---,[],"td m06hf/6-31g(d,p)",-7.27387501921,1.08138039454,85,1.6991,-1073.5314175,4.1225,1.48333333333
/home/ccollins/allmols/O/opt/cam/m06hf/4fe_TD.log,4fe,---,[],"td m06hf/6-31g(d,p)",-8.90029943244,1.69799035277,31,1.5291,-383.5174419,4.4334,0.133333333333
/home/ccollins/allmols/O/opt/cam/m06hf/22-22-_TD.log,22-22-,---,[],"td m06hf/6-31g(d,p)",-8.23525321093,0.479192469748,29,0.0008,-310.6905633,4.2055,1.18333333333
/home/ccollins/allmols/O/opt/cam/m06hf/12fi12fi12fi-12fi_TD.log,12fi12fi12fi-12fi,---,[],"td m06hf/6-31g(d,p)",-7.06842907108,1.08655055747,101,7.1763,-1374.2895169,3.9650,2.26666666667
/home/ccollins/allmols/O/opt/cam/m06hf/4ia4ia-4ia4ia_TD.log,4ia4ia-4ia4ia,---,[],"td m06hf/6-31g(d,p)",-8.66192770983,1.16981739208,97,1.1533,-1082.4339438,5.4369,3.2
/home/ccollins/allmols/O/opt/cam/m06hf/12ee_TD.log,12ee,---,[],"td m06hf/6-31g(d,p)",-9.3718727147,2.20058461264,30,0.0098,-382.2269102,4.3543,0.233333333333
/home/ccollins/allmols/O/opt/cam/m06hf/4fa_TD.log,4fa,---,[],"td m06hf/6-31g(d,p)",-9.20343424862,2.34888665466,25,1.4364,-307.3824954,5.6869,0.0833333333333
/home/ccollins/allmols/O/opt/cam/m06hf/12ii12ii-12ii12ii-_TD.log,12ii12ii-12ii12ii-,---,[],"td m06hf/6-31g(d,p)",-7.20366964886,1.28519365964,101,0.6183,-1230.7611397,4.2043,5.36666666667
/home/ccollins/allmols/O/opt/cam/m06hf/12li12li-12li12li-_TD.log,12li12li-12li12li-,---,[],"td m06hf/6-31g(d,p)",-7.26924908396,1.08845535434,117,2.3484,-1531.4621578,4.1053,7.05
/home/ccollins/allmols/O/opt/cam/m06hf/12fl12fl-_TD.log,12fl12fl-,---,[],"td m06hf/6-31g(d,p)",-7.79442879243,1.84193857338,59,3.8240,-838.0685017,4.9311,0.55
/home/ccollins/allmols/O/opt/cam/m06hf/4lf4lf-_TD.log,4lf4lf-,---,[],"td m06hf/6-31g(d,p)",-8.32613923302,1.85227889925,65,2.6432,-842.5539406,5.1584,1.0
/home/ccollins/allmols/O/opt/cam/m06hf/12fl12fl12fl-12fl-_TD.log,12fl12fl12fl-12fl-,---,[],"td m06hf/6-31g(d,p)",-7.37918307475,0.668583701403,117,5.7171,-1674.9919685,3.8977,2.63333333333
/home/ccollins/allmols/O/opt/cam/m06hf/12fe12fe12fe_TD.log,12fe12fe12fe,---,[],"td m06hf/6-31g(d,p)",-7.61728268351,0.601099469434,82,5.3150,-1141.4908931,4.0521,1.0
/home/ccollins/allmols/O/opt/cam/m06hf/12fa12fa-12fa-12fa_TD.log,12fa12fa-12fa-12fa,---,[],"td m06hf/6-31g(d,p)",-7.29401144327,0.826681841621,85,4.7839,-1217.0584312,3.9348,1.48333333333
/home/ccollins/allmols/O/opt/cam/m06hf/12ee12ee_TD.log,12ee12ee,---,[],"td m06hf/6-31g(d,p)",-8.66546518974,0.817702084948,59,0.5118,-763.2737953,4.2266,0.65
/home/ccollins/allmols/O/opt/cam/m06hf/12ei12ei12ei12ei-_TD.log,12ei12ei12ei12ei-,---,[],"td m06hf/6-31g(d,p)",-7.77102700231,0.691441263844,109,0.8662,-1378.072723,4.1834,3.9
/home/ccollins/allmols/O/opt/cam/m06hf/1111-11-11_TD.log,1111-11-11,---,[],"td m06hf/6-31g(d,p)",-11.2837445446,-0.616065730556,29,0.4404,-454.2736002,1.7771,0.15
/home/ccollins/allmols/O/opt/cam/m06hf/12ef12ef-12ef_TD.log,12ef12ef-12ef,---,[],"td m06hf/6-31g(d,p)",-7.74381561845,0.484090518843,82,2.1670,-1141.498276,3.9168,1.01666666667
/home/ccollins/allmols/O/opt/cam/m06hf/4ee4ee4ee_TD.log,4ee4ee4ee,---,[],"td m06hf/6-31g(d,p)",-8.92206853952,0.218779526222,97,0.2855,-1151.0089344,4.3104,4.6
/home/ccollins/allmols/O/opt/cam/m06hf/11111111-_TD.log,11111111-,---,[],"td m06hf/6-31g(d,p)",-11.3988486983,-1.18532788088,29,3.8458,-454.2658983,1.4341,0.183333333333
/home/ccollins/allmols/O/opt/cam/m06hf/4fi4fi4fi_TD.log,4fi4fi4fi,---,[],"td m06hf/6-31g(d,p)",-8.53811591328,1.44111488915,85,5.1030,-1037.7001514,5.2128,1.73333333333
/home/ccollins/allmols/O/opt/cam/m06hf/12lf12lf12lf_TD.log,12lf12lf12lf,---,[],"td m06hf/6-31g(d,p)",-7.43251738711,1.25825438962,88,5.6703,-1256.5405986,4.3052,3.01666666667
/home/ccollins/allmols/O/opt/cam/m06hf/4af4af-4af-4af-_TD.log,4af4af-4af-4af-,---,[],"td m06hf/6-31g(d,p)",-8.43199151623,0.85770281922,97,4.0406,-1226.0045369,4.9182,6.91666666667
/home/ccollins/allmols/O/opt/cam/m06hf/4ai4ai4ai-4ai-_TD.log,4ai4ai4ai-4ai-,---,[],"td m06hf/6-31g(d,p)",-8.6651930759,1.1777086934,97,1.0357,-1082.4338349,5.4428,6.98333333333
/home/ccollins/allmols/O/opt/cam/m06hf/12ae12ae-12ae-12ae-_TD.log,12ae12ae-12ae-12ae-,---,[],"td m06hf/6-31g(d,p)",-7.71469943772,0.299325222443,93,0.4507,-1220.8469259,3.8896,1.33333333333
/home/ccollins/allmols/O/opt/cam/m06hf/4fa4fa-4fa4fa_TD.log,4fa4fa-4fa4fa,---,[],"td m06hf/6-31g(d,p)",-8.3386564696,0.900152578039,97,4.0574,-1226.0011617,4.8876,5.8
/home/ccollins/allmols/O/opt/cam/m06hf/4li4li-_TD.log,4li4li-,---,[],"td m06hf/6-31g(d,p)",-8.62954616304,2.01255395017,65,1.0728,-770.7799872,5.4589,0.883333333333
/home/ccollins/allmols/O/opt/cam/m06hf/4ea4ea_TD.log,4ea4ea,---,[],"td m06hf/6-31g(d,p)",-9.11962318633,0.983419412646,53,0.8868,-615.46609,4.3529,3.26666666667
/home/ccollins/allmols/O/opt/cam/m06hf/12ai12ai12ai12ai-_TD.log,12ai12ai12ai12ai-,---,[],"td m06hf/6-31g(d,p)",-7.29537201246,1.09634665566,85,1.2598,-1073.5309038,4.1577,1.46666666667
/home/ccollins/allmols/O/opt/cam/m06hf/4la_TD.log,4la,---,[],"td m06hf/6-31g(d,p)",-9.07173115074,2.42290161876,29,1.3734,-346.6751275,5.6903,0.183333333333
/home/ccollins/allmols/O/opt/cam/m06hf/12ie_TD.log,12ie,---,[],"td m06hf/6-31g(d,p)",-9.15608644071,2.42698332634,28,0.7461,-345.4006359,4.4065,0.216666666667
/home/ccollins/allmols/O/opt/cam/m06hf/4ae4ae_TD.log,4ae4ae,---,[],"td m06hf/6-31g(d,p)",-9.1193510725,0.983419412646,53,0.8869,-615.4660894,4.3529,0.766666666667
/home/ccollins/allmols/O/opt/cam/m06hf/12ea12ea-_TD.log,12ea12ea-,---,[],"td m06hf/6-31g(d,p)",-8.36042557668,1.09199283424,47,0.4334,-611.0115033,4.3272,0.45
/home/ccollins/allmols/O/opt/cam/m06hf/12la12la12la-12la_TD.log,12la12la12la-12la,---,[],"td m06hf/6-31g(d,p)",-7.14570940124,0.987773234063,101,2.2216,-1374.2195676,3.9450,2.96666666667
/home/ccollins/allmols/O/opt/cam/m06hf/4ie4ie_TD.log,4ie4ie,---,[],"td m06hf/6-31g(d,p)",-9.0382611486,1.23376414414,61,1.4084,-694.0758257,4.3824,1.2
/home/ccollins/allmols/O/opt/cam/m06hf/4af4af4af-4af_TD.log,4af4af4af-4af,---,[],"td m06hf/6-31g(d,p)",-8.3386564696,0.900152578039,97,4.0574,-1226.0011617,4.8876,3.73333333333
/home/ccollins/allmols/O/opt/cam/m06hf/111111-11-_TD.log,111111-11-,---,[],"td m06hf/6-31g(d,p)",-11.293268529,-1.46778204533,29,0.0010,-454.2679892,1.1073,0.116666666667
/home/ccollins/allmols/O/opt/cam/m06hf/12li_TD.log,12li,---,[],"td m06hf/6-31g(d,p)",-8.94084439438,3.52713957574,30,0.9896,-383.7469019,6.8838,1.45
/home/ccollins/allmols/O/opt/cam/m06hf/12lf_TD.log,12lf,---,[],"td m06hf/6-31g(d,p)",-9.03962171779,3.44360062729,30,0.8461,-419.6223928,6.4038,0.266666666667
/home/ccollins/allmols/O/opt/cam/m06hf/4ae4ae-4ae4ae_TD.log,4ae4ae-4ae4ae,---,[],"td m06hf/6-31g(d,p)",-8.75580698415,0.504499056736,105,1.4264,-1229.7540943,4.3534,8.58333333333
/home/ccollins/allmols/O/opt/cam/m06hf/4ai4ai-4ai4ai-_TD.log,4ai4ai-4ai4ai-,---,[],"td m06hf/6-31g(d,p)",-8.66356039287,1.17090584743,97,1.0817,-1082.4339999,5.4255,8.05
/home/ccollins/allmols/O/opt/cam/m06hf/12ef12ef12ef-12ef-_TD.log,12ef12ef12ef-12ef-,---,[],"td m06hf/6-31g(d,p)",-7.59143186884,0.0778245578353,109,3.2393,-1521.6060766,3.6301,1.86666666667
/home/ccollins/allmols/O/opt/cam/m06hf/12if12if-_TD.log,12if12if-,---,[],"td m06hf/6-31g(d,p)",-7.90735603544,1.82125792165,51,2.1102,-687.7350554,4.9813,0.633333333333
/home/ccollins/allmols/O/opt/cam/m06hf/12fl12fl-12fl-12fl-_TD.log,12fl12fl-12fl-12fl-,---,[],"td m06hf/6-31g(d,p)",-7.3076171352,0.709128663352,117,2.4398,-1674.9996375,3.8662,2.4
/home/ccollins/allmols/O/opt/cam/m06hf/12la12la-_TD.log,12la12la-,---,[],"td m06hf/6-31g(d,p)",-7.79823838617,1.94833508427,51,2.0955,-687.7032569,5.0273,0.8
/home/ccollins/allmols/O/opt/cam/m06hf/4if4if-4if_TD.log,4if4if-4if,---,[],"td m06hf/6-31g(d,p)",-8.6771660848,1.52900765901,85,2.6900,-1037.7094616,5.2823,1.73333333333
/home/ccollins/allmols/O/opt/cam/m06hf/12le12le12le12le_TD.log,12le12le12le12le,---,[],"td m06hf/6-31g(d,p)",-8.29756727997,0.934438921701,125,4.4133,-1678.7574105,4.3327,7.55
/home/ccollins/allmols/O/opt/cam/m06hf/4ii_TD.log,4ii,---,[],"td m06hf/6-31g(d,p)",-9.24044173067,2.52440008055,29,0.0839,-310.7958846,5.7254,0.166666666667
/home/ccollins/allmols/O/opt/cam/m06hf/12fi12fi-12fi-12fi_TD.log,12fi12fi-12fi-12fi,---,[],"td m06hf/6-31g(d,p)",-7.28312688973,1.14260600822,101,4.7640,-1374.2894932,4.1395,1.8
/home/ccollins/allmols/O/opt/cam/m06hf/12ii12ii-12ii_TD.log,12ii12ii-12ii,---,[],"td m06hf/6-31g(d,p)",-7.42217706124,1.57036896247,76,1.1950,-923.363547,4.5248,1.61666666667
/home/ccollins/allmols/O/opt/cam/m06hf/12if_TD.log,12if,---,[],"td m06hf/6-31g(d,p)",-8.98574317775,3.46727453125,26,0.7586,-344.451422,6.4471,0.133333333333
/home/ccollins/allmols/O/opt/cam/m06hf/12fa12fa-12fa12fa-_TD.log,12fa12fa-12fa12fa-,---,[],"td m06hf/6-31g(d,p)",-7.35088323553,0.698516223647,85,4.7206,-1217.0681245,3.9014,1.13333333333
/home/ccollins/allmols/O/opt/cam/m06hf/12ii12ii_TD.log,12ii12ii,---,[],"td m06hf/6-31g(d,p)",-8.2526684966,2.38562202287,51,1.8690,-615.9648389,5.6321,0.85
/home/ccollins/allmols/O/opt/cam/m06hf/12el12el12el12el_TD.log,12el12el12el12el,---,[],"td m06hf/6-31g(d,p)",-7.7152436654,0.593480281954,125,3.9418,-1678.7576071,4.0944,5.55
/home/ccollins/allmols/O/opt/cam/m06hf/4aa4aa4aa_TD.log,4aa4aa4aa,---,[],"td m06hf/6-31g(d,p)",-8.6722680357,1.02151535005,61,0.0000,-694.2099375,5.3149,2.2
/home/ccollins/allmols/O/opt/cam/m06hf/12li12li_TD.log,12li12li,---,[],"td m06hf/6-31g(d,p)",-8.15280271784,2.30534844049,59,1.7087,-766.3168481,5.4390,2.45
/home/ccollins/allmols/O/opt/cam/m06hf/4ei4ei-4ei_TD.log,4ei4ei-4ei,---,[],"td m06hf/6-31g(d,p)",-8.99254602372,1.12410226719,91,2.2791,-1040.5247207,4.3819,3.28333333333
/home/ccollins/allmols/O/opt/cam/m06hf/12ii12ii12ii-12ii_TD.log,12ii12ii12ii-12ii,---,[],"td m06hf/6-31g(d,p)",-7.31441998116,1.38451521072,101,1.5976,-1230.7587971,4.3367,3.9
/home/ccollins/allmols/O/opt/cam/m06hf/12fi12fi-12fi_TD.log,12fi12fi-12fi,---,[],"td m06hf/6-31g(d,p)",-7.29183453256,1.37145374647,76,5.3307,-1031.0119673,4.2958,0.916666666667
/home/ccollins/allmols/O/opt/cam/m06hf/12ea12ea12ea12ea_TD.log,12ea12ea12ea12ea,---,[],"td m06hf/6-31g(d,p)",-7.70245431498,0.293610831833,93,0.6117,-1220.8468891,3.9201,1.23333333333
/home/ccollins/allmols/O/opt/cam/m06hf/12fl_TD.log,12fl,---,[],"td m06hf/6-31g(d,p)",-8.90438114001,3.31570712316,30,2.5390,-419.6167618,6.7238,0.166666666667
/home/ccollins/allmols/O/opt/cam/m06hf/12af12af-12af-12af_TD.log,12af12af-12af-12af,---,[],"td m06hf/6-31g(d,p)",-7.2336021711,0.791579156444,85,3.9676,-1217.0626758,3.8883,1.1
/home/ccollins/allmols/O/opt/cam/m06hf/4aa4aa-4aa4aa_TD.log,4aa4aa-4aa4aa,---,[],"td m06hf/6-31g(d,p)",-8.50709493568,0.761102406522,81,0.0001,-925.2209876,5.0338,3.68333333333
/home/ccollins/allmols/O/opt/cam/m06hf/12lf12lf12lf-12lf_TD.log,12lf12lf12lf-12lf,---,[],"td m06hf/6-31g(d,p)",-7.22571086978,0.843825013452,117,4.5197,-1674.992556,3.8875,4.38333333333
/home/ccollins/allmols/O/opt/cam/m06hf/12fa12fa12fa-12fa_TD.log,12fa12fa12fa-12fa,---,[],"td m06hf/6-31g(d,p)",-7.19468989219,0.863145095991,85,6.7548,-1217.0631915,3.9014,1.16666666667
/home/ccollins/allmols/O/opt/cam/m06hf/12ii12ii-12ii-12ii_TD.log,12ii12ii-12ii-12ii,---,[],"td m06hf/6-31g(d,p)",-7.3527880324,1.4111823669,101,0.4554,-1230.7584361,4.3949,2.61666666667
/home/ccollins/allmols/O/opt/cam/m06hf/12fe_TD.log,12fe,---,[],"td m06hf/6-31g(d,p)",-9.25295896724,2.11622932267,28,1.7168,-381.2825829,4.3903,0.133333333333
/home/ccollins/allmols/O/opt/cam/m06hf/12le12le12le12le-_TD.log,12le12le12le12le-,---,[],"td m06hf/6-31g(d,p)",-7.56939064792,0.761102406522,125,4.3957,-1678.756828,4.0661,9.5
/home/ccollins/allmols/O/opt/cam/m06hf/12ll12ll_TD.log,12ll12ll,---,[],"td m06hf/6-31g(d,p)",-8.36069769052,2.26398713703,67,4.0240,-916.6603233,5.5162,2.95
/home/ccollins/allmols/O/opt/cam/m06hf/4lf_TD.log,4lf,---,[],"td m06hf/6-31g(d,p)",-8.61485201576,2.26398713703,33,2.7389,-421.8672902,5.3619,0.183333333333
/home/ccollins/allmols/O/opt/cam/m06hf/4ai4ai-4ai-4ai_TD.log,4ai4ai-4ai-4ai,---,[],"td m06hf/6-31g(d,p)",-8.66845844196,1.18042983178,97,1.0760,-1082.4338585,5.4433,7.4
/home/ccollins/allmols/O/opt/cam/m06hf/4if4if-4if4if_TD.log,4if4if-4if4if,---,[],"td m06hf/6-31g(d,p)",-8.66219982367,1.27458121993,113,4.2339,-1383.2164023,5.2235,5.45
/home/ccollins/allmols/O/opt/cam/m06hf/12fl12fl_TD.log,12fl12fl,---,[],"td m06hf/6-31g(d,p)",-7.6151057728,2.01663565775,59,4.5397,-838.0532371,4.9433,0.6
/home/ccollins/allmols/O/opt/cam/m06hf/12ii12ii12ii-12ii-_TD.log,12ii12ii12ii-12ii-,---,[],"td m06hf/6-31g(d,p)",-7.42081649205,1.47376854978,101,1.2194,-1230.7571412,4.4833,3.25
/home/ccollins/allmols/O/opt/cam/m06hf/4if4if4if-4if_TD.log,4if4if4if-4if,---,[],"td m06hf/6-31g(d,p)",-8.53893225479,1.41553618832,113,4.5181,-1383.2164406,5.2257,5.0
/home/ccollins/allmols/O/opt/cam/m06hf/4ea4ea4ea_TD.log,4ea4ea4ea,---,[],"td m06hf/6-31g(d,p)",-8.89376870031,0.673753864336,79,1.1336,-922.6099359,4.3503,3.98333333333
/home/ccollins/allmols/O/opt/cam/m06hf/4ef4ef4ef4ef_TD.log,4ef4ef4ef4ef,---,[],"td m06hf/6-31g(d,p)",-8.46192403848,0.669400042919,121,5.2188,-1530.5311635,4.3837,9.91666666667
/home/ccollins/allmols/O/opt/cam/m06hf/12if12if12if-12if-_TD.log,12if12if12if-12if-,---,[],"td m06hf/6-31g(d,p)",-7.37945518858,0.965187785461,101,4.0338,-1374.2918635,4.0919,2.48333333333
/home/ccollins/allmols/O/opt/cam/m06hf/12ai12ai-12ai12ai_TD.log,12ai12ai-12ai12ai,---,[],"td m06hf/6-31g(d,p)",-7.2921066464,1.07294486554,85,1.6770,-1073.5344266,4.1298,1.56666666667
/home/ccollins/allmols/O/opt/cam/m06hf/4ef4ef-4ef-4ef-_TD.log,4ef4ef-4ef-4ef-,---,[],"td m06hf/6-31g(d,p)",-8.50274111426,0.649807846541,121,5.2002,-1530.5386766,4.3709,14.9833333333
/home/ccollins/allmols/O/opt/cam/m06hf/12lf12lf-12lf-12lf-_TD.log,12lf12lf-12lf-12lf-,---,[],"td m06hf/6-31g(d,p)",-6.83658808061,1.07648234544,117,5.8687,-1674.9443201,3.7857,8.33333333333
/home/ccollins/allmols/O/opt/cam/m06hf/4fi4fi4fi4fi_TD.log,4fi4fi4fi4fi,---,[],"td m06hf/6-31g(d,p)",-8.44396452513,1.29580609934,113,7.0372,-1383.2072665,5.1407,4.86666666667
/home/ccollins/allmols/O/opt/cam/m06hf/4le4le-4le-4le-_TD.log,4le4le-4le-4le-,---,[],"td m06hf/6-31g(d,p)",-8.32831614373,0.927636075736,137,3.3446,-1687.7012688,4.3872,6.8
/home/ccollins/allmols/O/opt/cam/m06hf/4if4if-_TD.log,4if4if-,---,[],"td m06hf/6-31g(d,p)",-8.73050039716,1.88166719381,57,1.3943,-692.1945372,5.4369,0.7
/home/ccollins/allmols/O/opt/cam/m06hf/4af4af4af_TD.log,4af4af4af,---,[],"td m06hf/6-31g(d,p)",-8.46546151838,1.05280844149,73,4.8071,-919.7919418,5.0669,1.15
/home/ccollins/allmols/O/opt/cam/m06hf/4ea4ea-_TD.log,4ea4ea-,---,[],"td m06hf/6-31g(d,p)",-9.09077911944,1.00219526751,53,0.7109,-615.4662012,4.3569,0.616666666667
/home/ccollins/allmols/O/opt/cam/m06hf/12fi12fi12fi-12fi-_TD.log,12fi12fi12fi-12fi-,---,[],"td m06hf/6-31g(d,p)",-7.37945518858,0.965187785461,101,4.0338,-1374.2918635,4.0919,2.21666666667
/home/ccollins/allmols/O/opt/cam/m06hf/12ae12ae12ae-12ae_TD.log,12ae12ae12ae-12ae,---,[],"td m06hf/6-31g(d,p)",-7.73238683723,0.26340619575,93,0.9423,-1220.8475034,3.9048,1.35
/home/ccollins/allmols/O/opt/cam/m06hf/12el_TD.log,12el,---,[],"td m06hf/6-31g(d,p)",-9.067921557,2.29065429321,32,1.6233,-420.5715895,4.3737,0.183333333333
/home/ccollins/allmols/O/opt/cam/m06hf/12ea12ea-12ea12ea_TD.log,12ea12ea-12ea12ea,---,[],"td m06hf/6-31g(d,p)",-7.73238683723,0.26340619575,93,0.9424,-1220.8475031,3.9048,1.45
/home/ccollins/allmols/O/opt/cam/m06hf/12li12li-12li_TD.log,12li12li-12li,---,[],"td m06hf/6-31g(d,p)",-7.42952413488,1.28900325338,88,0.8666,-1148.8897458,4.3234,3.55
/home/ccollins/allmols/O/opt/cam/m06hf/12aa12aa12aa12aa_TD.log,12aa12aa12aa12aa,---,[],"td m06hf/6-31g(d,p)",-7.43306161479,0.960017622528,69,0.9795,-916.3068991,4.1577,0.683333333333
/home/ccollins/allmols/O/opt/cam/m06hf/12ee12ee12ee-12ee_TD.log,12ee12ee12ee-12ee,---,[],"td m06hf/6-31g(d,p)",-7.9487173389,-0.0141499196064,117,0.4703,-1525.3708843,3.8443,4.81666666667
/home/ccollins/allmols/O/opt/cam/m06hf/12ie12ie-_TD.log,12ie12ie-,---,[],"td m06hf/6-31g(d,p)",-8.15144214865,1.22560072899,55,0.7003,-689.6250964,4.3238,0.983333333333
/home/ccollins/allmols/O/opt/cam/m06hf/4af4af-_TD.log,4af4af-,---,[],"td m06hf/6-31g(d,p)",-8.75961657789,1.53444993578,49,1.4546,-613.5864601,5.3674,0.4
/home/ccollins/allmols/O/opt/cam/m06hf/4fe4fe4fe-4fe_TD.log,4fe4fe4fe-4fe,---,[],"td m06hf/6-31g(d,p)",-8.63961437507,0.613072478332,121,2.1407,-1530.535348,4.3892,7.38333333333
/home/ccollins/allmols/O/opt/cam/m06hf/12lf12lf-12lf12lf_TD.log,12lf12lf-12lf12lf,---,[],"td m06hf/6-31g(d,p)",-7.12475663567,0.969813720717,117,2.9030,-1674.9917453,3.9093,5.83333333333
/home/ccollins/allmols/O/opt/cam/m06hf/4ae4ae-4ae-4ae_TD.log,4ae4ae-4ae-4ae,---,[],"td m06hf/6-31g(d,p)",-8.75553487031,0.495519300063,105,1.4194,-1229.7538745,4.3532,6.9
/home/ccollins/allmols/O/opt/cam/m06hf/4ie4ie4ie-4ie-_TD.log,4ie4ie4ie-4ie-,---,[],"td m06hf/6-31g(d,p)",-8.95445008631,0.997025104575,121,2.7941,-1386.9740095,4.3834,4.86666666667
/home/ccollins/allmols/O/opt/cam/m06hf/12le12le12le-12le_TD.log,12le12le12le-12le,---,[],"td m06hf/6-31g(d,p)",-7.76830586392,0.586133208312,125,3.3936,-1678.7602296,4.0555,10.9166666667
/home/ccollins/allmols/O/opt/cam/m06hf/4ei4ei-4ei-4ei_TD.log,4ei4ei-4ei-4ei,---,[],"td m06hf/6-31g(d,p)",-8.95472220015,1.02151535005,121,2.7267,-1386.974006,4.3818,9.03333333333
/home/ccollins/allmols/O/opt/cam/m06hf/12ai12ai-_TD.log,12ai12ai-,---,[],"td m06hf/6-31g(d,p)",-8.02137173381,1.96248500387,43,0.1910,-537.3551566,5.1931,0.4
/home/ccollins/allmols/O/opt/cam/m06hf/12el12el-12el_TD.log,12el12el-12el,---,[],"td m06hf/6-31g(d,p)",-7.80150375223,0.602460038627,94,2.2388,-1259.3657016,4.1015,2.33333333333
/home/ccollins/allmols/O/opt/cam/m06hf/4if4if-4if-4if_TD.log,4if4if-4if-4if,---,[],"td m06hf/6-31g(d,p)",-8.58981754261,1.25090731597,113,2.3576,-1383.2218886,5.1529,5.58333333333
/home/ccollins/allmols/O/opt/cam/m06hf/4fi4fi-4fi_TD.log,4fi4fi-4fi,---,[],"td m06hf/6-31g(d,p)",-8.6771660848,1.52900765901,85,2.6899,-1037.7094614,5.2823,1.71666666667
/home/ccollins/allmols/O/opt/cam/m06hf/12li12li12li-12li-_TD.log,12li12li12li-12li-,---,[],"td m06hf/6-31g(d,p)",-7.28122209286,1.05117575845,117,1.3894,-1531.4609103,4.0895,7.93333333333
/home/ccollins/allmols/O/opt/cam/m06hf/12ei12ei-12ei-12ei-_TD.log,12ei12ei-12ei-12ei-,---,[],"td m06hf/6-31g(d,p)",-7.75497228583,0.675930775045,109,1.7747,-1378.0736443,4.1855,4.33333333333
/home/ccollins/allmols/O/opt/cam/m06hf/12ai12ai-12ai_TD.log,12ai12ai-12ai,---,[],"td m06hf/6-31g(d,p)",-7.55170324841,1.3646509005,64,1.0551,-805.4458067,4.4734,0.7
/home/ccollins/allmols/O/opt/cam/m06hf/12ef12ef12ef_TD.log,12ef12ef12ef,---,[],"td m06hf/6-31g(d,p)",-7.78300001121,0.508580764315,82,2.4794,-1141.4969012,3.9895,1.05
/home/ccollins/allmols/O/opt/cam/m06hf/12ef_TD.log,12ef,---,[],"td m06hf/6-31g(d,p)",-9.2216658758,2.34888665466,28,1.3732,-381.2784041,4.3792,0.133333333333
/home/ccollins/allmols/O/opt/cam/m06hf/4if4if_TD.log,4if4if,---,[],"td m06hf/6-31g(d,p)",-8.72342543736,1.78506678112,57,3.2193,-692.193066,5.3780,0.65
/home/ccollins/allmols/O/opt/cam/m06hf/12fe12fe-_TD.log,12fe12fe-,---,[],"td m06hf/6-31g(d,p)",-8.28124044965,0.893893959751,55,1.8189,-761.391003,4.6095,0.583333333333
/home/ccollins/allmols/O/opt/cam/m06hf/12ea12ea-12ea12ea-_TD.log,12ea12ea-12ea12ea-,---,[],"td m06hf/6-31g(d,p)",-7.73864545552,0.266943675652,93,0.7137,-1220.8480526,3.8878,1.31666666667
/home/ccollins/allmols/O/opt/cam/m06hf/12ae12ae12ae-12ae-_TD.log,12ae12ae12ae-12ae-,---,[],"td m06hf/6-31g(d,p)",-7.70708025024,0.292794490317,93,0.5945,-1220.8466529,3.9173,1.3
/home/ccollins/allmols/O/opt/cam/m06hf/12ie12ie-12ie_TD.log,12ie12ie-12ie,---,[],"td m06hf/6-31g(d,p)",-7.73483586178,0.718924761541,82,1.2334,-1033.85107,4.1552,2.65
/home/ccollins/allmols/O/opt/cam/m06hf/4ai4ai4ai-4ai_TD.log,4ai4ai4ai-4ai,---,[],"td m06hf/6-31g(d,p)",-8.66192770983,1.16981739208,97,1.1513,-1082.4339438,5.4368,5.46666666667
/home/ccollins/allmols/O/opt/cam/m06hf/12ef12ef-12ef-12ef_TD.log,12ef12ef-12ef-12ef,---,[],"td m06hf/6-31g(d,p)",-7.4458509652,0.173880742856,109,3.6354,-1521.602199,3.5854,2.48333333333
/home/ccollins/allmols/O/opt/cam/m06hf/12le12le12le_TD.log,12le12le12le,---,[],"td m06hf/6-31g(d,p)",-8.41430411672,1.12791186093,94,3.4309,-1259.3629518,4.3363,4.78333333333
/home/ccollins/allmols/O/opt/cam/m06hf/12fa12fa12fa-12fa-_TD.log,12fa12fa12fa-12fa-,---,[],"td m06hf/6-31g(d,p)",-7.36149567524,0.702597931226,85,4.0924,-1217.0611754,3.9192,1.33333333333
/home/ccollins/allmols/O/opt/cam/m06hf/4fa4fa4fa-4fa-_TD.log,4fa4fa4fa-4fa-,---,[],"td m06hf/6-31g(d,p)",-8.74873202434,0.601643697111,97,2.7011,-1226.0050986,4.9671,6.61666666667
/home/ccollins/allmols/O/opt/cam/m06hf/12li12li12li-12li_TD.log,12li12li12li-12li,---,[],"td m06hf/6-31g(d,p)",-7.18951972925,0.978521363551,117,1.3471,-1531.4624433,3.9795,5.48333333333
/home/ccollins/allmols/O/opt/cam/m06hf/12ia12ia-_TD.log,12ia12ia-,---,[],"td m06hf/6-31g(d,p)",-8.02137173381,1.96248500387,43,0.1910,-537.3551566,5.1931,0.5
/home/ccollins/allmols/O/opt/cam/m06hf/12ea12ea-12ea-12ea_TD.log,12ea12ea-12ea-12ea,---,[],"td m06hf/6-31g(d,p)",-7.73347529258,0.267760017168,93,0.5880,-1220.8464708,3.8710,1.28333333333
/home/ccollins/allmols/O/opt/cam/m06hf/12li12li-12li-12li_TD.log,12li12li-12li-12li,---,[],"td m06hf/6-31g(d,p)",-7.2646231487,1.05961128745,117,1.5963,-1531.4598004,4.0730,9.08333333333
/home/ccollins/allmols/O/opt/cam/m06hf/12af12af_TD.log,12af12af,---,[],"td m06hf/6-31g(d,p)",-8.11878848802,1.75050832362,43,1.4005,-609.1126919,5.0844,0.266666666667
/home/ccollins/allmols/O/opt/cam/m06hf/12li12li12li12li-_TD.log,12li12li12li12li-,---,[],"td m06hf/6-31g(d,p)",-7.25618761971,1.05988340129,117,1.6706,-1531.4599536,4.0689,9.5
/home/ccollins/allmols/O/opt/cam/m06hf/12al12al-_TD.log,12al12al-,---,[],"td m06hf/6-31g(d,p)",-7.79823838617,1.94833508427,51,2.0955,-687.7032569,5.0273,0.45
/home/ccollins/allmols/O/opt/cam/m06hf/12fi_TD.log,12fi,---,[],"td m06hf/6-31g(d,p)",-8.9226127672,3.40822582828,26,2.4827,-344.4505663,6.7499,0.133333333333
/home/ccollins/allmols/O/opt/cam/m06hf/12ie12ie-12ie-12ie_TD.log,12ie12ie-12ie-12ie,---,[],"td m06hf/6-31g(d,p)",-7.63279317231,0.57116694719,109,1.2390,-1378.0748606,4.0007,4.41666666667
/home/ccollins/allmols/O/opt/cam/m06hf/4ei4ei-4ei-4ei-_TD.log,4ei4ei-4ei-4ei-,---,[],"td m06hf/6-31g(d,p)",-8.95281740328,0.991582827803,121,2.7490,-1386.9739107,4.3829,10.65
/home/ccollins/allmols/O/opt/cam/m06hf/12if12if_TD.log,12if12if,---,[],"td m06hf/6-31g(d,p)",-8.26572996086,2.12684176238,51,1.2561,-687.7306776,5.3980,0.9
