/home/ccollins/allmols/8/noopt/cam/6hl13la6ea-6ia4dd-4aa4af4ae-.log,6hl13la6ea-6ia4dd-4aa4af4ae-,---,---,---,---,---,---,---,---,---,---
/home/ccollins/allmols/8/noopt/cam/4lf6aa-12lh12af-6fd4ih12hl6ei.log,4lf6aa-12lh12af-6fd4ih12hl6ei,---,[],"td cam-b3lyp/6-31g(d,p) geom=connectivity",-4.53858671376,-1.06750258877,220,5.7811,-2869.8422996,1.1911,5.0
/home/ccollins/allmols/8/noopt/cam/4he4hf6ih12fe-13hl6fl-4di12lf.log,4he4hf6ih12fe-13hl6fl-4di12lf,---,[],"td cam-b3lyp/6-31g(d,p) geom=connectivity",-2.93964579823,-0.968453151524,234,7.5038,-3040.364537,0.3050,5.51666666667
/home/ccollins/allmols/8/noopt/cam/6da12dh-12dh-6af4fi-4he-4fe12ae.log,6da12dh-12dh-6af4fi-4he-4fe12ae,---,[],"td cam-b3lyp/6-31g(d,p) geom=connectivity",-5.25179708469,-1.89119117817,216,7.0872,-2808.2637802,1.8936,3.13333333333
/home/ccollins/allmols/8/noopt/cam/12id6eh-6el-13ee-13eh-6ad-13ih13ef-.log,12id6eh-6el-13ee-13eh-6ad-13ih13ef-,---,[],"td cam-b3lyp/6-31g(d,p) geom=connectivity",-4.77505363949,-1.60928124139,226,7.2827,-2880.2999274,0.5294,6.23333333333
/home/ccollins/allmols/8/noopt/cam/12hf12de-12da6ea12le-4hd-4ah6fi.log,12hf12de-12da6ea12le-4hd-4ah6fi,---,[],"td cam-b3lyp/6-31g(d,p) geom=connectivity",-5.5995585704,-1.62669652706,217,12.5948,-2844.2977279,2.0884,4.36666666667
/home/ccollins/allmols/8/noopt/cam/12di12ah-6he6hd-12fa-12fl-13da4ed.log,12di12ah-6he6hd-12fa-12fl-13da4ed,---,[],"td cam-b3lyp/6-31g(d,p) geom=connectivity",-5.22186456244,-1.43893797844,214,4.9247,-2840.3925944,2.1482,3.66666666667
/home/ccollins/allmols/8/noopt/cam/13ha13dd6ea-12hf-4ff-12fd13ei-6ii.log,13ha13dd6ea-12hf-4ff-12fd13ei-6ii,---,[],"td cam-b3lyp/6-31g(d,p) geom=connectivity",-5.35900993709,-1.42614862802,212,12.0169,-2767.6583964,2.1295,3.5
/home/ccollins/allmols/8/noopt/cam/4ii12aa12af12ed13la-6al6de-12fd.log,4ii12aa12af12ed13la-6al6de-12fd,---,[],"td cam-b3lyp/6-31g(d,p) geom=connectivity",-4.56770289449,-1.6030226231,208,5.2273,-2733.8000475,0.0293,6.6
/home/ccollins/allmols/8/noopt/cam/4lf13ea13hf13hl-4fd13fl-13ld-4hd.log,4lf13ea13hf13hl-4fd13fl-13ld-4hd,---,[],"td cam-b3lyp/6-31g(d,p) geom=connectivity",-4.61341801937,-0.749129397624,230,14.3603,-3014.0360062,2.2861,4.61666666667
/home/ccollins/allmols/8/noopt/cam/12al4ha-6ae12ei4fa-12fi-12da-4ee.log,12al4ha-6ae12ei4fa-12fi-12da-4ee,---,[],"td cam-b3lyp/6-31g(d,p) geom=connectivity",-4.64144574474,-1.33063667068,207,7.5419,-2650.2842473,0.0744,3.88333333333
/home/ccollins/allmols/8/noopt/cam/4lf13lf-13eh-12aa-4eh-12ah-4ie-4hf-.log,4lf13lf-13eh-12aa-4eh-12ah-4ie-4hf-,---,[],"td cam-b3lyp/6-31g(d,p) geom=connectivity",-3.94075261039,-0.818518426463,215,6.1869,-2741.8654414,0.3289,5.06666666667
/home/ccollins/allmols/8/noopt/cam/6ee6fh12da-13id4fa13de-6lh13aa.log,6ee6fh12da-13id4fa13de-6lh13aa,---,[],"td cam-b3lyp/6-31g(d,p) geom=connectivity",-5.55955783613,-1.70370474338,213,15.2782,-2747.4507489,2.0805,3.0
/home/ccollins/allmols/8/noopt/cam/4dd4dd13fe13ef4di-4ah13da12ef.log,4dd4dd13fe13ef4di-4ah13da12ef,---,[],"td cam-b3lyp/6-31g(d,p) geom=connectivity",-5.73969719727,-2.30072250524,223,8.6223,-2880.7782048,1.8629,5.51666666667
/home/ccollins/allmols/8/noopt/cam/6la6fi-4de12ld-13la12ah12il13ee.log,6la6fi-4de12ld-13la12ah12il13ee,---,[],"td cam-b3lyp/6-31g(d,p) geom=connectivity",-4.72852217309,-1.47023106987,224,3.1596,-2907.3639191,0.2420,5.73333333333
/home/ccollins/allmols/8/noopt/cam/4id12fh12hh13hd-12ld-4af-13ae13il-.log,4id12fh12hh13hd-12ld-4af-13ae13il-,---,[],"td cam-b3lyp/6-31g(d,p) geom=connectivity",-4.63736403716,-1.39240651204,215,15.5148,-2805.8903563,0.1972,5.65
/home/ccollins/allmols/8/noopt/cam/6dl6ad-12da12ae-6ae-6ii13ad12ef-.log,6dl6ad-12da12ae-6ae-6ii13ad12ef-,---,[],"td cam-b3lyp/6-31g(d,p) geom=connectivity",-5.45152864221,-2.16303290291,211,8.0169,-2748.5565393,0.2092,3.91666666667
/home/ccollins/allmols/8/noopt/cam/12ee13fe6ff-4fd12ha-12ae12aa-6le-.log,12ee13fe6ff-4fd12ha-12ae12aa-6le-,---,[],"td cam-b3lyp/6-31g(d,p) geom=connectivity",-4.0656528623,-1.23539682718,210,6.6659,-2791.0069315,0.3904,4.71666666667
/home/ccollins/allmols/8/noopt/cam/13il12ia6ia-4df6fi-6hh-4ii13ef-.log,13il12ia6ia-4df6fi-6hh-4ii13ef-,---,[],"td cam-b3lyp/6-31g(d,p) geom=connectivity",-3.45666209154,-1.1643751153,216,6.3733,-2702.1298364,0.9032,4.16666666667
/home/ccollins/allmols/8/noopt/cam/6df6ia-12el-6ie12al-12fa-13id13li.log,6df6ia-12el-6ie12al-12fa-13id13li,---,[],"td cam-b3lyp/6-31g(d,p) geom=connectivity",-4.24279897122,-1.66615303366,218,10.8693,-2831.1245001,0.5163,4.1
/home/ccollins/allmols/8/noopt/cam/6fd6ed13ei-12ai6ed12fd12ah4ld.log,6fd6ed13ei-12ai6ed12fd12ah4ld,---,[],"td cam-b3lyp/6-31g(d,p) geom=connectivity",-3.9274190323,-1.74914775442,225,6.1797,-2951.8390697,-0.3905,7.88333333333
/home/ccollins/allmols/8/noopt/cam/12ee6de-4ae-12id4fh-12el12df-6la.log,12ee6de-4ae-12id4fh-12el12df-6la,---,[],"td cam-b3lyp/6-31g(d,p) geom=connectivity",-5.56336742987,-1.9760906958,229,9.8872,-3002.2817667,2.0021,4.91666666667
/home/ccollins/allmols/8/noopt/cam/6hf12ie-13hh6li-12hh-12ia-4fa-13ea-.log,6hf12ie-13hh6li-12hh-12ia-4fa-13ea-,---,[],"td cam-b3lyp/6-31g(d,p) geom=connectivity",-4.52498102183,-0.882193064692,206,8.9910,-2640.8299945,1.8920,3.4
/home/ccollins/allmols/8/noopt/cam/4ei12lh4fh-13ia4ed-13le13dh-4fa.log,4ei12lh4fh-13ia4ed-13le13dh-4fa,---,[],"td cam-b3lyp/6-31g(d,p) geom=connectivity",-4.3576310111,-1.33743951664,223,7.1462,-2814.7177864,0.1600,5.45
/home/ccollins/allmols/8/noopt/cam/13le13al4fa13fe12id-4df-6ih13lh-.log,13le13al4fa13fe12id-4df-6ih13lh-,---,[],"td cam-b3lyp/6-31g(d,p) geom=connectivity",-4.35817523878,-2.00820012876,222,12.2384,-2861.7440101,0.4490,6.73333333333
/home/ccollins/allmols/8/noopt/cam/4fd4af4da6ei-13hl13ef13ia-6li-.log,4fd4af4da6ei-13hl13ef13ia-6li-,---,[],"td cam-b3lyp/6-31g(d,p) geom=connectivity",-4.82022453669,-1.14559926044,220,1.4603,-2777.7333661,2.1435,5.81666666667
/home/ccollins/allmols/8/noopt/cam/12la6hl-13fd12ah-13le13il4ei12el-.log,12la6hl-13fd12ah-13le13il4ei12el-,---,[],"td cam-b3lyp/6-31g(d,p) geom=connectivity",-4.87519153209,-1.07185641019,227,1.8717,-2947.2053422,1.9313,5.05
/home/ccollins/allmols/8/noopt/cam/4fh4ie-13lh-6df-4ha13ae-12he6fd-.log,4fh4ie-13lh-6df-4ha13ae-12he6fd-,---,[],"td cam-b3lyp/6-31g(d,p) geom=connectivity",-3.877350086,-1.96983207752,222,7.0756,-2844.3323216,-0.4397,5.83333333333
/home/ccollins/allmols/8/noopt/cam/6hh6hf-13df4fd-13hi-4ha-4ef-.log,6hh6hf-13df4fd-13hi-4ha-4ef-,---,[],"td cam-b3lyp/6-31g(d,p) geom=connectivity",-4.98485340904,-1.05308055532,193,7.0367,-2481.8436727,2.1172,2.98333333333
/home/ccollins/allmols/8/noopt/cam/6eh6da12eh12fe4fh12ei13ae12hi-.log,6eh6da12eh12fe4fh12ei13ae12hi-,---,[],"td cam-b3lyp/6-31g(d,p) geom=connectivity",-4.64906493222,-1.35866439605,214,8.0537,-2772.2491794,1.7784,3.45
/home/ccollins/allmols/8/noopt/cam/6dh6af12fd4df12il-12dh-4ha-13fh-.log,6dh6af12fd4df12il-12dh-4ha-13fh-,---,[],"td cam-b3lyp/6-31g(d,p) geom=connectivity",-4.86349063703,-2.03949322019,217,6.9151,-2895.6745007,1.2004,3.9
/home/ccollins/allmols/8/noopt/cam/4id13hf-6fl-4hh-4dh13fe-12dh-13la-.log,4id13hf-6fl-4hh-4dh13fe-12dh-13la-,---,[],"td cam-b3lyp/6-31g(d,p) geom=connectivity",-4.56906346368,-1.2813840659,225,9.9551,-2916.910594,1.2379,5.26666666667
/home/ccollins/allmols/8/noopt/cam/12hd4ea-12af-4ie6hh6ea4ea13il.log,12hd4ea-12af-4ie6hh6ea4ea13il,---,[],"td cam-b3lyp/6-31g(d,p) geom=connectivity",-4.5113753299,-1.52438172375,214,5.7806,-2683.1231725,0.4864,4.2
/home/ccollins/allmols/8/noopt/cam/6ia6df6di-4ae13ia13ai13ei-12ie-.log,6ia6df6di-4ae13ia13ai13ei-12ie-,---,[],"td cam-b3lyp/6-31g(d,p) geom=connectivity",-5.00771097148,-1.64683295112,207,8.9538,-2550.901732,2.1251,3.76666666667
/home/ccollins/allmols/8/noopt/cam/13eh12ha13id-12hf-6il6ie-12ha-13he-.log,13eh12ha13id-12hf-6il6ie-12ha-13he-,---,[],"td cam-b3lyp/6-31g(d,p) geom=connectivity",-4.71899818874,-0.966820468492,211,7.8101,-2711.8948708,2.0656,3.96666666667
/home/ccollins/allmols/8/noopt/cam/12la6fi-13hi4le6ah13dl12he6he.log,12la6fi-13hi4le6ah13dl12he6he,---,[],"td cam-b3lyp/6-31g(d,p) geom=connectivity",-4.11408912557,-1.31131658814,225,13.7644,-2880.9272239,0.2735,8.41666666667
/home/ccollins/allmols/8/noopt/cam/6ea13ee12lf-4ef-6lh-13dh6ll-13il-.log,6ea13ee12lf-4ef-6lh-13dh6ll-13il-,---,[],"td cam-b3lyp/6-31g(d,p) geom=connectivity",-3.98048123082,-1.4838367618,239,4.4742,-3095.7261337,-0.6766,4.8
/home/ccollins/allmols/8/noopt/cam/6df12ee12ae13ai-6hf4he-4he-4dd-.log,6df12ee12ae13ai-6hf4he-4he-4dd-,---,[],"td cam-b3lyp/6-31g(d,p) geom=connectivity",-5.25016440166,-1.58070928834,224,8.2567,-2865.0295887,1.9856,4.6
/home/ccollins/allmols/8/noopt/cam/13dl13da-4df6eh13df12fl-13el-13de-.log,13dl13da-4df6eh13df12fl-13el-13de-,---,[],"td cam-b3lyp/6-31g(d,p) geom=connectivity",-4.37069247535,-1.61581197352,231,14.7913,-3064.644118,-0.1079,4.56666666667
/home/ccollins/allmols/8/noopt/cam/12ad6dh4ei-13id-6ff-13dd12el12df-.log,12ad6dh4ei-13id-6ff-13dd12el12df-,---,[],"td cam-b3lyp/6-31g(d,p) geom=connectivity",-5.38077904418,-2.11813411954,226,11.9615,-3007.844989,1.0780,5.31666666667
/home/ccollins/allmols/8/noopt/cam/6dd12el-4ae13lf-12ef-12il12ld-13fe-.log,6dd12el-4ae13lf-12ef-12il12ld-13fe-,---,[],"td cam-b3lyp/6-31g(d,p) geom=connectivity",-4.23409132838,-1.95105622265,233,7.2457,-3111.1046472,-0.4516,9.91666666667
/home/ccollins/allmols/8/noopt/cam/13ll6ea13ha-13el-12ef-13ae-6hi4hl.log,13ll6ea13ha-13el-12ef-13ae-6hi4hl,---,[],"td cam-b3lyp/6-31g(d,p) geom=connectivity",-3.7257826779,-0.741510210144,222,12.9690,-2830.9258218,0.6310,5.95
/home/ccollins/allmols/8/noopt/cam/6df13ie13ff-6da4fd12hf4ef6de-.log,6df13ie13ff-6da4fd12hf4ef6de-,---,[],"td cam-b3lyp/6-31g(d,p) geom=connectivity",-4.58130858642,-1.48247619261,226,15.4695,-2991.8497305,1.1046,3.66666666667
/home/ccollins/allmols/8/noopt/cam/4aa6ld-6di6ia13ld12ie-13hd-12he.log,4aa6ld-6di6ia13ld12ie-13hd-12he,---,[],"td cam-b3lyp/6-31g(d,p) geom=connectivity",-4.9190018601,-1.75948808029,221,6.3177,-2824.7417573,0.9381,4.3
/home/ccollins/allmols/8/noopt/cam/6af4fl12ff-13ee13fd-4ia12ai-12eh-.log,6af4fl12ff-13ee13fd-4ia12ai-12eh-,---,[],"td cam-b3lyp/6-31g(d,p) geom=connectivity",-4.63818037868,-1.42614862802,210,4.7463,-2756.0056787,0.3888,5.08333333333
/home/ccollins/allmols/8/noopt/cam/13ee6ee-13he12lf-12hf-6hf-13da6al-.log,13ee6ee-13he12lf-12hf-6hf-13da6al-,---,[],"td cam-b3lyp/6-31g(d,p) geom=connectivity",-4.38293759809,-1.52900765901,222,4.5389,-2917.7361106,0.2333,5.38333333333
/home/ccollins/allmols/8/noopt/cam/12fa13ee-12hh6fh12ii6fl4ea4di-.log,12fa13ee-12hh6fh12ii6fl4ea4di-,---,[],"td cam-b3lyp/6-31g(d,p) geom=connectivity",-3.91136431582,-0.814164605046,217,11.8924,-2795.2932124,0.3664,4.03333333333
/home/ccollins/allmols/8/noopt/cam/13al12la-6fe-4ff4dh-6af-4ei-13fe-.log,13al12la-6fe-4ff4dh-6af-4ei-13fe-,---,[],"td cam-b3lyp/6-31g(d,p) geom=connectivity",-3.63190340359,-0.873213308019,220,6.8348,-2851.7229054,-0.3262,5.53333333333
/home/ccollins/allmols/8/noopt/cam/12ld6li-4df13fa-13al-13la4ee6ah.log,12ld6li-4df13fa-13al-13la4ee6ah,---,[],"td cam-b3lyp/6-31g(d,p) geom=connectivity",-5.06403853607,-1.28383309044,221,6.3104,-2849.6641108,1.2879,4.25
/home/ccollins/allmols/8/noopt/cam/4ad12lf-13dh6fl-6hl-4hf-4ii6fd-.log,4ad12lf-13dh6fl-6hl-4hf-4ii6fd-,---,[],"td cam-b3lyp/6-31g(d,p) geom=connectivity",-4.55055972266,-1.46859838684,233,15.9707,-3034.5694298,1.3681,6.41666666667
/home/ccollins/allmols/8/noopt/cam/12ad6ia-13lf6ie-12ae12fi-13ea4ih-.log,12ad6ia-13lf6ie-12ae12fi-13ea4ih-,---,[],"td cam-b3lyp/6-31g(d,p) geom=connectivity",-4.83383022862,-1.43703318157,206,7.8290,-2625.9741727,0.8926,4.8
/home/ccollins/allmols/8/noopt/cam/13ll4ah-12le4di4aa12ea-4dd-4if.log,13ll4ah-12le4di4aa12ea-4dd-4if,---,[],"td cam-b3lyp/6-31g(d,p) geom=connectivity",-4.81287746305,-1.81091759578,222,7.9686,-2801.9989187,0.3547,4.73333333333
/home/ccollins/allmols/8/noopt/cam/12ad4hf4ei4id6fd13af-4id-12ea.log,12ad4hf4ei4id6fd13af-4id-12ea,---,[],"td cam-b3lyp/6-31g(d,p) geom=connectivity",-4.87110982451,-1.71350084157,216,2.9585,-2755.0929458,0.1077,3.75
/home/ccollins/allmols/8/noopt/cam/4ed6ld-13ff-13fe6ie6ee4fe6lf-.log,4ed6ld-13ff-13fe6ie6ee4fe6lf-,---,[],"td cam-b3lyp/6-31g(d,p) geom=connectivity",-3.25121614341,-0.893621845913,243,22.4821,-3151.4490858,0.3071,7.11666666667
/home/ccollins/allmols/8/noopt/cam/6fa12fe-13ef4fi-13el4fe13fe6il-.log,6fa12fe-13ef4fi-13el4fe13fe6il-,---,[],"td cam-b3lyp/6-31g(d,p) geom=connectivity",-4.8498849451,-0.98260307113,227,6.7732,-2950.7349488,2.0990,3.83333333333
/home/ccollins/allmols/8/noopt/cam/12id13af-12hh-4ia-13fe13ff-13aa12hf.log,12id13af-12hh-4ia-13fe13ff-13aa12hf,---,[],"td cam-b3lyp/6-31g(d,p) geom=connectivity",-4.59899598592,-0.739877527112,192,7.0741,-2542.0529439,2.1015,2.41666666667
/home/ccollins/allmols/8/noopt/cam/13ie13ai-13di-13ei-6la-12ae-4fd-4ei-.log,13ie13ai-13di-13ei-6la-12ae-4fd-4ei-,---,[],"td cam-b3lyp/6-31g(d,p) geom=connectivity",-5.01859552502,-1.39757667497,214,11.3244,-2648.357062,2.1561,4.01666666667
/home/ccollins/allmols/8/noopt/cam/12he6el13ei-13if4ie13ff12hd-12la-.log,12he6el13ei-13if4ie13ff12hd-12la-,---,[],"td cam-b3lyp/6-31g(d,p) geom=connectivity",-4.5734172851,-1.11675519355,221,3.9107,-2869.9747005,1.8544,6.58333333333
/home/ccollins/allmols/8/noopt/cam/12al13ha-12li4ff13hl6di4hh13ah-.log,12al13ha-12li4ff13hl6di4hh13ah-,---,[],"td cam-b3lyp/6-31g(d,p) geom=connectivity",-3.65040714462,-0.371435389668,212,10.9675,-2733.6119465,0.9092,4.53333333333
/home/ccollins/allmols/8/noopt/cam/12aa4fd-4al-12di4ah-12dh-13li-6ll.log,12aa4fd-4al-12di4ah-12dh-13li-6ll,---,[],"td cam-b3lyp/6-31g(d,p) geom=connectivity",-5.02349357412,-1.84738085015,219,1.3620,-2831.6650393,0.3064,4.93333333333
/home/ccollins/allmols/8/noopt/cam/13he4ia4fi13de12lh-13ha13ai6fa-.log,13he4ia4fi13de12lh-13ha13ai6fa-,---,[],"td cam-b3lyp/6-31g(d,p) geom=connectivity",-4.22756059626,-1.69771823893,204,10.3318,-2565.6186449,-0.4931,6.41666666667
/home/ccollins/allmols/8/noopt/cam/13hl4ee-12el-4hf12al6ah-13aa12le.log,13hl4ee-12el-4hf12al6ah-13aa12le,---,[],"td cam-b3lyp/6-31g(d,p) geom=connectivity",-4.58919988773,-0.978249249713,218,8.8539,-2816.5572615,2.0433,3.88333333333
/home/ccollins/allmols/8/noopt/cam/13di4ed4ii-12dh12hf-12if12af-4ie-.log,13di4ed4ii-12dh12hf-12if12af-4ie-,---,[],"td cam-b3lyp/6-31g(d,p) geom=connectivity",-4.02456367267,-1.43784952308,216,8.4786,-2768.3230163,0.3694,9.25
/home/ccollins/allmols/8/noopt/cam/6ed6lf4ee13ee-6ff-13el-13li-4ai.log,6ed6lf4ee13ee-6ff-13el-13li-4ai,---,[],"td cam-b3lyp/6-31g(d,p) geom=connectivity",-4.23681246677,-1.78833214718,238,3.9834,-3024.0906206,-0.5661,7.26666666667
/home/ccollins/allmols/8/noopt/cam/13fa12fa6hi-12ae-13hi-4fh12hl-4fe-.log,13fa12fa6hi-12ae-13hi-4fh12hl-4fe-,---,[],"td cam-b3lyp/6-31g(d,p) geom=connectivity",-4.58457395248,-0.75185053601,206,8.1193,-2680.6468704,2.0389,3.41666666667
/home/ccollins/allmols/8/noopt/cam/12ae13dh6ed6lf13he6fh4fd6il.log,12ae13dh6ed6lf13he6fh4fd6il,---,[],"td cam-b3lyp/6-31g(d,p) geom=connectivity",-4.95873048053,-1.56900839328,232,10.4694,-3028.8531347,1.3006,5.26666666667
/home/ccollins/allmols/8/noopt/cam/13if4ah-12al-13ef6fl-4ia-6ha-6hf-.log,13if4ah-12al-13ef6fl-4ia-6ha-6hf-,---,[],"td cam-b3lyp/6-31g(d,p) geom=connectivity",-3.69639438334,-0.8998804642,210,7.8399,-2699.5034126,0.8193,3.7
/home/ccollins/allmols/8/noopt/cam/6li4ff-13fl-13hh-6ff-6ia12de13hf-.log,6li4ff-13fl-13hh-6ff-6ia12de13hf-,---,[],"td cam-b3lyp/6-31g(d,p) geom=connectivity",-3.72959227164,-1.18260674249,221,11.6861,-2920.0453628,0.9390,4.28333333333
/home/ccollins/allmols/8/noopt/cam/12ld12ei6fe-4ia12fa-4dh13fl13lh.log,12ld12ei6fe-4ia12fa-4dh13fl13lh,---,[],"td cam-b3lyp/6-31g(d,p) geom=connectivity",-4.51763394819,-1.39730456113,222,6.2336,-2906.5333773,0.8716,5.1
/home/ccollins/allmols/8/noopt/cam/12hf13ed6ia13ha6if13hl-12di-6fd.log,12hf13ed6ia13ha6if13hl-12di-6fd,---,[],"td cam-b3lyp/6-31g(d,p) geom=connectivity",-5.45805937434,-1.63785319444,214,6.3472,-2801.8539965,2.1571,4.25
/home/ccollins/allmols/8/noopt/cam/12lh13dl-4ld12fh-12ll-12ff-6ia13fa.log,12lh13dl-4ld12fh-12ll-12ff-6ia13fa,---,[],"td cam-b3lyp/6-31g(d,p) geom=connectivity",-3.33774834408,-1.18587210855,223,7.5693,-3012.6183448,-0.2455,8.15
/home/ccollins/allmols/8/noopt/cam/4if12hf6ai-13fe-4hi12al6ai13lf-.log,4if12hf6ai-13fe-4hi12al6ai13lf-,---,[],"td cam-b3lyp/6-31g(d,p) geom=connectivity",-4.67137826699,-0.908043879358,211,3.5697,-2699.1200907,1.2125,5.41666666667
/home/ccollins/allmols/8/noopt/cam/4ll12lf-12ae4dd-12fe-12hf-4ai13ii-.log,4ll12lf-12ae4dd-12fe-12hf-4ai13ii-,---,[],"td cam-b3lyp/6-31g(d,p) geom=connectivity",-4.34865125443,-1.67975872558,222,3.9183,-2894.1382833,0.2443,6.15
/home/ccollins/allmols/8/noopt/cam/12hf4ha-4ia13ie-4ff-12ai-6fa-12df.log,12hf4ha-4ia13ie-4ff-12ai-6fa-12df,---,[],"td cam-b3lyp/6-31g(d,p) geom=connectivity",-5.14322366309,-1.28981959489,201,8.5196,-2607.8917182,2.1477,4.45
/home/ccollins/allmols/8/noopt/cam/12da12lf-6id4if12fa-6fi-4aa6ff.log,12da12lf-6id4if12fa-6fi-4aa6ff,---,[],"td cam-b3lyp/6-31g(d,p) geom=connectivity",-5.27138928107,-1.45853017482,208,11.8037,-2756.2817153,1.2340,3.28333333333
/home/ccollins/allmols/8/noopt/cam/4hi6aa13df-6ii-13dd6ha12if-4ae-.log,4hi6aa13df-6ii-13dd6ha12if-4ae-,---,[],"td cam-b3lyp/6-31g(d,p) geom=connectivity",-5.82405248723,-1.53962009871,208,12.6017,-2620.2766498,2.3428,3.5
/home/ccollins/allmols/8/noopt/cam/6aa13ld13dl-6fe-6ea4ad4hh13ih.log,6aa13ld13dl-6fe-6ea4ad4hh13ih,---,[],"td cam-b3lyp/6-31g(d,p) geom=connectivity",-5.28880456674,-1.67404433497,218,4.4600,-2766.6217665,0.9723,4.68333333333
/home/ccollins/allmols/8/noopt/cam/12fa13df13ef13ff-6fd12eh13la12la.log,12fa13df13ef13ff-6fd12eh13la12la,---,[],"td cam-b3lyp/6-31g(d,p) geom=connectivity",-4.86730023077,-1.59703611865,208,6.4004,-2839.9567084,0.0374,4.55
/home/ccollins/allmols/8/noopt/cam/4af6el-6he12hi12ae13ea6da-6ld-.log,4af6el-6he12hi12ae13ea6da-6ld-,---,[],"td cam-b3lyp/6-31g(d,p) geom=connectivity",-3.9105479743,-1.5698247348,220,2.4032,-2827.9810252,0.2781,5.43333333333
/home/ccollins/allmols/8/noopt/cam/13li4lf13el-4fa6hl12ah13hd13df-.log,13li4lf13el-4fa6hl12ah13hd13df-,---,[],"td cam-b3lyp/6-31g(d,p) geom=connectivity",-4.02129830661,-0.760286065006,224,20.0897,-2917.3967681,0.6460,6.63333333333
/home/ccollins/allmols/8/noopt/cam/6hh6aa-12fi13fa13ed13lh-6dd12da.log,6hh6aa-12fi13fa13ed13lh-6dd12da,---,[],"td cam-b3lyp/6-31g(d,p) geom=connectivity",-4.84444266833,-2.10942647671,208,10.7855,-2738.5787042,-0.5084,4.08333333333
/home/ccollins/allmols/8/noopt/cam/6el6eh6ea-13fh4ff4ii-12de6fa.log,6el6eh6ea-13fh4ff4ii-12de6fa,---,[],"td cam-b3lyp/6-31g(d,p) geom=connectivity",-5.11274691317,-1.21988633838,225,11.3345,-2888.669812,2.1918,6.03333333333
/home/ccollins/allmols/8/noopt/cam/13fe4ai4fl12ah6ha13ih-13df-4fl-.log,13fe4ai4fl12ah6ha13ih-13df-4fl-,---,[],"td cam-b3lyp/6-31g(d,p) geom=connectivity",-4.09749018141,-1.14913674034,213,4.6397,-2735.4016546,0.2283,4.33333333333
/home/ccollins/allmols/8/noopt/cam/4df12he4dd4eh-4eh-12hf-6hi6hh.log,4df12he4dd4eh-4eh-12hf-6hi6hh,---,[],"td cam-b3lyp/6-31g(d,p) geom=connectivity",-5.17859846211,-2.02044525149,231,14.5245,-2957.054222,0.3231,5.85
/home/ccollins/allmols/8/noopt/cam/12hh6ae13da-4fh-12ha4hi-13fa-6lh.log,12hh6ae13da-4fh-12ha4hi-13fa-6lh,---,[],"td cam-b3lyp/6-31g(d,p) geom=connectivity",-4.57940378955,-1.10423795698,205,11.5989,-2635.60817,0.0682,4.2
/home/ccollins/allmols/8/noopt/cam/6ll13fh-6ea-6hl-13fh-4da-13fh6ed-.log,6ll13fh-6ea-6hl-13fh-4da-13fh6ed-,---,[],"td cam-b3lyp/6-31g(d,p) geom=connectivity",-4.90185868827,-1.37988927546,228,10.5043,-2972.7149131,1.9027,3.91666666667
/home/ccollins/allmols/8/noopt/cam/4ii12ea-6ed-12eh4ai-13ef6eh-6ie-.log,4ii12ea-6ed-12eh4ai-13ef6eh-6ie-,---,[],"td cam-b3lyp/6-31g(d,p) geom=connectivity",-4.80389770638,-1.87132686795,222,4.9456,-2760.5930937,0.1134,5.53333333333
/home/ccollins/allmols/8/noopt/cam/12ff13fi12dh6ie6aa-6ad-6fa-13ll.log,12ff13fi12dh6ie6aa-6ad-6fa-13ll,---,[],"td cam-b3lyp/6-31g(d,p) geom=connectivity",-4.42348256004,-1.4612513132,211,10.3523,-2786.6305953,0.6846,3.7
/home/ccollins/allmols/8/noopt/cam/6ha12fl13eh13fd-6ee-12fd-6lf6ef-.log,6ha12fl13eh13fd-6ee-12fd-6lf6ef-,---,[],"td cam-b3lyp/6-31g(d,p) geom=connectivity",-4.89097413473,-1.77173320303,229,8.5944,-3067.9616569,1.7994,4.8
/home/ccollins/allmols/8/noopt/cam/12df13hh13dl4fd-13ei6ii-6ie12hf.log,12df13hh13dl4fd-13ei6ii-6ie12hf,---,[],"td cam-b3lyp/6-31g(d,p) geom=connectivity",-5.09315471679,-0.994031852351,224,7.6979,-2901.0841959,2.2517,4.23333333333
/home/ccollins/allmols/8/noopt/cam/12id6hf6lh-12df12lh-12ld13ii12fh-.log,12id6hf6lh-12df12lh-12ld13ii12fh-,---,[],"td cam-b3lyp/6-31g(d,p) geom=connectivity",-3.72061251497,-1.42288326196,225,13.0360,-3027.6367875,0.5621,6.66666666667
/home/ccollins/allmols/8/noopt/cam/6fa6la-12hi12ae-4fi13ll-4di-4ai.log,6fa6la-12hi12ae-4fi13ll-4di-4ai,---,[],"td cam-b3lyp/6-31g(d,p) geom=connectivity",-4.33096385492,-1.191858613,216,6.9561,-2726.9797635,0.4658,5.28333333333
/home/ccollins/allmols/8/noopt/cam/4af12eh13la6fh6ee4ai-6ah6dd.log,4af12eh13la6fh6ee4ai-6ah6dd,---,[],"td cam-b3lyp/6-31g(d,p) geom=connectivity",-5.36254741699,-1.5994851432,217,16.2412,-2769.2230169,2.3065,4.26666666667
/home/ccollins/allmols/8/noopt/cam/6ii13fd6fd-6hf-4af4he-12hf-6fi-.log,6ii13fd6fd-6hf-4af4he-12hf-6fi-,---,[],"td cam-b3lyp/6-31g(d,p) geom=connectivity",-5.2694844842,-1.52274904072,221,4.8809,-2882.7275792,1.9738,3.31666666667
/home/ccollins/allmols/8/noopt/cam/12ef6lh-13fl-4af-13ah-12hi-6ah-12lf.log,12ef6lh-13fl-4af-13ah-12hi-6ah-12lf,---,[],"td cam-b3lyp/6-31g(d,p) geom=connectivity",-4.34865125443,-0.58069093154,212,7.9630,-2807.7180545,1.4785,3.71666666667
/home/ccollins/allmols/8/noopt/cam/4hh12hl-6ld4fh4af6eh-12ih-12ha-.log,4hh12hl-6ld4fh4af6eh-12ih-12ha-,---,[],"td cam-b3lyp/6-31g(d,p) geom=connectivity",-3.22046727965,-0.486811657228,220,8.5235,-2846.5273939,0.0529,7.5
/home/ccollins/allmols/8/noopt/cam/13aa6if12aa13hi13eh-13ff-6ah6ee.log,13aa6if12aa13hi13eh-13ff-6ah6ee,---,[],"td cam-b3lyp/6-31g(d,p) geom=connectivity",-4.78920355909,-0.915118839161,196,7.4839,-2503.6810582,2.0139,5.01666666667
/home/ccollins/allmols/8/noopt/cam/13lf12ai-13hi-4aa6af-13fe-12lh6ii.log,13lf12ai-13hi-4aa6af-13fe-12lh6ii,---,[],"td cam-b3lyp/6-31g(d,p) geom=connectivity",-4.43899304884,-1.88275564917,204,12.7945,-2607.1489462,-0.7304,3.68333333333
/home/ccollins/allmols/8/noopt/cam/13ie13ha6de12dh4ie-4fa12hi13he.log,13ie13ha6de12dh4ie-4fa12hi13he,---,[],"td cam-b3lyp/6-31g(d,p) geom=connectivity",-4.90158657443,-1.78479466728,214,8.9413,-2696.2476339,0.0939,5.01666666667
/home/ccollins/allmols/8/noopt/cam/4le6fi4hf6he-13hl-6ee-12ai-4fe-.log,4le6fi4hf6he-13hl-6ee-12ai-4fe-,---,[],"td cam-b3lyp/6-31g(d,p) geom=connectivity",-3.53230973867,-0.821783792526,233,9.3093,-2948.1830987,0.1709,8.13333333333
/home/ccollins/allmols/8/noopt/cam/6ah13eh-6fa-13df12hl-6af12di-13he-.log,6ah13eh-6fa-13df12hl-6af12di-13he-,---,[],"td cam-b3lyp/6-31g(d,p) geom=connectivity",-5.15438033048,-1.36546724202,210,6.5344,-2762.611292,2.0091,3.73333333333
/home/ccollins/allmols/8/noopt/cam/13ah12al13el6la6dd-4ai-13ah-4fd-.log,13ah12al13el6la6dd-4ai-13ah-4fd-,---,[],"td cam-b3lyp/6-31g(d,p) geom=connectivity",-4.92036242929,-1.59621977714,213,5.8054,-2732.8320581,1.8635,3.58333333333
/home/ccollins/allmols/8/noopt/cam/6dd4ha6he-13hi12ld6ad6ll12fe.log,6dd4ha6he-13hi12ld6ad6ll12fe,---,[],"td cam-b3lyp/6-31g(d,p) geom=connectivity",-5.25968838601,-1.66588091982,232,6.1279,-3028.2174966,0.8819,6.7
/home/ccollins/allmols/8/noopt/cam/4ll12he6ei-12aa13le-13ha-6aa-6al-.log,4ll12he6ei-12aa13le-13ha-6aa-6al-,---,[],"td cam-b3lyp/6-31g(d,p) geom=connectivity",-4.0917757908,-1.0084538858,211,4.5093,-2680.8837487,0.8162,5.51666666667
/home/ccollins/allmols/8/noopt/cam/13ii6fa-13ia-12fh-12fl-6ea-4ei-6lf-.log,13ii6fa-13ia-12fh-12fl-6ea-4ei-6lf-,---,[],"td cam-b3lyp/6-31g(d,p) geom=connectivity",-3.46400916519,-0.479736697425,213,3.6352,-2741.1698567,0.7531,4.9
/home/ccollins/allmols/8/noopt/cam/13ih12eh-13el-12ld-6ia-6hh-12he-12ah-.log,13ih12eh-13el-12ld-6ia-6hh-12he-12ah-,---,[],"td cam-b3lyp/6-31g(d,p) geom=connectivity",-4.70430404146,-1.11185714446,215,12.1169,-2786.574539,1.9823,3.65
