/home/ccollins/allmols/4/opt/m06hf/cam/4aa12ha4dh-4ee.log,4aa12ha4dh-4ee,---,[],"td CAM-B3LYP/6-31g(d,p)",-6.33698707297,-0.45198108589,104,4.6401,-1277.7762323,3.7935,1.3
/home/ccollins/allmols/4/opt/m06hf/cam/4da4dd4de-4fd-.log,4da4dd4de-4fd-,---,[],"td CAM-B3LYP/6-31g(d,p)",-8.2145725592,-1.61553985968,121,6.4992,-1537.1769885,4.4700,2.01666666667
/home/ccollins/allmols/4/opt/m06hf/cam/13df12da13aa13ff.log,13df12da13aa13ff,---,[],"td CAM-B3LYP/6-31g(d,p)",-6.30433341234,-0.291161807286,93,10.2577,-1266.5334914,3.8847,0.7
/home/ccollins/allmols/4/opt/m06hf/cam/6al12ie-12hf4aa.log,6al12ie-12hf4aa,---,[],"td CAM-B3LYP/6-31g(d,p)",-5.92228558296,0.173336515179,101,3.4227,-1296.9483881,3.7623,1.9
/home/ccollins/allmols/4/opt/m06hf/cam/12he4hd-13dd-12ld.log,12he4hd-13dd-12ld,---,[],"td CAM-B3LYP/6-31g(d,p)",-7.11359996829,-0.968725265362,118,9.9487,-1568.499081,3.8815,1.65
/home/ccollins/allmols/4/opt/m06hf/cam/13dd6ii6ee6if-.log,13dd6ii6ee6if-,---,[],"td CAM-B3LYP/6-31g(d,p)",-7.51578422172,-0.757837040459,118,8.9414,-1480.6370932,4.5874,2.53333333333
/home/ccollins/allmols/4/opt/m06hf/cam/4ia13hf-12ha6la.log,4ia13hf-12ha6la,---,[],"td CAM-B3LYP/6-31g(d,p)",-5.53506759066,0.22884773825,99,4.0982,-1256.3453001,3.6525,1.1
/home/ccollins/allmols/4/opt/m06hf/cam/4aa4aa-12al-4il.log,4aa4aa-12al-4il,---,[],"td CAM-B3LYP/6-31g(d,p)",-6.26569324726,0.0957840711819,98,1.3388,-1190.951657,4.0732,1.3
/home/ccollins/allmols/4/opt/m06hf/cam/12dh12dl12if-4hi.log,12dh12dl12if-4hi,---,[],"td CAM-B3LYP/6-31g(d,p)",-6.27848259767,-0.362183519157,112,8.0940,-1481.6455367,3.6960,1.68333333333
/home/ccollins/allmols/4/opt/m06hf/cam/12al6lh-6ef13ea-.log,12al6lh-6ef13ea-,---,[],"td CAM-B3LYP/6-31g(d,p)",-6.0847375446,-0.124356024233,111,3.6544,-1444.4288405,3.6632,1.41666666667
/home/ccollins/allmols/4/opt/m06hf/cam/6df6hd6fl4fh-.log,6df6hd6fl4fh-,---,[],"td CAM-B3LYP/6-31g(d,p)",-6.31385739669,-1.21335560625,121,3.1841,-1608.1785284,3.3815,1.68333333333
/home/ccollins/allmols/4/opt/m06hf/cam/4ea13ff12ih-12lh-.log,4ea13ff12ih-12lh-,---,[],"td CAM-B3LYP/6-31g(d,p)",-5.66921971308,0.364904657542,106,5.4738,-1389.3790875,3.8080,1.33333333333
/home/ccollins/allmols/4/opt/m06hf/cam/6fl4hl12ha12dh.log,6fl4hl12ha12dh,---,[],"td CAM-B3LYP/6-31g(d,p)",-6.10133648875,-0.1346963501,113,7.7142,-1498.8935856,3.6661,1.46666666667
/home/ccollins/allmols/4/opt/m06hf/cam/12ah12he-6ah13aa.log,12ah12he-6ah13aa,---,[],"td CAM-B3LYP/6-31g(d,p)",-5.86378110767,-0.158914481734,90,4.8976,-1156.6060557,3.5451,0.966666666667
/home/ccollins/allmols/4/opt/m06hf/cam/13ae12il6ed13lh-.log,13ae12il6ed13lh-,---,[],"td CAM-B3LYP/6-31g(d,p)",-5.76010573517,0.199731557521,109,5.6888,-1459.5178726,3.7345,1.41666666667
/home/ccollins/allmols/4/opt/m06hf/cam/4ed13dl-13li-4ll.log,4ed13dl-13li-4ll,---,[],"td CAM-B3LYP/6-31g(d,p)",-6.07330876338,-0.979609818906,129,6.2411,-1638.4972075,3.2554,1.98333333333
/home/ccollins/allmols/4/opt/m06hf/cam/13dl13eh12hd4af.log,13dl13eh12hd4af,---,[],"td CAM-B3LYP/6-31g(d,p)",-6.20882145499,-0.522458570083,110,2.3143,-1439.4507896,3.5726,1.45
/home/ccollins/allmols/4/opt/m06hf/cam/4fe12ll13if-6aa.log,4fe12ll13if-6aa,---,[],"td CAM-B3LYP/6-31g(d,p)",-5.97289875694,-0.0968725265362,109,3.3022,-1411.4285145,3.6020,1.76666666667
/home/ccollins/allmols/4/opt/m06hf/cam/4ed13ie-13ai-13ai.log,4ed13ie-13ai-13ai,---,[],"td CAM-B3LYP/6-31g(d,p)",-5.91167314326,-0.829675093845,102,4.0296,-1221.036833,3.3241,1.31666666667
/home/ccollins/allmols/4/opt/m06hf/cam/4aa12fa6ii6ei-.log,4aa12fa6ii6ei-,---,[],"td CAM-B3LYP/6-31g(d,p)",-6.46760171549,-0.155104887993,100,2.3238,-1223.9567533,4.0566,1.75
/home/ccollins/allmols/4/opt/m06hf/cam/6ef6ef-12ai-12ea-.log,6ef6ef-12ai-12ea-,---,[],"td CAM-B3LYP/6-31g(d,p)",-6.94053556695,-0.378238235633,105,2.7029,-1370.5676272,4.1376,1.46666666667
/home/ccollins/allmols/4/opt/m06hf/cam/13fa13fa4lf13hi-.log,13fa13fa4lf13hi-,---,[],"td CAM-B3LYP/6-31g(d,p)",-5.58921824453,0.413068806972,100,3.0167,-1293.4284854,3.8267,1.0
/home/ccollins/allmols/4/opt/m06hf/cam/12fd12hh13aa-6ih-.log,12fd12hh13aa-6ih-,---,[],"td CAM-B3LYP/6-31g(d,p)",-6.11684697755,-0.131158870198,98,4.9712,-1287.1874426,3.6463,1.18333333333
/home/ccollins/allmols/4/opt/m06hf/cam/12ef13al-4if6ff.log,12ef13al-4if6ff,---,[],"td CAM-B3LYP/6-31g(d,p)",-6.36392634299,0.213609363289,109,3.6108,-1447.3544276,4.2408,1.41666666667
/home/ccollins/allmols/4/opt/m06hf/cam/4ei12ef-13la-13ee-.log,4ei12ef-13la-13ee-,---,[],"td CAM-B3LYP/6-31g(d,p)",-5.97997371674,-0.226398713703,112,5.0368,-1411.9678999,3.6801,1.4
/home/ccollins/allmols/4/opt/m06hf/cam/4dl12aa6li-6de.log,4dl12aa6li-6de,---,[],"td CAM-B3LYP/6-31g(d,p)",-7.15087956417,-1.01444039024,116,5.3352,-1483.5285182,4.0934,2.3
/home/ccollins/allmols/4/opt/m06hf/cam/6fe13de-12ad-4fh-.log,6fe13de-12ad-4fh-,---,[],"td CAM-B3LYP/6-31g(d,p)",-6.81699588423,-0.656338578667,111,8.9411,-1459.0400907,3.8959,1.4
/home/ccollins/allmols/4/opt/m06hf/cam/4ie13fh6ae-13hl.log,4ie13fh6ae-13hl,---,[],"td CAM-B3LYP/6-31g(d,p)",-5.93180956731,-0.142587651418,111,1.5889,-1388.6665004,3.5793,1.45
/home/ccollins/allmols/4/opt/m06hf/cam/4le13ie12ha6lh.log,4le13ie12ha6lh,---,[],"td CAM-B3LYP/6-31g(d,p)",-5.64554580912,0.200275785198,115,2.6621,-1447.8313071,3.6093,1.78333333333
/home/ccollins/allmols/4/opt/m06hf/cam/13al13de-12af-6af-.log,13al13de-12af-6af-,---,[],"td CAM-B3LYP/6-31g(d,p)",-6.3372591868,-0.337965387522,100,6.8658,-1327.8122029,3.7934,1.13333333333
/home/ccollins/allmols/4/opt/m06hf/cam/4ia6ad-13af-6ah-.log,4ia6ad-13af-6ah-,---,[],"td CAM-B3LYP/6-31g(d,p)",-6.51984757249,-0.564908328902,96,3.8460,-1196.954418,3.7399,1.13333333333
/home/ccollins/allmols/4/opt/m06hf/cam/4ed12ee-6ih-6il.log,4ed12ee-6ih-6il,---,[],"td CAM-B3LYP/6-31g(d,p)",-6.822438161,-0.964099330106,122,7.3912,-1523.6832923,3.8164,2.28333333333
/home/ccollins/allmols/4/opt/m06hf/cam/13fa6af-13di4ff-.log,13fa6af-13di4ff-,---,[],"td CAM-B3LYP/6-31g(d,p)",-6.45916618649,-0.300957905475,101,4.6141,-1329.1303415,3.8798,1.2
/home/ccollins/allmols/4/opt/m06hf/cam/13ah6hf6hh6he-.log,13ah6hf6hh6he-,---,[],"td CAM-B3LYP/6-31g(d,p)",-6.0333080291,-0.198643102167,108,6.3880,-1378.9694556,3.4555,1.41666666667
/home/ccollins/allmols/4/opt/m06hf/cam/13al13hi-12hh-13li-.log,13al13hi-12hh-13li-,---,[],"td CAM-B3LYP/6-31g(d,p)",-5.16608122553,1.19430763755,105,3.0359,-1330.0822453,4.0039,1.2
/home/ccollins/allmols/4/opt/m06hf/cam/13la12ff-6ai4li-.log,13la12ff-6ai4li-,---,[],"td CAM-B3LYP/6-31g(d,p)",-6.84393515425,-0.872669080342,114,6.8932,-1445.1480808,3.9002,1.86666666667
/home/ccollins/allmols/4/opt/m06hf/cam/13ad12hh12ih12ea.log,13ad12hh12ih12ea,---,[],"td CAM-B3LYP/6-31g(d,p)",-6.03875030588,0.151295294253,97,5.1054,-1269.8591517,3.8135,1.05
/home/ccollins/allmols/4/opt/m06hf/cam/6ih6dl12dh-6hh.log,6ih6dl12dh-6hh,---,[],"td CAM-B3LYP/6-31g(d,p)",-6.05997518529,-0.924370709673,118,6.3525,-1530.3359916,3.2328,1.98333333333
/home/ccollins/allmols/4/opt/m06hf/cam/6ld12ae12ee-13fh.log,6ld12ae12ee-13fh,---,[],"td CAM-B3LYP/6-31g(d,p)",-6.11058835926,-0.685454759395,112,6.7534,-1480.0110104,3.4797,1.55
/home/ccollins/allmols/4/opt/m06hf/cam/12fh12fe4id-4de.log,12fh12fe4id-4de,---,[],"td CAM-B3LYP/6-31g(d,p)",-6.63277481551,-0.95185420737,115,4.4724,-1502.1144728,3.9297,1.8
/home/ccollins/allmols/4/opt/m06hf/cam/12dl6le-12ee13ad-.log,12dl6le-12ee13ad-,---,[],"td CAM-B3LYP/6-31g(d,p)",-6.83958133283,-0.749129397624,118,4.4064,-1556.1561165,3.8199,1.66666666667
/home/ccollins/allmols/4/opt/m06hf/cam/13he12ii-4fl-12df-.log,13he12ii-4fl-12df-,---,[],"td CAM-B3LYP/6-31g(d,p)",-6.04800217639,-0.422048563645,112,4.6773,-1465.5422242,3.6960,1.55
/home/ccollins/allmols/4/opt/m06hf/cam/13hl6ii4ee12he-.log,13hl6ii4ee12he-,---,[],"td CAM-B3LYP/6-31g(d,p)",-6.26514901958,-0.19238448388,117,2.2059,-1448.7068607,4.0214,1.78333333333
/home/ccollins/allmols/4/opt/m06hf/cam/6di13dd-12il-4he.log,6di13dd-12il-4he,---,[],"td CAM-B3LYP/6-31g(d,p)",-6.5995769272,-0.852532656287,119,5.3893,-1517.7985344,3.8451,1.96666666667
/home/ccollins/allmols/4/opt/m06hf/cam/4fd12id-13lh-4lf-.log,4fd12id-13lh-4lf-,---,[],"td CAM-B3LYP/6-31g(d,p)",-5.9620142034,-0.709672891029,119,6.0146,-1559.0386224,3.2549,1.61666666667
/home/ccollins/allmols/4/opt/m06hf/cam/12fa13id13he-13fi-.log,12fa13id13he-13fi-,---,[],"td CAM-B3LYP/6-31g(d,p)",-5.8308553332,0.474566534492,101,5.8888,-1309.1665721,3.9177,1.3
/home/ccollins/allmols/4/opt/m06hf/cam/12il13il-6fh13el.log,12il13il-6fh13el,---,[],"td CAM-B3LYP/6-31g(d,p)",-5.94487103156,0.0204085378939,118,4.5583,-1523.2945866,3.6145,1.98333333333
/home/ccollins/allmols/4/opt/m06hf/cam/12fa12ae4ah-4dh-.log,12fa12ae4ah-4dh-,---,[],"td CAM-B3LYP/6-31g(d,p)",-6.38052528714,-0.17115960447,99,4.7855,-1274.6711416,3.9187,1.11666666667
/home/ccollins/allmols/4/opt/m06hf/cam/13ie6if-4dd4il.log,13ie6if-4dd4il,---,[],"td CAM-B3LYP/6-31g(d,p)",-6.91767800451,-1.13417047922,120,1.7468,-1486.940854,3.9279,1.86666666667
/home/ccollins/allmols/4/opt/m06hf/cam/4fl13hh-6fa-4df-.log,4fl13hh-6fa-4df-,---,[],"td CAM-B3LYP/6-31g(d,p)",-6.1503169797,-0.36735368209,112,4.1057,-1461.8408787,3.6764,1.81666666667
/home/ccollins/allmols/4/opt/m06hf/cam/12ee4hf-4fa13he-.log,12ee4hf-4fa13he-,---,[],"td CAM-B3LYP/6-31g(d,p)",-6.13807185696,0.193745053072,109,0.9236,-1390.0158815,3.8759,1.55
/home/ccollins/allmols/4/opt/m06hf/cam/6fd13df4ai-4di-.log,6fd13df4ai-4di-,---,[],"td CAM-B3LYP/6-31g(d,p)",-6.9726449999,-0.700693134356,112,9.1786,-1424.4741505,3.9394,1.68333333333
/home/ccollins/allmols/4/opt/m06hf/cam/13lh12fe4ha6ld-.log,13lh12fe4ha6ld-,---,[],"td CAM-B3LYP/6-31g(d,p)",-5.72119345625,-0.290073351932,115,5.1346,-1499.8180283,3.5775,1.7
/home/ccollins/allmols/4/opt/m06hf/cam/6dh12fi-12ea6fe-.log,6dh12fi-12ea6fe-,---,[],"td CAM-B3LYP/6-31g(d,p)",-6.79822002937,-0.503682715221,109,10.2813,-1442.01829,3.8825,1.51666666667
/home/ccollins/allmols/4/opt/m06hf/cam/12la12ad-4ea-12ld.log,12la12ad-4ea-12ld,---,[],"td CAM-B3LYP/6-31g(d,p)",-6.83713230828,-0.638651179159,106,5.5964,-1407.7489921,3.9620,1.11666666667
/home/ccollins/allmols/4/opt/m06hf/cam/12ad4if-4if-12ee-.log,12ad4if-4if-12ee-,---,[],"td CAM-B3LYP/6-31g(d,p)",-6.79304986643,-0.227215055218,109,5.2662,-1393.8834811,4.3250,1.55
/home/ccollins/allmols/4/opt/m06hf/cam/12hh6aa4ia-4ll-.log,12hh6aa4ia-4ll-,---,[],"td CAM-B3LYP/6-31g(d,p)",-6.63168636015,-0.682189393332,113,6.9937,-1481.329485,3.6868,1.36666666667
/home/ccollins/allmols/4/opt/m06hf/cam/13ef4fd13li-4id-.log,13ef4fd13li-4id-,---,[],"td CAM-B3LYP/6-31g(d,p)",-6.77100864551,-0.0304767499215,115,7.1250,-1426.4550939,4.2991,1.83333333333
/home/ccollins/allmols/4/opt/m06hf/cam/12ee13dh12il6if.log,12ee13dh12il6if,---,[],"td CAM-B3LYP/6-31g(d,p)",-6.3146737382,-0.299869450121,114,4.9237,-1482.4941923,3.7428,1.76666666667
/home/ccollins/allmols/4/opt/m06hf/cam/12hl13hi-4hi4ll.log,12hl13hi-4hi4ll,---,[],"td CAM-B3LYP/6-31g(d,p)",-6.29753056637,0.273474407778,106,3.2557,-1317.6475962,4.2165,1.45
/home/ccollins/allmols/4/opt/m06hf/cam/12al13fa-13da-4de.log,12al13fa-13da-4de,---,[],"td CAM-B3LYP/6-31g(d,p)",-6.26351633655,-0.946956158275,102,12.1029,-1328.773878,3.6523,1.03333333333
/home/ccollins/allmols/4/opt/m06hf/cam/6id6df-4if-4fd.log,6id6df-4if-4fd,---,[],"td CAM-B3LYP/6-31g(d,p)",-7.55279170376,-0.822328020204,119,7.8618,-1537.7545273,4.5397,2.75
/home/ccollins/allmols/4/opt/m06hf/cam/4li6dd-4hi-6le-.log,4li6dd-4hi-6le-,---,[],"td CAM-B3LYP/6-31g(d,p)",-7.04121768722,-1.13008877164,127,3.0055,-1580.3503147,3.6681,1.86666666667
/home/ccollins/allmols/4/opt/m06hf/cam/12if4ia-4hd4eh.log,12if4ia-4hd4eh,---,[],"td CAM-B3LYP/6-31g(d,p)",-6.76475002722,0.00952398435047,110,4.0834,-1355.4558256,4.4122,1.65
/home/ccollins/allmols/4/opt/m06hf/cam/12eh13le13fh12hf-.log,12eh13le13fh12hf-,---,[],"td CAM-B3LYP/6-31g(d,p)",-5.33451969162,0.687087442427,109,2.2855,-1459.4780045,3.7518,1.41666666667
/home/ccollins/allmols/4/opt/m06hf/cam/4eh4la-13da13hd-.log,4eh4la-13da13hd-,---,[],"td CAM-B3LYP/6-31g(d,p)",-6.68311587565,-0.173880742856,109,4.0308,-1366.4517463,4.2379,1.4
/home/ccollins/allmols/4/opt/m06hf/cam/13id12ef6fe-12hh-.log,13id12ef6fe-12hh-,---,[],"td CAM-B3LYP/6-31g(d,p)",-6.39875691432,-0.45388588276,110,6.1573,-1459.2541497,3.6973,1.16666666667
/home/ccollins/allmols/4/opt/m06hf/cam/12di13af-13ei-13fd-.log,12di13af-13ei-13fd-,---,[],"td CAM-B3LYP/6-31g(d,p)",-6.21888966702,0.0217691070868,103,3.3843,-1346.0405357,3.9382,1.1
/home/ccollins/allmols/4/opt/m06hf/cam/12lf13dh13lh12ae-.log,12lf13dh13lh12ae-,---,[],"td CAM-B3LYP/6-31g(d,p)",-6.61590375751,0.298780994766,117,9.9542,-1470.2060579,4.6147,2.1
/home/ccollins/allmols/4/opt/m06hf/cam/6fa6he-13ih-6ea-.log,6fa6he-13ih-6ea-,---,[],"td CAM-B3LYP/6-31g(d,p)",-5.97181030158,-0.275107090809,106,5.8565,-1328.3483507,3.5190,1.3
/home/ccollins/allmols/4/opt/m06hf/cam/4eh6ei-4ee4ea.log,4eh6ei-4ee4ea,---,[],"td CAM-B3LYP/6-31g(d,p)",-6.57399822637,-0.347489371873,119,2.8779,-1416.0551245,4.3463,2.56666666667
/home/ccollins/allmols/4/opt/m06hf/cam/6if12ff-12de12dl.log,6if12ff-12de12dl,---,[],"td CAM-B3LYP/6-31g(d,p)",-6.86924174124,-0.965732013138,114,3.3400,-1574.2056713,3.6482,1.41666666667
/home/ccollins/allmols/4/opt/m06hf/cam/13li6dl-12da-4ae.log,13li6dl-12da-4ae,---,[],"td CAM-B3LYP/6-31g(d,p)",-6.80012482624,-0.849267290224,113,3.4620,-1445.4367828,3.7385,1.55
/home/ccollins/allmols/4/opt/m06hf/cam/6ed12id12ai-6fh-.log,6ed12id12ai-6fh-,---,[],"td CAM-B3LYP/6-31g(d,p)",-6.6447478244,-1.16247031843,109,3.4768,-1422.2089416,3.6357,1.21666666667
/home/ccollins/allmols/4/opt/m06hf/cam/12hd4hl-4de-12af.log,12hd4hl-4de-12af,---,[],"td CAM-B3LYP/6-31g(d,p)",-6.45154699901,-0.672393295143,125,4.4587,-1674.760301,3.5208,2.06666666667
/home/ccollins/allmols/4/opt/m06hf/cam/12fh6fh4ef-12ie.log,12fh6fh4ef-12ie,---,[],"td CAM-B3LYP/6-31g(d,p)",-6.40229439423,-0.0391843927562,111,5.0800,-1464.2988117,3.8662,1.7
/home/ccollins/allmols/4/opt/m06hf/cam/13hd13da-12li-6ld.log,13hd13da-12li-6ld,---,[],"td CAM-B3LYP/6-31g(d,p)",-6.76828750712,-0.579874590024,114,5.6279,-1494.8312274,4.0094,1.46666666667
/home/ccollins/allmols/4/opt/m06hf/cam/13ia12hd6hi4ie-.log,13ia12hd6hi4ie-,---,[],"td CAM-B3LYP/6-31g(d,p)",-5.85235232645,0.404905391814,106,4.8115,-1337.4373778,3.9158,1.63333333333
/home/ccollins/allmols/4/opt/m06hf/cam/13fe13fd4eh-13il.log,13fe13fd4eh-13il,---,[],"td CAM-B3LYP/6-31g(d,p)",-6.56311367283,-0.0035374799016,114,5.8289,-1462.6391097,4.1868,1.6
/home/ccollins/allmols/4/opt/m06hf/cam/13lh13ia-6la6ll.log,13lh13ia-6la6ll,---,[],"td CAM-B3LYP/6-31g(d,p)",-5.62296036052,0.0813620377369,115,2.3433,-1465.4315405,3.7379,1.55
/home/ccollins/allmols/4/opt/m06hf/cam/12fe13di6id12ae.log,12fe13di6id12ae,---,[],"td CAM-B3LYP/6-31g(d,p)",-7.0227139462,-0.925731278866,108,3.7100,-1404.8778451,3.9536,1.35
/home/ccollins/allmols/4/opt/m06hf/cam/6he13de13ll12de-.log,6he13de13ll12de-,---,[],"td CAM-B3LYP/6-31g(d,p)",-6.53127635372,-0.490893364807,122,9.1043,-1591.6318144,3.7875,1.83333333333
/home/ccollins/allmols/4/opt/m06hf/cam/4ia13ee-6fd-12hh.log,4ia13ee-6fd-12hh,---,[],"td CAM-B3LYP/6-31g(d,p)",-6.50596976673,-0.352931648645,109,3.3850,-1386.2582964,3.7994,1.28333333333
/home/ccollins/allmols/4/opt/m06hf/cam/13fi6el13ef4al-.log,13fi6el13ef4al-,---,[],"td CAM-B3LYP/6-31g(d,p)",-6.04500892416,-0.120274316655,115,2.5790,-1467.6772427,3.6451,1.85
/home/ccollins/allmols/4/opt/m06hf/cam/12fd12eh-6ai4aa.log,12fd12eh-6ai4aa,---,[],"td CAM-B3LYP/6-31g(d,p)",-6.67304766362,-0.699604679002,99,3.0799,-1274.662068,3.6933,1.16666666667
/home/ccollins/allmols/4/opt/m06hf/cam/12ad6el-13ll12ai-.log,12ad6el-13ll12ai-,---,[],"td CAM-B3LYP/6-31g(d,p)",-6.02568884162,-0.616337844395,112,2.3644,-1465.5114737,3.4520,1.53333333333
/home/ccollins/allmols/4/opt/m06hf/cam/13lh6dl-13if-12ia.log,13lh6dl-13if-12ia,---,[],"td CAM-B3LYP/6-31g(d,p)",-5.92146924145,-0.143676106773,110,3.9541,-1424.9096878,3.6184,1.5
/home/ccollins/allmols/4/opt/m06hf/cam/13if13df-6he13ei.log,13if13df-6he13ei,---,[],"td CAM-B3LYP/6-31g(d,p)",-6.18133795729,-0.375789211086,107,3.9046,-1313.5540632,3.5927,2.18333333333
/home/ccollins/allmols/4/opt/m06hf/cam/6dh6al-12ef12dh.log,6dh6al-12ef12dh,---,[],"td CAM-B3LYP/6-31g(d,p)",-6.71195994254,-0.74994573914,113,5.6956,-1513.4157872,3.7598,1.63333333333
/home/ccollins/allmols/4/opt/m06hf/cam/4ei4ad-6af-6ff-.log,4ei4ad-6af-6ff-,---,[],"td CAM-B3LYP/6-31g(d,p)",-7.04829264703,-0.829402980007,109,5.6180,-1390.1749046,3.9124,1.78333333333
/home/ccollins/allmols/4/opt/m06hf/cam/6al13ff-6af-12hl.log,6al13ff-6af-12hl,---,[],"td CAM-B3LYP/6-31g(d,p)",-5.86840704292,0.121362772009,107,2.3501,-1442.6119142,3.7392,1.53333333333
/home/ccollins/allmols/4/opt/m06hf/cam/13ef4ed-6if-6di.log,13ef4ed-6if-6di,---,[],"td CAM-B3LYP/6-31g(d,p)",-7.08448378756,-1.0430123433,118,2.9223,-1500.4973758,3.7041,1.96666666667
/home/ccollins/allmols/4/opt/m06hf/cam/12ad6id-13li6hh-.log,12ad6id-13li6hh-,---,[],"td CAM-B3LYP/6-31g(d,p)",-6.38515122239,-0.778517692191,111,6.5268,-1420.8702719,3.5129,1.51666666667
/home/ccollins/allmols/4/opt/m06hf/cam/4ii4ha-12hf-13ff-.log,4ii4ha-12hf-13ff-,---,[],"td CAM-B3LYP/6-31g(d,p)",-5.60200759495,0.751578422172,103,0.8801,-1315.497517,4.0234,1.58333333333
/home/ccollins/allmols/4/opt/m06hf/cam/6ii6hf6fe6ha-.log,6ii6hf6fe6ha-,---,[],"td CAM-B3LYP/6-31g(d,p)",-6.44202301466,-0.645454025123,111,8.6648,-1404.8558118,3.5535,1.55
/home/ccollins/allmols/4/opt/m06hf/cam/4dh4ai12fa6le.log,4dh4ai12fa6le,---,[],"td CAM-B3LYP/6-31g(d,p)",-6.59413465043,-0.192656597718,110,7.5318,-1391.3573442,4.0539,1.45
/home/ccollins/allmols/4/opt/m06hf/cam/12ae4ee6eh-6fa-.log,12ae4ee6eh-6fa-,---,[],"td CAM-B3LYP/6-31g(d,p)",-6.95223646201,-0.671849067466,110,6.5961,-1389.7190946,3.9700,1.93333333333
/home/ccollins/allmols/4/opt/m06hf/cam/13hi12ff-13le4lf.log,13hi12ff-13le4lf,---,[],"td CAM-B3LYP/6-31g(d,p)",-5.79711321721,0.436742710929,109,7.5823,-1407.6158043,3.8780,1.55
/home/ccollins/allmols/4/opt/m06hf/cam/6dh4ia13lh-13fe-.log,6dh4ia13lh-13fe-,---,[],"td CAM-B3LYP/6-31g(d,p)",-5.80037858328,0.137689602324,111,7.2615,-1404.768453,3.9435,1.76666666667
/home/ccollins/allmols/4/opt/m06hf/cam/12ed4hh13ll4hf.log,12ed4hh13ll4hf,---,[],"td CAM-B3LYP/6-31g(d,p)",-5.98677656271,-0.212520907935,119,1.8510,-1539.1010874,3.6492,1.65
/home/ccollins/allmols/4/opt/m06hf/cam/6lf4ae-13aa4fi.log,6lf4ae-13aa4fi,---,[],"td CAM-B3LYP/6-31g(d,p)",-6.11385372533,-0.183948954883,104,3.0221,-1299.1745851,3.7117,1.28333333333
/home/ccollins/allmols/4/opt/m06hf/cam/4ha6ld6ia12fl-.log,4ha6ld6ia12fl-,---,[],"td CAM-B3LYP/6-31g(d,p)",-6.74842319691,-0.348849941066,112,5.4215,-1445.762243,4.1577,1.85
/home/ccollins/allmols/4/opt/m06hf/cam/12fh12he4ha-12he.log,12fh12he4ha-12he,---,[],"td CAM-B3LYP/6-31g(d,p)",-5.79058248509,0.284358961321,104,3.2793,-1367.0410918,3.7828,1.1
/home/ccollins/allmols/4/opt/m06hf/cam/12ed4ha-6ai-4ii.log,12ed4ha-6ai-4ii,---,[],"td CAM-B3LYP/6-31g(d,p)",-7.08393955988,-0.290073351932,106,3.1994,-1280.2546362,4.1395,2.11666666667
/home/ccollins/allmols/4/opt/m06hf/cam/4fd12ei6ff6ii-.log,4fd12ei6ff6ii-,---,[],"td CAM-B3LYP/6-31g(d,p)",-6.85645239082,-0.835933712133,114,7.9358,-1466.5760758,3.7822,1.71666666667
/home/ccollins/allmols/4/opt/m06hf/cam/4hi13hf-6da12li.log,4hi13hf-6da12li,---,[],"td CAM-B3LYP/6-31g(d,p)",-6.18950137245,-0.200547899037,109,5.4813,-1387.8150944,3.6896,1.43333333333
/home/ccollins/allmols/4/opt/m06hf/cam/12ll6ea13ii-13dh-.log,12ll6ea13ii-13dh-,---,[],"td CAM-B3LYP/6-31g(d,p)",-6.09480575662,-0.148574155867,112,8.5941,-1425.8103836,3.7925,1.58333333333
/home/ccollins/allmols/4/opt/m06hf/cam/13fa13id6fl12dh.log,13fa13id6fl12dh,---,[],"td CAM-B3LYP/6-31g(d,p)",-6.40066171119,-0.885186316917,108,5.5603,-1438.5575345,3.4463,1.11666666667
/home/ccollins/allmols/4/opt/m06hf/cam/6fi6al-12ll-4ff-.log,6fi6al-12ll-4ff-,---,[],"td CAM-B3LYP/6-31g(d,p)",-6.11113258694,-0.11156667382,118,7.1635,-1563.0860753,3.8587,2.21666666667
/home/ccollins/allmols/4/opt/m06hf/cam/13lf6hi6hh-4hh-.log,13lf6hi6hh-4hh-,---,[],"td CAM-B3LYP/6-31g(d,p)",-6.18460332336,-0.0446266695279,111,3.2524,-1396.3023275,3.8677,1.75
/home/ccollins/allmols/4/opt/m06hf/cam/6ia12ha4fd-6fi.log,6ia12ha4fd-6fi,---,[],"td CAM-B3LYP/6-31g(d,p)",-6.55032432242,-0.45579067963,104,9.4023,-1331.3096842,3.8552,1.45
/home/ccollins/allmols/4/opt/m06hf/cam/4ea4ih-12ee-12al.log,4ea4ih-12ee-12al,---,[],"td CAM-B3LYP/6-31g(d,p)",-6.25018275846,-0.0808178100597,109,1.9158,-1357.9100895,3.7940,1.33333333333
/home/ccollins/allmols/4/opt/m06hf/cam/13ih4ff-12fe4id-.log,13ih4ff-12fe4id-,---,[],"td CAM-B3LYP/6-31g(d,p)",-5.94677582843,-0.342047095101,111,5.3632,-1428.4628961,3.6941,1.65
/home/ccollins/allmols/4/opt/m06hf/cam/12hi12df-4di-13ld-.log,12hi12df-4di-13ld-,---,[],"td CAM-B3LYP/6-31g(d,p)",-6.94135190846,-0.810082897467,114,9.3196,-1498.6410734,3.8890,1.46666666667
/home/ccollins/allmols/4/opt/m06hf/cam/4he12al12de-4ah-.log,4he12al12de-4ah-,---,[],"td CAM-B3LYP/6-31g(d,p)",-6.28174796373,-0.314019369727,109,6.9532,-1390.0563934,3.6440,1.5
/home/ccollins/allmols/4/opt/m06hf/cam/4ld12ee12da6al-.log,4ld12ee12da6al-,---,[],"td CAM-B3LYP/6-31g(d,p)",-6.93509329018,-0.84600192416,115,3.7832,-1502.1018392,3.7708,1.58333333333
/home/ccollins/allmols/4/opt/m06hf/cam/12ah12hl12if-12fi-.log,12ah12hl12if-12fi-,---,[],"td CAM-B3LYP/6-31g(d,p)",-5.60119125343,0.638923292997,101,5.6726,-1370.2298362,3.9084,0.95
/home/ccollins/allmols/4/opt/m06hf/cam/13el4dh13fa4al.log,13el4dh13fa4al,---,[],"td CAM-B3LYP/6-31g(d,p)",-6.09997591956,0.112655129174,111,8.6273,-1408.584726,3.8903,1.51666666667
/home/ccollins/allmols/4/opt/m06hf/cam/12if6el-12il4fl.log,12if6el-12il4fl,---,[],"td CAM-B3LYP/6-31g(d,p)",-6.18596389255,0.0331978883074,121,2.5648,-1585.0438592,3.8877,1.7
/home/ccollins/allmols/4/opt/m06hf/cam/12ia13di-6el4li-.log,12ia13di-6el4li-,---,[],"td CAM-B3LYP/6-31g(d,p)",-6.08364908924,-0.169526921438,109,6.7271,-1427.5470718,3.8210,1.28333333333
/home/ccollins/allmols/4/opt/m06hf/cam/12dl12ai-6fa-12lf.log,12dl12ai-6fa-12lf,---,[],"td CAM-B3LYP/6-31g(d,p)",-6.3731782135,-0.226126599864,106,3.4623,-1445.1841366,3.8343,1.2
/home/ccollins/allmols/4/opt/m06hf/cam/6lf12ee-12hd-4ed.log,6lf12ee-12hd-4ed,---,[],"td CAM-B3LYP/6-31g(d,p)",-6.59277408124,-1.1502251957,121,3.2365,-1594.2692688,3.4647,1.68333333333
/home/ccollins/allmols/4/opt/m06hf/cam/12id12ai4da4ae.log,12id12ai4da4ae,---,[],"td CAM-B3LYP/6-31g(d,p)",-7.00774768508,-0.704230614258,101,6.0493,-1259.5967763,3.9558,1.15
/home/ccollins/allmols/4/opt/m06hf/cam/4ea13dd-6aa-13fh-.log,4ea13dd-6aa-13fh-,---,[],"td CAM-B3LYP/6-31g(d,p)",-6.59930481336,-0.422864905161,101,11.1299,-1287.8759462,3.9752,1.11666666667
/home/ccollins/allmols/4/opt/m06hf/cam/6hf12ei13ea-13ef-.log,6hf12ei13ea-13ef-,---,[],"td CAM-B3LYP/6-31g(d,p)",-6.12745941726,-0.0517016293311,106,4.1019,-1367.9778475,3.8399,1.38333333333
/home/ccollins/allmols/4/opt/m06hf/cam/12ia13di12id-4hi-.log,12ia13di12id-4hi-,---,[],"td CAM-B3LYP/6-31g(d,p)",-6.61753644055,-0.0979609818906,104,6.1607,-1295.3833912,4.0027,1.28333333333
/home/ccollins/allmols/4/opt/m06hf/cam/12hh13ae13al-6ll-.log,12hh13ae13al-6ll-,---,[],"td CAM-B3LYP/6-31g(d,p)",-5.49261783184,0.438919621637,110,2.8020,-1424.8554357,3.7241,1.43333333333
/home/ccollins/allmols/4/opt/m06hf/cam/4ea6di-13he-6ef.log,4ea6di-13he-6ef,---,[],"td CAM-B3LYP/6-31g(d,p)",-6.67440823281,-0.502594259866,114,4.8338,-1425.2531424,3.8647,2.33333333333
/home/ccollins/allmols/4/opt/m06hf/cam/13fi13ee4hl-12ii-.log,13fi13ee4hl-12ii-,---,[],"td CAM-B3LYP/6-31g(d,p)",-6.19793690145,0.373340186538,112,2.6081,-1393.6885757,4.1232,1.68333333333
/home/ccollins/allmols/4/opt/m06hf/cam/4ih4ih12ef-6ie.log,4ih4ih12ef-6ie,---,[],"td CAM-B3LYP/6-31g(d,p)",-6.41889333838,-0.128437731812,114,1.8251,-1394.6922141,3.8910,2.18333333333
/home/ccollins/allmols/4/opt/m06hf/cam/4af13al-6if-6hl-.log,4af13al-6if-6hl-,---,[],"td CAM-B3LYP/6-31g(d,p)",-5.93208168115,0.0835389484456,110,5.6355,-1408.9238539,3.7161,1.38333333333
/home/ccollins/allmols/4/opt/m06hf/cam/13hh12el4de4hh-.log,13hh12el4de4hh-,---,[],"td CAM-B3LYP/6-31g(d,p)",-5.93725184408,-0.466131005496,117,6.2771,-1480.8510627,3.4837,1.51666666667
/home/ccollins/allmols/4/opt/m06hf/cam/4ee4af6li-12le-.log,4ee4af6li-12le-,---,[],"td CAM-B3LYP/6-31g(d,p)",-6.78107685754,-0.195377736104,120,2.1793,-1510.4899056,4.4596,2.2
/home/ccollins/allmols/4/opt/m06hf/cam/6ll13id6ei13ea-.log,6ll13id6ei13ea-,---,[],"td CAM-B3LYP/6-31g(d,p)",-6.46352000791,-0.467491574689,117,6.9894,-1464.8439054,3.7180,1.66666666667
/home/ccollins/allmols/4/opt/m06hf/cam/6fh4ei4id-12le.log,6fh4ei4id-12le,---,[],"td CAM-B3LYP/6-31g(d,p)",-6.72121181305,-0.197554646813,120,3.4587,-1506.7292949,4.2266,2.43333333333
/home/ccollins/allmols/4/opt/m06hf/cam/12df4ii-12id-4da.log,12df4ii-12id-4da,---,[],"td CAM-B3LYP/6-31g(d,p)",-7.50979771727,-0.753211105203,109,4.3824,-1390.1745727,4.4103,1.75
/home/ccollins/allmols/4/opt/m06hf/cam/6el6fi4dh12if.log,6el6fi4dh12if,---,[],"td CAM-B3LYP/6-31g(d,p)",-6.65971408553,-0.397286204334,118,3.4995,-1521.8910627,3.9213,1.93333333333
/home/ccollins/allmols/4/opt/m06hf/cam/13ll12fi-13ae-13ld.log,13ll12fi-13ae-13ld,---,[],"td CAM-B3LYP/6-31g(d,p)",-5.77452776861,0.358373925416,113,1.2816,-1482.7886104,3.8679,1.51666666667
/home/ccollins/allmols/4/opt/m06hf/cam/4he4ih-4ad-6hl-.log,4he4ih-4ad-6hl-,---,[],"td CAM-B3LYP/6-31g(d,p)",-6.62624408338,-0.266943675652,117,6.6993,-1429.0170595,3.9790,1.73333333333
/home/ccollins/allmols/4/opt/m06hf/cam/4ai6fi-13ei13ie-.log,4ai6fi-13ei13ie-,---,[],"td CAM-B3LYP/6-31g(d,p)",-6.30487764001,0.108573421595,107,4.9614,-1281.4311084,4.1310,1.75
/home/ccollins/allmols/4/opt/m06hf/cam/4lh12ee-6hd-13ai.log,4lh12ee-6hd-13ai,---,[],"td CAM-B3LYP/6-31g(d,p)",-6.33208902387,-0.577969793154,113,7.7277,-1425.5587918,3.5441,1.45
/home/ccollins/allmols/4/opt/m06hf/cam/4de4df-13ee-4fi-.log,4de4df-13ee-4fi-,---,[],"td CAM-B3LYP/6-31g(d,p)",-6.59086928437,-0.875390218728,120,10.8133,-1505.242811,3.9059,1.98333333333
/home/ccollins/allmols/4/opt/m06hf/cam/6hf12al-12ad-4eh.log,6hf12al-12ad-4eh,---,[],"td CAM-B3LYP/6-31g(d,p)",-6.3146737382,-0.239460177955,107,6.5555,-1405.1962966,3.7573,1.11666666667
/home/ccollins/allmols/4/opt/m06hf/cam/12ea4ai-4ea-4ad.log,12ea4ai-4ea-4ad,---,[],"td CAM-B3LYP/6-31g(d,p)",-7.03387061358,-0.294427173349,100,4.0990,-1206.3939782,4.6791,1.7
/home/ccollins/allmols/4/opt/m06hf/cam/6ee4fe-12dd13dh-.log,6ee4fe-12dd13dh-,---,[],"td CAM-B3LYP/6-31g(d,p)",-7.06489159118,-1.13634738993,119,10.5263,-1552.1099903,3.7557,1.71666666667
/home/ccollins/allmols/4/opt/m06hf/cam/12af12ad-13ld-12ad-.log,12af12ad-13ld-12ad-,---,[],"td CAM-B3LYP/6-31g(d,p)",-6.98951605789,-0.897159325814,99,7.9615,-1362.5261394,3.8183,0.916666666667
/home/ccollins/allmols/4/opt/m06hf/cam/13ee4eh12de-12fh-.log,13ee4eh12de-12fh-,---,[],"td CAM-B3LYP/6-31g(d,p)",-6.61318261913,-0.536064262012,121,9.4924,-1579.798481,3.7034,1.7
/home/ccollins/allmols/4/opt/m06hf/cam/4fa13ee-13de-12hh-.log,4fa13ee-13de-12hh-,---,[],"td CAM-B3LYP/6-31g(d,p)",-6.25235966917,0.121634885847,108,7.5864,-1384.9756422,4.0906,1.5
/home/ccollins/allmols/4/opt/m06hf/cam/13if6af-13ei-4el-.log,13if6af-13ei-4el-,---,[],"td CAM-B3LYP/6-31g(d,p)",-6.16528324082,-0.0242181316341,111,4.7217,-1392.5120833,3.7732,1.7
/home/ccollins/allmols/4/opt/m06hf/cam/6ef6eh-4fd13id-.log,6ef6eh-4fd13id-,---,[],"td CAM-B3LYP/6-31g(d,p)",-7.19305720915,-0.673209636659,118,7.7981,-1516.5526959,4.1140,2.06666666667
/home/ccollins/allmols/4/opt/m06hf/cam/13dl4ae6id-13il.log,13dl4ae6id-13il,---,[],"td CAM-B3LYP/6-31g(d,p)",-6.83822076364,-0.293066604156,117,5.6580,-1464.8701282,4.1825,1.7
/home/ccollins/allmols/4/opt/m06hf/cam/4ei12fh13ee12hi.log,4ei12fh13ee12hi,---,[],"td CAM-B3LYP/6-31g(d,p)",-5.95167387753,0.0998657787607,110,5.1477,-1391.2206623,3.7931,1.35
/home/ccollins/allmols/4/opt/m06hf/cam/6ad12af6fa4ha.log,6ad12af6fa4ha,---,[],"td CAM-B3LYP/6-31g(d,p)",-6.61644798519,-0.932806238669,96,2.0063,-1252.7181849,3.5980,0.983333333333
/home/ccollins/allmols/4/opt/m06hf/cam/13ea4ll4hh-6hh.log,13ea4ll4hh-6hh,---,[],"td CAM-B3LYP/6-31g(d,p)",-6.77536246693,-0.63647426845,121,9.0650,-1522.4527863,3.9302,1.71666666667
/home/ccollins/allmols/4/opt/m06hf/cam/6il13ad4de12di.log,6il13ad4de12di,---,[],"td CAM-B3LYP/6-31g(d,p)",-6.99386987931,-1.09689088334,115,11.9409,-1462.4635267,3.7867,1.63333333333
/home/ccollins/allmols/4/opt/m06hf/cam/12ea12hi13al-12la.log,12ea12hi13al-12la,---,[],"td CAM-B3LYP/6-31g(d,p)",-5.67058028227,0.52300279776,99,2.3429,-1295.9320369,3.8898,0.966666666667
/home/ccollins/allmols/4/opt/m06hf/cam/13ed12fd4ll4fi-.log,13ed12fd4ll4fi-,---,[],"td CAM-B3LYP/6-31g(d,p)",-6.01643697111,0.127893504135,115,6.6792,-1447.8585362,3.9705,1.75
/home/ccollins/allmols/4/opt/m06hf/cam/6di12he6ah13li.log,6di12he6ah13li,---,[],"td CAM-B3LYP/6-31g(d,p)",-6.10079226107,-0.362999860672,111,6.4505,-1404.7678772,3.5601,1.41666666667
/home/ccollins/allmols/4/opt/m06hf/cam/4ih4fa4al-6eh-.log,4ih4fa4al-6eh-,---,[],"td CAM-B3LYP/6-31g(d,p)",-6.44501626688,0.275651318487,111,4.8322,-1356.6720385,4.4577,1.76666666667
/home/ccollins/allmols/4/opt/m06hf/cam/13dl12da13hh13di-.log,13dl12da13hh13di-,---,[],"td CAM-B3LYP/6-31g(d,p)",-6.35195333409,-0.276467660002,107,6.4218,-1397.591022,3.8067,1.15
/home/ccollins/allmols/4/opt/m06hf/cam/13dl6ld13ah13ii.log,13dl6ld13ah13ii,---,[],"td CAM-B3LYP/6-31g(d,p)",-5.96582379714,-0.473205965299,112,7.9945,-1422.0846055,3.4123,1.26666666667
/home/ccollins/allmols/4/opt/m06hf/cam/13da12ha12fa-13ie-.log,13da12ha12fa-13ie-,---,[],"td CAM-B3LYP/6-31g(d,p)",-5.94976908066,0.11156667382,93,7.7398,-1214.5375517,3.7690,0.816666666667
/home/ccollins/allmols/4/opt/m06hf/cam/4ei4ih12hh-12ie-.log,4ei4ih12hh-12ie-,---,[],"td CAM-B3LYP/6-31g(d,p)",-5.98432753816,0.589670688214,111,3.7324,-1356.5857963,4.0425,2.31666666667
/home/ccollins/allmols/4/opt/m06hf/cam/6hi12ei-12fe13hd.log,6hi12ei-12fe13hd,---,[],"td CAM-B3LYP/6-31g(d,p)",-6.12501039271,0.0745591917723,110,5.4401,-1423.3664066,3.8295,1.51666666667
/home/ccollins/allmols/4/opt/m06hf/cam/13ai12hf-4fe6ai-.log,13ai12hf-4fe6ai-,---,[],"td CAM-B3LYP/6-31g(d,p)",-5.8534407818,-0.0225854486025,101,4.2173,-1277.1120087,3.8386,1.4
/home/ccollins/allmols/4/opt/m06hf/cam/4ih12hd-12lh-4if.log,4ih12hd-12lh-4if,---,[],"td CAM-B3LYP/6-31g(d,p)",-6.14868429666,-0.288984896577,113,5.6722,-1446.9665967,3.5629,1.78333333333
/home/ccollins/allmols/4/opt/m06hf/cam/4fe4ia13ef-4hd-.log,4fe4ia13ef-4hd-,---,[],"td CAM-B3LYP/6-31g(d,p)",-6.55032432242,-0.064218865906,112,6.0380,-1392.2835978,4.1314,2.01666666667
/home/ccollins/allmols/4/opt/m06hf/cam/6he4fh-13ii-6ha-.log,6he4fh-13ii-6ha-,---,[],"td CAM-B3LYP/6-31g(d,p)",-6.12364982351,0.228031396734,108,4.9679,-1330.841791,4.1309,1.75
/home/ccollins/allmols/4/opt/m06hf/cam/12le4he13hf-13ai-.log,12le4he13hf-13ai-,---,[],"td CAM-B3LYP/6-31g(d,p)",-5.7617384182,0.222589119962,108,2.6793,-1370.4342411,3.7646,1.18333333333
/home/ccollins/allmols/4/opt/m06hf/cam/4ie12df-4ii-4dh-.log,4ie12df-4ii-4dh-,---,[],"td CAM-B3LYP/6-31g(d,p)",-6.86216678143,-0.339870184393,116,8.7021,-1431.6140613,4.0776,2.81666666667
/home/ccollins/allmols/4/opt/m06hf/cam/4ae6hf13fe-12ei-.log,4ae6hf13fe-12ei-,---,[],"td CAM-B3LYP/6-31g(d,p)",-5.92364615215,0.0579602476186,109,2.6245,-1390.0391642,3.6545,1.3
/home/ccollins/allmols/4/opt/m06hf/cam/4aa12if6ad-13he-.log,4aa12if6ad-13he-,---,[],"td CAM-B3LYP/6-31g(d,p)",-6.2490943031,-0.407354416362,99,6.6136,-1254.8238463,3.5973,1.05
/home/ccollins/allmols/4/opt/m06hf/cam/4ef13li4la-12ih.log,4ef13li4la-12ih,---,[],"td CAM-B3LYP/6-31g(d,p)",-5.85507346483,0.244358227049,113,4.0187,-1414.828448,3.8663,1.86666666667
/home/ccollins/allmols/4/opt/m06hf/cam/6ll12eh13ai4fh-.log,6ll12eh13ai4fh-,---,[],"td CAM-B3LYP/6-31g(d,p)",-5.49860433629,0.0778245578353,113,3.3341,-1446.919009,3.4944,1.51666666667
/home/ccollins/allmols/4/opt/m06hf/cam/6fi4da4al-12ei.log,6fi4da4al-12ei,---,[],"td CAM-B3LYP/6-31g(d,p)",-7.00747557124,-0.377966121794,110,1.9124,-1375.3064549,4.3739,1.76666666667
/home/ccollins/allmols/4/opt/m06hf/cam/6he13da-12hh12fl.log,6he13da-12hh12fl,---,[],"td CAM-B3LYP/6-31g(d,p)",-5.80364394934,0.0810899238983,108,12.1368,-1438.4775391,3.6972,1.11666666667
/home/ccollins/allmols/4/opt/m06hf/cam/6di6hi6dl-6hd.log,6di6hi6dl-6hd,---,[],"td CAM-B3LYP/6-31g(d,p)",-7.17509769581,-0.937432173925,123,10.2882,-1569.4042037,3.8510,1.66666666667
/home/ccollins/allmols/4/opt/m06hf/cam/13lh12al-4ff-13fe-.log,13lh12al-4ff-13fe-,---,[],"td CAM-B3LYP/6-31g(d,p)",-5.54187043662,0.556744913745,110,3.2080,-1464.579481,3.7814,1.23333333333
/home/ccollins/allmols/4/opt/m06hf/cam/13hf4de-6af6ha-.log,13hf4de-6af6ha-,---,[],"td CAM-B3LYP/6-31g(d,p)",-6.62678831106,-0.902601602586,106,3.9329,-1364.2931458,3.6385,1.2
/home/ccollins/allmols/4/opt/m06hf/cam/6hi6hd-4hf-4hi.log,6hi6hd-4hf-4hi,---,[],"td CAM-B3LYP/6-31g(d,p)",-6.21861755318,-0.211704566419,115,9.3016,-1424.3210611,3.8324,1.88333333333
/home/ccollins/allmols/4/opt/m06hf/cam/6af4dd13la-12ha-.log,6af4dd13la-12ha-,---,[],"td CAM-B3LYP/6-31g(d,p)",-6.09317307359,-0.918384205224,103,3.6412,-1346.0939928,3.1676,1.45
/home/ccollins/allmols/4/opt/m06hf/cam/13hi6ef-12dh-12fe-.log,13hi6ef-12dh-12fe-,---,[],"td CAM-B3LYP/6-31g(d,p)",-6.32991211316,-0.373884414216,110,4.0501,-1459.2414146,3.7248,1.31666666667
/home/ccollins/allmols/4/opt/m06hf/cam/12dl12dl-4af-13hh.log,12dl12dl-4af-13hh,---,[],"td CAM-B3LYP/6-31g(d,p)",-5.94323834853,-0.522458570083,112,6.5373,-1497.6592503,3.5657,1.38333333333
/home/ccollins/allmols/4/opt/m06hf/cam/13fa4la-6fe-4aa-.log,13fa4la-6fe-4aa-,---,[],"td CAM-B3LYP/6-31g(d,p)",-6.56175310364,-0.182860499529,100,3.3758,-1259.8577147,4.2326,1.31666666667
/home/ccollins/allmols/4/opt/m06hf/cam/6ef13al4fi-6fe-.log,6ef13al4fi-6fe-,---,[],"td CAM-B3LYP/6-31g(d,p)",-6.33943609751,-0.0405449619492,114,4.1754,-1466.5034144,3.9181,1.76666666667
/home/ccollins/allmols/4/opt/m06hf/cam/12hh12ed13hh-12ef.log,12hh12ed13hh-12ef,---,[],"td CAM-B3LYP/6-31g(d,p)",-5.81643329975,-0.11347147069,107,8.1423,-1437.1850415,3.4579,1.18333333333
/home/ccollins/allmols/4/opt/m06hf/cam/6dl4da-4ah-13fl.log,6dl4da-4ah-13fl,---,[],"td CAM-B3LYP/6-31g(d,p)",-6.26052308432,-0.527356619178,114,8.6175,-1462.763223,4.0288,2.18333333333
/home/ccollins/allmols/4/opt/m06hf/cam/13ef13le12ae4la-.log,13ef13le12ae4la-,---,[],"td CAM-B3LYP/6-31g(d,p)",-6.26269999503,0.294427173349,116,5.0193,-1488.8344701,4.1648,1.8
/home/ccollins/allmols/4/opt/m06hf/cam/6fl12ii4el-12il.log,6fl12ii4el-12il,---,[],"td CAM-B3LYP/6-31g(d,p)",-6.31657853507,0.0772803301581,121,4.3643,-1549.1478961,3.9928,1.73333333333
/home/ccollins/allmols/4/opt/m06hf/cam/4ai13ah13eh-13id.log,4ai13ah13eh-13id,---,[],"td CAM-B3LYP/6-31g(d,p)",-5.82133134885,0.524091253115,100,7.4494,-1216.3069995,3.9772,1.6
/home/ccollins/allmols/4/opt/m06hf/cam/12ae6fi12da-12da.log,12ae6fi12da-12da,---,[],"td CAM-B3LYP/6-31g(d,p)",-7.16747850833,-0.940697539988,98,7.6606,-1309.3457253,3.8626,1.08333333333
/home/ccollins/allmols/4/opt/m06hf/cam/6hi6ai-12fa6fa.log,6hi6ai-12fa6fa,---,[],"td CAM-B3LYP/6-31g(d,p)",-6.56964440496,-0.131158870198,98,6.2775,-1255.1539592,4.0410,1.35
/home/ccollins/allmols/4/opt/m06hf/cam/13ha13fd6eh-12ad-.log,13ha13fd6eh-12ad-,---,[],"td CAM-B3LYP/6-31g(d,p)",-6.19984169832,-0.795116636345,102,4.5536,-1340.9977872,3.4957,1.08333333333
/home/ccollins/allmols/4/opt/m06hf/cam/4ea13li6fl13lf-.log,4ea13li6fl13lf-,---,[],"td CAM-B3LYP/6-31g(d,p)",-6.01289949121,-0.0315652052758,117,1.6139,-1506.0520436,3.7190,1.88333333333
/home/ccollins/allmols/4/opt/m06hf/cam/12hd6ae13he13hi.log,12hd6ae13he13hi,---,[],"td CAM-B3LYP/6-31g(d,p)",-5.71956077322,-0.584772639119,106,4.1181,-1344.3398441,3.1924,1.25
/home/ccollins/allmols/4/opt/m06hf/cam/13le6fe6dd6lf-.log,13le6fe6dd6lf-,---,[],"td CAM-B3LYP/6-31g(d,p)",-7.17346501278,-1.16383088763,126,4.4544,-1666.9119356,3.9507,1.85
/home/ccollins/allmols/4/opt/m06hf/cam/13de13lf4dh-6af.log,13de13lf4dh-6af,---,[],"td CAM-B3LYP/6-31g(d,p)",-6.73617807417,-0.379870918665,113,12.2727,-1477.5372751,4.1149,1.78333333333
/home/ccollins/allmols/4/opt/m06hf/cam/13le12ae4ai4lf-.log,13le12ae4ai4lf-,---,[],"td CAM-B3LYP/6-31g(d,p)",-5.82650151178,0.105035941694,107,4.6354,-1374.6188063,3.8489,1.48333333333
/home/ccollins/allmols/4/opt/m06hf/cam/13el6ll6fi-12id.log,13el6ll6fi-12id,---,[],"td CAM-B3LYP/6-31g(d,p)",-5.98024583058,0.583684183765,112,3.6758,-1357.7932577,4.1943,1.86666666667
/home/ccollins/allmols/4/opt/m06hf/cam/4dd13da-6ha12ea.log,4dd13da-6ha12ea,---,[],"td CAM-B3LYP/6-31g(d,p)",-6.9331884933,-1.44846196279,103,6.2296,-1324.7400835,3.5481,1.15
/home/ccollins/allmols/4/opt/m06hf/cam/13ff4fd-12fi13de-.log,13ff4fd-12fi13de-,---,[],"td CAM-B3LYP/6-31g(d,p)",-6.41100203706,-0.756476471266,110,4.6441,-1479.1974776,3.5343,1.26666666667
/home/ccollins/allmols/4/opt/m06hf/cam/13lf6dd-6ah-6il.log,13lf6dd-6ah-6il,---,[],"td CAM-B3LYP/6-31g(d,p)",-6.96393735707,-1.30315317298,118,8.1723,-1534.1316939,3.5168,1.63333333333
/home/ccollins/allmols/4/opt/m06hf/cam/13hd12ff13dh-4if.log,13hd12ff13dh-4if,---,[],"td CAM-B3LYP/6-31g(d,p)",-6.26351633655,-0.210343997226,108,7.4921,-1438.5615259,3.7408,1.38333333333
/home/ccollins/allmols/4/opt/m06hf/cam/13ha12fl13af13dd-.log,13ha12fl13af13dd-,---,[],"td CAM-B3LYP/6-31g(d,p)",-6.191950397,-0.0519737431697,101,11.4591,-1361.1441985,3.8639,1.08333333333
/home/ccollins/allmols/4/opt/m06hf/cam/6ai6dh-13di6fi-.log,6ai6dh-13di6fi-,---,[],"td CAM-B3LYP/6-31g(d,p)",-7.14734208427,-0.653345326442,110,4.4342,-1383.7923826,3.9650,1.68333333333
/home/ccollins/allmols/4/opt/m06hf/cam/6il13ie-6id4he.log,6il13ie-6id4he,---,[],"td CAM-B3LYP/6-31g(d,p)",-6.50923513279,-0.39619774898,120,8.8339,-1467.0313761,3.8236,1.81666666667
/home/ccollins/allmols/4/opt/m06hf/cam/12la6df13fd4hi-.log,12la6df13fd4hi-,---,[],"td CAM-B3LYP/6-31g(d,p)",-6.71658587779,-0.554840116875,111,1.4169,-1460.6029987,3.8697,1.26666666667
/home/ccollins/allmols/4/opt/m06hf/cam/6hi13ed6ha12dl.log,6hi13ed6ha12dl,---,[],"td CAM-B3LYP/6-31g(d,p)",-6.80665555836,-0.8152530604,113,9.2550,-1457.6937727,3.7739,1.73333333333
/home/ccollins/allmols/4/opt/m06hf/cam/6eh6ei4fd-13le-.log,6eh6ei4fd-13le-,---,[],"td CAM-B3LYP/6-31g(d,p)",-6.9225760536,-0.296876197896,122,7.0785,-1539.7243878,4.2624,2.38333333333
/home/ccollins/allmols/4/opt/m06hf/cam/6ah6ed12ha13fh-.log,6ah6ed12ha13fh-,---,[],"td CAM-B3LYP/6-31g(d,p)",-5.94378257621,-0.592663940438,103,5.5584,-1342.2172655,3.2496,1.21666666667
/home/ccollins/allmols/4/opt/m06hf/cam/6le6fd-12ha-6ff-.log,6le6fd-12ha-6ff-,---,[],"td CAM-B3LYP/6-31g(d,p)",-6.55331757464,-0.956480142626,114,3.9786,-1534.5694656,3.4456,1.41666666667
/home/ccollins/allmols/4/opt/m06hf/cam/6he6al-12he-6hf.log,6he6al-12he-6hf,---,[],"td CAM-B3LYP/6-31g(d,p)",-5.84037931755,-0.270753269392,114,5.9998,-1478.7261261,3.4135,1.85
/home/ccollins/allmols/4/opt/m06hf/cam/12fe4hh6il13df.log,12fe4hh6il13df,---,[],"td CAM-B3LYP/6-31g(d,p)",-6.32202081184,-0.173336515179,115,3.4497,-1499.8265531,3.7870,1.5
/home/ccollins/allmols/4/opt/m06hf/cam/12el12ii13df-13ae-.log,12el12ii13df-13ae-,---,[],"td CAM-B3LYP/6-31g(d,p)",-6.49617366854,0.124083910395,107,6.0945,-1389.0666497,4.1718,1.28333333333
/home/ccollins/allmols/4/opt/m06hf/cam/13dd4ll4ee13ae-.log,13dd4ll4ee13ae-,---,[],"td CAM-B3LYP/6-31g(d,p)",-6.36719170905,0.220956436931,105,9.8083,-1316.4448687,4.1737,1.2
/home/ccollins/allmols/4/opt/m06hf/cam/6hi12ed-13fe-4ia-.log,6hi12ed-13fe-4ia-,---,[],"td CAM-B3LYP/6-31g(d,p)",-6.42841732273,-0.0326536606302,109,6.7953,-1370.2243261,4.0224,1.8
/home/ccollins/allmols/4/opt/m06hf/cam/13hf6ff12de-4ia.log,13hf6ff12de-4ia,---,[],"td CAM-B3LYP/6-31g(d,p)",-6.84937743102,-0.632120447033,107,2.4227,-1405.2069334,3.8567,1.4
/home/ccollins/allmols/4/opt/m06hf/cam/6ea13eh13aa-4ea-.log,6ea13eh13aa-4ea-,---,[],"td CAM-B3LYP/6-31g(d,p)",-5.81643329975,-0.0789130131896,97,2.7319,-1180.4808966,3.5900,1.01666666667
/home/ccollins/allmols/4/opt/m06hf/cam/13ee13de-4la6hi.log,13ee13de-4la6hi,---,[],"td CAM-B3LYP/6-31g(d,p)",-6.4733161061,-0.319733760337,114,11.1107,-1480.9147972,3.7647,1.41666666667
/home/ccollins/allmols/4/opt/m06hf/cam/4ia13li-4di-12if-.log,4ia13li-4di-12if-,---,[],"td CAM-B3LYP/6-31g(d,p)",-6.3541302448,-0.186670093269,109,6.5984,-1339.6948982,3.8815,1.9
/home/ccollins/allmols/4/opt/m06hf/cam/6lh13dd-6fa6hd.log,6lh13dd-6fa6hd,---,[],"td CAM-B3LYP/6-31g(d,p)",-7.08094630766,-1.09471397263,116,10.2386,-1527.9561283,3.6756,1.48333333333
/home/ccollins/allmols/4/opt/m06hf/cam/13fa12ih-12id-13ih-.log,13fa12ih-12id-13ih-,---,[],"td CAM-B3LYP/6-31g(d,p)",-6.02840998001,0.291706034963,99,5.1951,-1272.3495272,3.9854,1.06666666667
/home/ccollins/allmols/4/opt/m06hf/cam/4hd13ai-12li-6lf.log,4hd13ai-12li-6lf,---,[],"td CAM-B3LYP/6-31g(d,p)",-5.81289581985,0.0952398435047,113,3.2787,-1446.9827786,3.6353,1.51666666667
/home/ccollins/allmols/4/opt/m06hf/cam/12dl12hf-13hi-13fl-.log,12dl12hf-13hi-13fl-,---,[],"td CAM-B3LYP/6-31g(d,p)",-5.53125799692,0.439735963153,111,7.1638,-1497.9111261,3.7554,1.23333333333
/home/ccollins/allmols/4/opt/m06hf/cam/13hl12ia-13hl-13ae.log,13hl12ia-13hl-13ae,---,[],"td CAM-B3LYP/6-31g(d,p)",-5.48608709971,0.718652647703,103,1.6087,-1311.5613905,3.8746,1.16666666667
/home/ccollins/allmols/4/opt/m06hf/cam/13ah4lh12fd-4fe-.log,13ah4lh12fd-4fe-,---,[],"td CAM-B3LYP/6-31g(d,p)",-5.97725257836,-0.498784666126,111,3.7610,-1444.4900871,3.4902,1.5
/home/ccollins/allmols/4/opt/m06hf/cam/6ha13eh-6fd-13fe13li.log,6ha13eh-6fd-13fe13li,---,[],"td CAM-B3LYP/6-31g(d,p)",-5.99738900241,-0.349666282582,138,9.0115,-1781.0199303,3.4775,1.76666666667
/home/ccollins/allmols/4/opt/m06hf/cam/12ef6la4if-12fe-.log,12ef6la4if-12fe-,---,[],"td CAM-B3LYP/6-31g(d,p)",-6.46814594316,-0.151023180415,111,2.2645,-1468.1098654,4.0329,1.36666666667
/home/ccollins/allmols/4/opt/m06hf/cam/12hf4hh-6dd13hh.log,12hf4hh-6dd13hh,---,[],"td CAM-B3LYP/6-31g(d,p)",-6.34678317115,-1.06967949948,111,4.0706,-1452.9444524,3.1783,1.31666666667
/home/ccollins/allmols/4/opt/m06hf/cam/6dh13ia-13fl13ae.log,6dh13ia-13fl13ae,---,[],"td CAM-B3LYP/6-31g(d,p)",-5.85534557867,0.00870764283472,104,6.8376,-1327.3890945,3.7831,1.15
/home/ccollins/allmols/4/opt/m06hf/cam/13da4ei12ad13lf-.log,13da4ei12ad13lf-,---,[],"td CAM-B3LYP/6-31g(d,p)",-6.69454465687,-0.508580764315,106,8.9194,-1368.0598482,3.9813,1.25
/home/ccollins/allmols/4/opt/m06hf/cam/13al12ea-13el6li.log,13al12ea-13el6li,---,[],"td CAM-B3LYP/6-31g(d,p)",-5.86949549828,0.136056919292,112,2.2452,-1429.5847329,3.7423,1.46666666667
/home/ccollins/allmols/4/opt/m06hf/cam/4di6ae-13hh13li.log,4di6ae-13hh13li,---,[],"td CAM-B3LYP/6-31g(d,p)",-5.71221369957,-0.0827226069298,111,6.8878,-1368.8626728,3.4710,1.78333333333
/home/ccollins/allmols/4/opt/m06hf/cam/6if13di-12ii-6fi.log,6if13di-12ii-6fi,---,[],"td CAM-B3LYP/6-31g(d,p)",-6.7427088063,-0.267760017168,109,5.6197,-1371.8304367,4.1410,1.98333333333
/home/ccollins/allmols/4/opt/m06hf/cam/4he12ff6he4fi-.log,4he12ff6he4fi-,---,[],"td CAM-B3LYP/6-31g(d,p)",-6.1503169797,0.0130614642521,114,2.5562,-1466.5081483,3.7686,1.66666666667
/home/ccollins/allmols/4/opt/m06hf/cam/12hd13id-12id-12ed.log,12hd13id-12id-12ed,---,[],"td CAM-B3LYP/6-31g(d,p)",-7.17183232974,-1.13607527609,111,8.8694,-1475.0786329,3.8194,1.36666666667
/home/ccollins/allmols/4/opt/m06hf/cam/13al13dl-6fa6ee.log,13al13dl-6fa6ee,---,[],"td CAM-B3LYP/6-31g(d,p)",-6.58188952769,-0.479192469748,113,2.3622,-1461.4193873,4.0811,2.01666666667
/home/ccollins/allmols/4/opt/m06hf/cam/13he6ai12lh-6fe.log,13he6ai12lh-6fe,---,[],"td CAM-B3LYP/6-31g(d,p)",-6.38079740098,-0.330890427719,111,5.4194,-1424.5714967,3.8104,1.68333333333
/home/ccollins/allmols/4/opt/m06hf/cam/12eh12fh-4hf12ll.log,12eh12fh-4hf12ll,---,[],"td CAM-B3LYP/6-31g(d,p)",-5.6616005256,0.341774981263,114,3.3366,-1539.7464377,3.7107,1.28333333333
/home/ccollins/allmols/4/opt/m06hf/cam/6af13hi-12ah12fd.log,6af13hi-12ah12fd,---,[],"td CAM-B3LYP/6-31g(d,p)",-5.89262517456,0.147757814352,98,4.2697,-1307.0692053,3.7518,0.9
/home/ccollins/allmols/4/opt/m06hf/cam/4li12ll12fl13ia.log,4li12ll12fl13ia,---,[],"td CAM-B3LYP/6-31g(d,p)",-5.79711321721,0.456607021145,116,1.6576,-1510.1343352,3.9287,1.5
/home/ccollins/allmols/4/opt/m06hf/cam/12ih13ai-12hh-12ih-.log,12ih13ai-12hh-12ih-,---,[],"td CAM-B3LYP/6-31g(d,p)",-5.48608709971,0.949677296661,97,3.3655,-1235.4701292,4.0648,0.966666666667
/home/ccollins/allmols/4/opt/m06hf/cam/4ai12ll6hi-6al-.log,4ai12ll6hi-6al-,---,[],"td CAM-B3LYP/6-31g(d,p)",-6.28392487444,-0.0386401650791,114,6.0361,-1432.1364556,3.8492,2.43333333333
/home/ccollins/allmols/4/opt/m06hf/cam/12fa13fi-12ed-13di-.log,12fa13fi-12ed-13di-,---,[],"td CAM-B3LYP/6-31g(d,p)",-6.32746308861,-0.48082515278,103,8.0900,-1365.8835021,3.7148,1.13333333333
/home/ccollins/allmols/4/opt/m06hf/cam/4il12ih-12ah13la-.log,4il12ih-12ah13la-,---,[],"td CAM-B3LYP/6-31g(d,p)",-5.4909851488,0.560826621324,104,3.6412,-1316.6594263,3.8855,1.35
/home/ccollins/allmols/4/opt/m06hf/cam/6ea13ae13de4fl-.log,6ea13ae13de4fl-,---,[],"td CAM-B3LYP/6-31g(d,p)",-6.68910238009,-0.245446682404,111,7.3273,-1407.0293388,4.1217,1.41666666667
/home/ccollins/allmols/4/opt/m06hf/cam/4af12ea-12ah-6fl.log,4af12ea-12ah-6fl,---,[],"td CAM-B3LYP/6-31g(d,p)",-6.23440015582,-0.114287812206,101,4.8868,-1332.863146,3.7655,1.26666666667
/home/ccollins/allmols/4/opt/m06hf/cam/12ef6hh-13ea-13ha-.log,12ef6hh-13ea-13ha-,---,[],"td CAM-B3LYP/6-31g(d,p)",-5.81861021046,-0.0413613034649,100,2.3980,-1288.0472783,3.4801,1.1
/home/ccollins/allmols/4/opt/m06hf/cam/12ei6ef13ea-4ee.log,12ei6ef13ea-4ee,---,[],"td CAM-B3LYP/6-31g(d,p)",-6.58161741385,-0.43266100335,113,0.5462,-1411.6942965,3.8066,1.4
/home/ccollins/allmols/4/opt/m06hf/cam/12ff6dh6lf-4hd-.log,12ff6dh6lf-4hd-,---,[],"td CAM-B3LYP/6-31g(d,p)",-7.03087736136,-0.556200686068,118,13.4869,-1589.9213659,4.0400,1.68333333333
/home/ccollins/allmols/4/opt/m06hf/cam/4fl6hi-6dh-6ia.log,4fl6hi-6dh-6ia,---,[],"td CAM-B3LYP/6-31g(d,p)",-6.84801686183,-0.142587651418,115,6.6859,-1444.1547316,4.2560,2.18333333333
/home/ccollins/allmols/4/opt/m06hf/cam/4ia13di-4ha13dl.log,4ia13di-4ha13dl,---,[],"td CAM-B3LYP/6-31g(d,p)",-6.78597490663,-0.0571439061028,107,4.7249,-1313.6082057,4.2854,1.53333333333
/home/ccollins/allmols/4/opt/m06hf/cam/12ee6eh13ih12lf.log,12ee6eh13ih12lf,---,[],"td CAM-B3LYP/6-31g(d,p)",-5.70922044735,-0.169799035277,114,2.0341,-1482.4196772,3.5391,1.48333333333
/home/ccollins/allmols/4/opt/m06hf/cam/6aa12le-4ef12af-.log,6aa12le-4ef12af-,---,[],"td CAM-B3LYP/6-31g(d,p)",-6.59141351204,-0.254154325238,103,2.8849,-1353.6025944,4.0469,1.3
/home/ccollins/allmols/4/opt/m06hf/cam/6fd4fe-6ii13lh.log,6fd4fe-6ii13lh,---,[],"td CAM-B3LYP/6-31g(d,p)",-6.13399014938,-0.261773512719,118,3.4696,-1502.0192514,4.2701,1.95
/home/ccollins/allmols/4/opt/m06hf/cam/6hi6ae-12eh12la-.log,6hi6ae-12eh12la-,---,[],"td CAM-B3LYP/6-31g(d,p)",-6.47821415519,-0.196738305297,107,4.3225,-1369.2170577,4.0955,1.98333333333
/home/ccollins/allmols/4/opt/m06hf/cam/6el13ah-6hd12il-.log,6el13ah-6hd12il-,---,[],"td CAM-B3LYP/6-31g(d,p)",-6.10514608249,-0.257963918978,115,8.3388,-1479.9552851,3.5577,1.55
/home/ccollins/allmols/4/opt/m06hf/cam/13al6ah-4af-13la.log,13al6ah-4af-13la,---,[],"td CAM-B3LYP/6-31g(d,p)",-5.67765524207,0.382864170889,99,2.7227,-1256.3234811,3.8624,1.26666666667
/home/ccollins/allmols/4/opt/m06hf/cam/12fd4ll-12le6ef.log,12fd4ll-12le6ef,---,[],"td CAM-B3LYP/6-31g(d,p)",-5.94106143782,0.19428928075,103,1.2295,-1335.3437773,3.9275,1.23333333333
/home/ccollins/allmols/4/opt/m06hf/cam/13ei4dd6ie13ie.log,13ei4dd6ie13ie,---,[],"td CAM-B3LYP/6-31g(d,p)",-6.86570426134,-1.33063667068,117,2.8325,-1427.4159436,3.7908,1.66666666667
/home/ccollins/allmols/4/opt/m06hf/cam/13hi6aa-6ff-4al-.log,13hi6aa-6ff-4al-,---,[],"td CAM-B3LYP/6-31g(d,p)",-6.38923292997,-0.417422628389,102,3.4146,-1294.4449868,3.6518,1.25
/home/ccollins/allmols/4/opt/m06hf/cam/4fd4ih12ei-13il-.log,4fd4ih12ei-13il-,---,[],"td CAM-B3LYP/6-31g(d,p)",-6.18378698184,0.075375533288,115,3.9928,-1431.8457021,3.8955,1.81666666667
/home/ccollins/allmols/4/opt/m06hf/cam/6li12ai-13fi12ed-.log,6li12ai-13fi12ed-,---,[],"td CAM-B3LYP/6-31g(d,p)",-6.11739120523,-0.187758548624,108,5.0251,-1390.3666854,3.6592,1.35
/home/ccollins/allmols/4/opt/m06hf/cam/13al6ee-13ha12ee.log,13al6ee-13ha12ee,---,[],"td CAM-B3LYP/6-31g(d,p)",-5.73752028656,-0.400823684236,108,3.8385,-1368.8507811,3.2176,1.18333333333
/home/ccollins/allmols/4/opt/m06hf/cam/13ih4fl6ee4hh-.log,13ih4fl6ee4hh-,---,[],"td CAM-B3LYP/6-31g(d,p)",-6.35902829389,-0.299869450121,110,7.9275,-1403.5173956,3.7802,1.4
/home/ccollins/allmols/4/opt/m06hf/cam/4ee13ih13ad12fh-.log,4ee13ih13ad12fh-,---,[],"td CAM-B3LYP/6-31g(d,p)",-5.97752469219,-0.312930914373,106,8.2652,-1348.1555572,3.7070,1.28333333333
/home/ccollins/allmols/4/opt/m06hf/cam/4fd6hl12il6lh-.log,4fd6hl12il6lh-,---,[],"td CAM-B3LYP/6-31g(d,p)",-6.05834250225,0.00707495980321,124,6.8558,-1615.5813642,3.7807,1.96666666667
/home/ccollins/allmols/4/opt/m06hf/cam/12fl6aa-4ef13il-.log,12fl6aa-4ef13il-,---,[],"td CAM-B3LYP/6-31g(d,p)",-6.24011454643,-0.34612880268,109,2.9922,-1411.4216701,3.8751,1.43333333333
/home/ccollins/allmols/4/opt/m06hf/cam/6ai4ad6hd-6fh.log,6ai4ad6hd-6fh,---,[],"td CAM-B3LYP/6-31g(d,p)",-6.52828310149,-0.875390218728,109,10.3441,-1382.5938842,3.5480,1.7
/home/ccollins/allmols/4/opt/m06hf/cam/6fh13dl-6fe12ae.log,6fh13dl-6fe12ae,---,[],"td CAM-B3LYP/6-31g(d,p)",-6.66814961452,-0.556744913745,113,4.5705,-1497.3532192,3.7540,1.36666666667
/home/ccollins/allmols/4/opt/m06hf/cam/12el6if4lf-12fd.log,12el6if4lf-12fd,---,[],"td CAM-B3LYP/6-31g(d,p)",-5.31383903989,0.255242780593,106,5.4808,-1417.6782114,3.3984,1.25
/home/ccollins/allmols/4/opt/m06hf/cam/12fa12ld12ee4fh-.log,12fa12ld12ee4fh-,---,[],"td CAM-B3LYP/6-31g(d,p)",-6.44637683608,-0.444634012248,110,2.5908,-1482.8983509,3.7362,1.25
/home/ccollins/allmols/4/opt/m06hf/cam/4el12lh6ff-4ld.log,4el12lh6ff-4ld,---,[],"td CAM-B3LYP/6-31g(d,p)",-6.21399161793,-0.329257744688,126,7.1891,-1656.2224784,3.6172,2.13333333333
/home/ccollins/allmols/4/opt/m06hf/cam/13al4ei6eh13al.log,13al4ei6eh13al,---,[],"td CAM-B3LYP/6-31g(d,p)",-6.18324275416,0.234017901183,111,1.8419,-1372.6077845,4.0108,1.63333333333
/home/ccollins/allmols/4/opt/m06hf/cam/4fi13da6ea-4eh.log,4fi13da6ea-4eh,---,[],"td CAM-B3LYP/6-31g(d,p)",-6.80475076149,-0.491709706323,108,6.6091,-1333.1223421,4.0582,1.48333333333
/home/ccollins/allmols/4/opt/m06hf/cam/6ed13ie-13dd-6ie-.log,6ed13ie-13dd-6ie-,---,[],"td CAM-B3LYP/6-31g(d,p)",-7.2575481889,-1.27703024448,119,11.5228,-1496.3617987,3.9431,2.31666666667
/home/ccollins/allmols/4/opt/m06hf/cam/12hl13ed-4ff-6da-.log,12hl13ed-4ff-6da-,---,[],"td CAM-B3LYP/6-31g(d,p)",-6.69563311222,-0.675386547368,113,2.1217,-1497.3866057,4.1667,1.7
/home/ccollins/allmols/4/opt/m06hf/cam/4ah12ha6ih-12ah.log,4ah12ha6ih-12ah,---,[],"td CAM-B3LYP/6-31g(d,p)",-5.96364688643,0.05768813378,95,6.3071,-1197.1722986,3.7690,1.28333333333
/home/ccollins/allmols/4/opt/m06hf/cam/4fl13el-12ha-13fa-.log,4fl13el-12ha-13fa-,---,[],"td CAM-B3LYP/6-31g(d,p)",-5.36635701073,0.376605552602,106,2.3704,-1389.3913972,3.6299,1.2
/home/ccollins/allmols/4/opt/m06hf/cam/4fd6ee-6hl4il.log,4fd6ee-6hl4il,---,[],"td CAM-B3LYP/6-31g(d,p)",-6.35358601712,-0.734979478018,127,5.8114,-1600.159414,3.4545,2.63333333333
/home/ccollins/allmols/4/opt/m06hf/cam/4ah12ee4ii-13hd-.log,4ah12ee4ii-13hd-,---,[],"td CAM-B3LYP/6-31g(d,p)",-6.51386106805,-0.0710217118707,109,5.0881,-1334.3140544,4.0456,1.68333333333
/home/ccollins/allmols/4/opt/m06hf/cam/12ad13fi13ih-6ei.log,12ad13fi13ih-6ei,---,[],"td CAM-B3LYP/6-31g(d,p)",-6.13154112483,-0.109933990788,104,4.4883,-1311.3551756,3.7215,1.26666666667
/home/ccollins/allmols/4/opt/m06hf/cam/6ha12if-12id-13ei-.log,6ha12if-12id-13ei-,---,[],"td CAM-B3LYP/6-31g(d,p)",-6.43195480263,-0.0938792743118,104,6.8718,-1331.225378,3.9388,1.48333333333
/home/ccollins/allmols/4/opt/m06hf/cam/12eh6fh13hf-13hf-.log,12eh6fh13hf-13hf-,---,[],"td CAM-B3LYP/6-31g(d,p)",-5.31383903989,0.255514894431,106,5.4806,-1417.6782078,3.3984,1.25
/home/ccollins/allmols/4/opt/m06hf/cam/4he4da13li12el-.log,4he4da13li12el-,---,[],"td CAM-B3LYP/6-31g(d,p)",-6.38651179159,-0.304223271538,117,3.9976,-1468.625811,3.8903,1.56666666667
/home/ccollins/allmols/4/opt/m06hf/cam/6ef6dl13hl13de-.log,6ef6dl13hl13de-,---,[],"td CAM-B3LYP/6-31g(d,p)",-6.51005147431,-0.747496714593,123,6.9762,-1608.953949,3.5399,1.51666666667
/home/ccollins/allmols/4/opt/m06hf/cam/6df13dh6ha4fi.log,6df13dh6ha4fi,---,[],"td CAM-B3LYP/6-31g(d,p)",-6.52365716623,-0.651440529572,110,4.9725,-1419.707799,3.6587,1.4
/home/ccollins/allmols/4/opt/m06hf/cam/12da12al4lh-4ed.log,12da12al4lh-4ed,---,[],"td CAM-B3LYP/6-31g(d,p)",-6.53780708584,-0.63266467471,113,6.3076,-1465.2779931,3.7803,1.36666666667
/home/ccollins/allmols/4/opt/m06hf/cam/4li4dd-13hi-12ed-.log,4li4dd-13hi-12ed-,---,[],"td CAM-B3LYP/6-31g(d,p)",-6.81754011191,-1.14369446357,119,4.6459,-1501.7429728,3.4420,1.6
/home/ccollins/allmols/4/opt/m06hf/cam/12hh4lh13ed13ll-.log,12hh4lh13ed13ll-,---,[],"td CAM-B3LYP/6-31g(d,p)",-6.05807038842,0.0840831761227,120,9.1568,-1556.324222,3.8639,1.75
/home/ccollins/allmols/4/opt/m06hf/cam/4eh6lf-6al6df.log,4eh6lf-6al6df,---,[],"td CAM-B3LYP/6-31g(d,p)",-6.70189173051,-0.651984757249,121,5.1996,-1576.009193,4.0436,2.05
/home/ccollins/allmols/4/opt/m06hf/cam/4aa12dl13il-12id-.log,4aa12dl13il-12id-,---,[],"td CAM-B3LYP/6-31g(d,p)",-6.48637757035,-0.533887351304,108,2.7120,-1390.3963026,3.8099,1.53333333333
/home/ccollins/allmols/4/opt/m06hf/cam/13el13id6eh4df-.log,13el13id6eh4df-,---,[],"td CAM-B3LYP/6-31g(d,p)",-6.63848920612,-0.499328893803,119,5.6302,-1517.7453449,3.9371,2.0
/home/ccollins/allmols/4/opt/m06hf/cam/12hl4ed12hi-13aa-.log,12hl4ed12hi-13aa-,---,[],"td CAM-B3LYP/6-31g(d,p)",-5.99766111625,-0.578241906993,104,5.2548,-1331.1868463,3.3095,1.13333333333
/home/ccollins/allmols/4/opt/m06hf/cam/12ad13ei-4da-13hh.log,12ad13ei-4da-13hh,---,[],"td CAM-B3LYP/6-31g(d,p)",-6.39004927149,-0.382864170889,102,11.9182,-1289.0538245,3.7724,1.18333333333
/home/ccollins/allmols/4/opt/m06hf/cam/12da4he-4ah4af.log,12da4he-4ah4af,---,[],"td CAM-B3LYP/6-31g(d,p)",-6.81209783513,-0.0971446403748,102,3.6831,-1276.8724611,4.2714,1.26666666667
/home/ccollins/allmols/4/opt/m06hf/cam/12ih6ia-12ia-4he.log,12ih6ia-12ia-4he,---,[],"td CAM-B3LYP/6-31g(d,p)",-6.15548714263,0.0767361024809,101,5.0260,-1241.2024822,3.8992,1.31666666667
/home/ccollins/allmols/4/opt/m06hf/cam/13de13dd13ha-4fi.log,13de13dd13ha-4fi,---,[],"td CAM-B3LYP/6-31g(d,p)",-6.5410724519,-0.129254073328,108,12.9468,-1381.2748994,3.9412,1.33333333333
/home/ccollins/allmols/4/opt/m06hf/cam/12he12ie13dl-6ld-.log,12he12ie13dl-6ld-,---,[],"td CAM-B3LYP/6-31g(d,p)",-6.52719464614,-0.558921824453,120,8.6638,-1574.6948564,3.7026,1.76666666667
/home/ccollins/allmols/4/opt/m06hf/cam/4id13fl-13de-13ae.log,4id13fl-13de-13ae,---,[],"td CAM-B3LYP/6-31g(d,p)",-6.30651032304,-0.741238096305,112,8.9251,-1424.3243808,3.5368,1.78333333333
/home/ccollins/allmols/4/opt/m06hf/cam/6id13el-13ah-4dd.log,6id13el-13ah-4dd,---,[],"td CAM-B3LYP/6-31g(d,p)",-6.49807846541,-1.04246811562,115,3.3579,-1458.6324804,3.3878,1.78333333333
/home/ccollins/allmols/4/opt/m06hf/cam/13ii6de6lh-13ea-.log,13ii6de6lh-13ea-,---,[],"td CAM-B3LYP/6-31g(d,p)",-6.32583040558,-0.813620377369,113,3.8464,-1405.6833577,3.5672,1.4
/home/ccollins/allmols/4/opt/m06hf/cam/6dh6af12di6dd-.log,6dh6af12di6dd-,---,[],"td CAM-B3LYP/6-31g(d,p)",-7.67306602042,-1.75649482807,114,6.6156,-1509.4262071,4.0597,1.6
/home/ccollins/allmols/4/opt/m06hf/cam/12ea12lf4ea-4af.log,12ea12lf4ea-4af,---,[],"td CAM-B3LYP/6-31g(d,p)",-6.36501479834,-0.282998392128,103,2.2478,-1337.575466,3.8323,1.38333333333
/home/ccollins/allmols/4/opt/m06hf/cam/13ea13lh-4al4dl.log,13ea13lh-4al4dl,---,[],"td CAM-B3LYP/6-31g(d,p)",-6.09099616288,0.353203762483,116,5.8323,-1445.2855474,4.0199,1.61666666667
/home/ccollins/allmols/4/opt/m06hf/cam/12fh4ef13if6da-.log,12fh4ef13if6da-,---,[],"td CAM-B3LYP/6-31g(d,p)",-6.21916178086,-0.443545556893,107,3.4742,-1405.2022342,3.6121,1.35
/home/ccollins/allmols/4/opt/m06hf/cam/6aa4dd13aa12hf.log,6aa4dd13aa12hf,---,[],"td CAM-B3LYP/6-31g(d,p)",-6.16882072072,-1.09933990788,95,1.7411,-1231.611896,3.1913,1.0
/home/ccollins/allmols/4/opt/m06hf/cam/13hf6fh6ef12fa-.log,13hf6fh6ef12fa-,---,[],"td CAM-B3LYP/6-31g(d,p)",-6.2420193433,0.0419055311421,105,4.3263,-1420.2766433,3.9610,1.43333333333
/home/ccollins/allmols/4/opt/m06hf/cam/13fi13ad4dd12ii-.log,13fi13ad4dd12ii-,---,[],"td CAM-B3LYP/6-31g(d,p)",-6.8499216587,-1.30641853905,106,4.3541,-1348.2663267,3.6569,1.13333333333
/home/ccollins/allmols/4/opt/m06hf/cam/6hl12aa4le4ai-.log,6hl12aa4le4ai-,---,[],"td CAM-B3LYP/6-31g(d,p)",-6.00908989747,0.0644909797446,108,2.5686,-1338.4384714,3.7717,1.2
/home/ccollins/allmols/4/opt/m06hf/cam/4ei6if6ee-4fe-.log,4ei6if6ee-4fe-,---,[],"td CAM-B3LYP/6-31g(d,p)",-7.20965615331,-0.493070275516,121,2.7710,-1490.3533226,4.4604,2.41666666667
/home/ccollins/allmols/4/opt/m06hf/cam/6el12ih-4aa-12hi-.log,6el12ih-4aa-12hi-,---,[],"td CAM-B3LYP/6-31g(d,p)",-5.75030963698,0.211704566419,105,5.8722,-1316.373637,3.7794,1.66666666667
/home/ccollins/allmols/4/opt/m06hf/cam/6eh12hh-13eh-6el.log,6eh12hh-13eh-6el,---,[],"td CAM-B3LYP/6-31g(d,p)",-5.88772712546,0.0331978883074,117,6.3988,-1496.8544706,3.5997,2.08333333333
/home/ccollins/allmols/4/opt/m06hf/cam/4el13af-4ae6dd-.log,4el13af-4ae6dd-,---,[],"td CAM-B3LYP/6-31g(d,p)",-6.45073065749,-1.31567040956,114,3.8404,-1445.1491977,3.6678,1.41666666667
/home/ccollins/allmols/4/opt/m06hf/cam/4da4ih-12di-13ad-.log,4da4ih-12di-13ad-,---,[],"td CAM-B3LYP/6-31g(d,p)",-6.98380166728,-0.678379799592,105,5.8587,-1311.1827158,3.8807,1.46666666667
/home/ccollins/allmols/4/opt/m06hf/cam/6if13aa-12ia-13il-.log,6if13aa-12ia-13il-,---,[],"td CAM-B3LYP/6-31g(d,p)",-5.83194378855,0.189935459332,96,2.1987,-1202.2159094,3.8333,1.26666666667
/home/ccollins/allmols/4/opt/m06hf/cam/13ea13af4ef-4ff-.log,13ea13af4ef-4ff-,---,[],"td CAM-B3LYP/6-31g(d,p)",-6.20963779651,0.167894238407,103,3.9643,-1333.7883563,4.0332,1.1
/home/ccollins/allmols/4/opt/m06hf/cam/13he4la4fh12fh.log,13he4la4fh12fh,---,[],"td CAM-B3LYP/6-31g(d,p)",-5.86840704292,0.00462593525594,111,3.1000,-1408.5194364,3.9068,1.78333333333
/home/ccollins/allmols/4/opt/m06hf/cam/6dl6aa-13ai6ii.log,6dl6aa-13ai6ii,---,[],"td CAM-B3LYP/6-31g(d,p)",-6.43304325799,-0.536880603528,104,9.3252,-1275.5324308,3.8260,2.2
/home/ccollins/allmols/4/opt/m06hf/cam/13il13dd-13ad-13le-.log,13il13dd-13ad-13le-,---,[],"td CAM-B3LYP/6-31g(d,p)",-6.69182351848,-0.186670093269,113,11.2125,-1457.6513487,4.1029,1.36666666667
/home/ccollins/allmols/4/opt/m06hf/cam/6dd6di-13af12fh-.log,6dd6di-13af12fh-,---,[],"td CAM-B3LYP/6-31g(d,p)",-6.01371583273,-1.5232932684,109,3.6107,-1454.3354741,3.1458,1.01666666667
/home/ccollins/allmols/4/opt/m06hf/cam/12ai4af-6dh-6ah-.log,12ai4af-6dh-6ah-,---,[],"td CAM-B3LYP/6-31g(d,p)",-6.95931142181,-0.28463107516,100,8.7877,-1272.1371621,4.3593,1.38333333333
/home/ccollins/allmols/4/opt/m06hf/cam/12hh4ef-13fa-13il-.log,12hh4ef-13fa-13il-,---,[],"td CAM-B3LYP/6-31g(d,p)",-5.57234718654,0.491981820162,106,3.8985,-1369.528946,3.8593,1.18333333333
/home/ccollins/allmols/4/opt/m06hf/cam/4ii4il12ha12eh.log,4ii4il12ha12eh,---,[],"td CAM-B3LYP/6-31g(d,p)",-6.02323981708,0.17877879195,109,3.8856,-1339.6228909,3.8280,1.73333333333
/home/ccollins/allmols/4/opt/m06hf/cam/13ee4ad-4ea-12he-.log,13ee4ad-4ea-12he-,---,[],"td CAM-B3LYP/6-31g(d,p)",-6.73481750498,-0.492526047839,109,3.4845,-1352.5848853,4.0591,1.5
/home/ccollins/allmols/4/opt/m06hf/cam/13lh6ee12ll12fe-.log,13lh6ee12ll12fe-,---,[],"td CAM-B3LYP/6-31g(d,p)",-5.72609150534,0.00870764283472,113,3.1024,-1443.156049,3.6910,1.6
/home/ccollins/allmols/4/opt/m06hf/cam/4ih12ef-6ee12if.log,4ih12ef-6ee12if,---,[],"td CAM-B3LYP/6-31g(d,p)",-6.33562650377,-0.682189393332,113,2.2836,-1449.1492816,3.6015,1.71666666667
/home/ccollins/allmols/4/opt/m06hf/cam/13dd6eh13el6ii-.log,13dd6eh13el6ii-,---,[],"td CAM-B3LYP/6-31g(d,p)",-6.65780928866,-0.825049158589,119,6.6770,-1497.8853893,3.5907,1.83333333333
/home/ccollins/allmols/4/opt/m06hf/cam/13aa6af13hi-12ea-.log,13aa6af13hi-12ea-,---,[],"td CAM-B3LYP/6-31g(d,p)",-6.06841071428,0.147485700513,90,2.7413,-1140.5856916,3.8450,0.983333333333
/home/ccollins/allmols/4/opt/m06hf/cam/6la12fh12fi-4de-.log,6la12fh12fi-4de-,---,[],"td CAM-B3LYP/6-31g(d,p)",-6.14160933686,-0.819606881818,111,3.4460,-1464.3579297,3.5318,1.26666666667
/home/ccollins/allmols/4/opt/m06hf/cam/13la4ed-6ea-4df.log,13la4ed-6ea-4df,---,[],"td CAM-B3LYP/6-31g(d,p)",-5.83874663452,-0.255514894431,118,4.4349,-1466.0431578,3.7144,1.73333333333
/home/ccollins/allmols/4/opt/m06hf/cam/12ae13ld-6ae-12dh.log,12ae13ld-6ae-12dh,---,[],"td CAM-B3LYP/6-31g(d,p)",-6.84910531718,-0.920833229771,108,7.0736,-1420.8911133,3.8139,1.26666666667
/home/ccollins/allmols/4/opt/m06hf/cam/13da12ai4ah-4ll-.log,13da12ai4ah-4ll-,---,[],"td CAM-B3LYP/6-31g(d,p)",-6.2265088545,-0.796205091699,114,4.1473,-1462.6092642,3.3614,1.55
/home/ccollins/allmols/4/opt/m06hf/cam/13lh4hh-12hi4df-.log,13lh4hh-12hi4df-,---,[],"td CAM-B3LYP/6-31g(d,p)",-5.78241906993,0.345856688841,114,5.8600,-1440.5808709,3.6925,1.61666666667
/home/ccollins/allmols/4/opt/m06hf/cam/12ih13la-12fa-13ha.log,12ih13la-12fa-13ha,---,[],"td CAM-B3LYP/6-31g(d,p)",-4.98975145813,0.819334767979,93,2.2103,-1216.0370257,3.6317,0.75
/home/ccollins/allmols/4/opt/m06hf/cam/13ih12ih12eh-13lh.log,13ih12ih12eh-13lh,---,[],"td CAM-B3LYP/6-31g(d,p)",-5.24227310034,0.539057514237,107,2.0942,-1366.903681,3.5187,1.4
/home/ccollins/allmols/4/opt/m06hf/cam/12le13ia12eh-4il-.log,12le13ia12eh-4il-,---,[],"td CAM-B3LYP/6-31g(d,p)",-5.8809242795,0.187486434785,112,3.1010,-1413.5386088,3.7314,1.61666666667
/home/ccollins/allmols/4/opt/m06hf/cam/6di13fh-12eh6aa-.log,6di13fh-12eh6aa-,---,[],"td CAM-B3LYP/6-31g(d,p)",-6.31358528285,-0.403544822621,103,7.8085,-1326.1932669,3.6167,1.55
/home/ccollins/allmols/4/opt/m06hf/cam/12il13dd-4dd-12fi-.log,12il13dd-4dd-12fi-,---,[],"td CAM-B3LYP/6-31g(d,p)",-7.09237508888,-1.27104374003,116,9.1308,-1535.5029991,3.7237,1.48333333333
/home/ccollins/allmols/4/opt/m06hf/cam/6fh13ah6de-13dh.log,6fh13ah6de-13dh,---,[],"td CAM-B3LYP/6-31g(d,p)",-6.24637316472,-0.847906721031,109,6.1453,-1414.5815868,3.2897,1.33333333333
/home/ccollins/allmols/4/opt/m06hf/cam/12lf6eh-12hi-13id-.log,12lf6eh-12hi-13id-,---,[],"td CAM-B3LYP/6-31g(d,p)",-6.32855154397,-0.137961716163,112,7.6676,-1461.7183103,3.8233,1.6
/home/ccollins/allmols/4/opt/m06hf/cam/4ai13eh-4il-12ff.log,4ai13eh-4il-12ff,---,[],"td CAM-B3LYP/6-31g(d,p)",-6.03902241971,0.582051500733,109,4.0842,-1375.5313884,4.2291,1.48333333333
/home/ccollins/allmols/4/opt/m06hf/cam/12fl13ea4af-13le-.log,12fl13ea4af-13le-,---,[],"td CAM-B3LYP/6-31g(d,p)",-6.07303664954,0.31537993892,108,5.3871,-1410.1433599,4.0884,1.28333333333
/home/ccollins/allmols/4/opt/m06hf/cam/12id13ei6de4df.log,12id13ei6de4df,---,[],"td CAM-B3LYP/6-31g(d,p)",-6.97318922758,-1.27839081367,117,5.4936,-1499.2740066,3.6187,2.15
/home/ccollins/allmols/4/opt/m06hf/cam/4ii4de6dh-13ea-.log,4ii4de6dh-13ea-,---,[],"td CAM-B3LYP/6-31g(d,p)",-6.95441337271,-0.737700616404,114,5.5245,-1389.406788,3.9736,1.98333333333
/home/ccollins/allmols/4/opt/m06hf/cam/6dl12ae13ea-6hh-.log,6dl12ae13ea-6hh-,---,[],"td CAM-B3LYP/6-31g(d,p)",-6.13779974312,-0.470484826913,109,4.7968,-1402.2903299,3.5839,1.33333333333
/home/ccollins/allmols/4/opt/m06hf/cam/4hf4ei4ha-6ie.log,4hf4ei4ha-6ie,---,[],"td CAM-B3LYP/6-31g(d,p)",-6.44882586062,0.368170023605,113,5.8508,-1357.5872751,4.3662,2.68333333333
/home/ccollins/allmols/4/opt/m06hf/cam/12af6ea13da4ff.log,12af6ea13da4ff,---,[],"td CAM-B3LYP/6-31g(d,p)",-6.58678757679,-0.58450052528,99,4.8631,-1310.5884166,3.7704,1.08333333333
/home/ccollins/allmols/4/opt/m06hf/cam/13df13aa12dd-13li.log,13df13aa12dd-13li,---,[],"td CAM-B3LYP/6-31g(d,p)",-6.86706483053,-0.697155654455,103,9.4356,-1362.1125204,3.8138,1.01666666667
/home/ccollins/allmols/4/opt/m06hf/cam/4hh6ee-4he6ld.log,4hh6ee-4he6ld,---,[],"td CAM-B3LYP/6-31g(d,p)",-6.24256357098,-0.508308650477,125,7.0589,-1557.9541008,3.6337,1.98333333333
/home/ccollins/allmols/4/opt/m06hf/cam/4la13af-4ed13fi.log,4la13af-4ed13fi,---,[],"td CAM-B3LYP/6-31g(d,p)",-6.10596242401,-0.633208902387,107,3.5200,-1353.2654009,3.2800,1.13333333333
/home/ccollins/allmols/4/opt/m06hf/cam/6aa6fh-13ah12fe-.log,6aa6fh-13ah12fe-,---,[],"td CAM-B3LYP/6-31g(d,p)",-5.47139295243,-0.343679778133,97,4.2725,-1269.9183972,3.1975,0.883333333333
/home/ccollins/allmols/4/opt/m06hf/cam/13ll12fd13li-12di-.log,13ll12fd13li-12di-,---,[],"td CAM-B3LYP/6-31g(d,p)",-6.15902462253,-0.555112230713,117,7.4883,-1558.0101668,3.4658,1.43333333333
/home/ccollins/allmols/4/opt/m06hf/cam/13dh6ie-13al-4fd.log,13dh6ie-13al-4fd,---,[],"td CAM-B3LYP/6-31g(d,p)",-6.25671349058,-0.353203762483,113,7.0486,-1441.6458204,3.6544,1.63333333333
/home/ccollins/allmols/4/opt/m06hf/cam/13he12eh6ll-4ei-.log,13he12eh6ll-4ei-,---,[],"td CAM-B3LYP/6-31g(d,p)",-5.95249021904,-0.0783687855125,121,2.5549,-1523.9161799,3.6056,2.01666666667
/home/ccollins/allmols/4/opt/m06hf/cam/12ae4ad-12eh12fi.log,12ae4ad-12eh12fi,---,[],"td CAM-B3LYP/6-31g(d,p)",-6.2575298321,-0.768993707841,102,3.4763,-1332.5330336,3.4640,1.0
/home/ccollins/allmols/4/opt/m06hf/cam/6lf4ia12el4ii.log,6lf4ia12el4ii,---,[],"td CAM-B3LYP/6-31g(d,p)",-6.63032579096,-0.217963184707,116,2.0516,-1436.8908399,4.0626,1.63333333333
/home/ccollins/allmols/4/opt/m06hf/cam/12ia13fl6le12ih.log,12ia13fl6le12ih,---,[],"td CAM-B3LYP/6-31g(d,p)",-5.91956444458,0.0448987833665,110,2.3321,-1428.6728679,3.7816,1.31666666667
/home/ccollins/allmols/4/opt/m06hf/cam/12di13fa13lh13eh-.log,12di13fa13lh13eh-,---,[],"td CAM-B3LYP/6-31g(d,p)",-5.79384785115,0.497151983095,105,3.9289,-1364.4755196,4.0106,1.6
/home/ccollins/allmols/4/opt/m06hf/cam/12fi12ii-12ae-12ai-.log,12fi12ii-12ae-12ai-,---,[],"td CAM-B3LYP/6-31g(d,p)",-6.15711982566,0.189119117817,95,2.6539,-1224.5839875,4.0118,0.916666666667
/home/ccollins/allmols/4/opt/m06hf/cam/13he12hl-4af-12da.log,13he12hl-4af-12da,---,[],"td CAM-B3LYP/6-31g(d,p)",-5.99412363635,-0.328169289333,104,4.8370,-1367.0982928,3.6169,1.21666666667
/home/ccollins/allmols/4/opt/m06hf/cam/12hh12aa4li6he.log,12hh12aa4li6he,---,[],"td CAM-B3LYP/6-31g(d,p)",-5.93208168115,0.302046360829,105,3.7690,-1332.4264917,3.9639,1.38333333333
/home/ccollins/allmols/4/opt/m06hf/cam/4hi12ah-4hi-6di.log,4hi12ah-4hi-6di,---,[],"td CAM-B3LYP/6-31g(d,p)",-6.13426226322,-0.200547899037,108,5.7640,-1314.8245547,4.0168,2.01666666667
/home/ccollins/allmols/4/opt/m06hf/cam/4df13le-4he6ia-.log,4df13le-4he6ia-,---,[],"td CAM-B3LYP/6-31g(d,p)",-6.5889644875,-0.0206806517325,116,4.1013,-1447.5995167,4.2458,1.8
/home/ccollins/allmols/4/opt/m06hf/cam/4fl12ia-6ld-4eh-.log,4fl12ia-6ld-4eh-,---,[],"td CAM-B3LYP/6-31g(d,p)",-6.58542700759,-0.141499196064,118,4.0496,-1505.8321422,4.1897,2.01666666667
/home/ccollins/allmols/4/opt/m06hf/cam/4he13li-13ii-12li-.log,4he13li-13ii-12li-,---,[],"td CAM-B3LYP/6-31g(d,p)",-5.77044606103,0.550758409296,114,2.9385,-1396.1680145,4.0658,1.78333333333
/home/ccollins/allmols/4/opt/m06hf/cam/12de6hh4dl-4ed.log,12de6hh4dl-4ed,---,[],"td CAM-B3LYP/6-31g(d,p)",-6.65726506098,-0.846274037999,124,7.1264,-1592.6858637,3.4646,2.06666666667
/home/ccollins/allmols/4/opt/m06hf/cam/12ll4df-13dl6el.log,12ll4df-13dl6el,---,[],"td CAM-B3LYP/6-31g(d,p)",-6.69672156757,-0.607902315399,129,6.2278,-1710.2914844,3.8145,2.3
/home/ccollins/allmols/4/opt/m06hf/cam/4le13fl-13dd13fd-.log,4le13fl-13dd13fd-,---,[],"td CAM-B3LYP/6-31g(d,p)",-6.71821856082,-0.315652052758,120,12.0527,-1590.7922205,3.9869,1.7
/home/ccollins/allmols/4/opt/m06hf/cam/13il4de12ea13lf.log,13il4de12ea13lf,---,[],"td CAM-B3LYP/6-31g(d,p)",-6.18759657558,-0.711849801738,114,5.4917,-1466.4287065,3.3863,1.31666666667
/home/ccollins/allmols/4/opt/m06hf/cam/13li13dh-12lh13di.log,13li13dh-12lh13di,---,[],"td CAM-B3LYP/6-31g(d,p)",-6.18378698184,0.315924166597,123,4.0054,-1603.5717764,4.2367,1.65
/home/ccollins/allmols/4/opt/m06hf/cam/12ie6fd6eh-6ah-.log,12ie6fd6eh-6ah-,---,[],"td CAM-B3LYP/6-31g(d,p)",-6.83686019445,-0.797021433215,112,7.3082,-1440.3860984,3.8901,1.65
/home/ccollins/allmols/4/opt/m06hf/cam/6fd12di13hi12ie.log,6fd12di13hi12ie,---,[],"td CAM-B3LYP/6-31g(d,p)",-6.29045560657,-0.72872085973,110,6.5575,-1423.4141,3.5922,1.7
/home/ccollins/allmols/4/opt/m06hf/cam/13ll6de4lf-6li-.log,13ll6de4lf-6li-,---,[],"td CAM-B3LYP/6-31g(d,p)",-6.61318261913,-0.674570205852,130,3.6202,-1675.6221763,3.7619,1.66666666667
/home/ccollins/allmols/4/opt/m06hf/cam/4if12fh13fa12fl.log,4if12fh13fa12fl,---,[],"td CAM-B3LYP/6-31g(d,p)",-5.3026823725,0.660964513923,104,5.9033,-1408.3454882,3.7117,1.01666666667
/home/ccollins/allmols/4/opt/m06hf/cam/13di13ae12il6hi-.log,13di13ae12il6hi-,---,[],"td CAM-B3LYP/6-31g(d,p)",-6.32501406407,0.0146941472836,108,7.0589,-1350.6535192,3.9134,1.68333333333
/home/ccollins/allmols/4/opt/m06hf/cam/13de4al-12il-12il.log,13de4al-12il-12il,---,[],"td CAM-B3LYP/6-31g(d,p)",-6.57100497415,-0.163812530828,116,7.8722,-1488.7624069,4.1472,1.66666666667
/home/ccollins/allmols/4/opt/m06hf/cam/6hi13hl-12al6ii.log,6hi13hl-12al6ii,---,[],"td CAM-B3LYP/6-31g(d,p)",-5.69860800765,0.276739773841,111,3.5129,-1390.2441313,3.6906,1.85
/home/ccollins/allmols/4/opt/m06hf/cam/6fl13di12lh13ld-.log,6fl13di12lh13ld-,---,[],"td CAM-B3LYP/6-31g(d,p)",-6.04201567194,-0.449259947504,120,7.0322,-1592.3156589,3.5909,1.56666666667
/home/ccollins/allmols/4/opt/m06hf/cam/12lf12id4ea-6id.log,12lf12id4ea-6id,---,[],"td CAM-B3LYP/6-31g(d,p)",-7.12611720486,-0.761918748038,113,7.7635,-1465.290115,4.1642,2.08333333333
/home/ccollins/allmols/4/opt/m06hf/cam/13ef4hf4af-4ll.log,13ef4hf4af-4ll,---,[],"td CAM-B3LYP/6-31g(d,p)",-6.53807919968,-0.473750192976,117,5.4341,-1484.7616996,3.8180,2.0
/home/ccollins/allmols/4/opt/m06hf/cam/13li4fl-6if-12ll-.log,13li4fl-6if-12ll-,---,[],"td CAM-B3LYP/6-31g(d,p)",-6.08773079682,-0.330890427719,122,2.4056,-1616.7238116,3.6178,1.58333333333
/home/ccollins/allmols/4/opt/m06hf/cam/12ia12hf4hd4lf.log,12ia12hf4hd4lf,---,[],"td CAM-B3LYP/6-31g(d,p)",-5.4564266913,0.960017622528,119,1.6178,-1488.6681603,4.1808,1.68333333333
/home/ccollins/allmols/4/opt/m06hf/cam/13ed6ll-6ed12fe-.log,13ed6ll-6ed12fe-,---,[],"td CAM-B3LYP/6-31g(d,p)",-6.96366524323,-0.997569332252,125,5.7104,-1649.5896222,3.7169,1.85
/home/ccollins/allmols/4/opt/m06hf/cam/13dh12ha6hi6ei.log,13dh12ha6hi6ei,---,[],"td CAM-B3LYP/6-31g(d,p)",-6.11657486371,-0.0634025243903,107,4.7526,-1345.6332993,3.8215,1.66666666667
/home/ccollins/allmols/4/opt/m06hf/cam/13hd6el-4df12ee.log,13hd6el-4df12ee,---,[],"td CAM-B3LYP/6-31g(d,p)",-6.83169003151,-0.759197609652,121,5.0186,-1574.3997831,3.8824,1.8
/home/ccollins/allmols/4/opt/m06hf/cam/13lf6lf6ea-13ah-.log,13lf6lf6ea-13ah-,---,[],"td CAM-B3LYP/6-31g(d,p)",-6.03004266304,-0.118913747462,109,2.4881,-1423.6661843,3.7696,1.3
/home/ccollins/allmols/4/opt/m06hf/cam/13dl13fl-12ia-12hh.log,13dl13fl-12ia-12hh,---,[],"td CAM-B3LYP/6-31g(d,p)",-5.92228558296,0.599194672564,107,8.5657,-1422.7026867,4.1029,1.28333333333
/home/ccollins/allmols/4/opt/m06hf/cam/6ad12fl-13ai-6hl.log,6ad12fl-13ai-6hl,---,[],"td CAM-B3LYP/6-31g(d,p)",-5.97561989532,-0.675114433529,109,1.5493,-1423.714014,3.3752,1.26666666667
/home/ccollins/allmols/4/opt/m06hf/cam/13da13da6he13dd.log,13da13da6he13dd,---,[],"td CAM-B3LYP/6-31g(d,p)",-7.43278950095,-1.13879641448,106,6.6560,-1375.0355847,3.9861,1.23333333333
/home/ccollins/allmols/4/opt/m06hf/cam/13ld6hi-4eh13ll-.log,13ld6hi-4eh13ll-,---,[],"td CAM-B3LYP/6-31g(d,p)",-6.37862049027,-0.0198643102167,123,7.7160,-1558.5327742,4.1743,1.9
/home/ccollins/allmols/4/opt/m06hf/cam/12ee4ih4ef-6fl-.log,12ee4ih4ef-6fl-,---,[],"td CAM-B3LYP/6-31g(d,p)",-6.85291491092,-0.168438466084,120,4.4637,-1526.5486384,4.2018,2.0
/home/ccollins/allmols/4/opt/m06hf/cam/13ee12ld-12ea6ld-.log,13ee12ld-12ea6ld-,---,[],"td CAM-B3LYP/6-31g(d,p)",-6.75604238439,-0.926275506543,118,2.2871,-1556.1540611,3.6398,2.08333333333
/home/ccollins/allmols/4/opt/m06hf/cam/4eh4fi-13he13ii.log,4eh4fi-13he13ii,---,[],"td CAM-B3LYP/6-31g(d,p)",-5.97017761855,0.490893364807,111,3.7642,-1336.7504384,4.1010,1.76666666667
/home/ccollins/allmols/4/opt/m06hf/cam/4ld13fd-12fl13eh.log,4ld13fd-12fl13eh,---,[],"td CAM-B3LYP/6-31g(d,p)",-6.01317160505,-0.379326690987,118,5.2868,-1573.7937022,3.4276,1.65
/home/ccollins/allmols/4/opt/m06hf/cam/6ld12fd13dh-6df.log,6ld12fd13dh-6df,---,[],"td CAM-B3LYP/6-31g(d,p)",-7.17727460652,-1.22696129818,119,11.0585,-1621.747916,3.6193,1.55
/home/ccollins/allmols/4/opt/m06hf/cam/4fi6aa-12df6li.log,4fi6aa-12df6li,---,[],"td CAM-B3LYP/6-31g(d,p)",-6.98869971638,-0.562731418194,108,3.6573,-1390.4487729,4.0421,1.5
/home/ccollins/allmols/4/opt/m06hf/cam/13el4ha-6ff-6ii.log,13el4ha-6ff-6ii,---,[],"td CAM-B3LYP/6-31g(d,p)",-6.64093823066,0.00435382141736,112,3.2367,-1409.8341184,4.1983,2.21666666667
/home/ccollins/allmols/4/opt/m06hf/cam/12di6ia-12df-6hf.log,12di6ia-12df-6hf,---,[],"td CAM-B3LYP/6-31g(d,p)",-6.72420506527,-1.0239643746,107,5.4160,-1421.311678,3.5942,1.28333333333
/home/ccollins/allmols/4/opt/m06hf/cam/6hh13fl-12aa6ai.log,6hh13fl-12aa6ai,---,[],"td CAM-B3LYP/6-31g(d,p)",-5.66949182692,0.0791851270282,99,4.1832,-1272.3888011,3.5319,1.01666666667
/home/ccollins/allmols/4/opt/m06hf/cam/4ie6fd-6hd-13fh-.log,4ie6fd-6hd-13fh-,---,[],"td CAM-B3LYP/6-31g(d,p)",-6.3802531733,-0.669944270596,116,9.7713,-1495.8029708,3.5731,1.58333333333
/home/ccollins/allmols/4/opt/m06hf/cam/6df12de13hf6af-.log,6df12de13hf6af-,---,[],"td CAM-B3LYP/6-31g(d,p)",-6.52610619078,-0.896887211976,109,4.7528,-1474.1502434,3.5541,1.41666666667
/home/ccollins/allmols/4/opt/m06hf/cam/6if4ai-6aa-4eh-.log,6if4ai-6aa-4eh-,---,[],"td CAM-B3LYP/6-31g(d,p)",-6.71468108092,-0.0582323614572,103,1.4509,-1242.2020581,4.3851,2.03333333333
/home/ccollins/allmols/4/opt/m06hf/cam/4hh6hl12fa6ia.log,4hh6hl12fa6ia,---,[],"td CAM-B3LYP/6-31g(d,p)",-6.17371876981,0.167894238407,106,4.4663,-1349.7540608,3.9301,1.46666666667
/home/ccollins/allmols/4/opt/m06hf/cam/13fd13il-6ld4ef-.log,13fd13il-6ld4ef-,---,[],"td CAM-B3LYP/6-31g(d,p)",-5.69153304784,0.0299325222443,113,3.7967,-1466.7693047,3.5068,1.63333333333
/home/ccollins/allmols/4/opt/m06hf/cam/12de12hh-13aa13id.log,12de12hh-13aa13id,---,[],"td CAM-B3LYP/6-31g(d,p)",-6.33970821135,-0.215786273998,99,7.2103,-1286.8682064,3.7684,0.966666666667
/home/ccollins/allmols/4/opt/m06hf/cam/4hl6id12fi-6da-.log,4hl6id12fi-6da-,---,[],"td CAM-B3LYP/6-31g(d,p)",-6.68583701403,-0.633208902387,114,3.2342,-1462.7689725,3.9653,1.88333333333
/home/ccollins/allmols/4/opt/m06hf/cam/4le6le-13di-13al-.log,4le6le-13di-13al-,---,[],"td CAM-B3LYP/6-31g(d,p)",-6.36283788763,-0.288984896577,121,6.1913,-1523.9752168,3.9368,2.03333333333
/home/ccollins/allmols/4/opt/m06hf/cam/6eh6dh-4ia-6ae.log,6eh6dh-4ia-6ae,---,[],"td CAM-B3LYP/6-31g(d,p)",-7.20584655957,-0.239732291793,111,9.6886,-1367.3684996,4.4098,3.51666666667
/home/ccollins/allmols/4/opt/m06hf/cam/4hh12il-13ai13hl.log,4hh12il-13ai13hl,---,[],"td CAM-B3LYP/6-31g(d,p)",-5.63792662164,0.6615087416,108,2.7449,-1352.1359954,3.9285,1.51666666667
/home/ccollins/allmols/4/opt/m06hf/cam/13fi13hf6ae-4el-.log,13fi13hf6ae-4el-,---,[],"td CAM-B3LYP/6-31g(d,p)",-6.57671936476,-0.497424096933,121,6.2418,-1575.9941054,3.8991,1.76666666667
/home/ccollins/allmols/4/opt/m06hf/cam/6dh4ii-6ll6ad.log,6dh4ii-6ll6ad,---,[],"td CAM-B3LYP/6-31g(d,p)",-7.31033827358,-0.619875324296,121,7.9216,-1520.2986789,4.1710,2.65
/home/ccollins/allmols/4/opt/m06hf/cam/6ll13al-12if13de.log,6ll13al-12if13de,---,[],"td CAM-B3LYP/6-31g(d,p)",-5.85616192019,-0.135240577777,116,9.2728,-1520.8953901,3.4999,1.53333333333
/home/ccollins/allmols/4/opt/m06hf/cam/13fi13he13ie-12el-.log,13fi13he13ie-12el-,---,[],"td CAM-B3LYP/6-31g(d,p)",-5.8773867996,0.227759282896,111,1.3635,-1408.4396779,3.9519,1.55
/home/ccollins/allmols/4/opt/m06hf/cam/6ld13ia6ad-13he.log,6ld13ia6ad-13he,---,[],"td CAM-B3LYP/6-31g(d,p)",-6.56447424202,-0.604092721659,109,5.4274,-1382.5021759,3.6397,1.31666666667
/home/ccollins/allmols/4/opt/m06hf/cam/13ii4hh13il12ii-.log,13ii4hh13il12ii-,---,[],"td CAM-B3LYP/6-31g(d,p)",-5.68010426662,0.754299560557,108,3.7638,-1300.2202452,3.9881,1.71666666667
/home/ccollins/allmols/4/opt/m06hf/cam/4ie12ef-6ih4la.log,4ie12ef-6ih4la,---,[],"td CAM-B3LYP/6-31g(d,p)",-6.40610398797,-0.0987773234063,114,2.3382,-1414.5382629,3.9512,1.93333333333
/home/ccollins/allmols/4/opt/m06hf/cam/12af12id-13fe4fd-.log,12af12id-13fe4fd-,---,[],"td CAM-B3LYP/6-31g(d,p)",-6.48937082257,-0.40381693646,106,5.1232,-1423.8441328,3.8598,1.18333333333
/home/ccollins/allmols/4/opt/m06hf/cam/13fd13hf-6fe-6hd-.log,13fd13hf-6fe-6hd-,---,[],"td CAM-B3LYP/6-31g(d,p)",-6.6651563623,-0.85960761609,113,5.7220,-1509.6577548,3.6507,1.4
/home/ccollins/allmols/4/opt/m06hf/cam/4hh12fh13dd-6if.log,4hh12fh13dd-6if,---,[],"td CAM-B3LYP/6-31g(d,p)",-6.24310779865,-0.518648976343,111,7.2580,-1456.7899017,3.5433,1.46666666667
/home/ccollins/allmols/4/opt/m06hf/cam/4ea4ed-13ai-13de.log,4ea4ed-13ai-13de,---,[],"td CAM-B3LYP/6-31g(d,p)",-6.79168929724,-1.05090364461,109,6.6570,-1332.7973969,3.6398,1.76666666667
/home/ccollins/allmols/4/opt/m06hf/cam/6hf4dl-12li4fi.log,6hf4dl-12li4fi,---,[],"td CAM-B3LYP/6-31g(d,p)",-6.41209049241,-0.264222537266,120,6.2198,-1544.2192277,3.9177,1.88333333333
/home/ccollins/allmols/4/opt/m06hf/cam/4la6ie-6ld-12af-.log,4la6ie-6ld-12af-,---,[],"td CAM-B3LYP/6-31g(d,p)",-6.9916929686,-0.456879134984,114,6.0530,-1466.5292414,4.1911,2.18333333333
/home/ccollins/allmols/4/opt/m06hf/cam/4ld13if13al-13al-.log,4ld13if13al-13al-,---,[],"td CAM-B3LYP/6-31g(d,p)",-5.35356766032,-0.12299545504,110,6.2667,-1408.8665642,3.4498,1.5
/home/ccollins/allmols/4/opt/m06hf/cam/12ad12il4aa-4ia-.log,12ad12il4aa-4ia-,---,[],"td CAM-B3LYP/6-31g(d,p)",-6.70651766576,-0.272385952423,97,2.2229,-1205.7670973,4.0441,1.3
/home/ccollins/allmols/4/opt/m06hf/cam/6ee4ih13fa-4ld-.log,6ee4ih13fa-4ld-,---,[],"td CAM-B3LYP/6-31g(d,p)",-6.122833482,-0.407082302523,116,4.3050,-1447.5827156,3.8485,1.71666666667
/home/ccollins/allmols/4/opt/m06hf/cam/6ei4fe-12hh-6hl-.log,6ei4fe-12hh-6hl-,---,[],"td CAM-B3LYP/6-31g(d,p)",-5.91112891558,-0.00734707364179,118,6.2313,-1501.9550311,3.6326,1.61666666667
/home/ccollins/allmols/4/opt/m06hf/cam/4ii4fl12da-6ei-.log,4ii4fl12da-6ei-,---,[],"td CAM-B3LYP/6-31g(d,p)",-7.06489159118,-0.377966121794,114,4.0063,-1414.5906886,4.1937,1.9
/home/ccollins/allmols/4/opt/m06hf/cam/6la12ha13ff13ef-.log,6la12ha13ff13ef-,---,[],"td CAM-B3LYP/6-31g(d,p)",-5.67411776217,0.228575624411,102,2.5462,-1366.1580831,3.6423,1.26666666667
/home/ccollins/allmols/4/opt/m06hf/cam/6fa4ef6fl-4fe-.log,6fa4ef6fl-4fe-,---,[],"td CAM-B3LYP/6-31g(d,p)",-6.71794644698,-0.371435389668,117,7.9550,-1524.4621466,4.1951,1.86666666667
/home/ccollins/allmols/4/opt/m06hf/cam/4il12di6he-6hd.log,4il12di6he-6hd,---,[],"td CAM-B3LYP/6-31g(d,p)",-6.8379486498,-0.633753130064,120,9.0517,-1519.051635,3.7844,1.81666666667
/home/ccollins/allmols/4/opt/m06hf/cam/13hl6ff-6ld4ie.log,13hl6ff-6ld4ie,---,[],"td CAM-B3LYP/6-31g(d,p)",-6.23766552188,-0.430211978803,122,4.8556,-1577.2217636,3.8658,2.13333333333
/home/ccollins/allmols/4/opt/m06hf/cam/13de13if-4de-4ef.log,13de13if-4de-4ef,---,[],"td CAM-B3LYP/6-31g(d,p)",-6.91005881703,-0.942602336858,117,7.9202,-1483.1852508,3.7750,1.63333333333
/home/ccollins/allmols/4/opt/m06hf/cam/4ha12hl6hl12df.log,4ha12hl6hl12df,---,[],"td CAM-B3LYP/6-31g(d,p)",-6.0833769754,-0.315652052758,113,5.4875,-1498.9002936,3.4300,1.81666666667
/home/ccollins/allmols/4/opt/m06hf/cam/12de13hf6lf4lf-.log,12de13hf6lf4lf-,---,[],"td CAM-B3LYP/6-31g(d,p)",-6.15793616718,-0.272385952423,119,2.7131,-1594.8872864,3.6350,1.55
