/home/ccollins/allmols/O/opt/m06hf/b3lyp/4fa4fa-4fa-4fa-.log,4fa4fa-4fa-4fa-,---,[],"td B3LYP/6-31g(d,p)",-5.65833515953,-1.11811576275,97,5.1063,-1226.3315004,4.0458,1.28333333333
/home/ccollins/allmols/O/opt/m06hf/b3lyp/12ee12ee-12ee-12ee-.log,12ee12ee-12ee-12ee-,---,[],"td B3LYP/6-31g(d,p)",-5.43139221815,-1.77010051999,117,0.1989,-1525.6941373,3.2536,1.98333333333
/home/ccollins/allmols/O/opt/m06hf/b3lyp/4ei4ei4ei4ei.log,4ei4ei4ei4ei,---,[],"td B3LYP/6-31g(d,p)",-5.97861314755,-0.946411930598,121,3.0530,-1387.2924103,4.5153,1.96666666667
/home/ccollins/allmols/O/opt/m06hf/b3lyp/12ii12ii-12ii12ii-.log,12ii12ii-12ii12ii-,---,[],"td B3LYP/6-31g(d,p)",-4.49532061342,-0.638923292997,101,0.5982,-1231.1197182,3.5076,1.61666666667
/home/ccollins/allmols/O/opt/m06hf/b3lyp/4if4if-4if-4if-.log,4if4if-4if-4if-,---,[],"td B3LYP/6-31g(d,p)",-5.39656164682,-0.584228411442,113,2.6196,-1383.5985381,4.2337,2.35
/home/ccollins/allmols/O/opt/m06hf/b3lyp/12ii12ii12ii-12ii.log,12ii12ii12ii-12ii,---,[],"td B3LYP/6-31g(d,p)",-4.59001622925,-0.553207433843,101,1.3670,-1231.1163879,3.6710,1.35
/home/ccollins/allmols/O/opt/m06hf/b3lyp/4ea4ea-4ea4ea.log,4ea4ea-4ea4ea,---,[],"td B3LYP/6-31g(d,p)",-5.92419037983,-1.31430984037,105,1.6083,-1230.0163875,4.1410,1.8
/home/ccollins/allmols/O/opt/m06hf/b3lyp/1111-11-.log,1111-11-,---,[],"td B3LYP/6-31g(d,p)",-7.03033313368,-3.73557877609,22,1.9377,-341.1292336,1.7990,0.0166666666667
/home/ccollins/allmols/O/opt/m06hf/b3lyp/4if4if4if4if.log,4if4if4if4if,---,[],"td B3LYP/6-31g(d,p)",-5.35220709113,-0.512390358055,113,5.9203,-1383.5883141,4.3139,2.33333333333
/home/ccollins/allmols/O/opt/m06hf/b3lyp/12ef12ef.log,12ef12ef,---,[],"td B3LYP/6-31g(d,p)",-5.28553920067,-0.988589575579,55,2.5510,-761.5866611,4.0180,0.2
/home/ccollins/allmols/O/opt/m06hf/b3lyp/12il.log,12il,---,[],"td B3LYP/6-31g(d,p)",-5.91602696467,0.732530453471,30,1.6317,-383.86307,6.4582,0.0666666666667
/home/ccollins/allmols/O/opt/m06hf/b3lyp/11111111-.log,11111111-,---,[],"td B3LYP/6-31g(d,p)",-7.12094704193,-4.03762513692,29,3.4445,-454.4357575,1.7060,0.0333333333333
/home/ccollins/allmols/O/opt/m06hf/b3lyp/1111.log,1111,---,[],"td B3LYP/6-31g(d,p)",-7.19713891673,-3.00250409495,15,3.2929,-227.8138394,2.5323,0.0
/home/ccollins/allmols/O/opt/m06hf/b3lyp/4ee4ee4ee4ee.log,4ee4ee4ee4ee,---,[],"td B3LYP/6-31g(d,p)",-5.98378331048,-1.68139140862,129,0.2740,-1534.5851302,3.8818,4.01666666667
/home/ccollins/allmols/O/opt/m06hf/b3lyp/12al12al-12al-12al-.log,12al12al-12al-12al-,---,[],"td B3LYP/6-31g(d,p)",-4.47600053088,-0.826681841621,101,1.9220,-1374.6155822,3.3573,0.966666666667
/home/ccollins/allmols/O/opt/m06hf/b3lyp/11111111.log,11111111,---,[],"td B3LYP/6-31g(d,p)",-7.20366964886,-4.17939644683,29,2.8725,-454.4253181,1.6294,0.0166666666667
/home/ccollins/allmols/O/opt/m06hf/b3lyp/12if12if12if-12if-.log,12if12if12if-12if-,---,[],"td B3LYP/6-31g(d,p)",-4.58076435874,-0.804912734534,101,3.4138,-1374.6906861,3.4652,1.06666666667
/home/ccollins/allmols/O/opt/m06hf/b3lyp/12la12la-12la12la.log,12la12la-12la12la,---,[],"td B3LYP/6-31g(d,p)",-4.37613475212,-0.878111357114,101,0.8786,-1374.6080181,3.2108,0.933333333333
/home/ccollins/allmols/O/opt/m06hf/b3lyp/12ee12ee-12ee.log,12ee12ee-12ee,---,[],"td B3LYP/6-31g(d,p)",-5.42404514451,-1.71458929692,88,0.0028,-1144.572312,3.3717,0.883333333333
/home/ccollins/allmols/O/opt/m06hf/b3lyp/12ff12ff-12ff12ff-.log,12ff12ff-12ff12ff-,---,[],"td B3LYP/6-31g(d,p)",-4.40661150204,-0.935799490894,101,0.0001,-1518.2725835,3.2516,0.866666666667
/home/ccollins/allmols/O/opt/m06hf/b3lyp/4fe4fe-4fe-4fe-.log,4fe4fe-4fe-4fe-,---,[],"td B3LYP/6-31g(d,p)",-5.57017027583,-1.38805269062,121,6.1626,-1530.9027884,3.7576,2.3
/home/ccollins/allmols/O/opt/m06hf/b3lyp/12ff12ff12ff.log,12ff12ff12ff,---,[],"td B3LYP/6-31g(d,p)",-4.41749605559,-0.546404587879,76,6.6217,-1138.997811,3.7101,0.333333333333
/home/ccollins/allmols/O/opt/m06hf/b3lyp/12le12le.log,12le12le,---,[],"td B3LYP/6-31g(d,p)",-5.26676334581,-0.866138348216,63,2.0869,-840.1755638,4.1030,0.333333333333
/home/ccollins/allmols/O/opt/m06hf/b3lyp/12af12af12af-12af.log,12af12af12af-12af,---,[],"td B3LYP/6-31g(d,p)",-4.64988127374,-1.06804681645,85,2.3834,-1217.4037098,3.3210,0.583333333333
/home/ccollins/allmols/O/opt/m06hf/b3lyp/12if12if-12if-12if-.log,12if12if-12if-12if-,---,[],"td B3LYP/6-31g(d,p)",-4.43980939035,-0.695522971423,101,4.3769,-1374.6883806,3.4125,1.15
/home/ccollins/allmols/O/opt/m06hf/b3lyp/4ef4ef-4ef4ef-.log,4ef4ef-4ef4ef-,---,[],"td B3LYP/6-31g(d,p)",-5.56091840532,-1.03049510672,121,2.9575,-1530.8940346,3.9604,2.78333333333
/home/ccollins/allmols/O/opt/m06hf/b3lyp/12af12af12af12af-.log,12af12af12af12af-,---,[],"td B3LYP/6-31g(d,p)",-4.8773684428,-1.04573348168,85,1.9205,-1217.4040024,3.5024,0.65
/home/ccollins/allmols/O/opt/m06hf/b3lyp/12ia12ia-12ia12ia-.log,12ia12ia-12ia12ia-,---,[],"td B3LYP/6-31g(d,p)",-4.59219313996,-0.918928432901,85,0.2592,-1073.837468,3.3928,0.766666666667
/home/ccollins/allmols/O/opt/m06hf/b3lyp/12fi12fi-12fi12fi-.log,12fi12fi-12fi12fi-,---,[],"td B3LYP/6-31g(d,p)",-4.34157629462,-0.86913160044,101,4.0646,-1374.6989831,3.2089,1.01666666667
/home/ccollins/allmols/O/opt/m06hf/b3lyp/4ai4ai-4ai4ai-.log,4ai4ai-4ai4ai-,---,[],"td B3LYP/6-31g(d,p)",-5.83520915461,-0.648447277348,97,1.1458,-1082.7174781,4.6676,2.0
/home/ccollins/allmols/O/opt/m06hf/b3lyp/22-2-.log,22-2-,---,[],"td B3LYP/6-31g(d,p)",-5.75466345839,-1.2122671509,22,0.1107,-233.4044334,4.7028,0.0333333333333
/home/ccollins/allmols/O/opt/m06hf/b3lyp/12af.log,12af,---,[],"td B3LYP/6-31g(d,p)",-5.76092207668,0.708856549514,22,0.9792,-305.2385094,6.1201,0.0166666666667
/home/ccollins/allmols/O/opt/m06hf/b3lyp/12il12il-12il12il.log,12il12il-12il12il,---,[],"td B3LYP/6-31g(d,p)",-4.56198850388,-0.841920216582,117,2.7193,-1531.8956853,3.4126,1.75
/home/ccollins/allmols/O/opt/m06hf/b3lyp/4ff4ff.log,4ff4ff,---,[],"td B3LYP/6-31g(d,p)",-5.15955049341,-0.500961576835,57,0.4987,-764.1908719,4.1358,0.233333333333
/home/ccollins/allmols/O/opt/m06hf/b3lyp/4fa4fa4fa.log,4fa4fa4fa,---,[],"td B3LYP/6-31g(d,p)",-5.48309384749,-0.74042175479,73,4.2292,-920.0400252,4.2723,0.566666666667
/home/ccollins/allmols/O/opt/m06hf/b3lyp/12ei12ei12ei-12ei.log,12ei12ei12ei-12ei,---,[],"td B3LYP/6-31g(d,p)",-4.94539690244,-1.37499122637,109,1.4301,-1378.4159878,3.2228,1.78333333333
/home/ccollins/allmols/O/opt/m06hf/b3lyp/4fi4fi.log,4fi4fi,---,[],"td B3LYP/6-31g(d,p)",-5.55411555936,-0.26721578949,57,2.8127,-692.3945885,4.6467,0.35
/home/ccollins/allmols/O/opt/m06hf/b3lyp/4ie4ie-4ie4ie-.log,4ie4ie-4ie4ie-,---,[],"td B3LYP/6-31g(d,p)",-5.98895347342,-0.883825747724,121,3.3364,-1387.2922175,4.5465,1.98333333333
/home/ccollins/allmols/O/opt/m06hf/b3lyp/4ie4ie4ie4ie-.log,4ie4ie4ie4ie-,---,[],"td B3LYP/6-31g(d,p)",-5.97806891987,-0.952942662724,121,3.0639,-1387.2924246,4.5129,2.06666666667
/home/ccollins/allmols/O/opt/m06hf/b3lyp/4fi4fi4fi-4fi-.log,4fi4fi4fi-4fi-,---,[],"td B3LYP/6-31g(d,p)",-5.67302930682,-0.811171352822,113,2.0079,-1383.5987119,4.3179,2.35
/home/ccollins/allmols/O/opt/m06hf/b3lyp/12lf12lf-12lf.log,12lf12lf-12lf,---,[],"td B3LYP/6-31g(d,p)",-4.59763541673,-0.663957766147,88,2.4614,-1256.8989898,3.6834,0.816666666667
/home/ccollins/allmols/O/opt/m06hf/b3lyp/12aa12aa12aa12aa-.log,12aa12aa12aa12aa-,---,[],"td B3LYP/6-31g(d,p)",-4.78566607919,-1.06831893028,69,0.7188,-916.5477856,3.4549,0.4
/home/ccollins/allmols/O/opt/m06hf/b3lyp/12li12li12li.log,12li12li12li,---,[],"td B3LYP/6-31g(d,p)",-4.62947273585,-0.650624188057,88,0.7331,-1149.2239225,3.7237,0.85
/home/ccollins/allmols/O/opt/m06hf/b3lyp/12ae12ae-.log,12ae12ae-,---,[],"td B3LYP/6-31g(d,p)",-5.53370702146,-1.05280844149,47,0.6008,-611.1575473,4.2797,0.133333333333
/home/ccollins/allmols/O/opt/m06hf/b3lyp/12la12la12la12la.log,12la12la12la12la,---,[],"td B3LYP/6-31g(d,p)",-4.68688875579,-1.0952582003,101,1.5188,-1374.6146101,3.3165,1.05
/home/ccollins/allmols/O/opt/m06hf/b3lyp/12ef12ef12ef12ef-.log,12ef12ef12ef12ef-,---,[],"td B3LYP/6-31g(d,p)",-4.89859332221,-1.62560807171,109,0.2673,-1521.9989467,2.9541,1.23333333333
/home/ccollins/allmols/O/opt/m06hf/b3lyp/12aa12aa-12aa-12aa.log,12aa12aa-12aa-12aa,---,[],"td B3LYP/6-31g(d,p)",-4.81396591841,-1.09553031414,69,0.2779,-916.5508559,3.4498,0.316666666667
/home/ccollins/allmols/O/opt/m06hf/b3lyp/12ii12ii-12ii.log,12ii12ii-12ii,---,[],"td B3LYP/6-31g(d,p)",-4.66267062415,-0.437559052445,76,1.0346,-923.6361495,3.9205,0.766666666667
/home/ccollins/allmols/O/opt/m06hf/b3lyp/12ea12ea-.log,12ea12ea-,---,[],"td B3LYP/6-31g(d,p)",-5.53370702146,-1.05308055532,47,0.6008,-611.1575458,4.2798,0.133333333333
/home/ccollins/allmols/O/opt/m06hf/b3lyp/4li4li-.log,4li4li-,---,[],"td B3LYP/6-31g(d,p)",-5.48336596132,-0.100682120276,65,1.0826,-771.0049783,4.7474,0.616666666667
/home/ccollins/allmols/O/opt/m06hf/b3lyp/12la12la12la.log,12la12la12la,---,[],"td B3LYP/6-31g(d,p)",-4.85859258793,-0.592936054277,76,2.2194,-1031.2567743,3.9347,0.566666666667
/home/ccollins/allmols/O/opt/m06hf/b3lyp/4ie4ie4ie.log,4ie4ie4ie,---,[],"td B3LYP/6-31g(d,p)",-6.00337550686,-0.897703553492,91,2.1052,-1040.769371,4.5367,1.71666666667
/home/ccollins/allmols/O/opt/m06hf/b3lyp/4af4af4af-4af.log,4af4af4af-4af,---,[],"td B3LYP/6-31g(d,p)",-5.37234351518,-0.826409727782,97,3.7647,-1226.3244624,4.0455,1.28333333333
/home/ccollins/allmols/O/opt/m06hf/b3lyp/4ai4ai.log,4ai4ai,---,[],"td B3LYP/6-31g(d,p)",-6.13371803554,-0.305855954569,49,0.6313,-541.957941,5.1265,0.25
/home/ccollins/allmols/O/opt/m06hf/b3lyp/4ae4ae4ae-4ae-.log,4ae4ae4ae-4ae-,---,[],"td B3LYP/6-31g(d,p)",-5.93398647802,-1.30995601895,105,1.4500,-1230.0161478,4.1567,1.96666666667
/home/ccollins/allmols/O/opt/m06hf/b3lyp/4il.log,4il,---,[],"td B3LYP/6-31g(d,p)",-5.65071597205,0.14802992819,33,1.1468,-386.1027646,5.0835,0.183333333333
/home/ccollins/allmols/O/opt/m06hf/b3lyp/12li12li12li-12li.log,12li12li12li-12li,---,[],"td B3LYP/6-31g(d,p)",-4.46021792825,-0.872124852665,117,1.2270,-1531.9025774,3.2962,1.75
/home/ccollins/allmols/O/opt/m06hf/b3lyp/12af12af-12af-12af.log,12af12af-12af-12af,---,[],"td B3LYP/6-31g(d,p)",-4.40933264043,-0.981514615776,85,3.5719,-1217.4054857,3.1710,0.583333333333
/home/ccollins/allmols/O/opt/m06hf/b3lyp/4fa.log,4fa,---,[],"td B3LYP/6-31g(d,p)",-5.95956517885,0.0413613034649,25,1.3364,-307.4782158,5.2331,0.0333333333333
/home/ccollins/allmols/O/opt/m06hf/b3lyp/22.log,22,---,[],"td B3LYP/6-31g(d,p)",-6.2956257695,-0.534159465142,15,0.0000,-156.0011998,6.1375,0.0166666666667
/home/ccollins/allmols/O/opt/m06hf/b3lyp/12ae12ae-12ae12ae-.log,12ae12ae-12ae12ae-,---,[],"td B3LYP/6-31g(d,p)",-5.10512772569,-1.63622051141,93,1.0584,-1221.1306453,3.1564,0.883333333333
/home/ccollins/allmols/O/opt/m06hf/b3lyp/12fe.log,12fe,---,[],"td B3LYP/6-31g(d,p)",-5.98541599351,-0.28272627829,28,1.4029,-381.3868683,5.1331,0.05
/home/ccollins/allmols/O/opt/m06hf/b3lyp/4ae4ae-4ae-4ae-.log,4ae4ae-4ae-4ae-,---,[],"td B3LYP/6-31g(d,p)",-5.93425859186,-1.30478585601,105,1.4030,-1230.016164,4.1632,1.93333333333
/home/ccollins/allmols/O/opt/m06hf/b3lyp/4ai.log,4ai,---,[],"td B3LYP/6-31g(d,p)",-6.42433561515,0.138233830001,25,0.3354,-271.5784873,5.4619,0.05
/home/ccollins/allmols/O/opt/m06hf/b3lyp/12lf12lf-.log,12lf12lf-,---,[],"td B3LYP/6-31g(d,p)",-4.72035875793,-0.13660114697,59,3.4501,-838.3200643,4.4477,0.2
/home/ccollins/allmols/O/opt/m06hf/b3lyp/12el12el-12el-12el.log,12el12el-12el-12el,---,[],"td B3LYP/6-31g(d,p)",-4.97723422156,-1.53771530184,125,1.0017,-1679.1878802,3.0752,2.33333333333
/home/ccollins/allmols/O/opt/m06hf/b3lyp/4ff4ff4ff4ff-.log,4ff4ff4ff4ff-,---,[],"td B3LYP/6-31g(d,p)",-5.08009325254,-0.894982415106,113,1.1893,-1527.190601,3.6908,1.46666666667
/home/ccollins/allmols/O/opt/m06hf/b3lyp/12al12al.log,12al12al,---,[],"td B3LYP/6-31g(d,p)",-4.75437298776,-0.25007261766,51,3.8208,-687.9018042,4.3507,0.166666666667
/home/ccollins/allmols/O/opt/m06hf/b3lyp/4ie4ie-4ie4ie.log,4ie4ie-4ie4ie,---,[],"td B3LYP/6-31g(d,p)",-5.98187851361,-0.912941928452,121,3.0011,-1387.2923615,4.5271,1.98333333333
/home/ccollins/allmols/O/opt/m06hf/b3lyp/222.log,222,---,[],"td B3LYP/6-31g(d,p)",-5.7807863869,-1.07593811776,22,0.0000,-233.4102353,5.0130,0.0333333333333
/home/ccollins/allmols/O/opt/m06hf/b3lyp/12el.log,12el,---,[],"td B3LYP/6-31g(d,p)",-5.80935833995,-0.135784805454,32,1.3014,-420.6867467,5.0942,0.0666666666667
/home/ccollins/allmols/O/opt/m06hf/b3lyp/4ef4ef4ef.log,4ef4ef4ef,---,[],"td B3LYP/6-31g(d,p)",-5.56581645442,-1.01226347954,91,3.9672,-1148.4687444,4.0590,0.983333333333
/home/ccollins/allmols/O/opt/m06hf/b3lyp/4aa4aa4aa4aa-.log,4aa4aa4aa4aa-,---,[],"td B3LYP/6-31g(d,p)",-5.78160272841,-0.978521363551,81,0.0000,-925.4481568,4.3594,0.75
/home/ccollins/allmols/O/opt/m06hf/b3lyp/12ie12ie-.log,12ie12ie-,---,[],"td B3LYP/6-31g(d,p)",-5.32417936575,-0.905322740972,55,0.8720,-689.8023716,4.2099,0.316666666667
/home/ccollins/allmols/O/opt/m06hf/b3lyp/222-2.log,222-2,---,[],"td B3LYP/6-31g(d,p)",-5.63384491406,-1.19485186523,29,0.0647,-310.8067198,4.3337,0.1
/home/ccollins/allmols/O/opt/m06hf/b3lyp/12fa.log,12fa,---,[],"td B3LYP/6-31g(d,p)",-5.68255329117,0.667495246049,22,2.0065,-305.2379242,6.0099,0.0166666666667
/home/ccollins/allmols/O/opt/m06hf/b3lyp/12ai12ai-12ai.log,12ai12ai-12ai,---,[],"td B3LYP/6-31g(d,p)",-4.79736697425,-0.671576953628,64,0.8831,-805.6740623,3.8744,0.383333333333
/home/ccollins/allmols/O/opt/m06hf/b3lyp/12ia12ia12ia-12ia.log,12ia12ia12ia-12ia,---,[],"td B3LYP/6-31g(d,p)",-4.62457468675,-0.856342250027,85,1.3587,-1073.8351743,3.4734,0.716666666667
/home/ccollins/allmols/O/opt/m06hf/b3lyp/12fa12fa12fa12fa-.log,12fa12fa12fa12fa-,---,[],"td B3LYP/6-31g(d,p)",-4.39436637931,-0.972262745264,85,5.2156,-1217.406282,3.1745,0.616666666667
/home/ccollins/allmols/O/opt/m06hf/b3lyp/12fe12fe.log,12fe12fe,---,[],"td B3LYP/6-31g(d,p)",-5.18866667414,-0.947228272114,55,3.1981,-761.5851884,3.9780,0.216666666667
/home/ccollins/allmols/O/opt/m06hf/b3lyp/12fe12fe-.log,12fe12fe-,---,[],"td B3LYP/6-31g(d,p)",-5.35084652193,-1.09607454182,55,1.4117,-761.5902682,4.0418,0.2
/home/ccollins/allmols/O/opt/m06hf/b3lyp/12il12il-12il12il-.log,12il12il-12il12il-,---,[],"td B3LYP/6-31g(d,p)",-4.49695329645,-0.81144346666,117,1.9900,-1531.9023913,3.3761,1.75
/home/ccollins/allmols/O/opt/m06hf/b3lyp/4ia.log,4ia,---,[],"td B3LYP/6-31g(d,p)",-6.42433561515,0.138233830001,25,0.3354,-271.5784874,5.4619,0.05
/home/ccollins/allmols/O/opt/m06hf/b3lyp/12ee12ee.log,12ee12ee,---,[],"td B3LYP/6-31g(d,p)",-5.82650151178,-1.25716593426,59,0.1001,-763.4411139,4.1961,0.25
/home/ccollins/allmols/O/opt/m06hf/b3lyp/12ff12ff12ff-12ff.log,12ff12ff12ff-12ff,---,[],"td B3LYP/6-31g(d,p)",-4.29613328358,-0.81334826353,101,5.6434,-1518.2677368,3.2586,0.716666666667
/home/ccollins/allmols/O/opt/m06hf/b3lyp/12lf12lf-12lf-12lf.log,12lf12lf-12lf-12lf,---,[],"td B3LYP/6-31g(d,p)",-4.43300654439,-0.913214042291,117,4.8859,-1675.4768865,3.2281,1.85
/home/ccollins/allmols/O/opt/m06hf/b3lyp/4fe4fe-4fe-4fe.log,4fe4fe-4fe-4fe,---,[],"td B3LYP/6-31g(d,p)",-5.53724450136,-1.25090731597,121,2.9018,-1530.8981561,3.7841,2.33333333333
/home/ccollins/allmols/O/opt/m06hf/b3lyp/4if4if4if-4if-.log,4if4if4if-4if-,---,[],"td B3LYP/6-31g(d,p)",-5.35003018042,-0.401367911913,113,2.0900,-1383.594079,4.3144,2.18333333333
/home/ccollins/allmols/O/opt/m06hf/b3lyp/4ea4ea4ea4ea.log,4ea4ea4ea4ea,---,[],"td B3LYP/6-31g(d,p)",-5.9451431454,-1.30614642521,105,1.4702,-1230.015936,4.1824,1.76666666667
/home/ccollins/allmols/O/opt/m06hf/b3lyp/4fe4fe-4fe4fe-.log,4fe4fe-4fe4fe-,---,[],"td B3LYP/6-31g(d,p)",-5.64690637831,-1.15675592782,121,3.1791,-1530.8985591,3.9761,2.5
/home/ccollins/allmols/O/opt/m06hf/b3lyp/4ei.log,4ei,---,[],"td B3LYP/6-31g(d,p)",-6.13399014938,-0.598922558725,31,1.1197,-347.7236695,5.0504,0.0666666666667
/home/ccollins/allmols/O/opt/m06hf/b3lyp/12le.log,12le,---,[],"td B3LYP/6-31g(d,p)",-5.98323908281,-0.0489804909453,32,1.5635,-420.6907096,5.3417,0.0666666666667
/home/ccollins/allmols/O/opt/m06hf/b3lyp/12fe12fe12fe.log,12fe12fe12fe,---,[],"td B3LYP/6-31g(d,p)",-4.81968030902,-1.2729485369,82,4.6227,-1141.7845205,3.2855,0.583333333333
/home/ccollins/allmols/O/opt/m06hf/b3lyp/4ei4ei4ei-4ei-.log,4ei4ei4ei-4ei-,---,[],"td B3LYP/6-31g(d,p)",-5.98160639977,-0.918928432901,121,3.0255,-1387.2923645,4.5269,2.03333333333
/home/ccollins/allmols/O/opt/m06hf/b3lyp/4ae4ae4ae-4ae.log,4ae4ae4ae-4ae,---,[],"td B3LYP/6-31g(d,p)",-5.9274557459,-1.30505796985,105,1.6848,-1230.0163073,4.1563,1.91666666667
/home/ccollins/allmols/O/opt/m06hf/b3lyp/12lf12lf12lf12lf-.log,12lf12lf12lf12lf-,---,[],"td B3LYP/6-31g(d,p)",-4.44851703319,-0.908860220874,117,2.4759,-1675.4858788,3.2723,1.7
/home/ccollins/allmols/O/opt/m06hf/b3lyp/12ea12ea-12ea-12ea.log,12ea12ea-12ea-12ea,---,[],"td B3LYP/6-31g(d,p)",-5.0988691074,-1.63730896677,93,0.9270,-1221.1298767,3.1369,0.983333333333
/home/ccollins/allmols/O/opt/m06hf/b3lyp/12ia12ia-.log,12ia12ia-,---,[],"td B3LYP/6-31g(d,p)",-5.1347881341,-0.263950423427,43,0.1649,-537.5108901,4.6934,0.15
/home/ccollins/allmols/O/opt/m06hf/b3lyp/4fa4fa-4fa4fa-.log,4fa4fa-4fa4fa-,---,[],"td B3LYP/6-31g(d,p)",-5.59710954585,-0.992943396996,97,3.2380,-1226.3279981,4.0834,1.31666666667
/home/ccollins/allmols/O/opt/m06hf/b3lyp/12ef12ef-12ef-12ef.log,12ef12ef-12ef-12ef,---,[],"td B3LYP/6-31g(d,p)",-4.71600493652,-1.55540270135,109,2.8379,-1521.9906985,2.8065,1.16666666667
/home/ccollins/allmols/O/opt/m06hf/b3lyp/12if12if12if.log,12if12if12if,---,[],"td B3LYP/6-31g(d,p)",-4.97097560327,-0.406265961007,76,1.9979,-1031.3092599,4.1524,0.683333333333
/home/ccollins/allmols/O/opt/m06hf/b3lyp/12ae.log,12ae,---,[],"td B3LYP/6-31g(d,p)",-6.17208608678,-0.108301307757,24,0.4275,-306.1721929,5.8586,0.0333333333333
/home/ccollins/allmols/O/opt/m06hf/b3lyp/4ii4ii.log,4ii4ii,---,[],"td B3LYP/6-31g(d,p)",-6.12528250655,0.051157401654,57,0.1602,-620.5965823,5.2827,0.516666666667
/home/ccollins/allmols/O/opt/m06hf/b3lyp/12fi12fi-12fi.log,12fi12fi-12fi,---,[],"td B3LYP/6-31g(d,p)",-4.42756426762,-0.509397105831,76,4.7596,-1031.3164276,3.6932,0.466666666667
/home/ccollins/allmols/O/opt/m06hf/b3lyp/4ea4ea.log,4ea4ea,---,[],"td B3LYP/6-31g(d,p)",-6.18188218497,-1.02151535005,53,0.9575,-615.6071273,4.6273,0.266666666667
/home/ccollins/allmols/O/opt/m06hf/b3lyp/12ll12ll12ll-12ll.log,12ll12ll12ll-12ll,---,[],"td B3LYP/6-31g(d,p)",-3.99571960578,-0.434293686382,133,4.6218,-1832.6381497,3.2656,1.38333333333
/home/ccollins/allmols/O/opt/m06hf/b3lyp/4fa4fa.log,4fa4fa,---,[],"td B3LYP/6-31g(d,p)",-5.68309751885,-0.494975072386,49,2.7864,-613.7589202,4.6386,0.283333333333
/home/ccollins/allmols/O/opt/m06hf/b3lyp/4fi4fi-4fi4fi-.log,4fi4fi-4fi4fi-,---,[],"td B3LYP/6-31g(d,p)",-5.61697385607,-0.638106951482,113,2.6939,-1383.600889,4.3847,2.81666666667
/home/ccollins/allmols/O/opt/m06hf/b3lyp/4ff4ff-.log,4ff4ff-,---,[],"td B3LYP/6-31g(d,p)",-5.29587952654,-0.597834103371,57,1.2351,-764.1981338,4.1150,0.25
/home/ccollins/allmols/O/opt/m06hf/b3lyp/12ie12ie12ie12ie-.log,12ie12ie12ie12ie-,---,[],"td B3LYP/6-31g(d,p)",-5.07573943112,-1.25090731597,109,1.6523,-1378.4136255,3.4326,1.75
/home/ccollins/allmols/O/opt/m06hf/b3lyp/12ai12ai-12ai12ai.log,12ai12ai-12ai12ai,---,[],"td B3LYP/6-31g(d,p)",-4.62457468675,-0.856342250027,85,1.3587,-1073.8351725,3.4736,0.766666666667
/home/ccollins/allmols/O/opt/m06hf/b3lyp/12ii12ii-12ii12ii.log,12ii12ii-12ii12ii,---,[],"td B3LYP/6-31g(d,p)",-4.59001622925,-0.553207433843,101,1.3670,-1231.1163879,3.6710,1.33333333333
/home/ccollins/allmols/O/opt/m06hf/b3lyp/12al12al-12al12al.log,12al12al-12al12al,---,[],"td B3LYP/6-31g(d,p)",-4.24796913415,-0.813892491207,101,5.6250,-1374.617174,3.1652,0.933333333333
/home/ccollins/allmols/O/opt/m06hf/b3lyp/4ea4ea-4ea-4ea.log,4ea4ea-4ea-4ea,---,[],"td B3LYP/6-31g(d,p)",-5.92555094903,-1.31267715733,105,1.4719,-1230.016339,4.1491,1.9
/home/ccollins/allmols/O/opt/m06hf/b3lyp/12fa12fa12fa-12fa.log,12fa12fa12fa-12fa,---,[],"td B3LYP/6-31g(d,p)",-4.38457028112,-0.92110534361,85,6.2726,-1217.405601,3.2322,0.566666666667
/home/ccollins/allmols/O/opt/m06hf/b3lyp/12ii12ii12ii12ii.log,12ii12ii12ii12ii,---,[],"td B3LYP/6-31g(d,p)",-4.90566828201,-0.309937662148,101,1.7913,-1231.1080858,4.1088,1.31666666667
/home/ccollins/allmols/O/opt/m06hf/b3lyp/4ff4ff4ff4ff.log,4ff4ff4ff4ff,---,[],"td B3LYP/6-31g(d,p)",-4.90947787575,-0.800558913117,113,1.4670,-1527.182841,3.6284,1.7
/home/ccollins/allmols/O/opt/m06hf/b3lyp/4ef4ef.log,4ef4ef,---,[],"td B3LYP/6-31g(d,p)",-5.67602255904,-0.79810988857,61,3.0231,-766.0460749,4.3434,0.366666666667
/home/ccollins/allmols/O/opt/m06hf/b3lyp/12ef12ef-12ef12ef-.log,12ef12ef-12ef12ef-,---,[],"td B3LYP/6-31g(d,p)",-4.83872827772,-1.60900912755,109,3.2487,-1521.9990655,2.9166,1.21666666667
/home/ccollins/allmols/O/opt/m06hf/b3lyp/12ee12ee12ee-12ee.log,12ee12ee12ee-12ee,---,[],"td B3LYP/6-31g(d,p)",-5.34077830991,-1.85037410238,117,0.1664,-1525.6970851,3.1243,1.85
/home/ccollins/allmols/O/opt/m06hf/b3lyp/4if4if-4if-4if.log,4if4if-4if-4if,---,[],"td B3LYP/6-31g(d,p)",-5.45016807302,-0.580418817702,113,1.9486,-1383.5994311,4.2664,2.53333333333
/home/ccollins/allmols/O/opt/m06hf/b3lyp/12ae12ae-12ae.log,12ae12ae-12ae,---,[],"td B3LYP/6-31g(d,p)",-5.25370188156,-1.42995822176,70,0.8413,-916.1439918,3.5448,0.483333333333
/home/ccollins/allmols/O/opt/m06hf/b3lyp/4ii4ii4ii.log,4ii4ii4ii,---,[],"td B3LYP/6-31g(d,p)",-6.08609811379,0.00517016293311,85,0.1582,-930.2944098,5.2228,1.66666666667
/home/ccollins/allmols/O/opt/m06hf/b3lyp/12ae12ae12ae.log,12ae12ae12ae,---,[],"td B3LYP/6-31g(d,p)",-5.24336155569,-1.42424383115,70,0.7246,-916.1439213,3.5874,0.366666666667
/home/ccollins/allmols/O/opt/m06hf/b3lyp/12lf.log,12lf,---,[],"td B3LYP/6-31g(d,p)",-5.67438987601,0.965459899299,30,0.4014,-419.7543634,6.0823,0.0666666666667
/home/ccollins/allmols/O/opt/m06hf/b3lyp/12af12af12af-12af-.log,12af12af12af-12af-,---,[],"td B3LYP/6-31g(d,p)",-4.63219387423,-1.06287665351,85,3.9068,-1217.4058272,3.3184,0.65
/home/ccollins/allmols/O/opt/m06hf/b3lyp/12ll12ll-12ll12ll.log,12ll12ll-12ll12ll,---,[],"td B3LYP/6-31g(d,p)",-4.97097560327,-0.487627998744,133,2.5069,-1832.6694676,3.9957,1.38333333333
/home/ccollins/allmols/O/opt/m06hf/b3lyp/12le12le-12le12le.log,12le12le-12le12le,---,[],"td B3LYP/6-31g(d,p)",-4.98186015681,-1.45662537795,125,2.3318,-1679.186815,3.1745,2.26666666667
/home/ccollins/allmols/O/opt/m06hf/b3lyp/12li12li.log,12li12li,---,[],"td B3LYP/6-31g(d,p)",-5.1764215514,0.208711314195,59,1.7419,-766.5448619,4.9125,0.35
/home/ccollins/allmols/O/opt/m06hf/b3lyp/12ff12ff.log,12ff12ff,---,[],"td B3LYP/6-31g(d,p)",-4.80553038941,-0.140138626871,51,5.0936,-759.7237311,4.5351,0.116666666667
/home/ccollins/allmols/O/opt/m06hf/b3lyp/12ef12ef12ef.log,12ef12ef12ef,---,[],"td B3LYP/6-31g(d,p)",-4.99356105187,-1.33771163048,82,2.7774,-1141.7911629,3.3894,0.566666666667
/home/ccollins/allmols/O/opt/m06hf/b3lyp/12ea12ea-12ea-12ea-.log,12ea12ea-12ea-12ea-,---,[],"td B3LYP/6-31g(d,p)",-5.09070569225,-1.63377148686,93,0.8997,-1221.1301554,3.1734,0.833333333333
/home/ccollins/allmols/O/opt/m06hf/b3lyp/12ii12ii12ii12ii-.log,12ii12ii12ii12ii-,---,[],"td B3LYP/6-31g(d,p)",-4.7342365637,-0.419871652937,101,1.3729,-1231.1128035,3.8860,1.28333333333
/home/ccollins/allmols/O/opt/m06hf/b3lyp/12al12al12al12al-.log,12al12al12al12al-,---,[],"td B3LYP/6-31g(d,p)",-4.12742270366,-0.777429236837,101,4.9525,-1374.6222416,3.1147,0.883333333333
/home/ccollins/allmols/O/opt/m06hf/b3lyp/12il12il12il-12il-.log,12il12il12il-12il-,---,[],"td B3LYP/6-31g(d,p)",-4.52253199728,-0.821239564849,117,1.2376,-1531.900514,3.3945,1.88333333333
/home/ccollins/allmols/O/opt/m06hf/b3lyp/12fl12fl-12fl-12fl-.log,12fl12fl-12fl-12fl-,---,[],"td B3LYP/6-31g(d,p)",-4.45695256218,-0.926003392704,117,2.3034,-1675.4862289,3.2669,1.83333333333
/home/ccollins/allmols/O/opt/m06hf/b3lyp/12fa12fa-12fa-12fa.log,12fa12fa-12fa-12fa,---,[],"td B3LYP/6-31g(d,p)",-4.48117069382,-0.961106077882,85,4.2807,-1217.4022517,3.2680,0.516666666667
/home/ccollins/allmols/O/opt/m06hf/b3lyp/4fe4fe4fe.log,4fe4fe4fe,---,[],"td B3LYP/6-31g(d,p)",-5.56581645442,-1.01226347954,91,3.9672,-1148.4687467,4.0589,0.966666666667
/home/ccollins/allmols/O/opt/m06hf/b3lyp/4ia4ia4ia.log,4ia4ia4ia,---,[],"td B3LYP/6-31g(d,p)",-5.93561916105,-0.525996049985,73,0.9255,-812.3375926,4.8934,0.8
/home/ccollins/allmols/O/opt/m06hf/b3lyp/12el12el-12el12el.log,12el12el-12el12el,---,[],"td B3LYP/6-31g(d,p)",-4.99709853177,-1.44138700298,125,2.7827,-1679.1864849,3.1978,2.23333333333
/home/ccollins/allmols/O/opt/m06hf/b3lyp/12fi12fi-12fi12fi.log,12fi12fi-12fi12fi,---,[],"td B3LYP/6-31g(d,p)",-4.24171051586,-0.659876058568,101,6.3462,-1374.6895507,3.3051,1.05
/home/ccollins/allmols/O/opt/m06hf/b3lyp/12ll12ll-.log,12ll12ll-,---,[],"td B3LYP/6-31g(d,p)",-4.43953727651,0.140682854548,67,0.0003,-916.9283283,4.4191,0.433333333333
/home/ccollins/allmols/O/opt/m06hf/b3lyp/12ef.log,12ef,---,[],"td B3LYP/6-31g(d,p)",-6.01507640192,-0.075375533288,28,1.5699,-381.3831614,5.3956,0.05
/home/ccollins/allmols/O/opt/m06hf/b3lyp/4aa4aa4aa4aa.log,4aa4aa4aa4aa,---,[],"td B3LYP/6-31g(d,p)",-5.7807863869,-0.979881932744,81,0.0001,-925.4481724,4.3575,0.783333333333
/home/ccollins/allmols/O/opt/m06hf/b3lyp/12af12af-12af12af-.log,12af12af-12af12af-,---,[],"td B3LYP/6-31g(d,p)",-4.5268858187,-1.07212852402,85,4.2345,-1217.410897,3.2176,0.55
/home/ccollins/allmols/O/opt/m06hf/b3lyp/4ef4ef4ef4ef-.log,4ef4ef4ef4ef-,---,[],"td B3LYP/6-31g(d,p)",-5.47547466001,-1.04029120491,121,3.3572,-1530.8905179,3.9421,2.7
/home/ccollins/allmols/O/opt/m06hf/b3lyp/4ae4ae4ae4ae.log,4ae4ae4ae4ae,---,[],"td B3LYP/6-31g(d,p)",-5.9451431454,-1.30614642521,105,1.4699,-1230.0159344,4.1826,1.8
/home/ccollins/allmols/O/opt/m06hf/b3lyp/4ia4ia4ia4ia.log,4ia4ia4ia4ia,---,[],"td B3LYP/6-31g(d,p)",-5.87657045808,-0.587765891343,97,1.1543,-1082.7169884,4.7622,1.75
/home/ccollins/allmols/O/opt/m06hf/b3lyp/2.log,2,---,[],"td B3LYP/6-31g(d,p)",-7.29482778478,0.506948081284,8,0.0001,-78.5937074,8.3454,0.0
/home/ccollins/allmols/O/opt/m06hf/b3lyp/4if4if.log,4if4if,---,[],"td B3LYP/6-31g(d,p)",-5.55411555936,-0.26721578949,57,2.8125,-692.3945881,4.6467,0.433333333333
/home/ccollins/allmols/O/opt/m06hf/b3lyp/4al.log,4al,---,[],"td B3LYP/6-31g(d,p)",-5.85779460322,0.106940738564,29,1.3141,-346.7829273,5.2030,0.0833333333333
/home/ccollins/allmols/O/opt/m06hf/b3lyp/4ia4ia.log,4ia4ia,---,[],"td B3LYP/6-31g(d,p)",-6.13371803554,-0.305855954569,49,0.6313,-541.957941,5.1264,0.25
/home/ccollins/allmols/O/opt/m06hf/b3lyp/22-2-2.log,22-2-2,---,[],"td B3LYP/6-31g(d,p)",-5.59765377353,-1.26913894316,29,0.0001,-310.8074116,4.3123,0.05
/home/ccollins/allmols/O/opt/m06hf/b3lyp/4ea4ea-4ea.log,4ea4ea-4ea,---,[],"td B3LYP/6-31g(d,p)",-5.99602843322,-1.20410373574,79,1.2520,-922.8118931,4.3162,0.85
/home/ccollins/allmols/O/opt/m06hf/b3lyp/2222.log,2222,---,[],"td B3LYP/6-31g(d,p)",-5.4697602694,-1.40002569952,29,0.0000,-310.8198379,4.3170,0.05
/home/ccollins/allmols/O/opt/m06hf/b3lyp/4fi4fi-.log,4fi4fi-,---,[],"td B3LYP/6-31g(d,p)",-5.67901581127,-0.425858157385,57,0.9427,-692.3993932,4.5461,0.366666666667
/home/ccollins/allmols/O/opt/m06hf/b3lyp/4fe4fe-.log,4fe4fe-,---,[],"td B3LYP/6-31g(d,p)",-5.72037711473,-0.931717783315,61,1.6142,-766.0499873,4.1379,0.366666666667
/home/ccollins/allmols/O/opt/m06hf/b3lyp/12ef12ef12ef-12ef-.log,12ef12ef12ef-12ef-,---,[],"td B3LYP/6-31g(d,p)",-4.87056559683,-1.63676473909,109,2.4957,-1521.9957429,2.9575,1.16666666667
/home/ccollins/allmols/O/opt/m06hf/b3lyp/12ea12ea12ea.log,12ea12ea12ea,---,[],"td B3LYP/6-31g(d,p)",-5.24336155569,-1.42424383115,70,0.7246,-916.1439214,3.5874,0.4
/home/ccollins/allmols/O/opt/m06hf/b3lyp/4if4if-4if4if-.log,4if4if-4if4if-,---,[],"td B3LYP/6-31g(d,p)",-5.51765230499,-0.505043284414,113,2.4534,-1383.5965976,4.3874,2.6
/home/ccollins/allmols/O/opt/m06hf/b3lyp/4fi.log,4fi,---,[],"td B3LYP/6-31g(d,p)",-5.73507126202,0.0745591917723,29,1.2937,-346.797954,5.1013,0.0666666666667
/home/ccollins/allmols/O/opt/m06hf/b3lyp/12li12li12li-12li-.log,12li12li12li-12li-,---,[],"td B3LYP/6-31g(d,p)",-4.52253199728,-0.821239564849,117,1.2376,-1531.9005141,3.3945,1.81666666667
/home/ccollins/allmols/O/opt/m06hf/b3lyp/12fl12fl12fl-12fl.log,12fl12fl12fl-12fl,---,[],"td B3LYP/6-31g(d,p)",-4.53994728295,-0.981242501937,117,4.3352,-1675.4772487,3.3043,1.53333333333
/home/ccollins/allmols/O/opt/m06hf/b3lyp/12li12li-12li-12li.log,12li12li-12li-12li,---,[],"td B3LYP/6-31g(d,p)",-4.4803543523,-0.827226069298,117,1.4931,-1531.9005553,3.3220,1.93333333333
/home/ccollins/allmols/O/opt/m06hf/b3lyp/12af12af-12af12af.log,12af12af-12af12af,---,[],"td B3LYP/6-31g(d,p)",-4.50892630535,-1.00763754428,85,3.1548,-1217.4019357,3.2588,0.616666666667
/home/ccollins/allmols/O/opt/m06hf/b3lyp/4af4af4af.log,4af4af4af,---,[],"td B3LYP/6-31g(d,p)",-5.48309384749,-0.74042175479,73,4.2292,-920.0400252,4.2723,0.533333333333
/home/ccollins/allmols/O/opt/m06hf/b3lyp/12fa12fa12fa.log,12fa12fa12fa,---,[],"td B3LYP/6-31g(d,p)",-4.45341508228,-0.618786868942,64,5.4161,-913.3439096,3.6558,0.283333333333
/home/ccollins/allmols/O/opt/m06hf/b3lyp/12fl12fl-.log,12fl12fl-,---,[],"td B3LYP/6-31g(d,p)",-4.72035875793,-0.13660114697,59,3.4501,-838.3200643,4.4477,0.2
/home/ccollins/allmols/O/opt/m06hf/b3lyp/12li12li-12li12li.log,12li12li-12li12li,---,[],"td B3LYP/6-31g(d,p)",-4.46021792825,-0.872124852665,117,1.2274,-1531.9025778,3.2961,1.85
/home/ccollins/allmols/O/opt/m06hf/b3lyp/4ii.log,4ii,---,[],"td B3LYP/6-31g(d,p)",-6.15467080111,0.17496919821,29,0.0825,-310.8987348,5.3513,0.1
/home/ccollins/allmols/O/opt/m06hf/b3lyp/4ae4ae-4ae-4ae.log,4ae4ae-4ae-4ae,---,[],"td B3LYP/6-31g(d,p)",-5.9260951767,-1.31158870198,105,1.5697,-1230.0163052,4.1488,1.81666666667
/home/ccollins/allmols/O/opt/m06hf/b3lyp/4le4le-4le-4le-.log,4le4le-4le-4le-,---,[],"td B3LYP/6-31g(d,p)",-5.36635701073,-0.972806972941,137,3.7369,-1688.1077587,3.9030,2.86666666667
/home/ccollins/allmols/O/opt/m06hf/b3lyp/12ff12ff-12ff12ff.log,12ff12ff-12ff12ff,---,[],"td B3LYP/6-31g(d,p)",-4.20524726149,-0.71538728164,101,5.8857,-1518.2665558,3.2621,0.9
/home/ccollins/allmols/O/opt/m06hf/b3lyp/4fa4fa-4fa-4fa.log,4fa4fa-4fa-4fa,---,[],"td B3LYP/6-31g(d,p)",-5.46431799262,-0.900424691877,97,2.7519,-1226.3273617,4.0346,1.3
/home/ccollins/allmols/O/opt/m06hf/b3lyp/4if4if-.log,4if4if-,---,[],"td B3LYP/6-31g(d,p)",-5.55465978703,-0.188847003978,57,1.1361,-692.3960453,4.7406,0.416666666667
/home/ccollins/allmols/O/opt/m06hf/b3lyp/12ii12ii.log,12ii12ii,---,[],"td B3LYP/6-31g(d,p)",-5.27383830561,0.122451227363,51,1.6484,-616.1493058,5.0100,0.2
/home/ccollins/allmols/O/opt/m06hf/b3lyp/12il12il12il12il-.log,12il12il12il12il-,---,[],"td B3LYP/6-31g(d,p)",-4.61096899482,-0.746408259238,117,3.7165,-1531.8972159,3.5090,1.9
/home/ccollins/allmols/O/opt/m06hf/b3lyp/12le12le12le12le-.log,12le12le12le12le-,---,[],"td B3LYP/6-31g(d,p)",-4.83219754559,-1.22723341202,125,4.4041,-1679.1847216,3.2466,2.28333333333
/home/ccollins/allmols/O/opt/m06hf/b3lyp/12ff12ff-12ff-12ff-.log,12ff12ff-12ff-12ff-,---,[],"td B3LYP/6-31g(d,p)",-4.40144133911,-0.973623314457,101,4.7813,-1518.2757831,3.2144,0.7
/home/ccollins/allmols/O/opt/m06hf/b3lyp/111111-11.log,111111-11,---,[],"td B3LYP/6-31g(d,p)",-6.92393662279,-3.97776009243,29,2.9925,-454.4383841,1.5557,0.0333333333333
/home/ccollins/allmols/O/opt/m06hf/b3lyp/4ai4ai-.log,4ai4ai-,---,[],"td B3LYP/6-31g(d,p)",-6.16528324082,-0.262861968073,49,0.5194,-541.9578644,5.1651,0.233333333333
/home/ccollins/allmols/O/opt/m06hf/b3lyp/4ie4ie-.log,4ie4ie-,---,[],"td B3LYP/6-31g(d,p)",-6.04745794871,-0.794844522507,61,1.5280,-694.2465005,4.6064,0.566666666667
/home/ccollins/allmols/O/opt/m06hf/b3lyp/4ae4ae-4ae4ae.log,4ae4ae-4ae4ae,---,[],"td B3LYP/6-31g(d,p)",-5.92419037983,-1.30669065288,105,1.5660,-1230.0163791,4.1409,1.8
/home/ccollins/allmols/O/opt/m06hf/b3lyp/4li4li-4li-4li-.log,4li4li-4li-4li-,---,[],"td B3LYP/6-31g(d,p)",-5.30186603099,-0.366265226735,129,3.2638,-1540.8069922,4.3764,2.31666666667
/home/ccollins/allmols/O/opt/m06hf/b3lyp/12lf12lf12lf-12lf-.log,12lf12lf12lf-12lf-,---,[],"td 6-31g(d,p) B3LYP",-4.59872387209,-1.02423648843,117,2.9290,-1675.4720288,3.2967,1.65
/home/ccollins/allmols/O/opt/m06hf/b3lyp/12fi12fi12fi.log,12fi12fi12fi,---,[],"td B3LYP/6-31g(d,p)",-4.6411736309,-0.373884414216,76,4.5980,-1031.3026345,3.9514,0.583333333333
/home/ccollins/allmols/O/opt/m06hf/b3lyp/12la12la12la-12la.log,12la12la12la-12la,---,[],"td B3LYP/6-31g(d,p)",-4.35953580797,-0.851172087094,101,1.9003,-1374.6070304,3.2285,1.08333333333
/home/ccollins/allmols/O/opt/m06hf/b3lyp/12ff12ff-12ff-12ff.log,12ff12ff-12ff-12ff,---,[],"td B3LYP/6-31g(d,p)",-4.24171051586,-0.777157122999,101,0.3756,-1518.2656672,3.2169,0.75
/home/ccollins/allmols/O/opt/m06hf/b3lyp/12ff12ff-12ff.log,12ff12ff-12ff,---,[],"td B3LYP/6-31g(d,p)",-4.45450353764,-0.540145969591,76,3.1546,-1138.9927571,3.7047,0.316666666667
/home/ccollins/allmols/O/opt/m06hf/b3lyp/12ai.log,12ai,---,[],"td B3LYP/6-31g(d,p)",-5.97752469219,0.775796553806,22,0.8588,-269.3482327,6.5546,0.0333333333333
/home/ccollins/allmols/O/opt/m06hf/b3lyp/12ea.log,12ea,---,[],"td B3LYP/6-31g(d,p)",-6.17208608678,-0.108301307757,24,0.4275,-306.1721928,5.8586,0.05
/home/ccollins/allmols/O/opt/m06hf/b3lyp/12le12le-12le-12le-.log,12le12le-12le-12le-,---,[],"td B3LYP/6-31g(d,p)",-4.8760078736,-1.4111823669,125,1.9603,-1679.1866533,3.1033,2.15
/home/ccollins/allmols/O/opt/m06hf/b3lyp/4aa4aa-4aa-4aa.log,4aa4aa-4aa-4aa,---,[],"td B3LYP/6-31g(d,p)",-5.74786061243,-1.00137892599,81,0.0013,-925.4483842,4.3134,0.716666666667
/home/ccollins/allmols/O/opt/m06hf/b3lyp/4fe4fe4fe-4fe.log,4fe4fe4fe-4fe,---,[],"td B3LYP/6-31g(d,p)",-5.63574971093,-1.1643751153,121,1.3325,-1530.894575,3.9380,2.4
/home/ccollins/allmols/O/opt/m06hf/b3lyp/12lf12lf12lf12lf.log,12lf12lf12lf12lf,---,[],"td B3LYP/6-31g(d,p)",-4.3731414999,-0.779878261384,117,6.4858,-1675.4853864,3.3174,1.61666666667
/home/ccollins/allmols/O/opt/m06hf/b3lyp/12lf12lf.log,12lf12lf,---,[],"td B3LYP/6-31g(d,p)",-4.91301535565,-0.154560660316,59,2.5945,-838.3300787,4.5576,0.283333333333
/home/ccollins/allmols/O/opt/m06hf/b3lyp/12fa12fa.log,12fa12fa,---,[],"td B3LYP/6-31g(d,p)",-4.86811657228,-0.259324488171,43,3.9904,-609.2904469,4.4583,0.116666666667
/home/ccollins/allmols/O/opt/m06hf/b3lyp/12ei12ei12ei-12ei-.log,12ei12ei12ei-12ei-,---,[],"td B3LYP/6-31g(d,p)",-5.04471845353,-1.2884590257,109,1.4019,-1378.4135342,3.3959,1.73333333333
/home/ccollins/allmols/O/opt/m06hf/b3lyp/12ei.log,12ei,---,[],"td B3LYP/6-31g(d,p)",-6.06895494196,-0.0454430110437,28,0.6856,-345.4948304,5.7617,0.05
/home/ccollins/allmols/O/opt/m06hf/b3lyp/4af4af-4af4af-.log,4af4af-4af4af-,---,[],"td B3LYP/6-31g(d,p)",-5.45833148817,-0.889812252173,97,2.8931,-1226.3237617,4.0440,1.23333333333
/home/ccollins/allmols/O/opt/m06hf/b3lyp/12ei12ei12ei12ei-.log,12ei12ei12ei12ei-,---,[],"td B3LYP/6-31g(d,p)",-5.0917941476,-1.24791406375,109,1.0482,-1378.4125263,3.4325,1.75
/home/ccollins/allmols/O/opt/m06hf/b3lyp/12li12li12li12li-.log,12li12li12li12li-,---,[],"td B3LYP/6-31g(d,p)",-4.49287158888,-0.826681841621,117,1.5041,-1531.9007904,3.3335,1.86666666667
/home/ccollins/allmols/O/opt/m06hf/b3lyp/12if12if-.log,12if12if-,---,[],"td B3LYP/6-31g(d,p)",-4.8964164115,-0.238643836439,51,1.7459,-687.9417726,4.4882,0.266666666667
/home/ccollins/allmols/O/opt/m06hf/b3lyp/12ea12ea12ea12ea.log,12ea12ea12ea12ea,---,[],"td B3LYP/6-31g(d,p)",-5.07900479719,-1.61608408736,93,0.6175,-1221.1300134,3.1851,0.9
/home/ccollins/allmols/O/opt/m06hf/b3lyp/12aa12aa12aa12aa.log,12aa12aa12aa12aa,---,[],"td B3LYP/6-31g(d,p)",-4.75899892301,-1.04355657097,69,0.6746,-916.5444094,3.4603,0.416666666667
/home/ccollins/allmols/O/opt/m06hf/b3lyp/4ei4ei.log,4ei4ei,---,[],"td B3LYP/6-31g(d,p)",-6.04745794871,-0.794844522507,61,1.5280,-694.246501,4.6064,0.533333333333
/home/ccollins/allmols/O/opt/m06hf/b3lyp/12ai12ai-12ai-12ai.log,12ai12ai-12ai-12ai,---,[],"td B3LYP/6-31g(d,p)",-4.64988127374,-0.857430705381,85,0.3512,-1073.8356499,3.4667,0.766666666667
/home/ccollins/allmols/O/opt/m06hf/b3lyp/12ie.log,12ie,---,[],"td B3LYP/6-31g(d,p)",-6.06895494196,-0.0459872387209,28,0.6863,-345.4948399,5.7612,0.05
/home/ccollins/allmols/O/opt/m06hf/b3lyp/4ff4ff4ff-4ff.log,4ff4ff4ff-4ff,---,[],"td B3LYP/6-31g(d,p)",-5.12145455601,-0.876206560243,113,0.6797,-1527.1972907,3.7263,1.76666666667
/home/ccollins/allmols/O/opt/m06hf/b3lyp/4fa4fa-.log,4fa4fa-,---,[],"td B3LYP/6-31g(d,p)",-5.82133134885,-0.589126460536,49,1.5473,-613.7626822,4.5757,0.25
/home/ccollins/allmols/O/opt/m06hf/b3lyp/4ea4ea-4ea4ea-.log,4ea4ea-4ea4ea-,---,[],"td B3LYP/6-31g(d,p)",-5.91765964771,-1.30614642521,105,1.5827,-1230.0165253,4.1369,1.88333333333
/home/ccollins/allmols/O/opt/m06hf/b3lyp/4af4af.log,4af4af,---,[],"td B3LYP/6-31g(d,p)",-5.68309751885,-0.494975072386,49,2.7861,-613.7589188,4.6385,0.283333333333
/home/ccollins/allmols/O/opt/m06hf/b3lyp/4lf4lf-4lf-4lf-.log,4lf4lf-4lf-4lf-,---,[],"td B3LYP/6-31g(d,p)",-4.78512185152,-0.783959968963,129,6.9971,-1684.4059634,3.5127,1.41666666667
/home/ccollins/allmols/O/opt/m06hf/b3lyp/1111-11-11-.log,1111-11-11-,---,[],"td B3LYP/6-31g(d,p)",-7.20775135644,-4.13286498043,29,3.2890,-454.4345827,1.6947,0.0166666666667
/home/ccollins/allmols/O/opt/m06hf/b3lyp/4ie4ie-4ie.log,4ie4ie-4ie,---,[],"td B3LYP/6-31g(d,p)",-6.00691298676,-0.883009406208,91,2.5255,-1040.7693876,4.5463,1.76666666667
/home/ccollins/allmols/O/opt/m06hf/b3lyp/12fi12fi-12fi-12fi.log,12fi12fi-12fi-12fi,---,[],"td B3LYP/6-31g(d,p)",-4.45994581441,-0.669672156757,101,4.1301,-1374.6900231,3.4436,1.15
/home/ccollins/allmols/O/opt/m06hf/b3lyp/4ia4ia4ia-4ia-.log,4ia4ia4ia-4ia-,---,[],"td B3LYP/6-31g(d,p)",-5.87793102727,-0.58640532215,97,1.1411,-1082.717089,4.7636,1.66666666667
/home/ccollins/allmols/O/opt/m06hf/b3lyp/12ei12ei.log,12ei12ei,---,[],"td B3LYP/6-31g(d,p)",-5.55547612855,-0.74423134853,55,1.1372,-689.7999429,4.4573,0.3
/home/ccollins/allmols/O/opt/m06hf/b3lyp/4ii4ii4ii4ii.log,4ii4ii4ii4ii,---,[],"td B3LYP/6-31g(d,p)",-6.09943169188,-0.0582323614572,113,0.0857,-1239.9923417,5.2071,2.16666666667
/home/ccollins/allmols/O/opt/m06hf/b3lyp/12la12la.log,12la12la,---,[],"td B3LYP/6-31g(d,p)",-4.97641788004,-0.252793756045,51,1.2328,-687.8938998,4.4664,0.183333333333
/home/ccollins/allmols/O/opt/m06hf/b3lyp/1111-1111.log,1111-1111,---,[],"td B3LYP/6-31g(d,p)",-6.92448085047,-3.97776009243,29,2.9919,-454.4383857,1.5563,0.0333333333333
/home/ccollins/allmols/O/opt/m06hf/b3lyp/12fa12fa-12fa.log,12fa12fa-12fa,---,[],"td B3LYP/6-31g(d,p)",-4.59790753057,-0.714570940124,64,4.4214,-913.3505383,3.6886,0.266666666667
/home/ccollins/allmols/O/opt/m06hf/b3lyp/12ia12ia12ia12ia-.log,12ia12ia12ia12ia-,---,[],"td B3LYP/6-31g(d,p)",-4.67899745447,-0.794844522507,85,1.3007,-1073.8323976,3.5502,0.766666666667
/home/ccollins/allmols/O/opt/m06hf/b3lyp/12fl12fl-12fl12fl-.log,12fl12fl-12fl12fl-,---,[],"td B3LYP/6-31g(d,p)",-4.4028019083,-0.88845168298,117,4.9878,-1675.4774225,3.2212,2.0
/home/ccollins/allmols/O/opt/m06hf/b3lyp/12af12af.log,12af12af,---,[],"td B3LYP/6-31g(d,p)",-5.08227016325,-0.364360429865,43,1.4215,-609.2892707,4.5577,0.1
/home/ccollins/allmols/O/opt/m06hf/b3lyp/12ae12ae-12ae12ae.log,12ae12ae-12ae12ae,---,[],"td B3LYP/6-31g(d,p)",-5.08635187083,-1.61363506281,93,0.9337,-1221.1301279,3.1672,0.85
/home/ccollins/allmols/O/opt/m06hf/b3lyp/4fi4fi4fi.log,4fi4fi4fi,---,[],"td B3LYP/6-31g(d,p)",-5.41397693249,-0.500417349158,85,4.4310,-1037.9915438,4.3624,0.916666666667
/home/ccollins/allmols/O/opt/m06hf/b3lyp/12ll12ll-12ll.log,12ll12ll-12ll,---,[],"td B3LYP/6-31g(d,p)",-5.03029642008,-0.371707503507,100,2.6540,-1374.8004631,4.2517,1.11666666667
/home/ccollins/allmols/O/opt/m06hf/b3lyp/4lf4lf-.log,4lf4lf-,---,[],"td B3LYP/6-31g(d,p)",-5.09723642437,-0.16544521386,65,2.4812,-842.7992955,4.3395,0.516666666667
/home/ccollins/allmols/O/opt/m06hf/b3lyp/4if4if-4if.log,4if4if-4if,---,[],"td B3LYP/6-31g(d,p)",-5.53506759066,-0.42504181587,85,2.4644,-1037.9984508,4.4718,1.11666666667
/home/ccollins/allmols/O/opt/m06hf/b3lyp/12el12el-.log,12el12el-,---,[],"td B3LYP/6-31g(d,p)",-5.04907227494,-0.769810049357,63,2.0622,-840.1898783,4.0216,0.283333333333
/home/ccollins/allmols/O/opt/m06hf/b3lyp/12fl12fl-12fl-12fl.log,12fl12fl-12fl-12fl,---,[],"td B3LYP/6-31g(d,p)",-4.32742637502,-0.793756067152,117,4.0921,-1675.4787361,3.2549,1.53333333333
/home/ccollins/allmols/O/opt/m06hf/b3lyp/4fa4fa-4fa.log,4fa4fa-4fa,---,[],"td B3LYP/6-31g(d,p)",-5.53670027369,-0.714026712447,73,2.4562,-920.0431671,4.2706,0.633333333333
/home/ccollins/allmols/O/opt/m06hf/b3lyp/12el12el.log,12el12el,---,[],"td B3LYP/6-31g(d,p)",-5.47955636758,-0.892533390559,63,1.6939,-840.1862146,4.2620,0.433333333333
/home/ccollins/allmols/O/opt/m06hf/b3lyp/4aa4aa-4aa-4aa-.log,4aa4aa-4aa-4aa-,---,[],"td B3LYP/6-31g(d,p)",-5.74758849859,-1.00165103983,81,0.0013,-925.4483845,4.3132,0.7
/home/ccollins/allmols/O/opt/m06hf/b3lyp/12al12al-12al-12al.log,12al12al-12al-12al,---,[],"td B3LYP/6-31g(d,p)",-4.37531841061,-0.816613629593,101,2.5420,-1374.605494,3.2169,1.03333333333
/home/ccollins/allmols/O/opt/m06hf/b3lyp/12af12af-12af.log,12af12af-12af,---,[],"td B3LYP/6-31g(d,p)",-4.68362338972,-0.803007937664,64,2.1191,-913.3501572,3.6705,0.283333333333
/home/ccollins/allmols/O/opt/m06hf/b3lyp/12ea12ea.log,12ea12ea,---,[],"td B3LYP/6-31g(d,p)",-5.54350311965,-1.06450933654,47,0.6631,-611.1577396,4.2626,0.216666666667
/home/ccollins/allmols/O/opt/m06hf/b3lyp/12il12il-12il.log,12il12il-12il,---,[],"td B3LYP/6-31g(d,p)",-4.706753066,-0.697699882132,88,3.6721,-1149.2190595,3.7537,0.966666666667
/home/ccollins/allmols/O/opt/m06hf/b3lyp/12le12le-12le12le-.log,12le12le-12le12le-,---,[],"td B3LYP/6-31g(d,p)",-4.8950558423,-1.48546944484,125,2.0016,-1679.1900821,3.0737,2.36666666667
/home/ccollins/allmols/O/opt/m06hf/b3lyp/4ef4ef-4ef-4ef.log,4ef4ef-4ef-4ef,---,[],"td B3LYP/6-31g(d,p)",-5.53642815985,-1.22151902141,121,3.8186,-1530.8978994,3.8137,2.26666666667
/home/ccollins/allmols/O/opt/m06hf/b3lyp/12fl12fl12fl12fl.log,12fl12fl12fl12fl,---,[],"td B3LYP/6-31g(d,p)",-4.49477638575,-0.914302497645,117,7.1543,-1675.4840696,3.3096,1.51666666667
/home/ccollins/allmols/O/opt/m06hf/b3lyp/4aa4aa4aa.log,4aa4aa4aa,---,[],"td B3LYP/6-31g(d,p)",-5.8640532215,-0.850355745578,61,0.0001,-694.3848843,4.6105,0.383333333333
/home/ccollins/allmols/O/opt/m06hf/b3lyp/12ae12ae.log,12ae12ae,---,[],"td B3LYP/6-31g(d,p)",-5.54350311965,-1.06478145038,47,0.6630,-611.157742,4.2626,0.2
/home/ccollins/allmols/O/opt/m06hf/b3lyp/4ia4ia-.log,4ia4ia-,---,[],"td B3LYP/6-31g(d,p)",-6.16528324082,-0.262861968073,49,0.5195,-541.9578644,5.1651,0.233333333333
/home/ccollins/allmols/O/opt/m06hf/b3lyp/12ll12ll-12ll-12ll-.log,12ll12ll-12ll-12ll-,---,[],"td B3LYP/6-31g(d,p)",-4.70185501691,-0.432388889511,133,3.4430,-1832.6705508,3.8245,1.45
/home/ccollins/allmols/O/opt/m06hf/b3lyp/4ea4ea-.log,4ea4ea-,---,[],"td B3LYP/6-31g(d,p)",-6.14623527212,-1.00464429206,53,0.7768,-615.6072739,4.5755,0.25
/home/ccollins/allmols/O/opt/m06hf/b3lyp/111111-.log,111111-,---,[],"td B3LYP/6-31g(d,p)",-7.03087736136,-3.73612300377,22,1.9347,-341.1292423,1.7991,0.0166666666667
/home/ccollins/allmols/O/opt/m06hf/b3lyp/12ae12ae-12ae-12ae-.log,12ae12ae-12ae-12ae-,---,[],"td B3LYP/6-31g(d,p)",-5.08526341547,-1.61173026594,93,0.4464,-1221.1295214,3.1458,0.916666666667
/home/ccollins/allmols/O/opt/m06hf/b3lyp/4le4le-.log,4le4le-,---,[],"td B3LYP/6-31g(d,p)",-5.60119125343,-0.620691665812,69,2.2775,-844.6546343,4.3755,0.55
/home/ccollins/allmols/O/opt/m06hf/b3lyp/4fe4fe4fe4fe-.log,4fe4fe4fe4fe-,---,[],"td B3LYP/6-31g(d,p)",-5.65398133812,-1.27403699225,121,3.1050,-1530.8954917,3.8820,2.55
/home/ccollins/allmols/O/opt/m06hf/b3lyp/12al12al12al.log,12al12al12al,---,[],"td B3LYP/6-31g(d,p)",-4.33667824553,-0.59810621721,76,5.1637,-1031.2611038,3.5631,0.466666666667
/home/ccollins/allmols/O/opt/m06hf/b3lyp/12el12el-12el.log,12el12el-12el,---,[],"td B3LYP/6-31g(d,p)",-5.12390358055,-1.36084130676,94,1.1382,-1259.6867234,3.4542,1.16666666667
/home/ccollins/allmols/O/opt/m06hf/b3lyp/12fl12fl-12fl12fl.log,12fl12fl-12fl12fl,---,[],"td B3LYP/6-31g(d,p)",-4.71546070884,-0.606813860044,117,6.9032,-1675.4614696,3.6634,1.46666666667
/home/ccollins/allmols/O/opt/m06hf/b3lyp/12ff12ff12ff12ff.log,12ff12ff12ff12ff,---,[],"td B3LYP/6-31g(d,p)",-4.19517904946,-0.755115902073,101,7.1014,-1518.2721275,3.2286,0.716666666667
/home/ccollins/allmols/O/opt/m06hf/b3lyp/12fi.log,12fi,---,[],"td B3LYP/6-31g(d,p)",-5.59411629363,0.842736558097,26,2.3184,-344.5597137,6.0431,0.05
/home/ccollins/allmols/O/opt/m06hf/b3lyp/12ef12ef-12ef12ef.log,12ef12ef-12ef12ef,---,[],"td B3LYP/6-31g(d,p)",-4.78348916848,-1.52356538224,109,3.6073,-1521.995715,2.9485,1.16666666667
/home/ccollins/allmols/O/opt/m06hf/b3lyp/4if4if4if.log,4if4if4if,---,[],"td B3LYP/6-31g(d,p)",-5.41452116016,-0.498512552288,85,4.4336,-1037.9915495,4.3646,0.983333333333
/home/ccollins/allmols/O/opt/m06hf/b3lyp/4ff4ff-4ff-4ff.log,4ff4ff-4ff-4ff,---,[],"td B3LYP/6-31g(d,p)",-5.26377009359,-0.930901441799,113,1.1647,-1527.2056434,3.7831,1.58333333333
/home/ccollins/allmols/O/opt/m06hf/b3lyp/4ai4ai4ai-4ai.log,4ai4ai4ai-4ai,---,[],"td B3LYP/6-31g(d,p)",-5.83520915461,-0.641372317545,97,1.2293,-1082.7173059,4.6789,1.71666666667
/home/ccollins/allmols/O/opt/m06hf/b3lyp/12ae12ae12ae-12ae.log,12ae12ae12ae-12ae,---,[],"td B3LYP/6-31g(d,p)",-5.10431138418,-1.63649262525,93,1.0734,-1221.130448,3.1765,0.966666666667
/home/ccollins/allmols/O/opt/m06hf/b3lyp/12ll12ll.log,12ll12ll,---,[],"td B3LYP/6-31g(d,p)",-5.26295375207,0.134424236261,67,3.7224,-916.9292454,4.8724,0.366666666667
/home/ccollins/allmols/O/opt/m06hf/b3lyp/1111-.log,1111-,---,[],"td B3LYP/6-31g(d,p)",-7.23550696797,-2.9605985638,15,0.0010,-227.8204785,2.6069,0.0
/home/ccollins/allmols/O/opt/m06hf/b3lyp/4ia4ia4ia-4ia.log,4ia4ia4ia-4ia,---,[],"td B3LYP/6-31g(d,p)",-5.81997077965,-0.660420286246,97,1.1393,-1082.7175275,4.6440,1.75
/home/ccollins/allmols/O/opt/m06hf/b3lyp/12if12if-12if.log,12if12if-12if,---,[],"td B3LYP/6-31g(d,p)",-4.50348402858,-0.573888085576,76,1.5209,-1031.3155418,3.6789,0.583333333333
/home/ccollins/allmols/O/opt/m06hf/b3lyp/12lf12lf12lf-12lf.log,12lf12lf12lf-12lf,---,[],"td B3LYP/6-31g(d,p)",-4.36035214948,-0.814164605046,117,3.5748,-1675.4766571,3.2659,1.76666666667
/home/ccollins/allmols/O/opt/m06hf/b3lyp/4ee.log,4ee,---,[],"td B3LYP/6-31g(d,p)",-6.19820901529,-1.28029561054,33,0.0002,-384.5476549,4.8368,0.05
/home/ccollins/allmols/O/opt/m06hf/b3lyp/12fi12fi12fi12fi-.log,12fi12fi12fi12fi-,---,[],"td B3LYP/6-31g(d,p)",-4.43409499974,-0.696611426777,101,4.4625,-1374.688311,3.4064,1.06666666667
/home/ccollins/allmols/O/opt/m06hf/b3lyp/12if12if-12if-12if.log,12if12if-12if-12if,---,[],"td B3LYP/6-31g(d,p)",-4.2694661274,-0.746952486916,101,3.0494,-1374.6907719,3.2000,1.16666666667
/home/ccollins/allmols/O/opt/m06hf/b3lyp/4aa4aa-4aa4aa.log,4aa4aa-4aa4aa,---,[],"td B3LYP/6-31g(d,p)",-5.7807863869,-0.980154046583,81,0.0002,-925.4481739,4.3574,0.816666666667
/home/ccollins/allmols/O/opt/m06hf/b3lyp/12fl12fl12fl.log,12fl12fl12fl,---,[],"td B3LYP/6-31g(d,p)",-4.69423582943,-0.743415007014,88,5.5322,-1256.9067041,3.7412,0.85
/home/ccollins/allmols/O/opt/m06hf/b3lyp/12aa12aa12aa-12aa.log,12aa12aa12aa-12aa,---,[],"td B3LYP/6-31g(d,p)",-4.81287746305,-1.08791112666,69,0.8011,-916.5507831,3.4713,0.366666666667
/home/ccollins/allmols/O/opt/m06hf/b3lyp/12ia12ia12ia.log,12ia12ia12ia,---,[],"td B3LYP/6-31g(d,p)",-4.96798235104,-0.522458570083,64,1.3572,-805.6679192,4.1255,0.35
/home/ccollins/allmols/O/opt/m06hf/b3lyp/12lf12lf-12lf12lf-.log,12lf12lf-12lf12lf-,---,[],"td B3LYP/6-31g(d,p)",-4.40878841275,-0.913214042291,117,4.4404,-1675.4746264,3.2247,1.83333333333
/home/ccollins/allmols/O/opt/m06hf/b3lyp/4ie4ie-4ie-4ie-.log,4ie4ie-4ie-4ie-,---,[],"td B3LYP/6-31g(d,p)",-5.98187851361,-0.908043879358,121,3.0000,-1387.2923499,4.5271,1.83333333333
/home/ccollins/allmols/O/opt/m06hf/b3lyp/12ea12ea12ea-12ea-.log,12ea12ea12ea-12ea-,---,[],"td B3LYP/6-31g(d,p)",-5.08199804941,-1.61173026594,93,0.9396,-1221.1298486,3.1870,0.9
/home/ccollins/allmols/O/opt/m06hf/b3lyp/4ff4ff-4ff-4ff-.log,4ff4ff-4ff-4ff-,---,[],"td B3LYP/6-31g(d,p)",-5.40907888339,-1.08518998828,113,1.3841,-1527.2058417,3.7666,1.58333333333
/home/ccollins/allmols/O/opt/m06hf/b3lyp/12fe12fe-12fe12fe.log,12fe12fe-12fe12fe,---,[],"td B3LYP/6-31g(d,p)",-4.66294273799,-1.44410814137,109,5.4627,-1521.9898737,2.9269,1.1
/home/ccollins/allmols/O/opt/m06hf/b3lyp/4if.log,4if,---,[],"td B3LYP/6-31g(d,p)",-5.73507126202,0.0748313056109,29,1.2934,-346.7979539,5.1013,0.1
/home/ccollins/allmols/O/opt/m06hf/b3lyp/12la12la-12la.log,12la12la-12la,---,[],"td B3LYP/6-31g(d,p)",-4.53559346153,-0.692801833037,76,1.3298,-1031.2583067,3.6044,0.5
/home/ccollins/allmols/O/opt/m06hf/b3lyp/12ee12ee12ee-12ee-.log,12ee12ee12ee-12ee-,---,[],"td B3LYP/6-31g(d,p)",-5.38431652408,-1.83840109348,117,0.0419,-1525.6943158,3.1896,1.68333333333
/home/ccollins/allmols/O/opt/m06hf/b3lyp/12ea12ea12ea12ea-.log,12ea12ea12ea12ea-,---,[],"td B3LYP/6-31g(d,p)",-5.0882566677,-1.61118603826,93,0.4098,-1221.1294151,3.1456,0.866666666667
/home/ccollins/allmols/O/opt/m06hf/b3lyp/12ia12ia-12ia-12ia-.log,12ia12ia-12ia-12ia-,---,[],"td B3LYP/6-31g(d,p)",-4.69532428478,-0.792123384121,85,0.9715,-1073.8318281,3.5703,0.766666666667
/home/ccollins/allmols/O/opt/m06hf/b3lyp/12fl12fl.log,12fl12fl,---,[],"td B3LYP/6-31g(d,p)",-4.56743078065,-0.0035374799016,59,4.6646,-838.3041229,4.4388,0.3
/home/ccollins/allmols/O/opt/m06hf/b3lyp/12ef12ef-12ef-12ef-.log,12ef12ef-12ef-12ef-,---,[],"td 6-31g(d,p) B3LYP",-4.84063307459,-1.55894018125,109,4.4596,-1521.990829,2.9658,1.33333333333
/home/ccollins/allmols/O/opt/m06hf/b3lyp/4la4la-4la-4la-.log,4la4la-4la-4la-,---,[],"td B3LYP/6-31g(d,p)",-5.22349724548,-0.74042175479,113,3.4319,-1383.537186,4.0166,2.23333333333
/home/ccollins/allmols/O/opt/m06hf/b3lyp/12if12if-12if12if.log,12if12if-12if12if,---,[],"td B3LYP/6-31g(d,p)",-4.41613548639,-0.739877527112,101,2.3340,-1374.6902216,3.3821,1.43333333333
/home/ccollins/allmols/O/opt/m06hf/b3lyp/4if4if4if-4if.log,4if4if4if-4if,---,[],"td B3LYP/6-31g(d,p)",-5.42649416906,-0.501505804512,113,4.0361,-1383.5952386,4.3585,2.36666666667
/home/ccollins/allmols/O/opt/m06hf/b3lyp/12ei12ei-.log,12ei12ei-,---,[],"td B3LYP/6-31g(d,p)",-5.32390725191,-0.905322740972,55,0.8715,-689.8023703,4.2100,0.316666666667
/home/ccollins/allmols/O/opt/m06hf/b3lyp/4ea4ea4ea.log,4ea4ea4ea,---,[],"td B3LYP/6-31g(d,p)",-6.02840998001,-1.20791332948,79,1.2360,-922.8115743,4.3734,0.766666666667
/home/ccollins/allmols/O/opt/m06hf/b3lyp/12ai12ai-12ai12ai-.log,12ai12ai-12ai12ai-,---,[],"td B3LYP/6-31g(d,p)",-4.59083257077,-0.919472660578,85,0.2667,-1073.837444,3.3910,0.766666666667
/home/ccollins/allmols/O/opt/m06hf/b3lyp/12aa12aa-12aa.log,12aa12aa-12aa,---,[],"td B3LYP/6-31g(d,p)",-5.0071667438,-0.875118104889,52,0.5734,-687.7108172,3.9226,0.216666666667
/home/ccollins/allmols/O/opt/m06hf/b3lyp/4aa.log,4aa,---,[],"td B3LYP/6-31g(d,p)",-6.72610986214,0.093062932796,21,0.0000,-232.2580844,5.5626,0.0166666666667
/home/ccollins/allmols/O/opt/m06hf/b3lyp/12af12af12af.log,12af12af12af,---,[],"td B3LYP/6-31g(d,p)",-4.77015559039,-0.790218587251,64,1.4949,-913.3406324,3.7847,0.266666666667
/home/ccollins/allmols/O/opt/m06hf/b3lyp/12ie12ie-12ie-12ie.log,12ie12ie-12ie-12ie,---,[],"td B3LYP/6-31g(d,p)",-4.98213227065,-1.32818764613,109,1.4622,-1378.4167961,3.2527,1.83333333333
/home/ccollins/allmols/O/opt/m06hf/b3lyp/4fa4fa-4fa4fa.log,4fa4fa-4fa4fa,---,[],"td B3LYP/6-31g(d,p)",-5.37234351518,-0.826409727782,97,3.7645,-1226.3244622,4.0455,1.28333333333
/home/ccollins/allmols/O/opt/m06hf/b3lyp/12fa12fa12fa-12fa-.log,12fa12fa12fa-12fa-,---,[],"td B3LYP/6-31g(d,p)",-4.63219387423,-1.06314876735,85,3.9081,-1217.4058299,3.3183,0.633333333333
/home/ccollins/allmols/O/opt/m06hf/b3lyp/4ff.log,4ff,---,[],"td B3LYP/6-31g(d,p)",-5.39084725621,-0.0429939864964,29,0.0001,-382.6953825,4.7836,0.0333333333333
/home/ccollins/allmols/O/opt/m06hf/b3lyp/4af4af4af4af-.log,4af4af4af4af-,---,[],"td B3LYP/6-31g(d,p)",-5.31792074746,-0.840559647389,97,4.0571,-1226.320806,4.0190,1.21666666667
/home/ccollins/allmols/O/opt/m06hf/b3lyp/12ii12ii-12ii-12ii-.log,12ii12ii-12ii-12ii-,---,[],"td B3LYP/6-31g(d,p)",-4.7342365637,-0.419871652937,101,1.3729,-1231.1128033,3.8860,1.35
/home/ccollins/allmols/O/opt/m06hf/b3lyp/12le12le12le.log,12le12le12le,---,[],"td 6-31g(d,p) B3LYP",-5.13750927248,-1.24954674678,94,3.4063,-1259.6845758,3.5898,1.18333333333
/home/ccollins/allmols/O/opt/m06hf/b3lyp/4ei4ei4ei-4ei.log,4ei4ei4ei-4ei,---,[],"td B3LYP/6-31g(d,p)",-5.98949770109,-0.879744040145,121,3.2933,-1387.2922198,4.5484,1.96666666667
/home/ccollins/allmols/O/opt/m06hf/b3lyp/12ie12ie.log,12ie12ie,---,[],"td B3LYP/6-31g(d,p)",-5.55547612855,-0.74423134853,55,1.1371,-689.7999426,4.4574,0.316666666667
/home/ccollins/allmols/O/opt/m06hf/b3lyp/4af4af4af-4af-.log,4af4af4af-4af-,---,[],"td B3LYP/6-31g(d,p)",-5.3230909104,-0.801647368471,97,2.4030,-1226.3239199,4.0232,1.18333333333
/home/ccollins/allmols/O/opt/m06hf/b3lyp/4ll.log,4ll,---,[],"td B3LYP/6-31g(d,p)",-5.25968838601,0.0661236627761,37,0.0000,-461.3051779,4.7575,0.1
/home/ccollins/allmols/O/opt/m06hf/b3lyp/12if12if12if12if.log,12if12if12if12if,---,[],"td B3LYP/6-31g(d,p)",-4.91818551858,-0.571439061028,101,2.6720,-1374.6832779,3.8697,1.06666666667
/home/ccollins/allmols/O/opt/m06hf/b3lyp/4ei4ei-.log,4ei4ei-,---,[],"td B3LYP/6-31g(d,p)",-6.04745794871,-0.794844522507,61,1.5276,-694.2465018,4.6063,0.65
/home/ccollins/allmols/O/opt/m06hf/b3lyp/12ae12ae12ae-12ae-.log,12ae12ae12ae-12ae-,---,[],"td B3LYP/6-31g(d,p)",-5.08199804941,-1.61173026594,93,0.9397,-1221.1298501,3.1869,0.9
/home/ccollins/allmols/O/opt/m06hf/b3lyp/4fl.log,4fl,---,[],"td B3LYP/6-31g(d,p)",-5.33560814697,0.0253065869884,33,2.4788,-422.0003781,4.7854,0.0666666666667
/home/ccollins/allmols/O/opt/m06hf/b3lyp/12ll12ll-12ll12ll-.log,12ll12ll-12ll12ll-,---,[],"td B3LYP/6-31g(d,p)",-4.54974338114,-0.903145830263,133,2.8335,-1832.673932,3.3449,1.81666666667
/home/ccollins/allmols/O/opt/m06hf/b3lyp/12el12el12el12el.log,12el12el12el12el,---,[],"td B3LYP/6-31g(d,p)",-4.9810438153,-1.31267715733,125,3.0985,-1679.1813031,3.2850,2.18333333333
/home/ccollins/allmols/O/opt/m06hf/b3lyp/22-.log,22-,---,[],"td B3LYP/6-31g(d,p)",-6.24691739239,-0.765456227939,15,0.0904,-155.9950441,5.5759,0.0166666666667
/home/ccollins/allmols/O/opt/m06hf/b3lyp/4fa4fa4fa4fa.log,4fa4fa4fa4fa,---,[],"td B3LYP/6-31g(d,p)",-5.34948595274,-0.887091113787,97,5.7418,-1226.321416,4.0146,1.16666666667
/home/ccollins/allmols/O/opt/m06hf/b3lyp/12il12il.log,12il12il,---,[],"td B3LYP/6-31g(d,p)",-5.22812318073,-0.20190846823,59,2.6016,-766.5385403,4.7386,0.316666666667
/home/ccollins/allmols/O/opt/m06hf/b3lyp/12fi12fi-.log,12fi12fi-,---,[],"td B3LYP/6-31g(d,p)",-4.8964164115,-0.238643836439,51,1.7459,-687.9417726,4.4882,0.2
/home/ccollins/allmols/O/opt/m06hf/b3lyp/4af4af-4af-4af.log,4af4af-4af-4af,---,[],"td B3LYP/6-31g(d,p)",-5.46431799262,-0.900424691877,97,2.7519,-1226.3273617,4.0346,1.28333333333
/home/ccollins/allmols/O/opt/m06hf/b3lyp/12ie12ie-12ie-12ie-.log,12ie12ie-12ie-12ie-,---,[],"td B3LYP/6-31g(d,p)",-5.08934512305,-1.2490025191,109,1.0340,-1378.4125387,3.4293,1.73333333333
/home/ccollins/allmols/O/opt/m06hf/b3lyp/4le.log,4le,---,[],"td B3LYP/6-31g(d,p)",-5.74405101869,-0.367081568251,35,2.0017,-422.9284804,4.8701,0.0833333333333
/home/ccollins/allmols/O/opt/m06hf/b3lyp/12if12if.log,12if12if,---,[],"td B3LYP/6-31g(d,p)",-5.16526488402,-0.0340142298231,51,1.4639,-687.9349278,4.7717,0.216666666667
/home/ccollins/allmols/O/opt/m06hf/b3lyp/12ei12ei-12ei-12ei.log,12ei12ei-12ei-12ei,---,[],"td B3LYP/6-31g(d,p)",-4.98049958762,-1.33036455684,109,1.4660,-1378.4167999,3.2498,1.78333333333
/home/ccollins/allmols/O/opt/m06hf/b3lyp/4ea4ea4ea4ea-.log,4ea4ea4ea4ea-,---,[],"td B3LYP/6-31g(d,p)",-5.92582306286,-1.3124050435,105,1.6726,-1230.0161594,4.1518,1.76666666667
/home/ccollins/allmols/O/opt/m06hf/b3lyp/12aa12aa.log,12aa12aa,---,[],"td B3LYP/6-31g(d,p)",-5.32281879656,-0.448171492149,35,0.8354,-458.8655994,4.7435,0.0666666666667
/home/ccollins/allmols/O/opt/m06hf/b3lyp/1111-1111-.log,1111-1111-,---,[],"td B3LYP/6-31g(d,p)",-6.99985638376,-3.51897616058,29,0.5188,-454.443705,2.0859,0.0333333333333
/home/ccollins/allmols/O/opt/m06hf/b3lyp/12la12la-.log,12la12la-,---,[],"td B3LYP/6-31g(d,p)",-4.82539469963,-0.212248794096,51,1.8864,-687.9030966,4.4310,0.25
/home/ccollins/allmols/O/opt/m06hf/b3lyp/4af4af-4af.log,4af4af-4af,---,[],"td B3LYP/6-31g(d,p)",-5.53670027369,-0.714298826285,73,2.4561,-920.0431671,4.2706,0.6
/home/ccollins/allmols/O/opt/m06hf/b3lyp/12fa12fa-12fa12fa-.log,12fa12fa-12fa12fa-,---,[],"td B3LYP/6-31g(d,p)",-4.5268858187,-1.07212852402,85,4.2345,-1217.410897,3.2176,0.616666666667
/home/ccollins/allmols/O/opt/m06hf/b3lyp/4ei4ei-4ei.log,4ei4ei-4ei,---,[],"td B3LYP/6-31g(d,p)",-6.00800144212,-0.87103639731,91,2.4911,-1040.7693865,4.5507,1.68333333333
/home/ccollins/allmols/O/opt/m06hf/b3lyp/12al12al12al12al.log,12al12al12al12al,---,[],"td B3LYP/6-31g(d,p)",-4.08442871716,-0.769537935518,101,5.8240,-1374.6205289,3.0938,0.933333333333
/home/ccollins/allmols/O/opt/m06hf/b3lyp/12le12le-12le.log,12le12le-12le,---,[],"td B3LYP/6-31g(d,p)",-4.94485267477,-1.09689088334,94,2.6930,-1259.6896097,3.4827,1.06666666667
/home/ccollins/allmols/O/opt/m06hf/b3lyp/12ie12ie12ie-12ie.log,12ie12ie12ie-12ie,---,[],"td B3LYP/6-31g(d,p)",-4.96226796043,-1.35866439605,109,1.6851,-1378.41673,3.2587,1.66666666667
/home/ccollins/allmols/O/opt/m06hf/b3lyp/4af4af4af4af.log,4af4af4af4af,---,[],"td B3LYP/6-31g(d,p)",-5.34948595274,-0.887363227625,97,5.7427,-1226.3214145,4.0145,1.13333333333
/home/ccollins/allmols/O/opt/m06hf/b3lyp/12ie12ie-12ie.log,12ie12ie-12ie,---,[],"td B3LYP/6-31g(d,p)",-5.05315398252,-1.22369593212,82,1.2913,-1034.1105699,3.5140,0.7
/home/ccollins/allmols/O/opt/m06hf/b3lyp/4ae4ae-.log,4ae4ae-,---,[],"td B3LYP/6-31g(d,p)",-6.14596315828,-1.00464429206,53,0.7769,-615.6072746,4.5754,0.283333333333
/home/ccollins/allmols/O/opt/m06hf/b3lyp/12ai12ai-.log,12ai12ai-,---,[],"td B3LYP/6-31g(d,p)",-5.1347881341,-0.263950423427,43,0.1649,-537.5108901,4.6934,0.133333333333
/home/ccollins/allmols/O/opt/m06hf/b3lyp/12el12el12el12el-.log,12el12el12el12el-,---,[],"td B3LYP/6-31g(d,p)",-4.90893364807,-1.33662317513,125,1.1056,-1679.1873809,3.1902,2.11666666667
/home/ccollins/allmols/O/opt/m06hf/b3lyp/12ia.log,12ia,---,[],"td B3LYP/6-31g(d,p)",-5.97752469219,0.775796553806,22,0.8588,-269.3482327,6.5546,0.0333333333333
/home/ccollins/allmols/O/opt/m06hf/b3lyp/12al12al12al-12al-.log,12al12al12al-12al-,---,[],"td B3LYP/6-31g(d,p)",-4.22375100252,-0.74994573914,101,4.2363,-1374.611333,3.2182,1.03333333333
/home/ccollins/allmols/O/opt/m06hf/b3lyp/12el12el12el.log,12el12el12el,---,[],"td B3LYP/6-31g(d,p)",-5.19737431697,-1.18396731168,94,2.5624,-1259.6845399,3.6663,1.1
/home/ccollins/allmols/O/opt/m06hf/b3lyp/12ai12ai12ai-12ai.log,12ai12ai12ai-12ai,---,[],"td B3LYP/6-31g(d,p)",-4.64035728939,-0.867498917409,85,1.2655,-1073.8346382,3.4780,0.766666666667
/home/ccollins/allmols/O/opt/m06hf/b3lyp/12ll12ll12ll12ll.log,12ll12ll12ll12ll,---,[],"td 6-31g(d,p) B3LYP",-4.93151909667,-0.33660481833,133,3.6334,-1832.6679393,4.0353,1.36666666667
/home/ccollins/allmols/O/opt/m06hf/b3lyp/12il12il-12il-12il.log,12il12il-12il-12il,---,[],"td B3LYP/6-31g(d,p)",-4.53858671376,-0.866138348216,117,2.5961,-1531.8959151,3.3347,2.01666666667
/home/ccollins/allmols/O/opt/m06hf/b3lyp/12fe12fe-12fe.log,12fe12fe-12fe,---,[],"td 6-31g(d,p) B3LYP",-4.91002210343,-1.29145227792,82,3.6417,-1141.7902796,3.3546,0.583333333333
/home/ccollins/allmols/O/opt/m06hf/b3lyp/12ia12ia12ia12ia.log,12ia12ia12ia12ia,---,[],"td B3LYP/6-31g(d,p)",-4.74539323108,-0.732802567309,85,1.0686,-1073.8283798,3.6576,0.8
/home/ccollins/allmols/O/opt/m06hf/b3lyp/12fe12fe12fe-12fe.log,12fe12fe12fe-12fe,---,[],"td B3LYP/6-31g(d,p)",-4.74675380028,-1.51159237334,109,5.5139,-1521.9917824,2.9595,1.15
/home/ccollins/allmols/O/opt/m06hf/b3lyp/4ea4ea4ea-4ea-.log,4ea4ea4ea-4ea-,---,[],"td B3LYP/6-31g(d,p)",-5.93480281954,-1.30206471763,105,1.4765,-1230.0161975,4.1637,1.91666666667
/home/ccollins/allmols/O/opt/m06hf/b3lyp/22-22-.log,22-22-,---,[],"td B3LYP/6-31g(d,p)",-5.71765597635,-1.03484892814,29,0.1467,-310.7999148,4.4432,0.0666666666667
/home/ccollins/allmols/O/opt/m06hf/b3lyp/12ai12ai12ai12ai-.log,12ai12ai12ai12ai-,---,[],"td B3LYP/6-31g(d,p)",-4.69559639862,-0.792123384121,85,0.9716,-1073.8318242,3.5705,0.75
/home/ccollins/allmols/O/opt/m06hf/b3lyp/12ae12ae12ae12ae-.log,12ae12ae12ae12ae-,---,[],"td B3LYP/6-31g(d,p)",-5.09070569225,-1.63377148686,93,0.8997,-1221.1301558,3.1734,0.85
/home/ccollins/allmols/O/opt/m06hf/b3lyp/12ee12ee-12ee12ee.log,12ee12ee-12ee12ee,---,[],"td B3LYP/6-31g(d,p)",-5.34077830991,-1.85037410238,117,0.1662,-1525.6970863,3.1243,1.9
/home/ccollins/allmols/O/opt/m06hf/b3lyp/12if12if12if12if-.log,12if12if12if12if-,---,[],"td B3LYP/6-31g(d,p)",-4.75899892301,-0.765456227939,101,1.5798,-1374.6912433,3.6223,1.06666666667
/home/ccollins/allmols/O/opt/m06hf/b3lyp/12ai12ai12ai12ai.log,12ai12ai12ai12ai,---,[],"td B3LYP/6-31g(d,p)",-4.7462095726,-0.732258339632,85,1.0679,-1073.8283741,3.6585,0.766666666667
/home/ccollins/allmols/O/opt/m06hf/b3lyp/12ia12ia-12ia-12ia.log,12ia12ia-12ia-12ia,---,[],"td B3LYP/6-31g(d,p)",-4.64988127374,-0.857430705381,85,0.3512,-1073.835649,3.4667,0.783333333333
/home/ccollins/allmols/O/opt/m06hf/b3lyp/4ff4ff-4ff4ff.log,4ff4ff-4ff4ff,---,[],"td B3LYP/6-31g(d,p)",-5.11138634398,-0.865049892861,113,0.7998,-1527.1972982,3.7207,1.81666666667
/home/ccollins/allmols/O/opt/m06hf/b3lyp/12ea12ea-12ea12ea-.log,12ea12ea-12ea12ea-,---,[],"td B3LYP/6-31g(d,p)",-5.10512772569,-1.63622051141,93,1.0584,-1221.1306429,3.1565,0.9
/home/ccollins/allmols/O/opt/m06hf/b3lyp/12ia12ia12ia-12ia-.log,12ia12ia12ia-12ia-,---,[],"td B3LYP/6-31g(d,p)",-4.66131005496,-0.813076149692,85,0.5430,-1073.8327772,3.5454,0.733333333333
/home/ccollins/allmols/O/opt/m06hf/b3lyp/4fi4fi-4fi4fi.log,4fi4fi-4fi4fi,---,[],"td B3LYP/6-31g(d,p)",-5.42649416906,-0.501505804512,113,4.0362,-1383.5952383,4.3586,2.43333333333
/home/ccollins/allmols/O/opt/m06hf/b3lyp/12fa12fa-.log,12fa12fa-,---,[],"td B3LYP/6-31g(d,p)",-5.05478666555,-0.435654255574,43,1.8106,-609.2975603,4.4616,0.216666666667
/home/ccollins/allmols/O/opt/m06hf/b3lyp/12el12el-12el-12el-.log,12el12el-12el-12el-,---,[],"td B3LYP/6-31g(d,p)",-4.83192543175,-1.22750552586,125,4.4024,-1679.184725,3.2461,2.3
/home/ccollins/allmols/O/opt/m06hf/b3lyp/12aa12aa-12aa12aa.log,12aa12aa-12aa12aa,---,[],"td B3LYP/6-31g(d,p)",-4.81287746305,-1.08791112666,69,0.8011,-916.5507831,3.4713,0.383333333333
/home/ccollins/allmols/O/opt/m06hf/b3lyp/12ii12ii12ii.log,12ii12ii12ii,---,[],"td B3LYP/6-31g(d,p)",-5.00417349158,-0.200820012876,76,1.9971,-923.6287503,4.3773,0.65
/home/ccollins/allmols/O/opt/m06hf/b3lyp/222-2-.log,222-2-,---,[],"td B3LYP/6-31g(d,p)",-5.45833148817,-1.50125204747,29,0.1387,-310.8142291,4.0880,0.05
/home/ccollins/allmols/O/opt/m06hf/b3lyp/12fl.log,12fl,---,[],"td B3LYP/6-31g(d,p)",-5.5805106017,0.822600134042,30,2.6297,-419.7474372,5.9947,0.0833333333333
/home/ccollins/allmols/O/opt/m06hf/b3lyp/4ff4ff4ff.log,4ff4ff4ff,---,[],"td B3LYP/6-31g(d,p)",-5.01124845138,-0.698244109809,85,0.9842,-1145.6870809,3.8228,0.666666666667
/home/ccollins/allmols/O/opt/m06hf/b3lyp/4fe4fe.log,4fe4fe,---,[],"td B3LYP/6-31g(d,p)",-5.67602255904,-0.79810988857,61,3.0229,-766.046075,4.3436,0.433333333333
/home/ccollins/allmols/O/opt/m06hf/b3lyp/4ai4ai-4ai4ai.log,4ai4ai-4ai4ai,---,[],"td B3LYP/6-31g(d,p)",-5.81997077965,-0.660692400084,97,1.1393,-1082.7175277,4.6439,1.73333333333
/home/ccollins/allmols/O/opt/m06hf/b3lyp/1111-11-11.log,1111-11-11,---,[],"td B3LYP/6-31g(d,p)",-6.99985638376,-3.5184319329,29,0.5188,-454.4437055,2.0864,0.0333333333333
/home/ccollins/allmols/O/opt/m06hf/b3lyp/12li12li-12li12li-.log,12li12li-12li12li-,---,[],"td B3LYP/6-31g(d,p)",-4.49695329645,-0.81144346666,117,1.9900,-1531.9023913,3.3761,1.75
/home/ccollins/allmols/O/opt/m06hf/b3lyp/4ef4ef4ef4ef.log,4ef4ef4ef4ef,---,[],"td B3LYP/6-31g(d,p)",-5.47792368455,-1.1502251957,121,4.7068,-1530.891351,3.8550,2.16666666667
/home/ccollins/allmols/O/opt/m06hf/b3lyp/12fe12fe-12fe-12fe-.log,12fe12fe-12fe-12fe-,---,[],"td B3LYP/6-31g(d,p)",-4.89832120837,-1.62560807171,109,0.2672,-1521.9989477,2.9541,1.18333333333
/home/ccollins/allmols/O/opt/m06hf/b3lyp/12la.log,12la,---,[],"td B3LYP/6-31g(d,p)",-5.72990109908,0.754843788235,26,0.9915,-344.5459211,6.0901,0.0333333333333
/home/ccollins/allmols/O/opt/m06hf/b3lyp/4ie.log,4ie,---,[],"td B3LYP/6-31g(d,p)",-6.13371803554,-0.598650444887,31,1.1198,-347.7236673,5.0500,0.0666666666667
/home/ccollins/allmols/O/opt/m06hf/b3lyp/12fi12fi12fi12fi.log,12fi12fi12fi12fi,---,[],"td 6-31g(d,p) B3LYP",-4.49042256433,-0.512662471894,101,4.4373,-1374.6750669,3.5914,1.05
/home/ccollins/allmols/O/opt/m06hf/b3lyp/12ei12ei12ei.log,12ei12ei12ei,---,[],"td B3LYP/6-31g(d,p)",-5.33451969162,-1.02369226076,82,1.2856,-1034.1050049,3.9127,0.766666666667
/home/ccollins/allmols/O/opt/m06hf/b3lyp/12el12el12el-12el.log,12el12el12el-12el,---,[],"td B3LYP/6-31g(d,p)",-4.94675747164,-1.47757814352,125,2.1877,-1679.1858485,3.1335,2.23333333333
/home/ccollins/allmols/O/opt/m06hf/b3lyp/4ie4ie-4ie-4ie.log,4ie4ie-4ie-4ie,---,[],"td B3LYP/6-31g(d,p)",-5.98351119664,-0.92681973422,121,3.0898,-1387.292421,4.5301,1.95
/home/ccollins/allmols/O/opt/m06hf/b3lyp/4af4af-.log,4af4af-,---,[],"td B3LYP/6-31g(d,p)",-5.64881117518,-0.466403119335,49,1.3244,-613.7584737,4.6249,0.216666666667
/home/ccollins/allmols/O/opt/m06hf/b3lyp/4ae4ae4ae.log,4ae4ae4ae,---,[],"td B3LYP/6-31g(d,p)",-6.02868209385,-1.20791332948,79,1.2360,-922.8115745,4.3734,0.85
/home/ccollins/allmols/O/opt/m06hf/b3lyp/12ea12ea-12ea12ea.log,12ea12ea-12ea12ea,---,[],"td B3LYP/6-31g(d,p)",-5.10431138418,-1.63649262525,93,1.0737,-1221.1304483,3.1765,0.983333333333
/home/ccollins/allmols/O/opt/m06hf/b3lyp/12ll12ll12ll.log,12ll12ll12ll,---,[],"td B3LYP/6-31g(d,p)",-4.98947934429,-0.208983428033,100,4.5722,-1374.7981417,4.3001,1.13333333333
/home/ccollins/allmols/O/opt/m06hf/b3lyp/12ie12ie-12ie12ie.log,12ie12ie-12ie12ie,---,[],"td B3LYP/6-31g(d,p)",-4.94539690244,-1.37526334021,109,1.4297,-1378.4159885,3.2226,1.76666666667
/home/ccollins/allmols/O/opt/m06hf/b3lyp/22-22.log,22-22,---,[],"td B3LYP/6-31g(d,p)",-5.66132841176,-1.27675813064,29,0.1124,-310.8074207,4.2899,0.0666666666667
/home/ccollins/allmols/O/opt/m06hf/b3lyp/4ei4ei-4ei-4ei-.log,4ei4ei-4ei-4ei-,---,[],"td B3LYP/6-31g(d,p)",-5.97861314755,-0.946411930598,121,3.0532,-1387.2924101,4.5152,1.93333333333
/home/ccollins/allmols/O/opt/m06hf/b3lyp/4ef4ef-.log,4ef4ef-,---,[],"td B3LYP/6-31g(d,p)",-5.69207727552,-0.638923292997,61,1.9524,-766.0454732,4.4393,0.366666666667
/home/ccollins/allmols/O/opt/m06hf/b3lyp/12ia12ia.log,12ia12ia,---,[],"td B3LYP/6-31g(d,p)",-5.25560667843,-0.187486434785,43,1.3258,-537.5080036,4.8250,0.133333333333
/home/ccollins/allmols/O/opt/m06hf/b3lyp/12ff12ff12ff12ff-.log,12ff12ff12ff12ff-,---,[],"td B3LYP/6-31g(d,p)",-4.40144133911,-0.973623314457,101,4.7813,-1518.2757831,3.2144,0.716666666667
/home/ccollins/allmols/O/opt/m06hf/b3lyp/12il12il12il12il.log,12il12il12il12il,---,[],"td B3LYP/6-31g(d,p)",-4.77151615959,-0.681917279494,117,2.1158,-1531.8899301,3.6909,2.05
/home/ccollins/allmols/O/opt/m06hf/b3lyp/4el.log,4el,---,[],"td B3LYP/6-31g(d,p)",-5.74432313253,-0.366537340574,35,2.0021,-422.9284822,4.8698,0.0833333333333
/home/ccollins/allmols/O/opt/m06hf/b3lyp/12ll12ll-12ll-12ll.log,12ll12ll-12ll-12ll,---,[],"td B3LYP/6-31g(d,p)",-4.73205965299,-0.751578422172,133,2.0938,-1832.6714119,3.5901,1.61666666667
/home/ccollins/allmols/O/opt/m06hf/b3lyp/12ea12ea12ea-12ea.log,12ea12ea12ea-12ea,---,[],"td B3LYP/6-31g(d,p)",-5.08635187083,-1.61363506281,93,0.9335,-1221.1301274,3.1672,1.05
/home/ccollins/allmols/O/opt/m06hf/b3lyp/12ef12ef12ef12ef.log,12ef12ef12ef12ef,---,[],"td B3LYP/6-31g(d,p)",-4.84008884691,-1.5339057081,109,2.3291,-1521.9958924,3.0054,1.3
/home/ccollins/allmols/O/opt/m06hf/b3lyp/4af.log,4af,---,[],"td B3LYP/6-31g(d,p)",-5.95956517885,0.0413613034649,25,1.3364,-307.4782158,5.2331,0.0333333333333
/home/ccollins/allmols/O/opt/m06hf/b3lyp/12af12af-12af-12af-.log,12af12af-12af-12af-,---,[],"td B3LYP/6-31g(d,p)",-4.39409426547,-0.972534859102,85,5.2164,-1217.406284,3.1744,0.5
/home/ccollins/allmols/O/opt/m06hf/b3lyp/12ae12ae12ae12ae.log,12ae12ae12ae12ae,---,[],"td B3LYP/6-31g(d,p)",-5.07900479719,-1.61635620119,93,0.6178,-1221.1300157,3.1850,0.916666666667
/home/ccollins/allmols/O/opt/m06hf/b3lyp/12fe12fe12fe12fe-.log,12fe12fe12fe12fe-,---,[],"td B3LYP/6-31g(d,p)",-4.84063307459,-1.55894018125,109,4.4596,-1521.9908298,2.9658,1.2
/home/ccollins/allmols/O/opt/m06hf/b3lyp/12ll12ll12ll-12ll-.log,12ll12ll12ll-12ll-,---,[],"td B3LYP/6-31g(d,p)",-4.63518712646,-0.418783197582,133,4.0481,-1832.670004,3.8200,1.88333333333
/home/ccollins/allmols/O/opt/m06hf/b3lyp/12aa12aa-12aa-12aa-.log,12aa12aa-12aa-12aa-,---,[],"td B3LYP/6-31g(d,p)",-4.78566607919,-1.06831893028,69,0.7188,-916.5477856,3.4549,0.383333333333
/home/ccollins/allmols/O/opt/m06hf/b3lyp/12al.log,12al,---,[],"td B3LYP/6-31g(d,p)",-5.56119051916,0.653345326442,26,1.9098,-344.5435688,5.8908,0.05
/home/ccollins/allmols/O/opt/m06hf/b3lyp/4fa4fa4fa-4fa.log,4fa4fa4fa-4fa,---,[],"td B3LYP/6-31g(d,p)",-5.50241393003,-0.942874450697,97,3.7787,-1226.3242008,4.0353,1.18333333333
/home/ccollins/allmols/O/opt/m06hf/b3lyp/111111.log,111111,---,[],"td B3LYP/6-31g(d,p)",-7.10761346384,-3.86129536952,22,3.6538,-341.1204804,1.7572,0.0166666666667
/home/ccollins/allmols/O/opt/m06hf/b3lyp/12le12le12le12le.log,12le12le12le12le,---,[],"td 6-31g(d,p) B3LYP",-5.27465464713,-1.15974918005,125,4.6478,-1679.1818246,3.6187,2.03333333333
/home/ccollins/allmols/O/opt/m06hf/b3lyp/12fi12fi-12fi-12fi-.log,12fi12fi-12fi-12fi-,---,[],"td B3LYP/6-31g(d,p)",-4.75899892301,-0.765456227939,101,1.5798,-1374.6912433,3.6223,1.06666666667
/home/ccollins/allmols/O/opt/m06hf/b3lyp/12af12af-.log,12af12af-,---,[],"td B3LYP/6-31g(d,p)",-5.05478666555,-0.435654255574,43,1.8106,-609.2975602,4.4616,0.116666666667
/home/ccollins/allmols/O/opt/m06hf/b3lyp/4ae4ae-4ae4ae-.log,4ae4ae-4ae4ae-,---,[],"td B3LYP/6-31g(d,p)",-5.91765964771,-1.30587431137,105,1.5825,-1230.0165242,4.1369,1.91666666667
/home/ccollins/allmols/O/opt/m06hf/b3lyp/12aa12aa-12aa12aa-.log,12aa12aa-12aa12aa-,---,[],"td B3LYP/6-31g(d,p)",-4.83818405004,-1.10695909536,69,0.0000,-916.553419,3.4713,0.416666666667
/home/ccollins/allmols/O/opt/m06hf/b3lyp/4ae4ae-4ae.log,4ae4ae-4ae,---,[],"td B3LYP/6-31g(d,p)",-5.99602843322,-1.20437584958,79,1.2521,-922.8118956,4.3159,0.833333333333
/home/ccollins/allmols/O/opt/m06hf/b3lyp/12ie12ie-12ie12ie-.log,12ie12ie-12ie12ie-,---,[],"td B3LYP/6-31g(d,p)",-4.91355958333,-1.39349496739,109,1.5409,-1378.4188831,3.1664,1.7
/home/ccollins/allmols/O/opt/m06hf/b3lyp/12if12if12if-12if.log,12if12if12if-12if,---,[],"td B3LYP/6-31g(d,p)",-4.47137459563,-0.8152530604,101,1.5093,-1374.6905561,3.3578,1.11666666667
/home/ccollins/allmols/O/opt/m06hf/b3lyp/4la4la-.log,4la4la-,---,[],"td B3LYP/6-31g(d,p)",-5.56799336512,-0.374156528054,57,1.3409,-692.3672903,4.6185,0.433333333333
/home/ccollins/allmols/O/opt/m06hf/b3lyp/12el12el-12el12el-.log,12el12el-12el12el-,---,[],"td B3LYP/6-31g(d,p)",-4.90539616817,-1.49689822606,125,2.0409,-1679.189989,3.0720,2.25
/home/ccollins/allmols/O/opt/m06hf/b3lyp/4ia4ia4ia4ia-.log,4ia4ia4ia4ia-,---,[],"td B3LYP/6-31g(d,p)",-5.83874663452,-0.637834837643,97,1.1178,-1082.7172676,4.6854,1.88333333333
/home/ccollins/allmols/O/opt/m06hf/b3lyp/12fe12fe-12fe-12fe.log,12fe12fe-12fe-12fe,---,[],"td B3LYP/6-31g(d,p)",-4.82838795185,-1.47703391584,109,3.2795,-1521.9944258,3.0019,1.36666666667
/home/ccollins/allmols/O/opt/m06hf/b3lyp/12lf12lf-12lf12lf.log,12lf12lf-12lf12lf,---,[],"td B3LYP/6-31g(d,p)",-4.32797060269,-0.779061919869,117,2.4694,-1675.4764927,3.2773,1.61666666667
/home/ccollins/allmols/O/opt/m06hf/b3lyp/4fi4fi4fi4fi.log,4fi4fi4fi4fi,---,[],"td 6-31g(d,p) B3LYP",-5.30322660018,-0.648991505025,113,6.1067,-1383.5881709,4.1486,2.0
/home/ccollins/allmols/O/opt/m06hf/b3lyp/12ll.log,12ll,---,[],"td B3LYP/6-31g(d,p)",-5.49751588093,0.92301014048,34,2.4837,-459.0587299,6.0752,0.0833333333333
/home/ccollins/allmols/O/opt/m06hf/b3lyp/12ff12ff-.log,12ff12ff-,---,[],"td B3LYP/6-31g(d,p)",-4.99601007642,-0.33660481833,51,0.0002,-759.7263517,4.5500,0.116666666667
/home/ccollins/allmols/O/opt/m06hf/b3lyp/4ia4ia-4ia4ia-.log,4ia4ia-4ia4ia-,---,[],"td B3LYP/6-31g(d,p)",-5.83520915461,-0.648447277348,97,1.1458,-1082.7174781,4.6675,1.95
/home/ccollins/allmols/O/opt/m06hf/b3lyp/4aa4aa-4aa.log,4aa4aa-4aa,---,[],"td B3LYP/6-31g(d,p)",-5.87303297818,-0.867771031247,61,0.0000,-694.3849129,4.5990,0.416666666667
/home/ccollins/allmols/O/opt/m06hf/b3lyp/4lf.log,4lf,---,[],"td B3LYP/6-31g(d,p)",-5.33560814697,0.0253065869884,33,2.4788,-422.0003782,4.7854,0.133333333333
/home/ccollins/allmols/O/opt/m06hf/b3lyp/12li.log,12li,---,[],"td B3LYP/6-31g(d,p)",-5.6341170279,0.946684044437,30,1.0497,-383.8681806,6.2013,0.0666666666667
/home/ccollins/allmols/O/opt/m06hf/b3lyp/12aa.log,12aa,---,[],"td B3LYP/6-31g(d,p)",-6.15058909353,0.62885508097,18,0.5553,-230.0267955,6.6438,0.0166666666667
/home/ccollins/allmols/O/opt/m06hf/b3lyp/4fi4fi4fi4fi-.log,4fi4fi4fi4fi-,---,[],"td B3LYP/6-31g(d,p)",-5.49724376709,-0.680556710301,113,3.3108,-1383.5968296,4.3449,2.16666666667
/home/ccollins/allmols/O/opt/m06hf/b3lyp/4ff4ff4ff-4ff-.log,4ff4ff4ff-4ff-,---,[],"td B3LYP/6-31g(d,p)",-5.26621911813,-0.991582827803,113,1.7257,-1527.1988773,3.7590,1.53333333333
/home/ccollins/allmols/O/opt/m06hf/b3lyp/4ae4ae4ae4ae-.log,4ae4ae4ae4ae-,---,[],"td B3LYP/6-31g(d,p)",-5.94106143782,-1.30097626227,105,1.6531,-1230.0160352,4.1832,1.93333333333
/home/ccollins/allmols/O/opt/m06hf/b3lyp/4fi4fi-4fi-4fi.log,4fi4fi-4fi-4fi,---,[],"td B3LYP/6-31g(d,p)",-5.45016807302,-0.580418817702,113,1.9486,-1383.5994311,4.2664,2.53333333333
/home/ccollins/allmols/O/opt/m06hf/b3lyp/12ee12ee12ee.log,12ee12ee12ee,---,[],"td B3LYP/6-31g(d,p)",-5.6411919877,-1.52900765901,88,0.2505,-1144.5657138,3.7089,0.883333333333
/home/ccollins/allmols/O/opt/m06hf/b3lyp/4aa4aa-4aa4aa-.log,4aa4aa-4aa4aa-,---,[],"td B3LYP/6-31g(d,p)",-5.78160272841,-0.978521363551,81,0.0000,-925.448157,4.3594,0.866666666667
/home/ccollins/allmols/O/opt/m06hf/b3lyp/12ef12ef-.log,12ef12ef-,---,[],"td B3LYP/6-31g(d,p)",-5.35084652193,-1.09607454182,55,1.4117,-761.5902682,4.0418,0.2
/home/ccollins/allmols/O/opt/m06hf/b3lyp/4ai4ai-4ai.log,4ai4ai-4ai,---,[],"td B3LYP/6-31g(d,p)",-5.94541525924,-0.503682715221,73,0.8727,-812.3376196,4.9262,0.733333333333
/home/ccollins/allmols/O/opt/m06hf/b3lyp/4ai4ai4ai4ai.log,4ai4ai4ai4ai,---,[],"td B3LYP/6-31g(d,p)",-5.87657045808,-0.587765891343,97,1.1543,-1082.7169884,4.7622,1.7
/home/ccollins/allmols/O/opt/m06hf/b3lyp/12al12al-12al12al-.log,12al12al-12al12al-,---,[],"td B3LYP/6-31g(d,p)",-4.29341214519,-0.823688589397,101,3.8963,-1374.6170722,3.1856,0.933333333333
/home/ccollins/allmols/O/opt/m06hf/b3lyp/12le12le-.log,12le12le-,---,[],"td B3LYP/6-31g(d,p)",-5.04907227494,-0.769537935518,63,2.0620,-840.1898788,4.0217,0.266666666667
/home/ccollins/allmols/O/opt/m06hf/b3lyp/12aa12aa-.log,12aa12aa-,---,[],"td B3LYP/6-31g(d,p)",-5.33424757778,-0.444634012248,35,0.0001,-458.8684268,4.7497,0.0666666666667
/home/ccollins/allmols/O/opt/m06hf/b3lyp/12la12la-12la-12la-.log,12la12la-12la-12la-,---,[],"td B3LYP/6-31g(d,p)",-4.12742270366,-0.777429236837,101,4.9523,-1374.6222407,3.1147,0.883333333333
/home/ccollins/allmols/O/opt/m06hf/b3lyp/4ei4ei4ei.log,4ei4ei4ei,---,[],"td B3LYP/6-31g(d,p)",-6.00337550686,-0.897703553492,91,2.1049,-1040.7693717,4.5368,1.75
/home/ccollins/allmols/O/opt/m06hf/b3lyp/12if.log,12if,---,[],"td B3LYP/6-31g(d,p)",-5.65588613499,0.905594854811,26,0.9528,-344.5607554,6.1191,0.05
/home/ccollins/allmols/O/opt/m06hf/b3lyp/4fe4fe-4fe4fe.log,4fe4fe-4fe4fe,---,[],"td B3LYP/6-31g(d,p)",-5.52663206166,-1.00437217822,121,1.9417,-1530.8944499,3.9761,2.68333333333
/home/ccollins/allmols/O/opt/m06hf/b3lyp/4if4if-4if4if.log,4if4if-4if4if,---,[],"td B3LYP/6-31g(d,p)",-5.53969352591,-0.581779386895,113,3.6772,-1383.5950749,4.3498,2.35
/home/ccollins/allmols/O/opt/m06hf/b3lyp/4fe4fe4fe-4fe-.log,4fe4fe4fe-4fe-,---,[],"td B3LYP/6-31g(d,p)",-5.63030743416,-1.36709992505,121,3.7377,-1530.8990572,3.8038,2.65
/home/ccollins/allmols/O/opt/m06hf/b3lyp/4ai4ai-4ai-4ai.log,4ai4ai-4ai-4ai,---,[],"td B3LYP/6-31g(d,p)",-5.89752322365,-0.564091987387,97,1.1968,-1082.7169745,4.7996,1.81666666667
/home/ccollins/allmols/O/opt/m06hf/b3lyp/12lf12lf-12lf-12lf-.log,12lf12lf-12lf-12lf-,---,[],"td B3LYP/6-31g(d,p)",-4.51028687454,-0.85960761609,117,1.9298,-1675.4694088,3.3590,1.8
/home/ccollins/allmols/O/opt/m06hf/b3lyp/12fi12fi12fi-12fi.log,12fi12fi12fi-12fi,---,[],"td B3LYP/6-31g(d,p)",-4.29722173893,-0.693890288392,101,6.4569,-1374.6900878,3.3255,1.11666666667
/home/ccollins/allmols/O/opt/m06hf/b3lyp/4fi4fi-4fi-4fi-.log,4fi4fi-4fi-4fi-,---,[],"td 6-31g(d,p) B3LYP",-5.62785840961,-0.779606147546,113,2.7903,-1383.6041343,4.3569,2.5
/home/ccollins/allmols/O/opt/m06hf/b3lyp/4fe.log,4fe,---,[],"td B3LYP/6-31g(d,p)",-5.82840630865,-0.387490106145,31,1.7172,-383.6236102,4.8803,0.05
/home/ccollins/allmols/O/opt/m06hf/b3lyp/4fi4fi-4fi.log,4fi4fi-4fi,---,[],"td B3LYP/6-31g(d,p)",-5.53506759066,-0.42504181587,85,2.4646,-1037.9984506,4.4718,1.11666666667
/home/ccollins/allmols/O/opt/m06hf/b3lyp/12le12le12le-12le-.log,12le12le12le-12le-,---,[],"td B3LYP/6-31g(d,p)",-4.74539323108,-1.27376487842,125,3.8560,-1679.1851961,3.1380,2.21666666667
/home/ccollins/allmols/O/opt/m06hf/b3lyp/12fi12fi.log,12fi12fi,---,[],"td 6-31g(d,p) B3LYP",-5.23111643296,-0.132247325552,51,2.1659,-687.9331622,4.7408,0.233333333333
/home/ccollins/allmols/O/opt/m06hf/b3lyp/4ai4ai4ai4ai-.log,4ai4ai4ai4ai-,---,[],"td B3LYP/6-31g(d,p)",-5.8499033019,-0.6269502841,97,1.2530,-1082.7170968,4.7047,1.76666666667
/home/ccollins/allmols/O/opt/m06hf/b3lyp/12if12if-12if12if-.log,12if12if-12if12if-,---,[],"td B3LYP/6-31g(d,p)",-4.34157629462,-0.86913160044,101,4.0646,-1374.6989831,3.2089,1.1
/home/ccollins/allmols/O/opt/m06hf/b3lyp/12ei12ei-12ei.log,12ei12ei-12ei,---,[],"td 6-31g(d,p) B3LYP",-5.04743959191,-1.23185934727,82,1.2967,-1034.1106452,3.5039,0.716666666667
/home/ccollins/allmols/O/opt/m06hf/b3lyp/4fe4fe4fe4fe.log,4fe4fe4fe4fe,---,[],"td B3LYP/6-31g(d,p)",-5.47792368455,-1.15049730954,121,4.7062,-1530.8913506,3.8548,2.31666666667
/home/ccollins/allmols/O/opt/m06hf/b3lyp/12ee12ee12ee12ee-.log,12ee12ee12ee12ee-,---,[],"td B3LYP/6-31g(d,p)",-5.43139221815,-1.77010051999,117,0.1984,-1525.6941387,3.2535,1.83333333333
/home/ccollins/allmols/O/opt/m06hf/b3lyp/4aa4aa4aa-4aa.log,4aa4aa4aa-4aa,---,[],"td B3LYP/6-31g(d,p)",-5.74758849859,-1.00165103983,81,0.0012,-925.4483851,4.3133,0.716666666667
/home/ccollins/allmols/O/opt/m06hf/b3lyp/4ea.log,4ea,---,[],"td B3LYP/6-31g(d,p)",-6.34134089438,-0.715115167801,27,0.6411,-308.4028966,5.1215,0.05
/home/ccollins/allmols/O/opt/m06hf/b3lyp/4fa4fa4fa-4fa-.log,4fa4fa4fa-4fa-,---,[],"td B3LYP/6-31g(d,p)",-5.72445882231,-1.10831966456,97,2.8848,-1226.3275859,4.1020,1.15
/home/ccollins/allmols/O/opt/m06hf/b3lyp/12el12el12el-12el-.log,12el12el12el-12el-,---,[],"td B3LYP/6-31g(d,p)",-4.94539690244,-1.39131805668,125,2.9580,-1679.1868374,3.2227,2.46666666667
/home/ccollins/allmols/O/opt/m06hf/b3lyp/4if4if4if4if-.log,4if4if4if4if-,---,[],"td B3LYP/6-31g(d,p)",-5.38186749953,-0.473205965299,113,4.0422,-1383.5897963,4.3702,2.2
/home/ccollins/allmols/O/opt/m06hf/b3lyp/4ai4ai-4ai-4ai-.log,4ai4ai-4ai-4ai-,---,[],"td B3LYP/6-31g(d,p)",-5.83820240684,-0.638651179159,97,1.1172,-1082.7172695,4.6844,1.8
/home/ccollins/allmols/O/opt/m06hf/b3lyp/12fa12fa12fa12fa.log,12fa12fa12fa12fa,---,[],"td B3LYP/6-31g(d,p)",-4.2074241722,-0.796205091699,85,5.9492,-1217.3976476,3.1807,0.616666666667
/home/ccollins/allmols/O/opt/m06hf/b3lyp/12la12la12la12la-.log,12la12la12la12la-,---,[],"td B3LYP/6-31g(d,p)",-4.35110027897,-0.730897770439,101,2.7665,-1374.6001442,3.2796,0.95
/home/ccollins/allmols/O/opt/m06hf/b3lyp/12af12af12af12af.log,12af12af12af12af,---,[],"td B3LYP/6-31g(d,p)",-4.99437739339,-0.909676562389,85,3.1505,-1217.3968768,3.6831,0.55
/home/ccollins/allmols/O/opt/m06hf/b3lyp/12ai12ai-12ai-12ai-.log,12ai12ai-12ai-12ai-,---,[],"td B3LYP/6-31g(d,p)",-4.67899745447,-0.794844522507,85,1.3007,-1073.8323966,3.5502,0.766666666667
/home/ccollins/allmols/O/opt/m06hf/b3lyp/11.log,11,---,[],"td B3LYP/6-31g(d,p)",-7.26407892102,-1.10913600607,8,2.1735,-114.5027976,4.0822,0.0
/home/ccollins/allmols/O/opt/m06hf/b3lyp/12ff.log,12ff,---,[],"td B3LYP/6-31g(d,p)",-5.67194085146,0.886002658432,26,2.6772,-380.4507671,5.7733,0.0333333333333
/home/ccollins/allmols/O/opt/m06hf/b3lyp/12ei12ei-12ei12ei.log,12ei12ei-12ei12ei,---,[],"td B3LYP/6-31g(d,p)",-4.9619958466,-1.35893650989,109,1.6854,-1378.4167345,3.2585,1.63333333333
/home/ccollins/allmols/O/opt/m06hf/b3lyp/4ia4ia-4ia4ia.log,4ia4ia-4ia4ia,---,[],"td B3LYP/6-31g(d,p)",-5.83520915461,-0.641372317545,97,1.2293,-1082.7173075,4.6789,1.76666666667
/home/ccollins/allmols/O/opt/m06hf/b3lyp/12ei12ei-12ei12ei-.log,12ei12ei-12ei12ei-,---,[],"td 6-31g(d,p) B3LYP",-4.89750486685,-1.41526407448,109,1.5797,-1378.4189187,3.1363,1.68333333333
/home/ccollins/allmols/O/opt/m06hf/b3lyp/12fi12fi12fi-12fi-.log,12fi12fi12fi-12fi-,---,[],"td B3LYP/6-31g(d,p)",-4.58076435874,-0.804640620696,101,3.4137,-1374.6906863,3.4652,1.11666666667
/home/ccollins/allmols/O/opt/m06hf/b3lyp/4af4af-4af4af.log,4af4af-4af4af,---,[],"td B3LYP/6-31g(d,p)",-5.50241393003,-0.942874450697,97,3.7787,-1226.3242008,4.0353,1.15
/home/ccollins/allmols/O/opt/m06hf/b3lyp/4af4af-4af-4af-.log,4af4af-4af-4af-,---,[],"td B3LYP/6-31g(d,p)",-5.41805864006,-0.904234285618,97,4.0431,-1226.3270922,3.9960,1.31666666667
/home/ccollins/allmols/O/opt/m06hf/b3lyp/2222-.log,2222-,---,[],"td B3LYP/6-31g(d,p)",-5.45261709756,-1.48683001403,29,0.1141,-310.8140241,4.1328,0.05
/home/ccollins/allmols/O/opt/m06hf/b3lyp/12le12le12le-12le.log,12le12le12le-12le,---,[],"td B3LYP/6-31g(d,p)",-4.92063454313,-1.46587724846,125,2.5115,-1679.187435,3.1321,2.2
/home/ccollins/allmols/O/opt/m06hf/b3lyp/12ae12ae-12ae-12ae.log,12ae12ae-12ae-12ae,---,[],"td B3LYP/6-31g(d,p)",-5.09859699357,-1.63730896677,93,0.9264,-1221.1298798,3.1368,0.983333333333
/home/ccollins/allmols/O/opt/m06hf/b3lyp/4ei4ei-4ei4ei.log,4ei4ei-4ei4ei,---,[],"td B3LYP/6-31g(d,p)",-5.98323908281,-0.932262010992,121,3.0912,-1387.292417,4.5294,1.96666666667
/home/ccollins/allmols/O/opt/m06hf/b3lyp/12ii12ii12ii-12ii-.log,12ii12ii12ii-12ii-,---,[],"td B3LYP/6-31g(d,p)",-4.65695623354,-0.496335641579,101,1.0293,-1231.1138005,3.7831,1.48333333333
/home/ccollins/allmols/O/opt/m06hf/b3lyp/12il12il-.log,12il12il-,---,[],"td B3LYP/6-31g(d,p)",-4.9810438153,-0.194561394588,59,1.4937,-766.5453174,4.5805,0.333333333333
/home/ccollins/allmols/O/opt/m06hf/b3lyp/12ee.log,12ee,---,[],"td B3LYP/6-31g(d,p)",-6.31657853507,-0.342591322778,30,0.2013,-382.3164515,5.3339,0.05
/home/ccollins/allmols/O/opt/m06hf/b3lyp/222-.log,222-,---,[],"td B3LYP/6-31g(d,p)",-5.87847525495,-0.979337705067,22,0.1599,-233.4040617,4.9487,0.0666666666667
/home/ccollins/allmols/O/opt/m06hf/b3lyp/4ei4ei-4ei4ei-.log,4ei4ei-4ei4ei-,---,[],"td B3LYP/6-31g(d,p)",-5.98922558725,-0.885730544594,121,3.3101,-1387.2922185,4.5485,1.93333333333
/home/ccollins/allmols/O/opt/m06hf/b3lyp/12ee12ee-.log,12ee12ee-,---,[],"td B3LYP/6-31g(d,p)",-5.64853906135,-1.47404066361,59,0.0001,-763.4446517,3.9500,0.25
/home/ccollins/allmols/O/opt/m06hf/b3lyp/4ef4ef4ef-4ef.log,4ef4ef4ef-4ef,---,[],"td B3LYP/6-31g(d,p)",-5.52255035408,-0.991038600126,121,3.7365,-1530.8943915,3.9825,2.7
/home/ccollins/allmols/O/opt/m06hf/b3lyp/4ef4ef-4ef.log,4ef4ef-4ef,---,[],"td 6-31g(d,p) B3LYP",-5.62758629577,-0.982058843453,91,1.8342,-1148.4717817,4.0419,1.15
/home/ccollins/allmols/O/opt/m06hf/b3lyp/4ei4ei4ei4ei-.log,4ei4ei4ei4ei-,---,[],"td B3LYP/6-31g(d,p)",-5.98677656271,-0.888179569141,121,3.0073,-1387.2920991,4.5746,1.95
/home/ccollins/allmols/O/opt/m06hf/b3lyp/12la12la12la-12la-.log,12la12la12la-12la-,---,[],"td B3LYP/6-31g(d,p)",-4.28905832378,-0.816341515755,101,4.1204,-1374.6198416,3.2315,0.966666666667
/home/ccollins/allmols/O/opt/m06hf/b3lyp/12ef12ef-12ef.log,12ef12ef-12ef,---,[],"td B3LYP/6-31g(d,p)",-4.9451247886,-1.34968463938,82,2.2140,-1141.7911066,3.2728,0.616666666667
/home/ccollins/allmols/O/opt/m06hf/b3lyp/4ff4ff-4ff.log,4ff4ff-4ff,---,[],"td B3LYP/6-31g(d,p)",-5.207442529,-0.76926582168,85,0.0003,-1145.701075,3.8788,0.916666666667
/home/ccollins/allmols/O/opt/m06hf/b3lyp/12ie12ie12ie12ie.log,12ie12ie12ie12ie,---,[],"td B3LYP/6-31g(d,p)",-5.2335654575,-1.15131365105,109,1.2277,-1378.40993,3.6351,1.76666666667
/home/ccollins/allmols/O/opt/m06hf/b3lyp/12li12li12li12li.log,12li12li12li12li,---,[],"td B3LYP/6-31g(d,p)",-4.46021792825,-0.872124852665,117,1.2272,-1531.9025771,3.2961,1.73333333333
/home/ccollins/allmols/O/opt/m06hf/b3lyp/4ai4ai4ai-4ai-.log,4ai4ai4ai-4ai-,---,[],"td B3LYP/6-31g(d,p)",-5.87820314111,-0.58640532215,97,1.1415,-1082.7170883,4.7639,1.7
/home/ccollins/allmols/O/opt/m06hf/b3lyp/4ai4ai4ai.log,4ai4ai4ai,---,[],"td B3LYP/6-31g(d,p)",-5.93561916105,-0.525996049985,73,0.9255,-812.3375919,4.8933,0.816666666667
/home/ccollins/allmols/O/opt/m06hf/b3lyp/12ai12ai.log,12ai12ai,---,[],"td B3LYP/6-31g(d,p)",-5.25587879227,-0.187486434785,43,1.3258,-537.5080027,4.8251,0.133333333333
/home/ccollins/allmols/O/opt/m06hf/b3lyp/4ef.log,4ef,---,[],"td B3LYP/6-31g(d,p)",-5.82840630865,-0.387490106145,31,1.7171,-383.6236091,4.8803,0.05
/home/ccollins/allmols/O/opt/m06hf/b3lyp/12ef12ef12ef-12ef.log,12ef12ef12ef-12ef,---,[],"td B3LYP/6-31g(d,p)",-4.81287746305,-1.56655936873,109,2.1724,-1521.9958051,2.9341,1.3
/home/ccollins/allmols/O/opt/m06hf/b3lyp/12la12la-12la-12la.log,12la12la-12la-12la,---,[],"td B3LYP/6-31g(d,p)",-4.28579295771,-0.877567129436,101,2.8736,-1374.6190772,3.1371,1.05
/home/ccollins/allmols/O/opt/m06hf/b3lyp/12fl12fl12fl12fl-.log,12fl12fl12fl12fl-,---,[],"td B3LYP/6-31g(d,p)",-4.46021792825,-0.943418678374,117,5.1558,-1675.4816257,3.2446,1.73333333333
/home/ccollins/allmols/O/opt/m06hf/b3lyp/12ie12ie12ie-12ie-.log,12ie12ie12ie-12ie-,---,[],"td B3LYP/6-31g(d,p)",-5.04499056736,-1.28818691186,109,1.4021,-1378.4135327,3.3961,1.88333333333
/home/ccollins/allmols/O/opt/m06hf/b3lyp/12ai12ai12ai-12ai-.log,12ai12ai12ai-12ai-,---,[],"td B3LYP/6-31g(d,p)",-4.66131005496,-0.813076149692,85,0.5425,-1073.8327772,3.5454,0.75
/home/ccollins/allmols/O/opt/m06hf/b3lyp/22-2-2-.log,22-2-2-,---,[],"td B3LYP/6-31g(d,p)",-5.45234498373,-1.48764635554,29,0.1140,-310.8140343,4.1321,0.05
/home/ccollins/allmols/O/opt/m06hf/b3lyp/4ae.log,4ae,---,[],"td B3LYP/6-31g(d,p)",-6.34134089438,-0.715115167801,27,0.6411,-308.4028957,5.1215,0.05
/home/ccollins/allmols/O/opt/m06hf/b3lyp/4ea4ea4ea-4ea.log,4ea4ea4ea-4ea,---,[],"td B3LYP/6-31g(d,p)",-5.92092501377,-1.30206471763,105,1.7177,-1230.0163511,4.1459,1.91666666667
/home/ccollins/allmols/O/opt/m06hf/b3lyp/4ef4ef-4ef-4ef-.log,4ef4ef-4ef-4ef-,---,[],"td B3LYP/6-31g(d,p)",-5.49425051487,-1.18995381613,121,5.7001,-1530.8976974,3.8038,2.38333333333
/home/ccollins/allmols/O/opt/m06hf/b3lyp/4ee4ee4ee.log,4ee4ee4ee,---,[],"td B3LYP/6-31g(d,p)",-6.04310412729,-1.60710433068,97,0.2223,-1151.2393466,4.0124,1.36666666667
/home/ccollins/allmols/O/opt/m06hf/b3lyp/12fe12fe12fe12fe.log,12fe12fe12fe12fe,---,[],"td B3LYP/6-31g(d,p)",-4.61396224705,-1.4492783043,109,5.2608,-1521.9843013,2.8717,1.11666666667
/home/ccollins/allmols/O/opt/m06hf/b3lyp/4ei4ei-4ei-4ei.log,4ei4ei-4ei-4ei,---,[],"td B3LYP/6-31g(d,p)",-5.98187851361,-0.908043879358,121,3.0001,-1387.2923491,4.5271,1.95
/home/ccollins/allmols/O/opt/m06hf/b3lyp/12li12li-12li-12li-.log,12li12li-12li-12li-,---,[],"td B3LYP/6-31g(d,p)",-4.57777110651,-0.743687120853,117,2.0479,-1531.8976743,3.4846,1.9
/home/ccollins/allmols/O/opt/m06hf/b3lyp/12ee12ee-12ee12ee-.log,12ee12ee-12ee12ee-,---,[],"td B3LYP/6-31g(d,p)",-5.29288627432,-1.8737758925,117,0.0027,-1525.7007789,3.0508,1.6
/home/ccollins/allmols/O/opt/m06hf/b3lyp/12la12la-12la12la-.log,12la12la-12la12la-,---,[],"td B3LYP/6-31g(d,p)",-4.29341214519,-0.823688589397,101,3.8963,-1374.6170723,3.1856,0.933333333333
/home/ccollins/allmols/O/opt/m06hf/b3lyp/4ee4ee.log,4ee4ee,---,[],"td B3LYP/6-31g(d,p)",-6.11902388826,-1.49200017696,65,0.1163,-767.8934068,4.1728,0.416666666667
/home/ccollins/allmols/O/opt/m06hf/b3lyp/12il12il-12il-12il-.log,12il12il-12il-12il-,---,[],"td B3LYP/6-31g(d,p)",-4.49069467817,-0.71729207851,117,2.0956,-1531.8979987,3.4240,1.93333333333
/home/ccollins/allmols/O/opt/m06hf/b3lyp/4aa4aa.log,4aa4aa,---,[],"td B3LYP/6-31g(d,p)",-6.13970453999,-0.543683449493,41,0.0001,-463.3212801,5.1473,0.133333333333
/home/ccollins/allmols/O/opt/m06hf/b3lyp/12fl12fl-12fl.log,12fl12fl-12fl,---,[],"td B3LYP/6-31g(d,p)",-4.26293539527,-0.395925635141,88,6.0408,-1256.8721185,3.6503,0.683333333333
/home/ccollins/allmols/O/opt/m06hf/b3lyp/4aa4aa-.log,4aa4aa-,---,[],"td B3LYP/6-31g(d,p)",-6.13997665383,-0.543955563331,41,0.0003,-463.321282,5.1475,0.133333333333
/home/ccollins/allmols/O/opt/m06hf/b3lyp/12ei12ei-12ei-12ei-.log,12ei12ei-12ei-12ei-,---,[],"td B3LYP/6-31g(d,p)",-5.07573943112,-1.25090731597,109,1.6524,-1378.4136259,3.4326,1.73333333333
/home/ccollins/allmols/O/opt/m06hf/b3lyp/111111-11-.log,111111-11-,---,[],"td B3LYP/6-31g(d,p)",-6.96094410484,-4.2074241722,29,0.0005,-454.4372439,1.3637,0.0166666666667
/home/ccollins/allmols/O/opt/m06hf/b3lyp/4ie4ie.log,4ie4ie,---,[],"td B3LYP/6-31g(d,p)",-6.04745794871,-0.794844522507,61,1.5280,-694.2465004,4.6064,0.533333333333
/home/ccollins/allmols/O/opt/m06hf/b3lyp/12fa12fa-12fa-12fa-.log,12fa12fa-12fa-12fa-,---,[],"td B3LYP/6-31g(d,p)",-4.87764055663,-1.04573348168,85,1.9199,-1217.4040012,3.5026,0.716666666667
/home/ccollins/allmols/O/opt/m06hf/b3lyp/12al12al-12al.log,12al12al-12al,---,[],"td B3LYP/6-31g(d,p)",-4.51790606203,-0.598650444887,76,3.6610,-1031.2566154,3.6544,0.5
/home/ccollins/allmols/O/opt/m06hf/b3lyp/12al12al12al-12al.log,12al12al12al-12al,---,[],"td B3LYP/6-31g(d,p)",-4.24334319889,-0.808450214436,101,5.9673,-1374.6163289,3.1762,1.01666666667
/home/ccollins/allmols/O/opt/m06hf/b3lyp/4la.log,4la,---,[],"td B3LYP/6-31g(d,p)",-5.85779460322,0.106940738564,29,1.3141,-346.7829273,5.2030,0.133333333333
/home/ccollins/allmols/O/opt/m06hf/b3lyp/12ai12ai12ai.log,12ai12ai12ai,---,[],"td B3LYP/6-31g(d,p)",-4.96798235104,-0.522458570083,64,1.3571,-805.6679166,4.1255,0.35
/home/ccollins/allmols/O/opt/m06hf/b3lyp/12li12li-12li.log,12li12li-12li,---,[],"td B3LYP/6-31g(d,p)",-4.62947273585,-0.650624188057,88,0.7333,-1149.2239225,3.7237,0.866666666667
/home/ccollins/allmols/O/opt/m06hf/b3lyp/12ii12ii-.log,12ii12ii-,---,[],"td B3LYP/6-31g(d,p)",-4.98022747378,-0.0677563458076,51,0.2606,-616.1528991,4.6972,0.2
/home/ccollins/allmols/O/opt/m06hf/b3lyp/4ia4ia-4ia.log,4ia4ia-4ia,---,[],"td B3LYP/6-31g(d,p)",-5.94541525924,-0.503682715221,73,0.8727,-812.3376196,4.9262,0.833333333333
/home/ccollins/allmols/O/opt/m06hf/b3lyp/12ll12ll12ll12ll-.log,12ll12ll12ll12ll-,---,[],"td B3LYP/6-31g(d,p)",-4.70974631823,-0.384224740082,133,4.0754,-1832.6700617,3.8564,1.46666666667
/home/ccollins/allmols/O/opt/m06hf/b3lyp/4fi4fi4fi-4fi.log,4fi4fi4fi-4fi,---,[],"td B3LYP/6-31g(d,p)",-5.53969352591,-0.581779386895,113,3.6772,-1383.595075,4.3498,2.36666666667
/home/ccollins/allmols/O/opt/m06hf/b3lyp/12fa12fa-12fa12fa.log,12fa12fa-12fa12fa,---,[],"td B3LYP/6-31g(d,p)",-4.33395710714,-0.879744040145,85,6.4615,-1217.4047182,3.2257,0.65
/home/ccollins/allmols/O/opt/m06hf/b3lyp/4ef4ef4ef-4ef-.log,4ef4ef4ef-4ef-,---,[],"td B3LYP/6-31g(d,p)",-5.47656311536,-0.988045347902,121,3.6409,-1530.8936219,3.9475,2.66666666667
/home/ccollins/allmols/O/opt/m06hf/b3lyp/4fa4fa4fa4fa-.log,4fa4fa4fa4fa-,---,[],"td B3LYP/6-31g(d,p)",-5.56064629148,-1.03403258662,97,3.0527,-1226.3244271,4.0581,1.13333333333
/home/ccollins/allmols/O/opt/m06hf/b3lyp/12ie12ie12ie.log,12ie12ie12ie,---,[],"td B3LYP/6-31g(d,p)",-5.33479180546,-1.02369226076,82,1.2856,-1034.1050034,3.9128,0.8
/home/ccollins/allmols/O/opt/m06hf/b3lyp/12ee12ee12ee12ee.log,12ee12ee12ee12ee,---,[],"td B3LYP/6-31g(d,p)",-5.54568003036,-1.66560880598,117,0.2603,-1525.6903333,3.4384,1.66666666667
/home/ccollins/allmols/O/opt/m06hf/b3lyp/12ia12ia-12ia.log,12ia12ia-12ia,---,[],"td B3LYP/6-31g(d,p)",-4.79736697425,-0.671849067466,64,0.8826,-805.6740629,3.8744,0.366666666667
/home/ccollins/allmols/O/opt/m06hf/b3lyp/12li12li-.log,12li12li-,---,[],"td B3LYP/6-31g(d,p)",-4.9810438153,-0.194561394588,59,1.4937,-766.5453172,4.5805,0.283333333333
/home/ccollins/allmols/O/opt/m06hf/b3lyp/12il12il12il-12il.log,12il12il12il-12il,---,[],"td B3LYP/6-31g(d,p)",-4.49450427191,-0.834301029101,117,1.2689,-1531.900089,3.3634,1.93333333333
/home/ccollins/allmols/O/opt/m06hf/b3lyp/4ff4ff-4ff4ff-.log,4ff4ff-4ff4ff-,---,[],"td B3LYP/6-31g(d,p)",-5.25560667843,-0.992671283158,113,1.3389,-1527.2037136,3.7290,1.73333333333
/home/ccollins/allmols/O/opt/m06hf/b3lyp/12fe12fe-12fe12fe-.log,12fe12fe-12fe12fe-,---,[],"td B3LYP/6-31g(d,p)",-4.83872827772,-1.60900912755,109,3.2483,-1521.9990588,2.9167,1.2
/home/ccollins/allmols/O/opt/m06hf/b3lyp/22-2.log,22-2,---,[],"td B3LYP/6-31g(d,p)",-5.72799630221,-1.33988854119,22,0.0000,-233.3980904,4.4436,0.0333333333333
/home/ccollins/allmols/O/opt/m06hf/b3lyp/4ea4ea-4ea-4ea-.log,4ea4ea-4ea-4ea-,---,[],"td B3LYP/6-31g(d,p)",-5.93480281954,-1.31866366178,105,1.3163,-1230.0162378,4.1590,1.75
/home/ccollins/allmols/O/opt/m06hf/b3lyp/12lf12lf12lf.log,12lf12lf12lf,---,[],"td B3LYP/6-31g(d,p)",-4.56307695923,-0.583684183765,88,4.8737,-1256.9076868,3.7598,0.683333333333
/home/ccollins/allmols/O/opt/m06hf/b3lyp/4fe4fe-4fe.log,4fe4fe-4fe,---,[],"td B3LYP/6-31g(d,p)",-5.62159979133,-0.963282988591,91,2.7920,-1148.4720127,4.0473,1.06666666667
/home/ccollins/allmols/O/opt/m06hf/b3lyp/12ii.log,12ii,---,[],"td B3LYP/6-31g(d,p)",-5.83276013007,0.922193798964,26,1.1169,-308.6697651,6.6116,0.05
/home/ccollins/allmols/O/opt/m06hf/b3lyp/12fe12fe12fe-12fe-.log,12fe12fe12fe-12fe-,---,[],"td B3LYP/6-31g(d,p)",-4.87056559683,-1.63676473909,109,2.4957,-1521.9957429,2.9575,1.13333333333
/home/ccollins/allmols/O/opt/m06hf/b3lyp/4ie4ie4ie-4ie-.log,4ie4ie4ie-4ie-,---,[],"td B3LYP/6-31g(d,p)",-5.98323908281,-0.932262010992,121,3.0916,-1387.2924159,4.5293,2.0
/home/ccollins/allmols/O/opt/m06hf/b3lyp/12al12al-.log,12al12al-,---,[],"td B3LYP/6-31g(d,p)",-4.82539469963,-0.212248794096,51,1.8864,-687.9030966,4.4310,0.166666666667
/home/ccollins/allmols/O/opt/m06hf/b3lyp/4ie4ie4ie-4ie.log,4ie4ie4ie-4ie,---,[],"td B3LYP/6-31g(d,p)",-5.98949770109,-0.879744040145,121,3.2933,-1387.2922176,4.5485,2.06666666667
/home/ccollins/allmols/O/opt/m06hf/b3lyp/4li.log,4li,---,[],"td B3LYP/6-31g(d,p)",-5.65071597205,0.14802992819,33,1.1468,-386.1027646,5.0835,0.133333333333
/home/ccollins/allmols/O/opt/m06hf/b3lyp/12ia12ia-12ia12ia.log,12ia12ia-12ia12ia,---,[],"td B3LYP/6-31g(d,p)",-4.64035728939,-0.867771031247,85,1.2654,-1073.8346395,3.4779,0.9
/home/ccollins/allmols/O/opt/m06hf/b3lyp/12fl12fl12fl-12fl-.log,12fl12fl12fl-12fl-,---,[],"td B3LYP/6-31g(d,p)",-4.47110248179,-0.887091113787,117,3.5371,-1675.4776347,3.3174,1.68333333333
/home/ccollins/allmols/O/opt/m06hf/b3lyp/4ia4ia-4ia-4ia.log,4ia4ia-4ia-4ia,---,[],"td B3LYP/6-31g(d,p)",-5.89752322365,-0.564091987387,97,1.1968,-1082.7169744,4.7996,1.83333333333
/home/ccollins/allmols/O/opt/m06hf/b3lyp/12ii12ii-12ii-12ii.log,12ii12ii-12ii-12ii,---,[],"td B3LYP/6-31g(d,p)",-4.59709118905,-0.557017027583,101,0.4276,-1231.1173049,3.6293,1.5
/home/ccollins/allmols/O/opt/m06hf/b3lyp/12aa12aa12aa.log,12aa12aa12aa,---,[],"td B3LYP/6-31g(d,p)",-4.96036316356,-0.843552899613,52,0.8821,-687.7049531,3.9287,0.2
/home/ccollins/allmols/O/opt/m06hf/b3lyp/4aa4aa4aa-4aa-.log,4aa4aa4aa-4aa-,---,[],"td B3LYP/6-31g(d,p)",-5.74758849859,-1.00165103983,81,0.0012,-925.4483848,4.3134,0.8
/home/ccollins/allmols/O/opt/m06hf/b3lyp/4ia4ia-4ia-4ia-.log,4ia4ia-4ia-4ia-,---,[],"td B3LYP/6-31g(d,p)",-5.85017541574,-0.626678170261,97,1.2531,-1082.7170947,4.7053,1.73333333333
/home/ccollins/allmols/O/opt/m06hf/b3lyp/12ei12ei12ei12ei.log,12ei12ei12ei12ei,---,[],"td B3LYP/6-31g(d,p)",-5.2335654575,-1.15158576489,109,1.2274,-1378.4099301,3.6350,1.71666666667
/home/ccollins/allmols/O/opt/m06hf/b3lyp/4ie4ie4ie4ie.log,4ie4ie4ie4ie,---,[],"td B3LYP/6-31g(d,p)",-5.97861314755,-0.94613981676,121,3.0527,-1387.2924097,4.5155,2.0
/home/ccollins/allmols/O/opt/m06hf/b3lyp/4ae4ae.log,4ae4ae,---,[],"td B3LYP/6-31g(d,p)",-6.18188218497,-1.02151535005,53,0.9575,-615.6071264,4.6272,0.266666666667
/home/ccollins/allmols/O/opt/m06hf/b3lyp/12aa12aa12aa-12aa-.log,12aa12aa12aa-12aa-,---,[],"td B3LYP/6-31g(d,p)",-4.79029201445,-1.06886315796,69,0.0000,-916.5481336,3.4738,0.4
/home/ccollins/allmols/O/opt/m06hf/b3lyp/12ff12ff12ff-12ff-.log,12ff12ff12ff-12ff-,---,[],"td B3LYP/6-31g(d,p)",-4.46103426976,-1.01743364247,101,0.0002,-1518.2760961,3.2470,0.683333333333
/home/ccollins/allmols/O/opt/m06hf/b3lyp/12ea12ea-12ea.log,12ea12ea-12ea,---,[],"td B3LYP/6-31g(d,p)",-5.25370188156,-1.42995822176,70,0.8415,-916.1439926,3.5448,0.4
