/home/ccollins/allmols/O/opt/m06hf/cam/4fa4fa-4fa-4fa-.log,4fa4fa-4fa-4fa-,---,[],"td CAM-B3LYP/6-31g(d,p)",-7.03713597964,0.0702053703549,97,5.0826,-1225.7035666,4.6414,1.51666666667
/home/ccollins/allmols/O/opt/m06hf/cam/12ee12ee-12ee-12ee-.log,12ee12ee-12ee-12ee-,---,[],"td CAM-B3LYP/6-31g(d,p)",-6.68093896494,-0.614705161363,117,0.2502,-1524.9045946,3.7270,1.75
/home/ccollins/allmols/O/opt/m06hf/cam/4ei4ei4ei4ei.log,4ei4ei4ei4ei,---,[],"td CAM-B3LYP/6-31g(d,p)",-7.33999868199,0.277011887679,121,2.9841,-1386.4699045,5.0242,3.6
/home/ccollins/allmols/O/opt/m06hf/cam/12ii12ii-12ii12ii-.log,12ii12ii-12ii12ii-,---,[],"td CAM-B3LYP/6-31g(d,p)",-5.75874516597,0.540145969591,101,0.6098,-1230.4828136,3.9118,1.25
/home/ccollins/allmols/O/opt/m06hf/cam/4if4if-4if-4if-.log,4if4if-4if-4if-,---,[],"td CAM-B3LYP/6-31g(d,p)",-6.78325376824,0.656066464828,113,2.5616,-1382.8718075,4.8280,2.13333333333
/home/ccollins/allmols/O/opt/m06hf/cam/12ii12ii12ii-12ii.log,12ii12ii12ii-12ii,---,[],"td CAM-B3LYP/6-31g(d,p)",-5.86949549828,0.642732886738,101,1.4206,-1230.4797361,4.0713,1.26666666667
/home/ccollins/allmols/O/opt/m06hf/cam/4ea4ea-4ea4ea.log,4ea4ea-4ea4ea,---,[],"td CAM-B3LYP/6-31g(d,p)",-7.22707143898,-0.134968463938,105,1.5946,-1229.2921789,4.7069,1.96666666667
/home/ccollins/allmols/O/opt/m06hf/cam/1111-11-.log,1111-11-,---,[],"td CAM-B3LYP/6-31g(d,p)",-8.69811885037,-2.2468439652,22,2.0137,-340.9940454,2.0886,0.0166666666667
/home/ccollins/allmols/O/opt/m06hf/cam/4if4if4if4if.log,4if4if4if4if,---,[],"td CAM-B3LYP/6-31g(d,p)",-6.71685799163,0.703414272742,113,6.1744,-1382.8613843,4.8094,2.75
/home/ccollins/allmols/O/opt/m06hf/cam/12ef12ef.log,12ef12ef,---,[],"td CAM-B3LYP/6-31g(d,p)",-6.63903343379,0.224221802994,55,2.4882,-761.2357558,4.3135,0.233333333333
/home/ccollins/allmols/O/opt/m06hf/cam/12il.log,12il,---,[],"td CAM-B3LYP/6-31g(d,p)",-7.43142893175,2.14725030027,30,1.6794,-383.6775562,6.6173,0.0833333333333
/home/ccollins/allmols/O/opt/m06hf/cam/11111111-.log,11111111-,---,[],"td CAM-B3LYP/6-31g(d,p)",-8.78737218942,-2.57011520543,29,3.5676,-454.2585407,2.0536,0.0333333333333
/home/ccollins/allmols/O/opt/m06hf/cam/1111.log,1111,---,[],"td CAM-B3LYP/6-31g(d,p)",-8.87172747938,-1.45880228865,15,3.4239,-227.7202961,2.6980,0.0
/home/ccollins/allmols/O/opt/m06hf/cam/4ee4ee4ee4ee.log,4ee4ee4ee4ee,---,[],"td CAM-B3LYP/6-31g(d,p)",-7.28421534508,-0.54803727091,129,0.2770,-1533.6862015,4.5128,3.25
/home/ccollins/allmols/O/opt/m06hf/cam/12al12al-12al-12al-.log,12al12al-12al-12al-,---,[],"td CAM-B3LYP/6-31g(d,p)",-5.75303077536,0.332250996912,101,1.9443,-1373.9977068,3.7704,0.9
/home/ccollins/allmols/O/opt/m06hf/cam/11111111.log,11111111,---,[],"td CAM-B3LYP/6-31g(d,p)",-8.86927845484,-2.71270285685,29,2.9882,-454.2475094,1.9684,0.0333333333333
/home/ccollins/allmols/O/opt/m06hf/cam/12if12if12if-12if-.log,12if12if12if-12if-,---,[],"td CAM-B3LYP/6-31g(d,p)",-5.8844617594,0.342863436617,101,3.5296,-1374.0739077,3.8775,1.0
/home/ccollins/allmols/O/opt/m06hf/cam/12la12la-12la12la.log,12la12la-12la12la,---,[],"td CAM-B3LYP/6-31g(d,p)",-5.65887938721,0.260685057364,101,0.9709,-1373.9901372,3.6552,1.05
/home/ccollins/allmols/O/opt/m06hf/cam/12ee12ee-12ee.log,12ee12ee-12ee,---,[],"td CAM-B3LYP/6-31g(d,p)",-6.66842172836,-0.561642962839,88,0.0048,-1143.9777453,3.7404,0.783333333333
/home/ccollins/allmols/O/opt/m06hf/cam/12ff12ff-12ff12ff-.log,12ff12ff-12ff12ff-,---,[],"td CAM-B3LYP/6-31g(d,p)",-5.70568296745,0.147213586674,101,0.0001,-1517.6756345,3.6227,0.916666666667
/home/ccollins/allmols/O/opt/m06hf/cam/4fe4fe-4fe-4fe-.log,4fe4fe-4fe-4fe-,---,[],"td CAM-B3LYP/6-31g(d,p)",-6.93182792411,-0.201636354391,121,6.0035,-1530.1005027,4.4933,2.28333333333
/home/ccollins/allmols/O/opt/m06hf/cam/12ff12ff12ff.log,12ff12ff12ff,---,[],"td CAM-B3LYP/6-31g(d,p)",-5.75003752314,0.587765891343,76,6.8303,-1138.5491226,4.0428,0.5
/home/ccollins/allmols/O/opt/m06hf/cam/12le12le.log,12le12le,---,[],"td CAM-B3LYP/6-31g(d,p)",-6.62243448964,0.340142298231,63,2.0644,-839.7750918,4.4386,0.433333333333
/home/ccollins/allmols/O/opt/m06hf/cam/12af12af12af-12af.log,12af12af12af-12af,---,[],"td CAM-B3LYP/6-31g(d,p)",-5.9500411945,0.0677563458076,85,2.4316,-1216.8856405,3.7452,0.733333333333
/home/ccollins/allmols/O/opt/m06hf/cam/12if12if-12if-12if-.log,12if12if-12if-12if-,---,[],"td CAM-B3LYP/6-31g(d,p)",-5.7377924004,0.454974338114,101,4.5189,-1374.0715241,3.8444,0.966666666667
/home/ccollins/allmols/O/opt/m06hf/cam/4ef4ef-4ef4ef-.log,4ef4ef-4ef4ef-,---,[],"td CAM-B3LYP/6-31g(d,p)",-6.90216751571,0.161091392442,121,2.7236,-1530.0921271,4.5967,2.98333333333
/home/ccollins/allmols/O/opt/m06hf/cam/12af12af12af12af-.log,12af12af12af12af-,---,[],"td CAM-B3LYP/6-31g(d,p)",-6.20093015367,0.115920495237,85,1.9209,-1216.8864275,3.9455,0.533333333333
/home/ccollins/allmols/O/opt/m06hf/cam/12ia12ia-12ia12ia-.log,12ia12ia-12ia12ia-,---,[],"td CAM-B3LYP/6-31g(d,p)",-5.846365822,0.248984162305,85,0.2409,-1073.2989036,3.7713,0.766666666667
/home/ccollins/allmols/O/opt/m06hf/cam/12fi12fi-12fi12fi-.log,12fi12fi-12fi12fi-,---,[],"td CAM-B3LYP/6-31g(d,p)",-5.61425271768,0.252793756045,101,4.2284,-1374.0817587,3.6084,1.08333333333
/home/ccollins/allmols/O/opt/m06hf/cam/4ai4ai-4ai4ai-.log,4ai4ai-4ai4ai-,---,[],"td CAM-B3LYP/6-31g(d,p)",-7.16421314226,0.571711174867,97,1.1276,-1082.0687958,5.1894,1.71666666667
/home/ccollins/allmols/O/opt/m06hf/cam/22-2-.log,22-2-,---,[],"td CAM-B3LYP/6-31g(d,p)",-7.14679785659,0.0903417944102,22,0.1097,-233.250819,4.9328,0.05
/home/ccollins/allmols/O/opt/m06hf/cam/12af.log,12af,---,[],"td CAM-B3LYP/6-31g(d,p)",-7.29999794772,2.12167159945,22,0.9531,-305.1032109,6.3973,0.0166666666667
/home/ccollins/allmols/O/opt/m06hf/cam/12il12il-12il12il.log,12il12il-12il12il,---,[],"td CAM-B3LYP/6-31g(d,p)",-5.82758996713,0.31728473579,117,2.8100,-1531.1796252,3.8017,1.45
/home/ccollins/allmols/O/opt/m06hf/cam/4ff4ff.log,4ff4ff,---,[],"td CAM-B3LYP/6-31g(d,p)",-6.53835131352,0.703958500419,57,0.5094,-763.8329715,4.5412,0.35
/home/ccollins/allmols/O/opt/m06hf/cam/4fa4fa4fa.log,4fa4fa4fa,---,[],"td CAM-B3LYP/6-31g(d,p)",-6.82434295787,0.449259947504,73,4.3774,-919.5668363,4.7364,0.833333333333
/home/ccollins/allmols/O/opt/m06hf/cam/12ei12ei12ei-12ei.log,12ei12ei12ei-12ei,---,[],"td CAM-B3LYP/6-31g(d,p)",-6.17616779436,-0.220956436931,109,1.3872,-1377.7026524,3.6306,1.21666666667
/home/ccollins/allmols/O/opt/m06hf/cam/4fi4fi.log,4fi4fi,---,[],"td CAM-B3LYP/6-31g(d,p)",-6.9500595513,0.99022225861,57,2.9045,-692.026032,5.0401,0.433333333333
/home/ccollins/allmols/O/opt/m06hf/cam/4ie4ie-4ie4ie-.log,4ie4ie-4ie4ie-,---,[],"td CAM-B3LYP/6-31g(d,p)",-7.35360437392,0.347489371873,121,3.2730,-1386.4696969,5.0374,3.66666666667
/home/ccollins/allmols/O/opt/m06hf/cam/4ie4ie4ie4ie-.log,4ie4ie4ie4ie-,---,[],"td CAM-B3LYP/6-31g(d,p)",-7.33918234047,0.270209041715,121,2.9941,-1386.4699153,5.0224,3.66666666667
/home/ccollins/allmols/O/opt/m06hf/cam/4fi4fi4fi-4fi-.log,4fi4fi4fi-4fi-,---,[],"td CAM-B3LYP/6-31g(d,p)",-7.06135411128,0.39429295211,113,2.0054,-1382.8723681,4.8552,2.73333333333
/home/ccollins/allmols/O/opt/m06hf/cam/12lf12lf-12lf.log,12lf12lf-12lf,---,[],"td CAM-B3LYP/6-31g(d,p)",-5.92038078609,0.483818405004,88,2.5511,-1256.3743975,4.0040,1.08333333333
/home/ccollins/allmols/O/opt/m06hf/cam/12aa12aa12aa12aa-.log,12aa12aa12aa12aa-,---,[],"td CAM-B3LYP/6-31g(d,p)",-6.05344445316,0.112383015336,69,0.7613,-916.1093609,3.8446,0.35
/home/ccollins/allmols/O/opt/m06hf/cam/12li12li12li.log,12li12li12li,---,[],"td CAM-B3LYP/6-31g(d,p)",-5.92881631509,0.525451822307,88,0.6812,-1148.6844966,4.0479,1.05
/home/ccollins/allmols/O/opt/m06hf/cam/12ae12ae-.log,12ae12ae-,---,[],"td CAM-B3LYP/6-31g(d,p)",-6.86733694437,0.187758548624,47,0.5725,-610.846551,4.5728,0.183333333333
/home/ccollins/allmols/O/opt/m06hf/cam/12la12la12la12la.log,12la12la12la12la,---,[],"td CAM-B3LYP/6-31g(d,p)",-5.95874883733,0.0527900846855,101,1.5121,-1373.9968402,3.7127,0.966666666667
/home/ccollins/allmols/O/opt/m06hf/cam/12ef12ef12ef12ef-.log,12ef12ef12ef12ef-,---,[],"td CAM-B3LYP/6-31g(d,p)",-6.13589494625,-0.515655724118,109,0.2168,-1521.3044665,3.3705,1.15
/home/ccollins/allmols/O/opt/m06hf/cam/12aa12aa-12aa-12aa.log,12aa12aa-12aa-12aa,---,[],"td CAM-B3LYP/6-31g(d,p)",-6.08201640621,0.0846274037999,69,0.2675,-916.1124815,3.8359,0.4
/home/ccollins/allmols/O/opt/m06hf/cam/12ii12ii-12ii.log,12ii12ii-12ii,---,[],"td CAM-B3LYP/6-31g(d,p)",-5.96146997572,0.774163870774,76,1.0588,-923.1563198,4.2606,0.666666666667
/home/ccollins/allmols/O/opt/m06hf/cam/12ea12ea-.log,12ea12ea-,---,[],"td CAM-B3LYP/6-31g(d,p)",-6.86733694437,0.187758548624,47,0.5725,-610.8465499,4.5729,0.183333333333
/home/ccollins/allmols/O/opt/m06hf/cam/4li4li-.log,4li4li-,---,[],"td CAM-B3LYP/6-31g(d,p)",-6.87114653811,1.16002129389,65,1.0992,-770.5866281,5.1212,0.65
/home/ccollins/allmols/O/opt/m06hf/cam/12la12la12la.log,12la12la12la,---,[],"td CAM-B3LYP/6-31g(d,p)",-6.20310706438,0.610623453785,76,2.2279,-1030.7919921,4.3112,0.55
/home/ccollins/allmols/O/opt/m06hf/cam/4ie4ie4ie.log,4ie4ie4ie,---,[],"td CAM-B3LYP/6-31g(d,p)",-7.3696590904,0.333611566105,91,2.0623,-1040.1499146,5.0463,2.26666666667
/home/ccollins/allmols/O/opt/m06hf/cam/4af4af4af-4af.log,4af4af4af-4af,---,[],"td CAM-B3LYP/6-31g(d,p)",-6.69808213677,0.349666282582,97,3.8512,-1225.6966167,4.5588,1.48333333333
/home/ccollins/allmols/O/opt/m06hf/cam/4ai4ai.log,4ai4ai,---,[],"td CAM-B3LYP/6-31g(d,p)",-7.51605633555,0.965732013138,49,0.6231,-541.6287878,5.3759,0.316666666667
/home/ccollins/allmols/O/opt/m06hf/cam/4ae4ae4ae-4ae-.log,4ae4ae4ae-4ae-,---,[],"td CAM-B3LYP/6-31g(d,p)",-7.23768387868,-0.130614642521,105,1.4352,-1229.2919768,4.7217,1.86666666667
/home/ccollins/allmols/O/opt/m06hf/cam/4il.log,4il,---,[],"td CAM-B3LYP/6-31g(d,p)",-7.05291858228,1.46315611007,33,1.1683,-385.8883217,5.2476,0.15
/home/ccollins/allmols/O/opt/m06hf/cam/12li12li12li-12li.log,12li12li12li-12li,---,[],"td CAM-B3LYP/6-31g(d,p)",-5.71792809018,0.268576358683,117,1.2432,-1531.186369,3.6814,1.53333333333
/home/ccollins/allmols/O/opt/m06hf/cam/12af12af-12af-12af.log,12af12af-12af-12af,---,[],"td CAM-B3LYP/6-31g(d,p)",-5.69316573087,0.144764562127,85,3.7544,-1216.8871934,3.6156,0.516666666667
/home/ccollins/allmols/O/opt/m06hf/cam/4fa.log,4fa,---,[],"td CAM-B3LYP/6-31g(d,p)",-7.39850315729,1.36274610363,25,1.3552,-307.3140592,5.3733,0.05
/home/ccollins/allmols/O/opt/m06hf/cam/22.log,22,---,[],"td CAM-B3LYP/6-31g(d,p)",-7.76667318089,0.848450948708,15,0.0000,-155.8962948,6.3217,0.0166666666667
/home/ccollins/allmols/O/opt/m06hf/cam/12ae12ae-12ae12ae-.log,12ae12ae-12ae12ae-,---,[],"td CAM-B3LYP/6-31g(d,p)",-6.33181691003,-0.487083771067,93,1.0420,-1220.516066,3.5696,0.683333333333
/home/ccollins/allmols/O/opt/m06hf/cam/12fe.log,12fe,---,[],"td CAM-B3LYP/6-31g(d,p)",-7.49836893605,1.06097185664,28,1.4932,-381.2073385,5.6740,0.05
/home/ccollins/allmols/O/opt/m06hf/cam/4ae4ae-4ae-4ae-.log,4ae4ae-4ae-4ae-,---,[],"td CAM-B3LYP/6-31g(d,p)",-7.237139651,-0.125988707265,105,1.3897,-1229.2919986,4.7181,1.93333333333
/home/ccollins/allmols/O/opt/m06hf/cam/4ai.log,4ai,---,[],"td CAM-B3LYP/6-31g(d,p)",-7.85538229227,1.47485700513,25,0.3334,-271.4090327,5.5665,0.0666666666667
/home/ccollins/allmols/O/opt/m06hf/cam/12lf12lf-.log,12lf12lf-,---,[],"td CAM-B3LYP/6-31g(d,p)",-6.10514608249,1.07593811776,59,3.5484,-837.9670766,4.6861,0.316666666667
/home/ccollins/allmols/O/opt/m06hf/cam/12el12el-12el-12el.log,12el12el-12el-12el,---,[],"td CAM-B3LYP/6-31g(d,p)",-6.21045413802,-0.406265961007,125,1.1882,-1678.3952943,3.5040,1.75
/home/ccollins/allmols/O/opt/m06hf/cam/4ff4ff4ff4ff-.log,4ff4ff4ff4ff-,---,[],"td CAM-B3LYP/6-31g(d,p)",-6.42487984283,0.245174568565,113,1.1968,-1526.4854752,4.2076,2.16666666667
/home/ccollins/allmols/O/opt/m06hf/cam/12al12al.log,12al12al,---,[],"td CAM-B3LYP/6-31g(d,p)",-6.12473827887,0.994303966189,51,3.9570,-687.5885856,4.6518,0.2
/home/ccollins/allmols/O/opt/m06hf/cam/4ie4ie-4ie4ie.log,4ie4ie-4ie4ie,---,[],"td CAM-B3LYP/6-31g(d,p)",-7.34380827573,0.312658800534,121,2.9350,-1386.4698589,5.0289,3.76666666667
/home/ccollins/allmols/O/opt/m06hf/cam/222.log,222,---,[],"td CAM-B3LYP/6-31g(d,p)",-7.14979110882,0.212793021773,22,0.0000,-233.2561387,5.2640,0.0333333333333
/home/ccollins/allmols/O/opt/m06hf/cam/12el.log,12el,---,[],"td CAM-B3LYP/6-31g(d,p)",-7.31006615975,1.21471617544,32,1.3842,-420.482316,5.6488,0.0666666666667
/home/ccollins/allmols/O/opt/m06hf/cam/4ef4ef4ef.log,4ef4ef4ef,---,[],"td CAM-B3LYP/6-31g(d,p)",-6.89101084832,0.171703832147,91,4.0242,-1147.8647074,4.5871,1.26666666667
/home/ccollins/allmols/O/opt/m06hf/cam/4aa4aa4aa4aa-.log,4aa4aa4aa4aa-,---,[],"td CAM-B3LYP/6-31g(d,p)",-7.07414346169,0.213337249451,81,0.0000,-924.8982354,4.8556,0.966666666667
/home/ccollins/allmols/O/opt/m06hf/cam/12ie12ie-.log,12ie12ie-,---,[],"td CAM-B3LYP/6-31g(d,p)",-6.64719684895,0.32490392327,55,0.8224,-689.4412341,4.4884,0.383333333333
/home/ccollins/allmols/O/opt/m06hf/cam/222-2.log,222-2,---,[],"td CAM-B3LYP/6-31g(d,p)",-7.01046882346,0.0971446403748,29,0.0599,-310.6055127,4.6996,0.0833333333333
/home/ccollins/allmols/O/opt/m06hf/cam/12fa.log,12fa,---,[],"td CAM-B3LYP/6-31g(d,p)",-7.21428208856,2.07867761295,22,2.0498,-305.1026132,6.2823,0.0166666666667
/home/ccollins/allmols/O/opt/m06hf/cam/12ai12ai-12ai.log,12ai12ai-12ai,---,[],"td CAM-B3LYP/6-31g(d,p)",-6.0953499843,0.537424831205,64,0.9007,-805.2683422,4.1993,0.45
/home/ccollins/allmols/O/opt/m06hf/cam/12ia12ia12ia-12ia.log,12ia12ia12ia-12ia,---,[],"td CAM-B3LYP/6-31g(d,p)",-5.88609444243,0.321366443369,85,1.4008,-1073.2967583,3.8621,0.7
/home/ccollins/allmols/O/opt/m06hf/cam/12fa12fa12fa12fa-.log,12fa12fa12fa12fa-,---,[],"td CAM-B3LYP/6-31g(d,p)",-5.67765524207,0.151567408092,85,5.4042,-1216.8880834,3.6149,0.566666666667
/home/ccollins/allmols/O/opt/m06hf/cam/12fe12fe.log,12fe12fe,---,[],"td CAM-B3LYP/6-31g(d,p)",-6.53943976887,0.272113838585,55,3.3856,-761.234011,4.3618,0.216666666667
/home/ccollins/allmols/O/opt/m06hf/cam/12fe12fe-.log,12fe12fe-,---,[],"td CAM-B3LYP/6-31g(d,p)",-6.70053116131,0.103403258662,55,1.5122,-761.2392502,4.3544,0.2
/home/ccollins/allmols/O/opt/m06hf/cam/12il12il-12il12il-.log,12il12il-12il12il-,---,[],"td CAM-B3LYP/6-31g(d,p)",-5.76854126416,0.338781729038,117,2.0305,-1531.1864446,3.7731,1.46666666667
/home/ccollins/allmols/O/opt/m06hf/cam/4ia.log,4ia,---,[],"td CAM-B3LYP/6-31g(d,p)",-7.85538229227,1.47485700513,25,0.3334,-271.4090327,5.5665,0.0666666666667
/home/ccollins/allmols/O/opt/m06hf/cam/12ee12ee.log,12ee12ee,---,[],"td CAM-B3LYP/6-31g(d,p)",-7.17128810207,-0.0206806517325,59,0.1417,-763.042587,4.5532,0.35
/home/ccollins/allmols/O/opt/m06hf/cam/12ff12ff12ff-12ff.log,12ff12ff12ff-12ff,---,[],"td CAM-B3LYP/6-31g(d,p)",-5.59520474898,0.274290749294,101,5.7981,-1517.6715321,3.6368,0.816666666667
/home/ccollins/allmols/O/opt/m06hf/cam/12lf12lf-12lf-12lf.log,12lf12lf-12lf-12lf,---,[],"td CAM-B3LYP/6-31g(d,p)",-5.71983288705,0.192928711557,117,5.0564,-1674.7801115,3.6137,1.41666666667
/home/ccollins/allmols/O/opt/m06hf/cam/4fe4fe-4fe-4fe.log,4fe4fe-4fe-4fe,---,[],"td CAM-B3LYP/6-31g(d,p)",-6.87686092872,-0.0606813860044,121,2.7562,-1530.0960279,4.5005,2.36666666667
/home/ccollins/allmols/O/opt/m06hf/cam/4if4if4if-4if-.log,4if4if4if-4if-,---,[],"td CAM-B3LYP/6-31g(d,p)",-6.72774254517,0.828586638491,113,2.1920,-1382.8673418,4.8540,2.86666666667
/home/ccollins/allmols/O/opt/m06hf/cam/4ea4ea4ea4ea.log,4ea4ea4ea4ea,---,[],"td CAM-B3LYP/6-31g(d,p)",-7.24965688758,-0.128709845651,105,1.4613,-1229.2918005,4.7402,2.1
/home/ccollins/allmols/O/opt/m06hf/cam/4fe4fe-4fe4fe-.log,4fe4fe-4fe4fe-,---,[],"td CAM-B3LYP/6-31g(d,p)",-7.00421020518,0.0334700021459,121,2.9424,-1530.0965397,4.6008,2.35
/home/ccollins/allmols/O/opt/m06hf/cam/4ei.log,4ei,---,[],"td CAM-B3LYP/6-31g(d,p)",-7.51442365252,0.66341353847,31,1.1104,-347.5102915,5.2816,0.0833333333333
/home/ccollins/allmols/O/opt/m06hf/cam/12le.log,12le,---,[],"td CAM-B3LYP/6-31g(d,p)",-7.48666804099,1.30587431137,32,1.5307,-420.4862017,5.8993,0.1
/home/ccollins/allmols/O/opt/m06hf/cam/12fe12fe12fe.log,12fe12fe12fe,---,[],"td CAM-B3LYP/6-31g(d,p)",-6.0953499843,-0.118097405946,82,4.8688,-1141.2614893,3.7456,0.85
/home/ccollins/allmols/O/opt/m06hf/cam/4ei4ei4ei-4ei-.log,4ei4ei4ei-4ei-,---,[],"td CAM-B3LYP/6-31g(d,p)",-7.34353616189,0.306672296085,121,2.9587,-1386.4698618,5.0289,3.63333333333
/home/ccollins/allmols/O/opt/m06hf/cam/4ae4ae4ae-4ae.log,4ae4ae4ae-4ae,---,[],"td CAM-B3LYP/6-31g(d,p)",-7.23196948807,-0.124356024233,105,1.6731,-1229.2920929,4.7283,1.91666666667
/home/ccollins/allmols/O/opt/m06hf/cam/12lf12lf12lf12lf-.log,12lf12lf12lf12lf-,---,[],"td CAM-B3LYP/6-31g(d,p)",-5.74432313253,0.191568142364,117,2.5991,-1674.7899055,3.6615,1.25
/home/ccollins/allmols/O/opt/m06hf/cam/12ea12ea-12ea-12ea.log,12ea12ea-12ea-12ea,---,[],"td CAM-B3LYP/6-31g(d,p)",-6.32528617791,-0.487627998744,93,0.9065,-1220.5152176,3.5520,0.9
/home/ccollins/allmols/O/opt/m06hf/cam/12ia12ia-.log,12ia12ia-,---,[],"td CAM-B3LYP/6-31g(d,p)",-6.50379285602,1.01035868267,43,0.1522,-537.2378606,4.9310,0.15
/home/ccollins/allmols/O/opt/m06hf/cam/4fa4fa-4fa4fa-.log,4fa4fa-4fa4fa-,---,[],"td CAM-B3LYP/6-31g(d,p)",-6.93917499775,0.183404727206,97,3.2058,-1225.7000849,4.6030,1.56666666667
/home/ccollins/allmols/O/opt/m06hf/cam/12ef12ef-12ef-12ef.log,12ef12ef-12ef-12ef,---,[],"td CAM-B3LYP/6-31g(d,p)",-5.95847672349,-0.450076289019,109,3.0951,-1521.2968338,3.2972,1.1
/home/ccollins/allmols/O/opt/m06hf/cam/12if12if12if.log,12if12if12if,---,[],"td CAM-B3LYP/6-31g(d,p)",-6.34977642338,0.818246312625,76,1.9692,-1030.8450018,4.5747,0.6
/home/ccollins/allmols/O/opt/m06hf/cam/12ae.log,12ae,---,[],"td CAM-B3LYP/6-31g(d,p)",-7.63524219685,1.26886682932,24,0.4086,-306.0128581,6.0250,0.0333333333333
/home/ccollins/allmols/O/opt/m06hf/cam/4ii4ii.log,4ii4ii,---,[],"td CAM-B3LYP/6-31g(d,p)",-7.52639666142,1.35893650989,57,0.1599,-620.2177674,5.4279,0.6
/home/ccollins/allmols/O/opt/m06hf/cam/12fi12fi-12fi.log,12fi12fi-12fi,---,[],"td CAM-B3LYP/6-31g(d,p)",-5.73507126202,0.661236627761,76,4.9105,-1030.8514412,4.0366,0.65
/home/ccollins/allmols/O/opt/m06hf/cam/4ea4ea.log,4ea4ea,---,[],"td CAM-B3LYP/6-31g(d,p)",-7.53945812567,0.202724809746,53,0.9609,-615.2402864,5.0721,0.4
/home/ccollins/allmols/O/opt/m06hf/cam/12ll12ll12ll-12ll.log,12ll12ll12ll-12ll,---,[],"td CAM-B3LYP/6-31g(d,p)",-5.2694844842,0.678379799592,133,4.7841,-1831.8427061,3.6588,1.75
/home/ccollins/allmols/O/opt/m06hf/cam/4fa4fa.log,4fa4fa,---,[],"td CAM-B3LYP/6-31g(d,p)",-7.06679638805,0.738244844081,49,2.8584,-613.440272,5.0196,0.283333333333
/home/ccollins/allmols/O/opt/m06hf/cam/4fi4fi-4fi4fi-.log,4fi4fi-4fi4fi-,---,[],"td CAM-B3LYP/6-31g(d,p)",-6.9952304485,0.573888085576,113,2.7553,-1382.8747281,4.9060,2.5
/home/ccollins/allmols/O/opt/m06hf/cam/4ff4ff-.log,4ff4ff-,---,[],"td CAM-B3LYP/6-31g(d,p)",-6.70216384435,0.616065730556,57,1.2613,-763.840766,4.6440,0.35
/home/ccollins/allmols/O/opt/m06hf/cam/12ie12ie12ie12ie-.log,12ie12ie12ie12ie-,---,[],"td CAM-B3LYP/6-31g(d,p)",-6.33344959306,-0.0699332565163,109,1.6475,-1377.7004947,3.8954,1.66666666667
/home/ccollins/allmols/O/opt/m06hf/cam/12ai12ai-12ai12ai.log,12ai12ai-12ai12ai,---,[],"td CAM-B3LYP/6-31g(d,p)",-5.88609444243,0.321366443369,85,1.4009,-1073.2967572,3.8623,0.7
/home/ccollins/allmols/O/opt/m06hf/cam/12ii12ii-12ii12ii.log,12ii12ii-12ii12ii,---,[],"td CAM-B3LYP/6-31g(d,p)",-5.86949549828,0.642732886738,101,1.4206,-1230.4797361,4.0714,1.41666666667
/home/ccollins/allmols/O/opt/m06hf/cam/12al12al-12al12al.log,12al12al-12al12al,---,[],"td CAM-B3LYP/6-31g(d,p)",-5.51710807731,0.325992378625,101,5.8549,-1373.9986514,3.6098,0.8
/home/ccollins/allmols/O/opt/m06hf/cam/4ea4ea-4ea-4ea.log,4ea4ea-4ea-4ea,---,[],"td CAM-B3LYP/6-31g(d,p)",-7.22788778049,-0.133335780907,105,1.4563,-1229.2921374,4.7102,1.78333333333
/home/ccollins/allmols/O/opt/m06hf/cam/12fa12fa12fa-12fa.log,12fa12fa12fa-12fa,---,[],"td CAM-B3LYP/6-31g(d,p)",-5.66350532247,0.209799769549,85,6.4653,-1216.8873284,3.6456,0.516666666667
/home/ccollins/allmols/O/opt/m06hf/cam/12ii12ii12ii12ii.log,12ii12ii12ii12ii,---,[],"td CAM-B3LYP/6-31g(d,p)",-6.24147511562,0.937704287764,101,1.8608,-1230.4722305,4.5953,1.26666666667
/home/ccollins/allmols/O/opt/m06hf/cam/4ff4ff4ff4ff.log,4ff4ff4ff4ff,---,[],"td CAM-B3LYP/6-31g(d,p)",-6.23984243259,0.337149046007,113,1.5021,-1526.4772567,4.1365,1.46666666667
/home/ccollins/allmols/O/opt/m06hf/cam/4ef4ef.log,4ef4ef,---,[],"td CAM-B3LYP/6-31g(d,p)",-7.02380240155,0.421232222129,61,3.0035,-765.6400106,4.8102,0.45
/home/ccollins/allmols/O/opt/m06hf/cam/12ef12ef-12ef12ef-.log,12ef12ef-12ef12ef-,---,[],"td CAM-B3LYP/6-31g(d,p)",-6.07385299105,-0.502866373705,109,3.4561,-1521.3050913,3.3370,0.933333333333
/home/ccollins/allmols/O/opt/m06hf/cam/12ee12ee12ee-12ee.log,12ee12ee12ee-12ee,---,[],"td CAM-B3LYP/6-31g(d,p)",-6.56311367283,-0.718652647703,117,0.1960,-1524.9073022,3.5477,1.58333333333
/home/ccollins/allmols/O/opt/m06hf/cam/4if4if-4if-4if.log,4if4if-4if-4if,---,[],"td CAM-B3LYP/6-31g(d,p)",-6.83930921899,0.653617440281,113,1.9867,-1382.8730364,4.8571,2.75
/home/ccollins/allmols/O/opt/m06hf/cam/12ae12ae-12ae.log,12ae12ae-12ae,---,[],"td CAM-B3LYP/6-31g(d,p)",-6.51875911714,-0.247623593112,70,0.8214,-915.6812721,3.9062,0.433333333333
/home/ccollins/allmols/O/opt/m06hf/cam/4ii4ii4ii.log,4ii4ii4ii,---,[],"td CAM-B3LYP/6-31g(d,p)",-7.48231421957,1.30560219753,85,0.1582,-929.7314073,5.3943,1.51666666667
/home/ccollins/allmols/O/opt/m06hf/cam/12ae12ae12ae.log,12ae12ae12ae,---,[],"td CAM-B3LYP/6-31g(d,p)",-6.50733033592,-0.241364974825,70,0.7318,-915.6811753,3.9469,0.416666666667
/home/ccollins/allmols/O/opt/m06hf/cam/12lf.log,12lf,---,[],"td CAM-B3LYP/6-31g(d,p)",-7.2194522515,2.35024722386,30,0.4748,-419.5737619,6.4810,0.1
/home/ccollins/allmols/O/opt/m06hf/cam/12af12af12af-12af-.log,12af12af12af-12af-,---,[],"td CAM-B3LYP/6-31g(d,p)",-5.93017688428,0.0707495980321,85,4.0283,-1216.8879112,3.7376,0.583333333333
/home/ccollins/allmols/O/opt/m06hf/cam/12ll12ll-12ll12ll.log,12ll12ll-12ll12ll,---,[],"td CAM-B3LYP/6-31g(d,p)",-6.35222544793,0.71919687538,133,2.5806,-1831.8750843,4.5005,1.78333333333
/home/ccollins/allmols/O/opt/m06hf/cam/12le12le-12le12le.log,12le12le-12le12le,---,[],"td CAM-B3LYP/6-31g(d,p)",-6.23249535895,-0.323543354077,125,2.2268,-1678.3940594,3.5934,1.98333333333
/home/ccollins/allmols/O/opt/m06hf/cam/12li12li.log,12li12li,---,[],"td CAM-B3LYP/6-31g(d,p)",-6.61291050529,1.50995969031,59,1.7522,-766.182686,5.2974,0.466666666667
/home/ccollins/allmols/O/opt/m06hf/cam/12ff12ff.log,12ff12ff,---,[],"td CAM-B3LYP/6-31g(d,p)",-6.21127047954,1.07484966241,51,5.2050,-759.4218988,4.7760,0.166666666667
/home/ccollins/allmols/O/opt/m06hf/cam/12ef12ef12ef.log,12ef12ef12ef,---,[],"td CAM-B3LYP/6-31g(d,p)",-6.27086341019,-0.186670093269,82,2.7415,-1141.2685491,3.7513,0.6
/home/ccollins/allmols/O/opt/m06hf/cam/12ea12ea-12ea-12ea-.log,12ea12ea-12ea-12ea-,---,[],"td CAM-B3LYP/6-31g(d,p)",-6.31603430739,-0.48463474652,93,0.9303,-1220.5155069,3.5915,0.833333333333
/home/ccollins/allmols/O/opt/m06hf/cam/12ii12ii12ii12ii-.log,12ii12ii12ii12ii-,---,[],"td CAM-B3LYP/6-31g(d,p)",-6.04255989962,0.803280051503,101,1.4360,-1230.4764741,4.3352,1.33333333333
/home/ccollins/allmols/O/opt/m06hf/cam/12al12al12al12al-.log,12al12al12al12al-,---,[],"td CAM-B3LYP/6-31g(d,p)",-5.37833001963,0.357013356223,101,5.1866,-1374.0030307,3.5619,0.733333333333
/home/ccollins/allmols/O/opt/m06hf/cam/12il12il12il-12il-.log,12il12il12il-12il-,---,[],"td CAM-B3LYP/6-31g(d,p)",-5.79303150963,0.330074086203,117,1.2651,-1531.1843806,3.7868,1.48333333333
/home/ccollins/allmols/O/opt/m06hf/cam/12fl12fl-12fl-12fl-.log,12fl12fl-12fl-12fl-,---,[],"td CAM-B3LYP/6-31g(d,p)",-5.75167020617,0.173608629017,117,2.4228,-1674.7901197,3.6547,1.28333333333
/home/ccollins/allmols/O/opt/m06hf/cam/12fa12fa-12fa-12fa.log,12fa12fa-12fa-12fa,---,[],"td CAM-B3LYP/6-31g(d,p)",-5.7617384182,0.174697084372,85,4.4130,-1216.8838071,3.6755,0.55
/home/ccollins/allmols/O/opt/m06hf/cam/4fe4fe4fe.log,4fe4fe4fe,---,[],"td CAM-B3LYP/6-31g(d,p)",-6.89101084832,0.171703832147,91,4.0242,-1147.8647071,4.5870,1.25
/home/ccollins/allmols/O/opt/m06hf/cam/4ia4ia4ia.log,4ia4ia4ia,---,[],"td CAM-B3LYP/6-31g(d,p)",-7.28557591427,0.712938257092,73,0.9092,-811.8487009,5.2604,1.05
/home/ccollins/allmols/O/opt/m06hf/cam/12el12el-12el12el.log,12el12el-12el12el,---,[],"td CAM-B3LYP/6-31g(d,p)",-6.24610105088,-0.299325222443,125,2.9530,-1678.3943108,3.6277,1.86666666667
/home/ccollins/allmols/O/opt/m06hf/cam/12fi12fi-12fi12fi.log,12fi12fi-12fi12fi,---,[],"td CAM-B3LYP/6-31g(d,p)",-5.51656384963,0.485178974197,101,6.5614,-1374.0724331,3.7408,1.03333333333
/home/ccollins/allmols/O/opt/m06hf/cam/12ll12ll-.log,12ll12ll-,---,[],"td CAM-B3LYP/6-31g(d,p)",-5.80582086005,1.36329033131,67,0.0003,-916.5255017,4.6670,0.416666666667
/home/ccollins/allmols/O/opt/m06hf/cam/12ef.log,12ef,---,[],"td CAM-B3LYP/6-31g(d,p)",-7.52177072616,1.27811869983,28,1.5234,-381.2037139,5.9165,0.05
/home/ccollins/allmols/O/opt/m06hf/cam/4aa4aa4aa4aa.log,4aa4aa4aa4aa,---,[],"td CAM-B3LYP/6-31g(d,p)",-7.07332712018,0.211704566419,81,0.0001,-924.8982497,4.8536,0.933333333333
/home/ccollins/allmols/O/opt/m06hf/cam/12af12af-12af12af-.log,12af12af-12af12af-,---,[],"td CAM-B3LYP/6-31g(d,p)",-5.8104467953,0.0549669953942,85,4.4005,-1216.8927732,3.6437,0.45
/home/ccollins/allmols/O/opt/m06hf/cam/4ef4ef4ef4ef-.log,4ef4ef4ef4ef-,---,[],"td CAM-B3LYP/6-31g(d,p)",-6.78978450037,0.130886756359,121,3.4016,-1530.0885578,4.5027,2.66666666667
/home/ccollins/allmols/O/opt/m06hf/cam/4ae4ae4ae4ae.log,4ae4ae4ae4ae,---,[],"td CAM-B3LYP/6-31g(d,p)",-7.24965688758,-0.128437731812,105,1.4610,-1229.291799,4.7404,2.01666666667
/home/ccollins/allmols/O/opt/m06hf/cam/4ia4ia4ia4ia.log,4ia4ia4ia4ia,---,[],"td CAM-B3LYP/6-31g(d,p)",-7.21754745463,0.641644431383,97,1.1279,-1082.0683905,5.2389,1.81666666667
/home/ccollins/allmols/O/opt/m06hf/cam/2.log,2,---,[],"td CAM-B3LYP/6-31g(d,p)",-8.93240886539,2.01990102382,8,0.0001,-78.5375573,8.3448,0.0
/home/ccollins/allmols/O/opt/m06hf/cam/4if4if.log,4if4if,---,[],"td CAM-B3LYP/6-31g(d,p)",-6.9500595513,0.99022225861,57,2.9044,-692.0260316,5.0401,0.466666666667
/home/ccollins/allmols/O/opt/m06hf/cam/4al.log,4al,---,[],"td CAM-B3LYP/6-31g(d,p)",-7.28285477589,1.42750919722,29,1.3230,-346.5936703,5.3631,0.1
/home/ccollins/allmols/O/opt/m06hf/cam/4ia4ia.log,4ia4ia,---,[],"td CAM-B3LYP/6-31g(d,p)",-7.51578422172,0.965732013138,49,0.6231,-541.6287878,5.3759,0.3
/home/ccollins/allmols/O/opt/m06hf/cam/22-2-2.log,22-2-2,---,[],"td CAM-B3LYP/6-31g(d,p)",-6.96039987716,0.0089797566733,29,0.0001,-310.6060557,4.6458,0.0833333333333
/home/ccollins/allmols/O/opt/m06hf/cam/4ea4ea-4ea.log,4ea4ea-4ea,---,[],"td CAM-B3LYP/6-31g(d,p)",-7.31632477803,-0.00598650444887,79,1.2444,-922.2663383,4.8501,0.966666666667
/home/ccollins/allmols/O/opt/m06hf/cam/2222.log,2222,---,[],"td CAM-B3LYP/6-31g(d,p)",-6.77155287319,-0.175513425887,29,0.0000,-310.6163828,4.6147,0.0833333333333
/home/ccollins/allmols/O/opt/m06hf/cam/4fi4fi-.log,4fi4fi-,---,[],"td CAM-B3LYP/6-31g(d,p)",-7.08802126746,0.839199078196,57,0.9992,-692.0308461,5.0236,0.466666666667
/home/ccollins/allmols/O/opt/m06hf/cam/4fe4fe-.log,4fe4fe-,---,[],"td CAM-B3LYP/6-31g(d,p)",-7.08611647059,0.29415505951,61,1.5083,-765.6438832,4.7669,0.516666666667
/home/ccollins/allmols/O/opt/m06hf/cam/12ef12ef12ef-12ef-.log,12ef12ef12ef-12ef-,---,[],"td CAM-B3LYP/6-31g(d,p)",-6.1108604731,-0.535520034335,109,2.6824,-1521.3010912,3.3905,1.06666666667
/home/ccollins/allmols/O/opt/m06hf/cam/12ea12ea12ea.log,12ea12ea12ea,---,[],"td CAM-B3LYP/6-31g(d,p)",-6.50733033592,-0.241364974825,70,0.7318,-915.6811753,3.9469,0.45
/home/ccollins/allmols/O/opt/m06hf/cam/4if4if-4if4if-.log,4if4if-4if4if-,---,[],"td CAM-B3LYP/6-31g(d,p)",-6.89808580813,0.71348248477,113,2.5323,-1382.8704298,4.9270,2.81666666667
/home/ccollins/allmols/O/opt/m06hf/cam/4fi.log,4fi,---,[],"td CAM-B3LYP/6-31g(d,p)",-7.15006322266,1.38886903214,29,1.3278,-346.6086042,5.2477,0.0833333333333
/home/ccollins/allmols/O/opt/m06hf/cam/12li12li12li-12li-.log,12li12li12li-12li-,---,[],"td CAM-B3LYP/6-31g(d,p)",-5.79303150963,0.330074086203,117,1.2651,-1531.1843807,3.7868,1.76666666667
/home/ccollins/allmols/O/opt/m06hf/cam/12fl12fl12fl-12fl.log,12fl12fl12fl-12fl,---,[],"td CAM-B3LYP/6-31g(d,p)",-5.83466492694,0.124628138072,117,4.4877,-1674.7812124,3.6955,1.26666666667
/home/ccollins/allmols/O/opt/m06hf/cam/12li12li-12li-12li.log,12li12li-12li-12li,---,[],"td CAM-B3LYP/6-31g(d,p)",-5.74650004324,0.321366443369,117,1.5076,-1531.1841281,3.7249,1.65
/home/ccollins/allmols/O/opt/m06hf/cam/12af12af-12af12af.log,12af12af-12af12af,---,[],"td CAM-B3LYP/6-31g(d,p)",-5.79221516812,0.125444479588,85,3.2442,-1216.8834716,3.6813,0.466666666667
/home/ccollins/allmols/O/opt/m06hf/cam/4af4af4af.log,4af4af4af,---,[],"td CAM-B3LYP/6-31g(d,p)",-6.82434295787,0.449259947504,73,4.3774,-919.5668363,4.7364,0.7
/home/ccollins/allmols/O/opt/m06hf/cam/12fa12fa12fa.log,12fa12fa12fa,---,[],"td CAM-B3LYP/6-31g(d,p)",-5.76854126416,0.55565645839,64,5.5960,-912.9533764,4.0476,0.283333333333
/home/ccollins/allmols/O/opt/m06hf/cam/12fl12fl-.log,12fl12fl-,---,[],"td CAM-B3LYP/6-31g(d,p)",-6.10514608249,1.07593811776,59,3.5484,-837.9670766,4.6861,0.266666666667
/home/ccollins/allmols/O/opt/m06hf/cam/12li12li-12li12li.log,12li12li-12li12li,---,[],"td CAM-B3LYP/6-31g(d,p)",-5.71765597635,0.268576358683,117,1.2436,-1531.1863688,3.6813,1.43333333333
/home/ccollins/allmols/O/opt/m06hf/cam/4ii.log,4ii,---,[],"td CAM-B3LYP/6-31g(d,p)",-7.5614993466,1.5042452997,29,0.0812,-310.7041028,5.4673,0.1
/home/ccollins/allmols/O/opt/m06hf/cam/4ae4ae-4ae-4ae.log,4ae4ae-4ae-4ae,---,[],"td CAM-B3LYP/6-31g(d,p)",-7.22815989433,-0.132519439391,105,1.5527,-1229.2921134,4.7087,1.98333333333
/home/ccollins/allmols/O/opt/m06hf/cam/4le4le-4le-4le-.log,4le4le-4le-4le-,---,[],"td CAM-B3LYP/6-31g(d,p)",-6.66896595604,0.197826760651,137,3.7164,-1687.2058283,4.4660,3.21666666667
/home/ccollins/allmols/O/opt/m06hf/cam/12ff12ff-12ff12ff.log,12ff12ff-12ff12ff,---,[],"td CAM-B3LYP/6-31g(d,p)",-5.49506685638,0.383680512405,101,6.0557,-1517.6704561,3.6462,0.816666666667
/home/ccollins/allmols/O/opt/m06hf/cam/4fa4fa-4fa-4fa.log,4fa4fa-4fa-4fa,---,[],"td CAM-B3LYP/6-31g(d,p)",-6.81373051817,0.292522376479,97,2.7269,-1225.6994806,4.6110,1.35
/home/ccollins/allmols/O/opt/m06hf/cam/4if4if-.log,4if4if-,---,[],"td CAM-B3LYP/6-31g(d,p)",-6.95414125888,1.06886315796,57,1.1838,-692.0277603,5.1198,0.5
/home/ccollins/allmols/O/opt/m06hf/cam/12ii12ii.log,12ii12ii,---,[],"td CAM-B3LYP/6-31g(d,p)",-6.67794571271,1.43567261237,51,1.6961,-615.826893,5.3473,0.416666666667
/home/ccollins/allmols/O/opt/m06hf/cam/12il12il12il12il-.log,12il12il12il12il-,---,[],"td CAM-B3LYP/6-31g(d,p)",-5.90078858971,0.422592791322,117,3.8126,-1531.1810306,3.9437,1.35
/home/ccollins/allmols/O/opt/m06hf/cam/12le12le12le12le-.log,12le12le12le12le-,---,[],"td CAM-B3LYP/6-31g(d,p)",-6.08201640621,-0.0742870779337,125,4.4108,-1678.3914649,3.6789,2.26666666667
/home/ccollins/allmols/O/opt/m06hf/cam/12ff12ff-12ff-12ff-.log,12ff12ff-12ff-12ff-,---,[],"td CAM-B3LYP/6-31g(d,p)",-5.70377817058,0.100954234115,101,4.9524,-1517.6795789,3.6014,0.983333333333
/home/ccollins/allmols/O/opt/m06hf/cam/111111-11.log,111111-11,---,[],"td CAM-B3LYP/6-31g(d,p)",-8.57730030604,-2.51242707165,29,3.1106,-454.261028,1.9045,0.0333333333333
/home/ccollins/allmols/O/opt/m06hf/cam/4ai4ai-.log,4ai4ai-,---,[],"td CAM-B3LYP/6-31g(d,p)",-7.55333593144,1.01362404873,49,0.5151,-541.6287252,5.3997,0.333333333333
/home/ccollins/allmols/O/opt/m06hf/cam/4ie4ie-.log,4ie4ie-,---,[],"td CAM-B3LYP/6-31g(d,p)",-7.42027226437,0.450076289019,61,1.5078,-693.8300788,5.1320,0.633333333333
/home/ccollins/allmols/O/opt/m06hf/cam/4ae4ae-4ae4ae.log,4ae4ae-4ae4ae,---,[],"td CAM-B3LYP/6-31g(d,p)",-7.22625509746,-0.125988707265,105,1.5547,-1229.2921928,4.7037,2.03333333333
/home/ccollins/allmols/O/opt/m06hf/cam/4li4li-4li-4li-.log,4li4li-4li-4li-,---,[],"td CAM-B3LYP/6-31g(d,p)",-6.65263912572,0.855525908511,129,3.4394,-1539.9801123,4.8536,3.1
/home/ccollins/allmols/O/opt/m06hf/cam/12lf12lf12lf-12lf-.log,12lf12lf12lf-12lf-,---,[],"td 6-31g(d,p) CAM-B3LYP",-5.90242127275,0.0761918748038,117,2.9654,-1674.7753379,3.6848,1.4
/home/ccollins/allmols/O/opt/m06hf/cam/12fi12fi12fi.log,12fi12fi12fi,---,[],"td CAM-B3LYP/6-31g(d,p)",-5.98677656271,0.835933712133,76,4.7258,-1030.8383346,4.3754,0.666666666667
/home/ccollins/allmols/O/opt/m06hf/cam/12la12la12la-12la.log,12la12la12la-12la,---,[],"td CAM-B3LYP/6-31g(d,p)",-5.63574971093,0.290889693447,101,1.9895,-1373.9890926,3.6576,0.816666666667
/home/ccollins/allmols/O/opt/m06hf/cam/12ff12ff-12ff-12ff.log,12ff12ff-12ff-12ff,---,[],"td CAM-B3LYP/6-31g(d,p)",-5.53479547682,0.312114572857,101,0.3105,-1517.6687044,3.6035,0.9
/home/ccollins/allmols/O/opt/m06hf/cam/12ff12ff-12ff.log,12ff12ff-12ff,---,[],"td CAM-B3LYP/6-31g(d,p)",-5.78867768822,0.597289875694,76,3.2214,-1138.5434893,4.0225,0.466666666667
/home/ccollins/allmols/O/opt/m06hf/cam/12ai.log,12ai,---,[],"td CAM-B3LYP/6-31g(d,p)",-7.49129397624,2.20983648315,22,0.8803,-269.207678,6.6820,0.05
/home/ccollins/allmols/O/opt/m06hf/cam/12ea.log,12ea,---,[],"td CAM-B3LYP/6-31g(d,p)",-7.63524219685,1.26886682932,24,0.4086,-306.0128581,6.0250,0.0333333333333
/home/ccollins/allmols/O/opt/m06hf/cam/12le12le-12le-12le-.log,12le12le-12le-12le-,---,[],"td CAM-B3LYP/6-31g(d,p)",-6.11956811594,-0.272930180101,125,2.0583,-1678.3936669,3.5528,1.9
/home/ccollins/allmols/O/opt/m06hf/cam/4aa4aa-4aa-4aa.log,4aa4aa-4aa-4aa,---,[],"td CAM-B3LYP/6-31g(d,p)",-7.03631963813,0.186397979431,81,0.0006,-924.8984142,4.8101,0.75
/home/ccollins/allmols/O/opt/m06hf/cam/4fe4fe4fe-4fe.log,4fe4fe4fe-4fe,---,[],"td CAM-B3LYP/6-31g(d,p)",-6.97291711374,0.0138778057678,121,1.4655,-1530.0926082,4.5858,3.08333333333
/home/ccollins/allmols/O/opt/m06hf/cam/12lf12lf12lf12lf.log,12lf12lf12lf12lf,---,[],"td CAM-B3LYP/6-31g(d,p)",-5.6651380055,0.338781729038,117,6.7516,-1674.7897021,3.7233,1.3
/home/ccollins/allmols/O/opt/m06hf/cam/12lf12lf.log,12lf12lf,---,[],"td CAM-B3LYP/6-31g(d,p)",-6.31793910426,1.07430543473,59,2.6983,-837.9779561,4.8067,0.316666666667
/home/ccollins/allmols/O/opt/m06hf/cam/12fa12fa.log,12fa12fa,---,[],"td CAM-B3LYP/6-31g(d,p)",-6.25834617361,0.99022225861,43,4.1036,-609.0276487,4.7602,0.133333333333
/home/ccollins/allmols/O/opt/m06hf/cam/12ei12ei12ei-12ei-.log,12ei12ei12ei-12ei-,---,[],"td CAM-B3LYP/6-31g(d,p)",-6.29372097263,-0.115104153721,109,1.3288,-1377.7004442,3.8291,1.75
/home/ccollins/allmols/O/opt/m06hf/cam/12ei.log,12ei,---,[],"td CAM-B3LYP/6-31g(d,p)",-7.53211105203,1.32056845865,28,0.6809,-345.3102162,5.9910,0.05
/home/ccollins/allmols/O/opt/m06hf/cam/4af4af-4af4af-.log,4af4af-4af4af-,---,[],"td CAM-B3LYP/6-31g(d,p)",-6.79577100482,0.285175302837,97,2.9053,-1225.6958755,4.5760,1.71666666667
/home/ccollins/allmols/O/opt/m06hf/cam/12ei12ei12ei12ei-.log,12ei12ei12ei12ei-,---,[],"td CAM-B3LYP/6-31g(d,p)",-6.3541302448,-0.0625861828745,109,0.9824,-1377.6994746,3.8891,1.46666666667
/home/ccollins/allmols/O/opt/m06hf/cam/12li12li12li12li-.log,12li12li12li12li-,---,[],"td CAM-B3LYP/6-31g(d,p)",-5.76201053204,0.3229991264,117,1.4946,-1531.1843492,3.7401,1.58333333333
/home/ccollins/allmols/O/opt/m06hf/cam/12if12if-.log,12if12if-,---,[],"td CAM-B3LYP/6-31g(d,p)",-6.28174796373,0.995120307705,51,1.8215,-687.629133,4.7444,0.266666666667
/home/ccollins/allmols/O/opt/m06hf/cam/12ea12ea12ea12ea.log,12ea12ea12ea12ea,---,[],"td CAM-B3LYP/6-31g(d,p)",-6.30378918466,-0.46531466398,93,0.6373,-1220.5154183,3.6031,0.783333333333
/home/ccollins/allmols/O/opt/m06hf/cam/12aa12aa12aa12aa.log,12aa12aa12aa12aa,---,[],"td CAM-B3LYP/6-31g(d,p)",-6.02650518314,0.137689602324,69,0.7296,-916.1059161,3.8522,0.366666666667
/home/ccollins/allmols/O/opt/m06hf/cam/4ei4ei.log,4ei4ei,---,[],"td CAM-B3LYP/6-31g(d,p)",-7.42027226437,0.450076289019,61,1.5078,-693.8300793,5.1320,0.633333333333
/home/ccollins/allmols/O/opt/m06hf/cam/12ai12ai-12ai-12ai.log,12ai12ai-12ai-12ai,---,[],"td CAM-B3LYP/6-31g(d,p)",-5.91657119235,0.322182784885,85,0.3237,-1073.2972495,3.8725,0.65
/home/ccollins/allmols/O/opt/m06hf/cam/12ie.log,12ie,---,[],"td CAM-B3LYP/6-31g(d,p)",-7.53211105203,1.32002423098,28,0.6818,-345.3102324,5.9907,0.05
/home/ccollins/allmols/O/opt/m06hf/cam/4ff4ff4ff-4ff.log,4ff4ff4ff-4ff,---,[],"td CAM-B3LYP/6-31g(d,p)",-6.47848626903,0.270481155553,113,0.6896,-1526.4927024,4.2868,1.81666666667
/home/ccollins/allmols/O/opt/m06hf/cam/4fa4fa-.log,4fa4fa-,---,[],"td CAM-B3LYP/6-31g(d,p)",-7.23305794343,0.659876058568,49,1.5358,-613.4439641,5.0337,0.283333333333
/home/ccollins/allmols/O/opt/m06hf/cam/4ea4ea-4ea4ea-.log,4ea4ea-4ea4ea-,---,[],"td CAM-B3LYP/6-31g(d,p)",-7.22026859301,-0.124356024233,105,1.5654,-1229.292311,4.7031,2.11666666667
/home/ccollins/allmols/O/opt/m06hf/cam/4af4af.log,4af4af,---,[],"td CAM-B3LYP/6-31g(d,p)",-7.06679638805,0.738244844081,49,2.8580,-613.4402711,5.0196,0.233333333333
/home/ccollins/allmols/O/opt/m06hf/cam/4lf4lf-4lf-4lf-.log,4lf4lf-4lf-4lf-,---,[],"td CAM-B3LYP/6-31g(d,p)",-6.14079299535,0.399463115043,129,7.1602,-1683.5995599,4.2179,2.76666666667
/home/ccollins/allmols/O/opt/m06hf/cam/1111-11-11-.log,1111-11-11-,---,[],"td CAM-B3LYP/6-31g(d,p)",-8.8796187807,-2.66345025207,29,3.4137,-454.2576436,2.0409,0.0333333333333
/home/ccollins/allmols/O/opt/m06hf/cam/4ie4ie-4ie.log,4ie4ie-4ie,---,[],"td CAM-B3LYP/6-31g(d,p)",-7.37265234262,0.349394168743,91,2.4843,-1040.1499069,5.0462,2.11666666667
/home/ccollins/allmols/O/opt/m06hf/cam/12fi12fi-12fi-12fi.log,12fi12fi-12fi-12fi,---,[],"td CAM-B3LYP/6-31g(d,p)",-5.76119419052,0.487083771067,101,4.2422,-1374.0727331,3.8869,1.11666666667
/home/ccollins/allmols/O/opt/m06hf/cam/4ia4ia4ia-4ia-.log,4ia4ia4ia-4ia-,---,[],"td CAM-B3LYP/6-31g(d,p)",-7.21727534079,0.64218865906,97,1.1188,-1082.0684829,5.2425,1.85
/home/ccollins/allmols/O/opt/m06hf/cam/12ei12ei.log,12ei12ei,---,[],"td CAM-B3LYP/6-31g(d,p)",-6.91495686612,0.522458570083,55,1.1401,-689.4394387,4.8066,0.516666666667
/home/ccollins/allmols/O/opt/m06hf/cam/4ii4ii4ii4ii.log,4ii4ii4ii4ii,---,[],"td CAM-B3LYP/6-31g(d,p)",-7.49700836685,1.23321991647,113,0.0861,-1239.2451754,5.3848,2.91666666667
/home/ccollins/allmols/O/opt/m06hf/cam/12la12la.log,12la12la,---,[],"td CAM-B3LYP/6-31g(d,p)",-6.37018496127,1.00083469832,51,1.2263,-687.581338,4.7595,0.2
/home/ccollins/allmols/O/opt/m06hf/cam/1111-1111.log,1111-1111,---,[],"td CAM-B3LYP/6-31g(d,p)",-8.57784453371,-2.51215495782,29,3.1099,-454.2610288,1.9050,0.0333333333333
/home/ccollins/allmols/O/opt/m06hf/cam/12fa12fa-12fa.log,12fa12fa-12fa,---,[],"td CAM-B3LYP/6-31g(d,p)",-5.915482737,0.460960842563,64,4.5569,-912.9601323,4.0434,0.35
/home/ccollins/allmols/O/opt/m06hf/cam/12ia12ia12ia12ia-.log,12ia12ia12ia12ia-,---,[],"td CAM-B3LYP/6-31g(d,p)",-5.95385078824,0.393476610594,85,1.3389,-1073.2940918,3.9613,0.716666666667
/home/ccollins/allmols/O/opt/m06hf/cam/12fl12fl-12fl12fl-.log,12fl12fl-12fl12fl-,---,[],"td CAM-B3LYP/6-31g(d,p)",-5.68799556794,0.217963184707,117,5.1645,-1674.7806156,3.6082,1.46666666667
/home/ccollins/allmols/O/opt/m06hf/cam/12af12af.log,12af12af,---,[],"td CAM-B3LYP/6-31g(d,p)",-6.4803910659,0.882193064692,43,1.4001,-609.0263373,4.8275,0.1
/home/ccollins/allmols/O/opt/m06hf/cam/12ae12ae-12ae12ae.log,12ae12ae-12ae12ae,---,[],"td CAM-B3LYP/6-31g(d,p)",-6.31195259982,-0.462593525594,93,0.9219,-1220.5155478,3.5811,0.85
/home/ccollins/allmols/O/opt/m06hf/cam/4fi4fi4fi.log,4fi4fi4fi,---,[],"td CAM-B3LYP/6-31g(d,p)",-6.78216531289,0.717019964671,85,4.5964,-1037.4438126,4.8290,1.23333333333
/home/ccollins/allmols/O/opt/m06hf/cam/12ll12ll-12ll.log,12ll12ll-12ll,---,[],"td CAM-B3LYP/6-31g(d,p)",-6.42487984283,0.848995176385,100,2.7549,-1374.2023026,4.6845,1.2
/home/ccollins/allmols/O/opt/m06hf/cam/4lf4lf-.log,4lf4lf-,---,[],"td CAM-B3LYP/6-31g(d,p)",-6.4839285458,1.07158429635,65,2.5396,-842.3911381,4.7530,0.55
/home/ccollins/allmols/O/opt/m06hf/cam/4if4if-4if.log,4if4if-4if,---,[],"td CAM-B3LYP/6-31g(d,p)",-6.91849434602,0.808178100597,85,2.5272,-1037.4512607,4.9486,1.41666666667
/home/ccollins/allmols/O/opt/m06hf/cam/12el12el-.log,12el12el-,---,[],"td CAM-B3LYP/6-31g(d,p)",-6.38270219785,0.45198108589,63,2.0839,-839.7886905,4.3736,0.35
/home/ccollins/allmols/O/opt/m06hf/cam/12fl12fl-12fl-12fl.log,12fl12fl-12fl-12fl,---,[],"td CAM-B3LYP/6-31g(d,p)",-5.61289214849,0.314563597404,117,4.1741,-1674.7824219,3.6398,1.36666666667
/home/ccollins/allmols/O/opt/m06hf/cam/4fa4fa-4fa.log,4fa4fa-4fa,---,[],"td CAM-B3LYP/6-31g(d,p)",-6.89536466974,0.489532795614,73,2.4695,-919.5698918,4.7452,0.7
/home/ccollins/allmols/O/opt/m06hf/cam/12el12el.log,12el12el,---,[],"td CAM-B3LYP/6-31g(d,p)",-6.83713230828,0.351571079452,63,1.8130,-839.78602,4.5950,0.466666666667
/home/ccollins/allmols/O/opt/m06hf/cam/4aa4aa-4aa-4aa-.log,4aa4aa-4aa-4aa-,---,[],"td CAM-B3LYP/6-31g(d,p)",-7.03604752429,0.186397979431,81,0.0006,-924.898415,4.8099,0.833333333333
/home/ccollins/allmols/O/opt/m06hf/cam/12al12al-12al-12al.log,12al12al-12al-12al,---,[],"td CAM-B3LYP/6-31g(d,p)",-5.66051207024,0.338781729038,101,2.6715,-1373.987835,3.6772,0.833333333333
/home/ccollins/allmols/O/opt/m06hf/cam/12af12af-12af.log,12af12af-12af,---,[],"td CAM-B3LYP/6-31g(d,p)",-6.00854566979,0.364632543704,64,2.1944,-912.9597135,4.0261,0.416666666667
/home/ccollins/allmols/O/opt/m06hf/cam/12ea12ea.log,12ea12ea,---,[],"td CAM-B3LYP/6-31g(d,p)",-6.87876572559,0.177690336596,47,0.6541,-610.8468337,4.5477,0.183333333333
/home/ccollins/allmols/O/opt/m06hf/cam/12il12il-12il.log,12il12il-12il,---,[],"td CAM-B3LYP/6-31g(d,p)",-6.00038225464,0.486267429551,88,3.8027,-1148.6797489,4.0712,0.816666666667
/home/ccollins/allmols/O/opt/m06hf/cam/12le12le-12le12le-.log,12le12le-12le12le-,---,[],"td CAM-B3LYP/6-31g(d,p)",-6.12773153109,-0.359462380771,125,1.9564,-1678.3972597,3.4877,2.0
/home/ccollins/allmols/O/opt/m06hf/cam/4ef4ef-4ef-4ef.log,4ef4ef-4ef-4ef,---,[],"td CAM-B3LYP/6-31g(d,p)",-6.87794938407,-0.0258508146656,121,3.6442,-1530.0958088,4.5287,2.26666666667
/home/ccollins/allmols/O/opt/m06hf/cam/12fl12fl12fl12fl.log,12fl12fl12fl12fl,---,[],"td CAM-B3LYP/6-31g(d,p)",-5.78350752528,0.204629606616,117,7.3772,-1674.788653,3.7129,1.13333333333
/home/ccollins/allmols/O/opt/m06hf/cam/4aa4aa4aa.log,4aa4aa4aa,---,[],"td CAM-B3LYP/6-31g(d,p)",-7.17509769581,0.359734494609,61,0.0001,-693.9701634,5.0502,0.5
/home/ccollins/allmols/O/opt/m06hf/cam/12ae12ae.log,12ae12ae,---,[],"td CAM-B3LYP/6-31g(d,p)",-6.87876572559,0.177418222757,47,0.6539,-610.8468347,4.5477,0.166666666667
/home/ccollins/allmols/O/opt/m06hf/cam/4ia4ia-.log,4ia4ia-,---,[],"td CAM-B3LYP/6-31g(d,p)",-7.55333593144,1.01362404873,49,0.5151,-541.6287252,5.3997,0.316666666667
/home/ccollins/allmols/O/opt/m06hf/cam/12ll12ll-12ll-12ll-.log,12ll12ll-12ll-12ll-,---,[],"td CAM-B3LYP/6-31g(d,p)",-6.05045120094,0.756748585105,133,3.5196,-1831.8750999,4.2909,1.9
/home/ccollins/allmols/O/opt/m06hf/cam/4ea4ea-.log,4ea4ea-,---,[],"td CAM-B3LYP/6-31g(d,p)",-7.50435544049,0.226670827541,53,0.7727,-615.2404229,5.0612,0.4
/home/ccollins/allmols/O/opt/m06hf/cam/111111-.log,111111-,---,[],"td CAM-B3LYP/6-31g(d,p)",-8.69839096421,-2.24738819287,22,2.0107,-340.9940512,2.0886,0.0166666666667
/home/ccollins/allmols/O/opt/m06hf/cam/12ae12ae-12ae-12ae-.log,12ae12ae-12ae-12ae-,---,[],"td CAM-B3LYP/6-31g(d,p)",-6.31249682749,-0.457967590338,93,0.4174,-1220.5151673,3.5663,0.733333333333
/home/ccollins/allmols/O/opt/m06hf/cam/4le4le-.log,4le4le-,---,[],"td CAM-B3LYP/6-31g(d,p)",-6.94761052675,0.609262884592,69,2.1984,-844.19876,4.8535,0.6
/home/ccollins/allmols/O/opt/m06hf/cam/4fe4fe4fe4fe-.log,4fe4fe4fe4fe-,---,[],"td CAM-B3LYP/6-31g(d,p)",-6.97672670748,-0.109389763111,121,3.0335,-1530.0934257,4.5003,2.76666666667
/home/ccollins/allmols/O/opt/m06hf/cam/12al12al12al.log,12al12al12al,---,[],"td CAM-B3LYP/6-31g(d,p)",-5.62976320648,0.571439061028,76,5.3755,-1030.7948811,3.9428,0.516666666667
/home/ccollins/allmols/O/opt/m06hf/cam/12el12el-12el.log,12el12el-12el,---,[],"td CAM-B3LYP/6-31g(d,p)",-6.39059349917,-0.198915216006,94,1.2502,-1259.0900214,3.8131,1.06666666667
/home/ccollins/allmols/O/opt/m06hf/cam/12fl12fl-12fl12fl.log,12fl12fl-12fl12fl,---,[],"td CAM-B3LYP/6-31g(d,p)",-6.07548567409,0.581779386895,117,7.1088,-1674.7655336,4.2686,1.36666666667
/home/ccollins/allmols/O/opt/m06hf/cam/12ff12ff12ff12ff.log,12ff12ff12ff12ff,---,[],"td CAM-B3LYP/6-31g(d,p)",-5.48799189658,0.334700021459,101,7.3816,-1517.6765175,3.6345,0.833333333333
/home/ccollins/allmols/O/opt/m06hf/cam/12fi.log,12fi,---,[],"td CAM-B3LYP/6-31g(d,p)",-7.12475663567,2.24956510358,26,2.3651,-344.3991372,6.3787,0.05
/home/ccollins/allmols/O/opt/m06hf/cam/12ef12ef-12ef12ef.log,12ef12ef-12ef12ef,---,[],"td CAM-B3LYP/6-31g(d,p)",-6.01834176798,-0.409803440909,109,3.5942,-1521.301763,3.3734,0.916666666667
/home/ccollins/allmols/O/opt/m06hf/cam/4if4if4if.log,4if4if4if,---,[],"td CAM-B3LYP/6-31g(d,p)",-6.78270954057,0.719468989219,85,4.5988,-1037.4438211,4.8309,1.1
/home/ccollins/allmols/O/opt/m06hf/cam/4ff4ff-4ff-4ff.log,4ff4ff-4ff-4ff,---,[],"td CAM-B3LYP/6-31g(d,p)",-6.63331904318,0.234834242699,113,1.1918,-1526.5007417,4.3094,2.23333333333
/home/ccollins/allmols/O/opt/m06hf/cam/4ai4ai4ai-4ai.log,4ai4ai4ai-4ai,---,[],"td CAM-B3LYP/6-31g(d,p)",-7.16557371146,0.579058248509,97,1.2105,-1082.0686656,5.2001,1.75
/home/ccollins/allmols/O/opt/m06hf/cam/12ae12ae12ae-12ae.log,12ae12ae12ae-12ae,---,[],"td CAM-B3LYP/6-31g(d,p)",-6.33072845468,-0.487627998744,93,1.0813,-1220.5158737,3.5924,0.85
/home/ccollins/allmols/O/opt/m06hf/cam/12ll12ll.log,12ll12ll,---,[],"td CAM-B3LYP/6-31g(d,p)",-6.71114360102,1.4266928557,67,3.8083,-916.5276043,5.2884,0.633333333333
/home/ccollins/allmols/O/opt/m06hf/cam/1111-.log,1111-,---,[],"td CAM-B3LYP/6-31g(d,p)",-8.92587813326,-1.4302303356,15,0.0010,-227.7270666,2.7878,0.0
/home/ccollins/allmols/O/opt/m06hf/cam/4ia4ia4ia-4ia.log,4ia4ia4ia-4ia,---,[],"td CAM-B3LYP/6-31g(d,p)",-7.14625362892,0.557017027583,97,1.1167,-1082.0688337,5.1614,1.7
/home/ccollins/allmols/O/opt/m06hf/cam/12if12if-12if.log,12if12if-12if,---,[],"td CAM-B3LYP/6-31g(d,p)",-5.82024289349,0.592391826599,76,1.5977,-1030.8505531,4.0207,0.583333333333
/home/ccollins/allmols/O/opt/m06hf/cam/12lf12lf12lf-12lf.log,12lf12lf12lf-12lf,---,[],"td CAM-B3LYP/6-31g(d,p)",-5.65044385822,0.293066604156,117,3.7101,-1674.7811636,3.6513,1.36666666667
/home/ccollins/allmols/O/opt/m06hf/cam/4ee.log,4ee,---,[],"td CAM-B3LYP/6-31g(d,p)",-7.55115902073,-0.0740149640951,33,0.0002,-384.315415,5.0330,0.116666666667
/home/ccollins/allmols/O/opt/m06hf/cam/12fi12fi12fi12fi-.log,12fi12fi12fi12fi-,---,[],"td CAM-B3LYP/6-31g(d,p)",-5.73153378211,0.453613768921,101,4.6007,-1374.071459,3.8397,1.08333333333
/home/ccollins/allmols/O/opt/m06hf/cam/12if12if-12if-12if.log,12if12if-12if-12if,---,[],"td CAM-B3LYP/6-31g(d,p)",-5.54976173794,0.382319943212,101,3.2353,-1374.0736778,3.6350,1.05
/home/ccollins/allmols/O/opt/m06hf/cam/4aa4aa-4aa4aa.log,4aa4aa-4aa4aa,---,[],"td CAM-B3LYP/6-31g(d,p)",-7.07332712018,0.211704566419,81,0.0002,-924.8982507,4.8534,1.06666666667
/home/ccollins/allmols/O/opt/m06hf/cam/12fl12fl12fl.log,12fl12fl12fl,---,[],"td CAM-B3LYP/6-31g(d,p)",-6.01834176798,0.411708237779,88,5.6712,-1256.3830525,4.0690,0.766666666667
/home/ccollins/allmols/O/opt/m06hf/cam/12aa12aa12aa-12aa.log,12aa12aa12aa-12aa,---,[],"td CAM-B3LYP/6-31g(d,p)",-6.08011160934,0.0922465912803,69,0.8369,-916.1124011,3.8582,0.35
/home/ccollins/allmols/O/opt/m06hf/cam/12ia12ia12ia.log,12ia12ia12ia,---,[],"td CAM-B3LYP/6-31g(d,p)",-6.2956257695,0.715931509317,64,1.4112,-805.2624574,4.4992,0.35
/home/ccollins/allmols/O/opt/m06hf/cam/12lf12lf-12lf12lf-.log,12lf12lf-12lf12lf-,---,[],"td CAM-B3LYP/6-31g(d,p)",-5.68826768178,0.192112370041,117,4.6596,-1674.7773914,3.6089,1.33333333333
/home/ccollins/allmols/O/opt/m06hf/cam/4ie4ie-4ie-4ie-.log,4ie4ie-4ie-4ie-,---,[],"td CAM-B3LYP/6-31g(d,p)",-7.34380827573,0.317012621951,121,2.9346,-1386.4698471,5.0291,3.66666666667
/home/ccollins/allmols/O/opt/m06hf/cam/12ea12ea12ea-12ea-.log,12ea12ea12ea-12ea-,---,[],"td CAM-B3LYP/6-31g(d,p)",-6.3075987784,-0.460960842563,93,0.9261,-1220.515265,3.6036,0.8
/home/ccollins/allmols/O/opt/m06hf/cam/4ff4ff-4ff-4ff-.log,4ff4ff-4ff-4ff-,---,[],"td CAM-B3LYP/6-31g(d,p)",-6.77917206067,0.0778245578353,113,1.4191,-1526.5000551,4.2660,1.91666666667
/home/ccollins/allmols/O/opt/m06hf/cam/12fe12fe-12fe12fe.log,12fe12fe-12fe12fe,---,[],"td CAM-B3LYP/6-31g(d,p)",-5.89072037769,-0.323271240239,109,5.7374,-1521.2951185,3.3912,1.06666666667
/home/ccollins/allmols/O/opt/m06hf/cam/4if.log,4if,---,[],"td CAM-B3LYP/6-31g(d,p)",-7.1503353365,1.38886903214,29,1.3276,-346.6086042,5.2477,0.0833333333333
/home/ccollins/allmols/O/opt/m06hf/cam/12la12la-12la.log,12la12la-12la,---,[],"td CAM-B3LYP/6-31g(d,p)",-5.84663793584,0.475927103685,76,1.3972,-1030.7928448,3.9614,0.483333333333
/home/ccollins/allmols/O/opt/m06hf/cam/12ee12ee12ee-12ee-.log,12ee12ee12ee-12ee-,---,[],"td CAM-B3LYP/6-31g(d,p)",-6.62107392045,-0.699604679002,117,0.0447,-1524.9046279,3.6293,1.33333333333
/home/ccollins/allmols/O/opt/m06hf/cam/12ea12ea12ea12ea-.log,12ea12ea12ea12ea-,---,[],"td CAM-B3LYP/6-31g(d,p)",-6.31576219356,-0.456607021145,93,0.3860,-1220.5151358,3.5674,0.8
/home/ccollins/allmols/O/opt/m06hf/cam/12ia12ia-12ia-12ia-.log,12ia12ia-12ia-12ia-,---,[],"td CAM-B3LYP/6-31g(d,p)",-5.97153818775,0.399463115043,85,1.0577,-1073.2935337,3.9918,0.666666666667
/home/ccollins/allmols/O/opt/m06hf/cam/12fl12fl.log,12fl12fl,---,[],"td CAM-B3LYP/6-31g(d,p)",-5.95058542217,1.2193421107,59,4.6760,-837.9511376,4.6840,0.383333333333
/home/ccollins/allmols/O/opt/m06hf/cam/12ef12ef-12ef-12ef-.log,12ef12ef-12ef-12ef-,---,[],"td 6-31g(d,p) CAM-B3LYP",-6.09562209814,-0.445178239925,109,4.7317,-1521.296277,3.4542,1.21666666667
/home/ccollins/allmols/O/opt/m06hf/cam/4la4la-4la-4la-.log,4la4la-4la-4la-,---,[],"td CAM-B3LYP/6-31g(d,p)",-6.53018789836,0.431028320319,113,3.5730,-1382.8091479,4.5330,2.45
/home/ccollins/allmols/O/opt/m06hf/cam/12if12if-12if12if.log,12if12if-12if12if,---,[],"td CAM-B3LYP/6-31g(d,p)",-5.70513873977,0.404089050299,101,2.3862,-1374.0732404,3.7701,1.06666666667
/home/ccollins/allmols/O/opt/m06hf/cam/4if4if4if-4if.log,4if4if4if-4if,---,[],"td CAM-B3LYP/6-31g(d,p)",-6.79060084189,0.711033460222,113,4.1690,-1382.8688754,4.8467,2.73333333333
/home/ccollins/allmols/O/opt/m06hf/cam/12ei12ei-.log,12ei12ei-,---,[],"td CAM-B3LYP/6-31g(d,p)",-6.64719684895,0.32490392327,55,0.8220,-689.4412346,4.4885,0.45
/home/ccollins/allmols/O/opt/m06hf/cam/4ea4ea4ea.log,4ea4ea4ea,---,[],"td CAM-B3LYP/6-31g(d,p)",-7.35006689402,-0.014422033445,79,1.2365,-922.2660691,4.8702,1.11666666667
/home/ccollins/allmols/O/opt/m06hf/cam/12ai12ai-12ai12ai-.log,12ai12ai-12ai12ai-,---,[],"td CAM-B3LYP/6-31g(d,p)",-5.84473313897,0.248439934628,85,0.2484,-1073.2988831,3.7696,0.633333333333
/home/ccollins/allmols/O/opt/m06hf/cam/12aa12aa-12aa.log,12aa12aa-12aa,---,[],"td CAM-B3LYP/6-31g(d,p)",-6.31494585204,0.340686525908,52,0.5911,-687.3803793,4.2416,0.166666666667
/home/ccollins/allmols/O/opt/m06hf/cam/4aa.log,4aa,---,[],"td CAM-B3LYP/6-31g(d,p)",-8.18300735393,1.43703318157,21,0.0000,-232.1137732,5.6522,0.0333333333333
/home/ccollins/allmols/O/opt/m06hf/cam/12af12af12af.log,12af12af12af,---,[],"td CAM-B3LYP/6-31g(d,p)",-6.09779900885,0.38259205705,64,1.5022,-912.9498254,4.1343,0.366666666667
/home/ccollins/allmols/O/opt/m06hf/cam/12ie12ie-12ie-12ie.log,12ie12ie-12ie-12ie,---,[],"td CAM-B3LYP/6-31g(d,p)",-6.2229713746,-0.161363506281,109,1.3950,-1377.7031657,3.7035,1.53333333333
/home/ccollins/allmols/O/opt/m06hf/cam/4fa4fa-4fa4fa.log,4fa4fa-4fa4fa,---,[],"td CAM-B3LYP/6-31g(d,p)",-6.69808213677,0.349666282582,97,3.8510,-1225.6966163,4.5588,1.51666666667
/home/ccollins/allmols/O/opt/m06hf/cam/12fa12fa12fa-12fa-.log,12fa12fa12fa-12fa-,---,[],"td CAM-B3LYP/6-31g(d,p)",-5.93044899812,0.0707495980321,85,4.0297,-1216.8879133,3.7376,0.566666666667
/home/ccollins/allmols/O/opt/m06hf/cam/4ff.log,4ff,---,[],"td CAM-B3LYP/6-31g(d,p)",-6.81128149362,1.25226788517,29,0.0001,-382.5112859,4.9530,0.0666666666667
/home/ccollins/allmols/O/opt/m06hf/cam/4af4af4af4af-.log,4af4af4af4af-,---,[],"td CAM-B3LYP/6-31g(d,p)",-6.63522384005,0.32680872014,97,4.1972,-1225.6930224,4.5390,1.51666666667
/home/ccollins/allmols/O/opt/m06hf/cam/12ii12ii-12ii-12ii-.log,12ii12ii-12ii-12ii-,---,[],"td CAM-B3LYP/6-31g(d,p)",-6.04255989962,0.803280051503,101,1.4360,-1230.476474,4.3352,1.31666666667
/home/ccollins/allmols/O/opt/m06hf/cam/12le12le12le.log,12le12le12le,---,[],"td 6-31g(d,p) CAM-B3LYP",-6.42841732273,-0.080001468544,94,3.4266,-1259.0880148,3.9787,1.08333333333
/home/ccollins/allmols/O/opt/m06hf/cam/4ei4ei4ei-4ei.log,4ei4ei4ei-4ei,---,[],"td CAM-B3LYP/6-31g(d,p)",-7.35469282927,0.35184319329,121,3.2306,-1386.4696966,5.0390,3.53333333333
/home/ccollins/allmols/O/opt/m06hf/cam/12ie12ie.log,12ie12ie,---,[],"td CAM-B3LYP/6-31g(d,p)",-6.91495686612,0.522458570083,55,1.1400,-689.4394388,4.8066,0.55
/home/ccollins/allmols/O/opt/m06hf/cam/4af4af4af-4af-.log,4af4af4af-4af-,---,[],"td CAM-B3LYP/6-31g(d,p)",-6.64501993824,0.373340186538,97,2.4329,-1225.6960761,4.5391,1.58333333333
/home/ccollins/allmols/O/opt/m06hf/cam/4ll.log,4ll,---,[],"td CAM-B3LYP/6-31g(d,p)",-6.65291123956,1.3611134206,37,0.0000,-461.0708618,4.9511,0.183333333333
/home/ccollins/allmols/O/opt/m06hf/cam/12if12if12if12if.log,12if12if12if12if,---,[],"td CAM-B3LYP/6-31g(d,p)",-6.27957105302,0.633481016226,101,2.6257,-1374.0671933,4.3560,1.1
/home/ccollins/allmols/O/opt/m06hf/cam/4ei4ei-.log,4ei4ei-,---,[],"td CAM-B3LYP/6-31g(d,p)",-7.42027226437,0.449804175181,61,1.5075,-693.8300798,5.1318,0.633333333333
/home/ccollins/allmols/O/opt/m06hf/cam/12ae12ae12ae-12ae-.log,12ae12ae12ae-12ae-,---,[],"td CAM-B3LYP/6-31g(d,p)",-6.3075987784,-0.460960842563,93,0.9262,-1220.5152657,3.6036,0.8
/home/ccollins/allmols/O/opt/m06hf/cam/4fl.log,4fl,---,[],"td CAM-B3LYP/6-31g(d,p)",-6.74379726165,1.32220114168,33,2.5359,-421.7911858,4.9704,0.133333333333
/home/ccollins/allmols/O/opt/m06hf/cam/12ll12ll-12ll12ll-.log,12ll12ll-12ll12ll-,---,[],"td CAM-B3LYP/6-31g(d,p)",-5.82813419481,0.226398713703,133,2.9345,-1831.8787389,3.7312,1.75
/home/ccollins/allmols/O/opt/m06hf/cam/12el12el12el12el.log,12el12el12el12el,---,[],"td CAM-B3LYP/6-31g(d,p)",-6.26079519816,-0.149662611222,125,3.3521,-1678.3894318,3.7886,2.15
/home/ccollins/allmols/O/opt/m06hf/cam/22-.log,22-,---,[],"td CAM-B3LYP/6-31g(d,p)",-7.75252326128,0.631304105517,15,0.0893,-155.8907077,5.7488,0.0166666666667
/home/ccollins/allmols/O/opt/m06hf/cam/4fa4fa4fa4fa.log,4fa4fa4fa4fa,---,[],"td CAM-B3LYP/6-31g(d,p)",-6.66570058998,0.277284001518,97,5.9777,-1225.6936855,4.5378,1.45
/home/ccollins/allmols/O/opt/m06hf/cam/12il12il.log,12il12il,---,[],"td CAM-B3LYP/6-31g(d,p)",-6.61916912358,1.07430543473,59,2.6824,-766.1764579,5.0256,0.483333333333
/home/ccollins/allmols/O/opt/m06hf/cam/12fi12fi-.log,12fi12fi-,---,[],"td CAM-B3LYP/6-31g(d,p)",-6.28174796373,0.995120307705,51,1.8215,-687.629133,4.7444,0.266666666667
/home/ccollins/allmols/O/opt/m06hf/cam/4af4af-4af-4af.log,4af4af-4af-4af,---,[],"td CAM-B3LYP/6-31g(d,p)",-6.81373051817,0.292522376479,97,2.7269,-1225.6994805,4.6110,1.26666666667
/home/ccollins/allmols/O/opt/m06hf/cam/12ie12ie-12ie-12ie-.log,12ie12ie-12ie-12ie-,---,[],"td CAM-B3LYP/6-31g(d,p)",-6.35168122025,-0.064218865906,109,0.9686,-1377.699477,3.8853,1.81666666667
/home/ccollins/allmols/O/opt/m06hf/cam/4le.log,4le,---,[],"td CAM-B3LYP/6-31g(d,p)",-7.10870191919,0.89035647985,35,1.9542,-422.695258,5.1252,0.1
/home/ccollins/allmols/O/opt/m06hf/cam/12if12if.log,12if12if,---,[],"td CAM-B3LYP/6-31g(d,p)",-6.59277408124,1.24437658385,51,1.4359,-687.6225723,5.1088,0.266666666667
/home/ccollins/allmols/O/opt/m06hf/cam/12ei12ei-12ei-12ei.log,12ei12ei-12ei-12ei,---,[],"td CAM-B3LYP/6-31g(d,p)",-6.22133869157,-0.164356758505,109,1.3989,-1377.7031673,3.7001,1.6
/home/ccollins/allmols/O/opt/m06hf/cam/4ea4ea4ea4ea-.log,4ea4ea4ea4ea-,---,[],"td CAM-B3LYP/6-31g(d,p)",-7.22707143898,-0.134424236261,105,1.6650,-1229.2919922,4.7105,2.0
/home/ccollins/allmols/O/opt/m06hf/cam/12aa12aa.log,12aa12aa,---,[],"td CAM-B3LYP/6-31g(d,p)",-6.70352441354,0.833756801424,35,0.8723,-458.6428542,4.9659,0.0833333333333
/home/ccollins/allmols/O/opt/m06hf/cam/1111-1111-.log,1111-1111-,---,[],"td CAM-B3LYP/6-31g(d,p)",-8.65512486387,-2.03051346352,29,0.5337,-454.2666495,2.4059,0.0333333333333
/home/ccollins/allmols/O/opt/m06hf/cam/12la12la-.log,12la12la-,---,[],"td CAM-B3LYP/6-31g(d,p)",-6.20011381216,1.03974697723,51,1.9526,-687.5899352,4.7304,0.216666666667
/home/ccollins/allmols/O/opt/m06hf/cam/4af4af-4af.log,4af4af-4af,---,[],"td CAM-B3LYP/6-31g(d,p)",-6.89536466974,0.489532795614,73,2.4695,-919.5698919,4.7452,0.75
/home/ccollins/allmols/O/opt/m06hf/cam/12fa12fa-12fa12fa-.log,12fa12fa-12fa12fa-,---,[],"td CAM-B3LYP/6-31g(d,p)",-5.8104467953,0.0549669953942,85,4.4005,-1216.8927733,3.6437,0.55
/home/ccollins/allmols/O/opt/m06hf/cam/4ei4ei-4ei.log,4ei4ei-4ei,---,[],"td CAM-B3LYP/6-31g(d,p)",-7.37428502565,0.362727746834,91,2.4512,-1040.1499059,5.0482,2.13333333333
/home/ccollins/allmols/O/opt/m06hf/cam/12al12al12al12al.log,12al12al12al12al,---,[],"td CAM-B3LYP/6-31g(d,p)",-5.33451969162,0.360006608448,101,6.0765,-1374.0012668,3.5440,0.783333333333
/home/ccollins/allmols/O/opt/m06hf/cam/12le12le-12le.log,12le12le-12le,---,[],"td CAM-B3LYP/6-31g(d,p)",-6.24229145714,0.0745591917723,94,2.6522,-1259.0927367,3.8746,1.13333333333
/home/ccollins/allmols/O/opt/m06hf/cam/12ie12ie12ie-12ie.log,12ie12ie12ie-12ie,---,[],"td CAM-B3LYP/6-31g(d,p)",-6.19385519387,-0.202180582069,109,1.6923,-1377.7034474,3.6741,1.4
/home/ccollins/allmols/O/opt/m06hf/cam/4af4af4af4af.log,4af4af4af4af,---,[],"td CAM-B3LYP/6-31g(d,p)",-6.66570058998,0.277284001518,97,5.9785,-1225.6936845,4.5376,1.46666666667
/home/ccollins/allmols/O/opt/m06hf/cam/12ie12ie-12ie.log,12ie12ie-12ie,---,[],"td CAM-B3LYP/6-31g(d,p)",-6.31059203062,-0.0470756940752,82,1.2561,-1033.5733413,3.8738,0.783333333333
/home/ccollins/allmols/O/opt/m06hf/cam/4ae4ae-.log,4ae4ae-,---,[],"td CAM-B3LYP/6-31g(d,p)",-7.50435544049,0.226398713703,53,0.7727,-615.2404249,5.0611,0.483333333333
/home/ccollins/allmols/O/opt/m06hf/cam/12ai12ai-.log,12ai12ai-,---,[],"td CAM-B3LYP/6-31g(d,p)",-6.50379285602,1.01035868267,43,0.1522,-537.2378606,4.9310,0.15
/home/ccollins/allmols/O/opt/m06hf/cam/12el12el12el12el-.log,12el12el12el12el-,---,[],"td CAM-B3LYP/6-31g(d,p)",-6.16473901314,-0.183676841045,125,1.3183,-1678.3946059,3.6573,1.78333333333
/home/ccollins/allmols/O/opt/m06hf/cam/12ia.log,12ia,---,[],"td CAM-B3LYP/6-31g(d,p)",-7.49129397624,2.20983648315,22,0.8803,-269.207678,6.6820,0.05
/home/ccollins/allmols/O/opt/m06hf/cam/12al12al12al-12al-.log,12al12al12al-12al-,---,[],"td CAM-B3LYP/6-31g(d,p)",-5.48554287203,0.400551570397,101,4.3877,-1373.9927089,3.6611,0.766666666667
/home/ccollins/allmols/O/opt/m06hf/cam/12el12el12el.log,12el12el12el,---,[],"td CAM-B3LYP/6-31g(d,p)",-6.49535732702,0.00952398435047,94,2.7369,-1259.0884594,4.0797,0.933333333333
/home/ccollins/allmols/O/opt/m06hf/cam/12ai12ai12ai-12ai.log,12ai12ai12ai-12ai,---,[],"td CAM-B3LYP/6-31g(d,p)",-5.90269338658,0.310481889825,85,1.3124,-1073.296268,3.8659,0.716666666667
/home/ccollins/allmols/O/opt/m06hf/cam/12ll12ll12ll12ll.log,12ll12ll12ll12ll,---,[],"td 6-31g(d,p) CAM-B3LYP",-6.31929967346,0.887363227625,133,3.6962,-1831.8734269,4.5864,1.86666666667
/home/ccollins/allmols/O/opt/m06hf/cam/12il12il-12il-12il.log,12il12il-12il-12il,---,[],"td CAM-B3LYP/6-31g(d,p)",-5.80146703863,0.288168555061,117,2.6922,-1531.1795292,3.7365,1.48333333333
/home/ccollins/allmols/O/opt/m06hf/cam/12fe12fe-12fe.log,12fe12fe-12fe,---,[],"td 6-31g(d,p) CAM-B3LYP",-6.18161007113,-0.14231553758,82,3.8518,-1141.2673921,3.7290,0.633333333333
/home/ccollins/allmols/O/opt/m06hf/cam/12ia12ia12ia12ia.log,12ia12ia12ia12ia,---,[],"td CAM-B3LYP/6-31g(d,p)",-6.03167534607,0.468307916205,85,1.1269,-1073.2901972,4.0875,0.816666666667
/home/ccollins/allmols/O/opt/m06hf/cam/12fe12fe12fe-12fe.log,12fe12fe12fe-12fe,---,[],"td CAM-B3LYP/6-31g(d,p)",-5.98024583058,-0.40381693646,109,5.7892,-1521.2969463,3.3864,1.26666666667
/home/ccollins/allmols/O/opt/m06hf/cam/4ea4ea4ea-4ea-.log,4ea4ea4ea-4ea-,---,[],"td CAM-B3LYP/6-31g(d,p)",-7.23904444787,-0.121634885847,105,1.4633,-1229.2920038,4.7317,2.03333333333
/home/ccollins/allmols/O/opt/m06hf/cam/22-22-.log,22-22-,---,[],"td CAM-B3LYP/6-31g(d,p)",-7.13047102628,0.290889693447,29,0.1428,-310.5998672,4.8371,0.1
/home/ccollins/allmols/O/opt/m06hf/cam/12ai12ai12ai12ai-.log,12ai12ai12ai12ai-,---,[],"td CAM-B3LYP/6-31g(d,p)",-5.97181030158,0.399463115043,85,1.0577,-1073.2935308,3.9920,0.666666666667
/home/ccollins/allmols/O/opt/m06hf/cam/12ae12ae12ae12ae-.log,12ae12ae12ae12ae-,---,[],"td CAM-B3LYP/6-31g(d,p)",-6.31603430739,-0.48463474652,93,0.9303,-1220.5155072,3.5914,0.9
/home/ccollins/allmols/O/opt/m06hf/cam/12ee12ee-12ee12ee.log,12ee12ee-12ee12ee,---,[],"td CAM-B3LYP/6-31g(d,p)",-6.56311367283,-0.718652647703,117,0.1958,-1524.9073019,3.5477,1.51666666667
/home/ccollins/allmols/O/opt/m06hf/cam/12if12if12if12if-.log,12if12if12if12if-,---,[],"td CAM-B3LYP/6-31g(d,p)",-6.08881925218,0.403000594944,101,1.5973,-1374.0746846,4.0706,1.1
/home/ccollins/allmols/O/opt/m06hf/cam/12ai12ai12ai12ai.log,12ai12ai12ai12ai,---,[],"td CAM-B3LYP/6-31g(d,p)",-6.03249168759,0.46912425772,85,1.1261,-1073.2901939,4.0885,0.716666666667
/home/ccollins/allmols/O/opt/m06hf/cam/12ia12ia-12ia-12ia.log,12ia12ia-12ia-12ia,---,[],"td CAM-B3LYP/6-31g(d,p)",-5.91657119235,0.322182784885,85,0.3237,-1073.2972486,3.8725,0.683333333333
/home/ccollins/allmols/O/opt/m06hf/cam/4ff4ff-4ff4ff.log,4ff4ff-4ff4ff,---,[],"td CAM-B3LYP/6-31g(d,p)",-6.47249976458,0.283542619805,113,0.8104,-1526.4927053,4.2861,1.91666666667
/home/ccollins/allmols/O/opt/m06hf/cam/12ea12ea-12ea12ea-.log,12ea12ea-12ea12ea-,---,[],"td CAM-B3LYP/6-31g(d,p)",-6.33181691003,-0.487083771067,93,1.0420,-1220.5160646,3.5696,0.75
/home/ccollins/allmols/O/opt/m06hf/cam/12ia12ia12ia-12ia-.log,12ia12ia12ia-12ia-,---,[],"td CAM-B3LYP/6-31g(d,p)",-5.92936054277,0.372523845023,85,0.5418,-1073.2944209,3.9443,0.633333333333
/home/ccollins/allmols/O/opt/m06hf/cam/4fi4fi-4fi4fi.log,4fi4fi-4fi4fi,---,[],"td CAM-B3LYP/6-31g(d,p)",-6.79060084189,0.711305574061,113,4.1691,-1382.8688751,4.8468,2.6
/home/ccollins/allmols/O/opt/m06hf/cam/12fa12fa-.log,12fa12fa-,---,[],"td CAM-B3LYP/6-31g(d,p)",-6.44855374679,0.804096393018,43,1.8791,-609.0349831,4.7276,0.133333333333
/home/ccollins/allmols/O/opt/m06hf/cam/12el12el-12el-12el-.log,12el12el-12el-12el-,---,[],"td CAM-B3LYP/6-31g(d,p)",-6.08174429237,-0.0745591917723,125,4.4091,-1678.3914658,3.6784,1.85
/home/ccollins/allmols/O/opt/m06hf/cam/12aa12aa-12aa12aa.log,12aa12aa-12aa12aa,---,[],"td CAM-B3LYP/6-31g(d,p)",-6.08011160934,0.0922465912803,69,0.8369,-916.1124011,3.8582,0.4
/home/ccollins/allmols/O/opt/m06hf/cam/12ii12ii12ii.log,12ii12ii12ii,---,[],"td CAM-B3LYP/6-31g(d,p)",-6.35902829389,1.062060312,76,2.0627,-923.1495865,4.8031,0.883333333333
/home/ccollins/allmols/O/opt/m06hf/cam/222-2-.log,222-2-,---,[],"td CAM-B3LYP/6-31g(d,p)",-6.78134897137,-0.262861968073,29,0.1368,-310.6112285,4.3542,0.0833333333333
/home/ccollins/allmols/O/opt/m06hf/cam/12fl.log,12fl,---,[],"td CAM-B3LYP/6-31g(d,p)",-7.11359996829,2.2073874586,30,2.6316,-419.566972,6.4401,0.0666666666667
/home/ccollins/allmols/O/opt/m06hf/cam/4ff4ff4ff.log,4ff4ff4ff,---,[],"td CAM-B3LYP/6-31g(d,p)",-6.36066097692,0.463137753272,85,1.0062,-1145.1553134,4.2878,0.766666666667
/home/ccollins/allmols/O/opt/m06hf/cam/4fe4fe.log,4fe4fe,---,[],"td CAM-B3LYP/6-31g(d,p)",-7.02380240155,0.421504335968,61,3.0033,-765.6400105,4.8103,0.466666666667
/home/ccollins/allmols/O/opt/m06hf/cam/4ai4ai-4ai4ai.log,4ai4ai-4ai4ai,---,[],"td CAM-B3LYP/6-31g(d,p)",-7.14598151508,0.557017027583,97,1.1168,-1082.0688337,5.1613,1.76666666667
/home/ccollins/allmols/O/opt/m06hf/cam/1111-11-11.log,1111-11-11,---,[],"td CAM-B3LYP/6-31g(d,p)",-8.65512486387,-2.02996923584,29,0.5337,-454.2666499,2.4064,0.0333333333333
/home/ccollins/allmols/O/opt/m06hf/cam/12li12li-12li12li-.log,12li12li-12li12li-,---,[],"td CAM-B3LYP/6-31g(d,p)",-5.76854126416,0.338781729038,117,2.0305,-1531.1864446,3.7731,1.71666666667
/home/ccollins/allmols/O/opt/m06hf/cam/4ef4ef4ef4ef.log,4ef4ef4ef4ef,---,[],"td CAM-B3LYP/6-31g(d,p)",-6.78488645128,0.0100682120276,121,4.8864,-1530.0893544,4.4261,3.01666666667
/home/ccollins/allmols/O/opt/m06hf/cam/12fe12fe-12fe-12fe-.log,12fe12fe-12fe-12fe-,---,[],"td CAM-B3LYP/6-31g(d,p)",-6.13562283241,-0.515655724118,109,0.2167,-1521.3044674,3.3705,1.21666666667
/home/ccollins/allmols/O/opt/m06hf/cam/12la.log,12la,---,[],"td CAM-B3LYP/6-31g(d,p)",-7.25428282284,2.17037997655,26,0.9815,-344.3855763,6.4025,0.05
/home/ccollins/allmols/O/opt/m06hf/cam/4ie.log,4ie,---,[],"td CAM-B3LYP/6-31g(d,p)",-7.51415153868,0.663685652309,31,1.1104,-347.5102868,5.2813,0.0833333333333
/home/ccollins/allmols/O/opt/m06hf/cam/12fi12fi12fi12fi.log,12fi12fi12fi12fi,---,[],"td 6-31g(d,p) CAM-B3LYP",-5.80881411227,0.67293752282,101,4.5517,-1374.0587968,4.0843,1.01666666667
/home/ccollins/allmols/O/opt/m06hf/cam/12ei12ei12ei.log,12ei12ei12ei,---,[],"td CAM-B3LYP/6-31g(d,p)",-6.64365936905,0.201092126714,82,1.2778,-1033.5685358,4.3465,0.816666666667
/home/ccollins/allmols/O/opt/m06hf/cam/12el12el12el-12el.log,12el12el12el-12el,---,[],"td CAM-B3LYP/6-31g(d,p)",-6.18106584346,-0.342863436617,125,2.3833,-1678.3931172,3.5482,1.8
/home/ccollins/allmols/O/opt/m06hf/cam/4ie4ie-4ie-4ie.log,4ie4ie-4ie-4ie,---,[],"td CAM-B3LYP/6-31g(d,p)",-7.34544095876,0.299869450121,121,3.0230,-1386.4699105,5.0313,3.51666666667
/home/ccollins/allmols/O/opt/m06hf/cam/4af4af-.log,4af4af-,---,[],"td CAM-B3LYP/6-31g(d,p)",-7.03414272742,0.766000455617,49,1.3466,-613.4397817,5.0052,0.233333333333
/home/ccollins/allmols/O/opt/m06hf/cam/4ae4ae4ae.log,4ae4ae4ae,---,[],"td CAM-B3LYP/6-31g(d,p)",-7.35006689402,-0.014422033445,79,1.2364,-922.2660694,4.8703,1.08333333333
/home/ccollins/allmols/O/opt/m06hf/cam/12ea12ea-12ea12ea.log,12ea12ea-12ea12ea,---,[],"td CAM-B3LYP/6-31g(d,p)",-6.33072845468,-0.487627998744,93,1.0816,-1220.515874,3.5924,0.766666666667
/home/ccollins/allmols/O/opt/m06hf/cam/12ll12ll12ll.log,12ll12ll12ll,---,[],"td CAM-B3LYP/6-31g(d,p)",-6.39113772684,1.02777396834,100,4.6976,-1374.2000881,4.7685,1.31666666667
/home/ccollins/allmols/O/opt/m06hf/cam/12ie12ie-12ie12ie.log,12ie12ie-12ie12ie,---,[],"td CAM-B3LYP/6-31g(d,p)",-6.17589568052,-0.220956436931,109,1.3868,-1377.7026534,3.6303,1.43333333333
/home/ccollins/allmols/O/opt/m06hf/cam/22-22.log,22-22,---,[],"td CAM-B3LYP/6-31g(d,p)",-7.03659175197,0.0089797566733,29,0.1115,-310.6061039,4.6397,0.1
/home/ccollins/allmols/O/opt/m06hf/cam/4ei4ei-4ei-4ei-.log,4ei4ei-4ei-4ei-,---,[],"td CAM-B3LYP/6-31g(d,p)",-7.33999868199,0.277011887679,121,2.9843,-1386.4699039,5.0241,3.5
/home/ccollins/allmols/O/opt/m06hf/cam/4ef4ef-.log,4ef4ef-,---,[],"td CAM-B3LYP/6-31g(d,p)",-7.0488368747,0.598378331048,61,1.8757,-765.6394686,4.9054,0.5
/home/ccollins/allmols/O/opt/m06hf/cam/12ia12ia.log,12ia12ia,---,[],"td CAM-B3LYP/6-31g(d,p)",-6.64093823066,1.10423795698,43,1.3680,-537.2350397,5.0937,0.183333333333
/home/ccollins/allmols/O/opt/m06hf/cam/12ff12ff12ff12ff-.log,12ff12ff12ff12ff-,---,[],"td CAM-B3LYP/6-31g(d,p)",-5.70377817058,0.100954234115,101,4.9525,-1517.6795789,3.6014,0.866666666667
/home/ccollins/allmols/O/opt/m06hf/cam/12il12il12il12il.log,12il12il12il12il,---,[],"td CAM-B3LYP/6-31g(d,p)",-6.07602990176,0.513206699571,117,2.1841,-1531.1743377,4.1386,1.55
/home/ccollins/allmols/O/opt/m06hf/cam/4el.log,4el,---,[],"td CAM-B3LYP/6-31g(d,p)",-7.10897403303,0.890900707527,35,1.9545,-422.695254,5.1248,0.2
/home/ccollins/allmols/O/opt/m06hf/cam/12ll12ll-12ll-12ll.log,12ll12ll-12ll-12ll,---,[],"td CAM-B3LYP/6-31g(d,p)",-6.05507713619,0.410075554747,133,2.2050,-1831.8775822,4.0254,2.03333333333
/home/ccollins/allmols/O/opt/m06hf/cam/12ea12ea12ea-12ea.log,12ea12ea12ea-12ea,---,[],"td CAM-B3LYP/6-31g(d,p)",-6.31195259982,-0.462593525594,93,0.9217,-1220.5155475,3.5811,0.833333333333
/home/ccollins/allmols/O/opt/m06hf/cam/12ef12ef12ef12ef.log,12ef12ef12ef12ef,---,[],"td CAM-B3LYP/6-31g(d,p)",-6.0763020156,-0.416606286874,109,2.3288,-1521.3014502,3.4207,1.16666666667
/home/ccollins/allmols/O/opt/m06hf/cam/4af.log,4af,---,[],"td CAM-B3LYP/6-31g(d,p)",-7.39850315729,1.36274610363,25,1.3552,-307.3140591,5.3733,0.05
/home/ccollins/allmols/O/opt/m06hf/cam/12af12af-12af-12af-.log,12af12af-12af-12af-,---,[],"td CAM-B3LYP/6-31g(d,p)",-5.67765524207,0.151295294253,85,5.4050,-1216.8880851,3.6148,0.45
/home/ccollins/allmols/O/opt/m06hf/cam/12ae12ae12ae12ae.log,12ae12ae12ae12ae,---,[],"td CAM-B3LYP/6-31g(d,p)",-6.30378918466,-0.46531466398,93,0.6376,-1220.5154191,3.6031,0.85
/home/ccollins/allmols/O/opt/m06hf/cam/12fe12fe12fe12fe-.log,12fe12fe12fe12fe-,---,[],"td CAM-B3LYP/6-31g(d,p)",-6.09562209814,-0.445178239925,109,4.7318,-1521.2962773,3.4542,1.53333333333
/home/ccollins/allmols/O/opt/m06hf/cam/12ll12ll12ll-12ll-.log,12ll12ll12ll-12ll-,---,[],"td CAM-B3LYP/6-31g(d,p)",-5.976164123,0.766272569455,133,4.1470,-1831.8744664,4.2593,1.78333333333
/home/ccollins/allmols/O/opt/m06hf/cam/12aa12aa-12aa-12aa-.log,12aa12aa-12aa-12aa-,---,[],"td CAM-B3LYP/6-31g(d,p)",-6.05344445316,0.112383015336,69,0.7613,-916.1093609,3.8446,0.516666666667
/home/ccollins/allmols/O/opt/m06hf/cam/12al.log,12al,---,[],"td CAM-B3LYP/6-31g(d,p)",-7.07142232331,2.05663639202,26,1.9654,-344.3830676,6.1796,0.05
/home/ccollins/allmols/O/opt/m06hf/cam/4fa4fa4fa-4fa.log,4fa4fa4fa-4fa,---,[],"td CAM-B3LYP/6-31g(d,p)",-6.84039767435,0.229391965927,97,3.8504,-1225.6963328,4.5701,1.43333333333
/home/ccollins/allmols/O/opt/m06hf/cam/111111.log,111111,---,[],"td CAM-B3LYP/6-31g(d,p)",-8.77675974972,-2.36929519256,22,3.7927,-340.9849508,2.0466,0.0166666666667
/home/ccollins/allmols/O/opt/m06hf/cam/12le12le12le12le.log,12le12le12le12le,---,[],"td 6-31g(d,p) CAM-B3LYP",-6.59930481336,0.0323815467916,125,4.5990,-1678.389932,4.1061,2.3
/home/ccollins/allmols/O/opt/m06hf/cam/12fi12fi-12fi-12fi-.log,12fi12fi-12fi-12fi-,---,[],"td CAM-B3LYP/6-31g(d,p)",-6.08881925218,0.403000594944,101,1.5973,-1374.0746846,4.0706,1.11666666667
/home/ccollins/allmols/O/opt/m06hf/cam/12af12af-.log,12af12af-,---,[],"td CAM-B3LYP/6-31g(d,p)",-6.44855374679,0.804096393018,43,1.8791,-609.0349831,4.7276,0.166666666667
/home/ccollins/allmols/O/opt/m06hf/cam/4ae4ae-4ae4ae-.log,4ae4ae-4ae4ae-,---,[],"td CAM-B3LYP/6-31g(d,p)",-7.22026859301,-0.124356024233,105,1.5652,-1229.2923101,4.7032,2.03333333333
/home/ccollins/allmols/O/opt/m06hf/cam/12aa12aa-12aa12aa-.log,12aa12aa-12aa12aa-,---,[],"td CAM-B3LYP/6-31g(d,p)",-6.10623453785,0.0726543949022,69,0.0000,-916.1151023,3.8562,0.333333333333
/home/ccollins/allmols/O/opt/m06hf/cam/4ae4ae-4ae.log,4ae4ae-4ae,---,[],"td CAM-B3LYP/6-31g(d,p)",-7.31605266419,-0.00598650444887,79,1.2444,-922.2663399,4.8499,1.08333333333
/home/ccollins/allmols/O/opt/m06hf/cam/12ie12ie-12ie12ie-.log,12ie12ie-12ie12ie-,---,[],"td CAM-B3LYP/6-31g(d,p)",-6.13589494625,-0.245174568565,109,1.5003,-1377.7054962,3.5801,1.25
/home/ccollins/allmols/O/opt/m06hf/cam/12if12if12if-12if.log,12if12if12if-12if,---,[],"td CAM-B3LYP/6-31g(d,p)",-5.76582012578,0.321910671046,101,1.5491,-1374.0735898,3.7639,1.0
/home/ccollins/allmols/O/opt/m06hf/cam/4la4la-.log,4la4la-,---,[],"td CAM-B3LYP/6-31g(d,p)",-6.94407304685,0.86151241296,57,1.3441,-691.9984421,5.0115,0.383333333333
/home/ccollins/allmols/O/opt/m06hf/cam/12el12el-12el12el-.log,12el12el-12el12el-,---,[],"td CAM-B3LYP/6-31g(d,p)",-6.13888819848,-0.371979617346,125,1.9747,-1678.3972574,3.4856,1.68333333333
/home/ccollins/allmols/O/opt/m06hf/cam/4ia4ia4ia4ia-.log,4ia4ia4ia4ia-,---,[],"td CAM-B3LYP/6-31g(d,p)",-7.16965541904,0.583684183765,97,1.0920,-1082.0686247,5.1869,1.9
/home/ccollins/allmols/O/opt/m06hf/cam/12fe12fe-12fe-12fe.log,12fe12fe-12fe-12fe,---,[],"td CAM-B3LYP/6-31g(d,p)",-6.06949916964,-0.352115307129,109,3.4253,-1521.3003759,3.4287,1.23333333333
/home/ccollins/allmols/O/opt/m06hf/cam/12lf12lf-12lf12lf.log,12lf12lf-12lf12lf,---,[],"td CAM-B3LYP/6-31g(d,p)",-5.61044312394,0.335516362975,117,2.5678,-1674.7807015,3.6561,1.25
/home/ccollins/allmols/O/opt/m06hf/cam/4fi4fi4fi4fi.log,4fi4fi4fi4fi,---,[],"td 6-31g(d,p) CAM-B3LYP",-6.64855741815,0.543411335654,113,6.3556,-1382.8613648,4.6687,2.63333333333
/home/ccollins/allmols/O/opt/m06hf/cam/12ll.log,12ll,---,[],"td CAM-B3LYP/6-31g(d,p)",-7.02570719842,2.30779746504,34,2.5358,-458.8533751,6.4066,0.116666666667
/home/ccollins/allmols/O/opt/m06hf/cam/12ff12ff-.log,12ff12ff-,---,[],"td CAM-B3LYP/6-31g(d,p)",-6.40664821564,0.866138348216,51,0.0002,-759.4241154,4.7898,0.166666666667
/home/ccollins/allmols/O/opt/m06hf/cam/4ia4ia-4ia4ia-.log,4ia4ia-4ia4ia-,---,[],"td CAM-B3LYP/6-31g(d,p)",-7.16421314226,0.571711174867,97,1.1276,-1082.0687959,5.1894,1.83333333333
/home/ccollins/allmols/O/opt/m06hf/cam/4aa4aa-4aa.log,4aa4aa-4aa,---,[],"td CAM-B3LYP/6-31g(d,p)",-7.18326111096,0.341230753585,61,0.0000,-693.9701844,5.0350,0.466666666667
/home/ccollins/allmols/O/opt/m06hf/cam/4lf.log,4lf,---,[],"td CAM-B3LYP/6-31g(d,p)",-6.74379726165,1.32220114168,33,2.5359,-421.7911859,4.9705,0.0833333333333
/home/ccollins/allmols/O/opt/m06hf/cam/12li.log,12li,---,[],"td CAM-B3LYP/6-31g(d,p)",-7.15877086549,2.35568950063,30,1.0440,-383.6825899,6.5113,0.0833333333333
/home/ccollins/allmols/O/opt/m06hf/cam/12aa.log,12aa,---,[],"td CAM-B3LYP/6-31g(d,p)",-7.67687561416,2.06806517325,18,0.5757,-229.9116325,6.7228,0.0166666666667
/home/ccollins/allmols/O/opt/m06hf/cam/4fi4fi4fi4fi-.log,4fi4fi4fi4fi-,---,[],"td CAM-B3LYP/6-31g(d,p)",-6.87876572559,0.529533529886,113,3.5389,-1382.8706205,4.9089,2.46666666667
/home/ccollins/allmols/O/opt/m06hf/cam/4ff4ff4ff-4ff-.log,4ff4ff4ff-4ff-,---,[],"td CAM-B3LYP/6-31g(d,p)",-6.6270604249,0.157553912541,113,1.7521,-1526.493445,4.2903,1.73333333333
/home/ccollins/allmols/O/opt/m06hf/cam/4ae4ae4ae4ae-.log,4ae4ae4ae4ae-,---,[],"td CAM-B3LYP/6-31g(d,p)",-7.24639152152,-0.121906999686,105,1.6424,-1229.2918836,4.7460,2.08333333333
/home/ccollins/allmols/O/opt/m06hf/cam/4fi4fi-4fi-4fi.log,4fi4fi-4fi-4fi,---,[],"td CAM-B3LYP/6-31g(d,p)",-6.83930921899,0.653617440281,113,1.9867,-1382.8730365,4.8571,2.81666666667
/home/ccollins/allmols/O/opt/m06hf/cam/12ee12ee12ee.log,12ee12ee12ee,---,[],"td CAM-B3LYP/6-31g(d,p)",-6.93944711159,-0.333339452267,88,0.2976,-1143.9720818,4.1526,0.866666666667
/home/ccollins/allmols/O/opt/m06hf/cam/4aa4aa-4aa4aa-.log,4aa4aa-4aa4aa-,---,[],"td CAM-B3LYP/6-31g(d,p)",-7.07414346169,0.213337249451,81,0.0000,-924.8982356,4.8556,0.983333333333
/home/ccollins/allmols/O/opt/m06hf/cam/12ef12ef-.log,12ef12ef-,---,[],"td CAM-B3LYP/6-31g(d,p)",-6.70053116131,0.103403258662,55,1.5122,-761.2392504,4.3544,0.2
/home/ccollins/allmols/O/opt/m06hf/cam/4ai4ai-4ai.log,4ai4ai-4ai,---,[],"td CAM-B3LYP/6-31g(d,p)",-7.2956441263,0.736612161049,73,0.8615,-811.8487096,5.2679,1.11666666667
/home/ccollins/allmols/O/opt/m06hf/cam/4ai4ai4ai4ai.log,4ai4ai4ai4ai,---,[],"td CAM-B3LYP/6-31g(d,p)",-7.21754745463,0.641644431383,97,1.1279,-1082.0683905,5.2389,1.85
/home/ccollins/allmols/O/opt/m06hf/cam/12al12al-12al12al-.log,12al12al-12al12al-,---,[],"td CAM-B3LYP/6-31g(d,p)",-5.56445588522,0.320550101853,101,4.0627,-1373.9987572,3.6257,0.8
/home/ccollins/allmols/O/opt/m06hf/cam/12le12le-.log,12le12le-,---,[],"td CAM-B3LYP/6-31g(d,p)",-6.38297431169,0.45198108589,63,2.0837,-839.7886902,4.3738,0.433333333333
/home/ccollins/allmols/O/opt/m06hf/cam/12aa12aa-.log,12aa12aa-,---,[],"td CAM-B3LYP/6-31g(d,p)",-6.71413685324,0.838110622842,35,0.0001,-458.6457398,4.9788,0.0833333333333
/home/ccollins/allmols/O/opt/m06hf/cam/12la12la-12la-12la-.log,12la12la-12la-12la-,---,[],"td CAM-B3LYP/6-31g(d,p)",-5.37833001963,0.357013356223,101,5.1864,-1374.0030303,3.5619,0.733333333333
/home/ccollins/allmols/O/opt/m06hf/cam/4ei4ei4ei.log,4ei4ei4ei,---,[],"td CAM-B3LYP/6-31g(d,p)",-7.3696590904,0.333611566105,91,2.0620,-1040.1499151,5.0464,2.23333333333
/home/ccollins/allmols/O/opt/m06hf/cam/12if.log,12if,---,[],"td CAM-B3LYP/6-31g(d,p)",-7.19387355067,2.31215128646,26,0.9251,-344.4002313,6.5067,0.05
/home/ccollins/allmols/O/opt/m06hf/cam/4fe4fe-4fe4fe.log,4fe4fe-4fe4fe,---,[],"td CAM-B3LYP/6-31g(d,p)",-6.85454759395,0.188847003978,121,1.9883,-1530.0924569,4.5881,2.68333333333
/home/ccollins/allmols/O/opt/m06hf/cam/4if4if-4if4if.log,4if4if-4if4if,---,[],"td CAM-B3LYP/6-31g(d,p)",-6.91522897996,0.63266467471,113,3.8169,-1382.8686874,4.8805,2.81666666667
/home/ccollins/allmols/O/opt/m06hf/cam/4fe4fe4fe-4fe-.log,4fe4fe4fe-4fe-,---,[],"td CAM-B3LYP/6-31g(d,p)",-6.99305353779,-0.194833508427,121,3.5063,-1530.096853,4.5257,3.05
/home/ccollins/allmols/O/opt/m06hf/cam/4ai4ai-4ai-4ai.log,4ai4ai-4ai-4ai,---,[],"td CAM-B3LYP/6-31g(d,p)",-7.24067713091,0.668039473726,97,1.1758,-1082.068383,5.2507,1.96666666667
/home/ccollins/allmols/O/opt/m06hf/cam/12lf12lf-12lf-12lf-.log,12lf12lf-12lf-12lf-,---,[],"td CAM-B3LYP/6-31g(d,p)",-5.81398427521,0.256603349786,117,2.0138,-1674.772892,3.7519,1.25
/home/ccollins/allmols/O/opt/m06hf/cam/12fi12fi12fi-12fi.log,12fi12fi12fi-12fi,---,[],"td CAM-B3LYP/6-31g(d,p)",-5.57153084503,0.446810922956,101,6.6246,-1374.0728989,3.7247,1.21666666667
/home/ccollins/allmols/O/opt/m06hf/cam/4fi4fi-4fi-4fi-.log,4fi4fi-4fi-4fi-,---,[],"td 6-31g(d,p) CAM-B3LYP",-7.03006101984,0.437286938606,113,2.6608,-1382.8780933,4.9275,2.78333333333
/home/ccollins/allmols/O/opt/m06hf/cam/4fe.log,4fe,---,[],"td CAM-B3LYP/6-31g(d,p)",-7.20366964886,0.872124852665,31,1.6753,-383.4155137,5.1303,0.0833333333333
/home/ccollins/allmols/O/opt/m06hf/cam/4fi4fi-4fi.log,4fi4fi-4fi,---,[],"td CAM-B3LYP/6-31g(d,p)",-6.91849434602,0.808178100597,85,2.5275,-1037.4512604,4.9486,1.23333333333
/home/ccollins/allmols/O/opt/m06hf/cam/12le12le12le-12le-.log,12le12le12le-12le-,---,[],"td CAM-B3LYP/6-31g(d,p)",-5.98514387968,-0.125988707265,125,3.9443,-1678.3921051,3.5844,2.2
/home/ccollins/allmols/O/opt/m06hf/cam/12fi12fi.log,12fi12fi,---,[],"td 6-31g(d,p) CAM-B3LYP",-6.65481603643,1.14451080509,51,2.1795,-687.6207713,5.0767,0.266666666667
/home/ccollins/allmols/O/opt/m06hf/cam/4ai4ai4ai4ai-.log,4ai4ai4ai4ai-,---,[],"td CAM-B3LYP/6-31g(d,p)",-7.184893794,0.596745648017,97,1.2328,-1082.0685112,5.2081,1.83333333333
/home/ccollins/allmols/O/opt/m06hf/cam/12if12if-12if12if-.log,12if12if-12if12if-,---,[],"td CAM-B3LYP/6-31g(d,p)",-5.61425271768,0.252793756045,101,4.2284,-1374.0817587,3.6084,1.08333333333
/home/ccollins/allmols/O/opt/m06hf/cam/12ei12ei-12ei.log,12ei12ei-12ei,---,[],"td 6-31g(d,p) CAM-B3LYP",-6.3040612985,-0.0565996784257,82,1.2606,-1033.5733693,3.8611,0.8
/home/ccollins/allmols/O/opt/m06hf/cam/4fe4fe4fe4fe.log,4fe4fe4fe4fe,---,[],"td CAM-B3LYP/6-31g(d,p)",-6.78488645128,0.0100682120276,121,4.8857,-1530.0893543,4.4260,3.0
/home/ccollins/allmols/O/opt/m06hf/cam/12ee12ee12ee12ee-.log,12ee12ee12ee12ee-,---,[],"td CAM-B3LYP/6-31g(d,p)",-6.68093896494,-0.614977275202,117,0.2497,-1524.9045958,3.7269,1.61666666667
/home/ccollins/allmols/O/opt/m06hf/cam/4aa4aa4aa-4aa.log,4aa4aa4aa-4aa,---,[],"td CAM-B3LYP/6-31g(d,p)",-7.03631963813,0.186397979431,81,0.0006,-924.898415,4.8099,0.8
/home/ccollins/allmols/O/opt/m06hf/cam/4ea.log,4ea,---,[],"td CAM-B3LYP/6-31g(d,p)",-7.74463195997,0.554568003036,27,0.6417,-308.214684,5.3464,0.0833333333333
/home/ccollins/allmols/O/opt/m06hf/cam/4fa4fa4fa-4fa-.log,4fa4fa4fa-4fa-,---,[],"td CAM-B3LYP/6-31g(d,p)",-7.09700102413,0.0693890288392,97,2.8041,-1225.6997116,4.6734,1.55
/home/ccollins/allmols/O/opt/m06hf/cam/12el12el12el-12el-.log,12el12el12el-12el-,---,[],"td CAM-B3LYP/6-31g(d,p)",-6.19521576306,-0.250616845337,125,2.9727,-1678.3939908,3.6508,1.9
/home/ccollins/allmols/O/opt/m06hf/cam/4if4if4if4if-.log,4if4if4if4if-,---,[],"td CAM-B3LYP/6-31g(d,p)",-6.7497837661,0.745864031561,113,4.2310,-1382.8631132,4.8475,2.65
/home/ccollins/allmols/O/opt/m06hf/cam/4ai4ai-4ai-4ai-.log,4ai4ai-4ai-4ai-,---,[],"td CAM-B3LYP/6-31g(d,p)",-7.16883907752,0.582867842249,97,1.0914,-1082.0686261,5.1861,1.83333333333
/home/ccollins/allmols/O/opt/m06hf/cam/12fa12fa12fa12fa.log,12fa12fa12fa12fa,---,[],"td CAM-B3LYP/6-31g(d,p)",-5.48227750597,0.338781729038,85,6.1586,-1216.8793002,3.6521,0.583333333333
/home/ccollins/allmols/O/opt/m06hf/cam/12la12la12la12la-.log,12la12la12la12la-,---,[],"td CAM-B3LYP/6-31g(d,p)",-5.63139588951,0.429667751126,101,2.8718,-1373.9821007,3.7099,0.85
/home/ccollins/allmols/O/opt/m06hf/cam/12af12af12af12af.log,12af12af12af12af,---,[],"td CAM-B3LYP/6-31g(d,p)",-6.338619756,0.278644570711,85,3.1059,-1216.8794192,4.1393,0.6
/home/ccollins/allmols/O/opt/m06hf/cam/12ai12ai-12ai-12ai-.log,12ai12ai-12ai-12ai-,---,[],"td CAM-B3LYP/6-31g(d,p)",-5.95385078824,0.393476610594,85,1.3389,-1073.2940912,3.9613,0.766666666667
/home/ccollins/allmols/O/opt/m06hf/cam/11.log,11,---,[],"td CAM-B3LYP/6-31g(d,p)",-8.97594707956,0.519465317859,8,2.2489,-114.4516706,4.0538,0.0
/home/ccollins/allmols/O/opt/m06hf/cam/12ff.log,12ff,---,[],"td CAM-B3LYP/6-31g(d,p)",-7.22135704837,2.26888518612,26,2.7069,-380.2955214,6.3315,0.0333333333333
/home/ccollins/allmols/O/opt/m06hf/cam/12ei12ei-12ei12ei.log,12ei12ei-12ei12ei,---,[],"td CAM-B3LYP/6-31g(d,p)",-6.19358308003,-0.202452695907,109,1.6927,-1377.7034503,3.6738,1.43333333333
/home/ccollins/allmols/O/opt/m06hf/cam/4ia4ia-4ia4ia.log,4ia4ia-4ia4ia,---,[],"td CAM-B3LYP/6-31g(d,p)",-7.16557371146,0.579058248509,97,1.2105,-1082.0686668,5.2003,1.8
/home/ccollins/allmols/O/opt/m06hf/cam/12ei12ei-12ei12ei-.log,12ei12ei-12ei12ei-,---,[],"td 6-31g(d,p) CAM-B3LYP",-6.11847966058,-0.270753269392,109,1.5373,-1377.7054487,3.5477,1.53333333333
/home/ccollins/allmols/O/opt/m06hf/cam/12fi12fi12fi-12fi-.log,12fi12fi12fi-12fi-,---,[],"td CAM-B3LYP/6-31g(d,p)",-5.8844617594,0.342863436617,101,3.5295,-1374.073908,3.8775,0.916666666667
/home/ccollins/allmols/O/opt/m06hf/cam/4af4af-4af4af.log,4af4af-4af4af,---,[],"td CAM-B3LYP/6-31g(d,p)",-6.84039767435,0.229391965927,97,3.8504,-1225.6963328,4.5701,1.4
/home/ccollins/allmols/O/opt/m06hf/cam/4af4af-4af-4af-.log,4af4af-4af-4af-,---,[],"td CAM-B3LYP/6-31g(d,p)",-6.76338945803,0.289529124254,97,4.0171,-1225.6992124,4.5846,1.25
/home/ccollins/allmols/O/opt/m06hf/cam/2222-.log,2222-,---,[],"td CAM-B3LYP/6-31g(d,p)",-6.77073653167,-0.249800503821,29,0.1133,-310.6110476,4.4199,0.0666666666667
/home/ccollins/allmols/O/opt/m06hf/cam/12le12le12le-12le.log,12le12le12le-12le,---,[],"td CAM-B3LYP/6-31g(d,p)",-6.15793616718,-0.335516362975,125,2.4768,-1678.3944598,3.5514,1.98333333333
/home/ccollins/allmols/O/opt/m06hf/cam/12ae12ae-12ae-12ae.log,12ae12ae-12ae-12ae,---,[],"td CAM-B3LYP/6-31g(d,p)",-6.32528617791,-0.487900112583,93,0.9060,-1220.5152167,3.5520,0.983333333333
/home/ccollins/allmols/O/opt/m06hf/cam/4ei4ei-4ei4ei.log,4ei4ei-4ei4ei,---,[],"td CAM-B3LYP/6-31g(d,p)",-7.34516884492,0.294427173349,121,3.0244,-1386.4699089,5.0320,3.58333333333
/home/ccollins/allmols/O/opt/m06hf/cam/12ii12ii12ii-12ii-.log,12ii12ii12ii-12ii-,---,[],"td CAM-B3LYP/6-31g(d,p)",-5.94840851147,0.711033460222,101,1.0611,-1230.4773837,4.1973,1.13333333333
/home/ccollins/allmols/O/opt/m06hf/cam/12il12il-.log,12il12il-,---,[],"td CAM-B3LYP/6-31g(d,p)",-6.35984463541,1.05335266916,59,1.5258,-766.1827273,4.8488,0.433333333333
/home/ccollins/allmols/O/opt/m06hf/cam/12ee.log,12ee,---,[],"td CAM-B3LYP/6-31g(d,p)",-7.76830586392,1.04382868481,30,0.1716,-382.1130121,6.0284,0.133333333333
/home/ccollins/allmols/O/opt/m06hf/cam/222-.log,222-,---,[],"td CAM-B3LYP/6-31g(d,p)",-7.28911339417,0.34422400581,22,0.1569,-233.2510113,5.2350,0.05
/home/ccollins/allmols/O/opt/m06hf/cam/4ei4ei-4ei4ei-.log,4ei4ei-4ei4ei-,---,[],"td CAM-B3LYP/6-31g(d,p)",-7.35442071543,0.345856688841,121,3.2468,-1386.4696975,5.0393,3.75
/home/ccollins/allmols/O/opt/m06hf/cam/12ee12ee-.log,12ee12ee-,---,[],"td CAM-B3LYP/6-31g(d,p)",-6.9535970312,-0.278100343034,59,0.0001,-763.0454044,4.2575,0.316666666667
/home/ccollins/allmols/O/opt/m06hf/cam/4ef4ef4ef-4ef.log,4ef4ef4ef-4ef,---,[],"td CAM-B3LYP/6-31g(d,p)",-6.84801686183,0.201636354391,121,3.6551,-1530.0924295,4.5797,2.7
/home/ccollins/allmols/O/opt/m06hf/cam/4ef4ef-4ef.log,4ef4ef-4ef,---,[],"td 6-31g(d,p) CAM-B3LYP",-6.97155654455,0.225854486025,91,1.8138,-1147.8678117,4.6378,1.28333333333
/home/ccollins/allmols/O/opt/m06hf/cam/4ei4ei4ei4ei-.log,4ei4ei4ei4ei-,---,[],"td CAM-B3LYP/6-31g(d,p)",-7.35578128463,0.347217258034,121,2.9400,-1386.4696541,5.0733,3.65
/home/ccollins/allmols/O/opt/m06hf/cam/12la12la12la-12la-.log,12la12la12la-12la-,---,[],"td CAM-B3LYP/6-31g(d,p)",-5.53942141207,0.332250996912,101,4.2544,-1374.0010313,3.6378,1.0
/home/ccollins/allmols/O/opt/m06hf/cam/12ef12ef-12ef.log,12ef12ef-12ef,---,[],"td CAM-B3LYP/6-31g(d,p)",-6.22324348844,-0.206806517325,82,2.2094,-1141.2689479,3.6466,0.683333333333
/home/ccollins/allmols/O/opt/m06hf/cam/4ff4ff-4ff.log,4ff4ff-4ff,---,[],"td CAM-B3LYP/6-31g(d,p)",-6.58950871517,0.404905391814,85,0.0003,-1145.1703267,4.4075,0.866666666667
/home/ccollins/allmols/O/opt/m06hf/cam/12ie12ie12ie12ie.log,12ie12ie12ie12ie,---,[],"td CAM-B3LYP/6-31g(d,p)",-6.51957545866,0.0555112230713,109,1.1841,-1377.6975449,4.1247,1.51666666667
/home/ccollins/allmols/O/opt/m06hf/cam/12li12li12li12li.log,12li12li12li12li,---,[],"td CAM-B3LYP/6-31g(d,p)",-5.71792809018,0.268576358683,117,1.2434,-1531.1863681,3.6813,1.48333333333
/home/ccollins/allmols/O/opt/m06hf/cam/4ai4ai4ai-4ai-.log,4ai4ai4ai-4ai-,---,[],"td CAM-B3LYP/6-31g(d,p)",-7.21754745463,0.64218865906,97,1.1192,-1082.0684825,5.2426,1.96666666667
/home/ccollins/allmols/O/opt/m06hf/cam/4ai4ai4ai.log,4ai4ai4ai,---,[],"td CAM-B3LYP/6-31g(d,p)",-7.28557591427,0.712938257092,73,0.9092,-811.8487003,5.2603,1.0
/home/ccollins/allmols/O/opt/m06hf/cam/12ai12ai.log,12ai12ai,---,[],"td CAM-B3LYP/6-31g(d,p)",-6.64093823066,1.10423795698,43,1.3679,-537.2350393,5.0940,0.166666666667
/home/ccollins/allmols/O/opt/m06hf/cam/4ef.log,4ef,---,[],"td CAM-B3LYP/6-31g(d,p)",-7.20366964886,0.872396966503,31,1.6752,-383.415513,5.1303,0.0833333333333
/home/ccollins/allmols/O/opt/m06hf/cam/12ef12ef12ef-12ef.log,12ef12ef12ef-12ef,---,[],"td CAM-B3LYP/6-31g(d,p)",-6.05126754245,-0.461232956401,109,2.1149,-1521.3017992,3.3497,1.03333333333
/home/ccollins/allmols/O/opt/m06hf/cam/12la12la-12la-12la.log,12la12la-12la-12la,---,[],"td CAM-B3LYP/6-31g(d,p)",-5.55221076249,0.25007261766,101,3.0276,-1374.0006125,3.5578,0.8
/home/ccollins/allmols/O/opt/m06hf/cam/12fl12fl12fl12fl-.log,12fl12fl12fl12fl-,---,[],"td CAM-B3LYP/6-31g(d,p)",-5.74704427091,0.16354041699,117,5.3426,-1674.7850675,3.6387,1.21666666667
/home/ccollins/allmols/O/opt/m06hf/cam/12ie12ie12ie-12ie-.log,12ie12ie12ie-12ie-,---,[],"td CAM-B3LYP/6-31g(d,p)",-6.29372097263,-0.115104153721,109,1.3290,-1377.7004443,3.8294,1.45
/home/ccollins/allmols/O/opt/m06hf/cam/12ai12ai12ai-12ai-.log,12ai12ai12ai-12ai-,---,[],"td CAM-B3LYP/6-31g(d,p)",-5.92936054277,0.372251731184,85,0.5412,-1073.2944205,3.9442,0.666666666667
/home/ccollins/allmols/O/opt/m06hf/cam/22-2-2-.log,22-2-2-,---,[],"td CAM-B3LYP/6-31g(d,p)",-6.77046441783,-0.250888959175,29,0.1133,-310.6110501,4.4190,0.0666666666667
/home/ccollins/allmols/O/opt/m06hf/cam/4ae.log,4ae,---,[],"td CAM-B3LYP/6-31g(d,p)",-7.74463195997,0.554568003036,27,0.6417,-308.2146833,5.3465,0.0666666666667
/home/ccollins/allmols/O/opt/m06hf/cam/4ea4ea4ea-4ea.log,4ea4ea4ea-4ea,---,[],"td CAM-B3LYP/6-31g(d,p)",-7.22326184524,-0.120546430493,105,1.7080,-1229.2921412,4.7115,2.05
/home/ccollins/allmols/O/opt/m06hf/cam/4ef4ef-4ef-4ef-.log,4ef4ef-4ef-4ef-,---,[],"td CAM-B3LYP/6-31g(d,p)",-6.83577173909,0.0125172365749,121,5.5721,-1530.0955143,4.5324,2.91666666667
/home/ccollins/allmols/O/opt/m06hf/cam/4ee4ee4ee.log,4ee4ee4ee,---,[],"td CAM-B3LYP/6-31g(d,p)",-7.35741396766,-0.460416614886,97,0.2246,-1150.5626201,4.6318,2.4
/home/ccollins/allmols/O/opt/m06hf/cam/12fe12fe12fe12fe.log,12fe12fe12fe12fe,---,[],"td CAM-B3LYP/6-31g(d,p)",-5.85017541574,-0.328169289333,109,5.4865,-1521.2893069,3.4031,1.3
/home/ccollins/allmols/O/opt/m06hf/cam/4ei4ei-4ei-4ei.log,4ei4ei-4ei-4ei,---,[],"td CAM-B3LYP/6-31g(d,p)",-7.34380827573,0.317012621951,121,2.9347,-1386.4698463,5.0292,3.7
/home/ccollins/allmols/O/opt/m06hf/cam/12li12li-12li-12li-.log,12li12li-12li-12li-,---,[],"td CAM-B3LYP/6-31g(d,p)",-5.86378110767,0.423409132838,117,2.0575,-1531.1814354,3.9145,1.51666666667
/home/ccollins/allmols/O/opt/m06hf/cam/12ee12ee-12ee12ee-.log,12ee12ee-12ee12ee-,---,[],"td CAM-B3LYP/6-31g(d,p)",-6.50188805915,-0.749673625301,117,0.0018,-1524.9107457,3.4699,1.45
/home/ccollins/allmols/O/opt/m06hf/cam/12la12la-12la12la-.log,12la12la-12la12la-,---,[],"td CAM-B3LYP/6-31g(d,p)",-5.56445588522,0.320550101853,101,4.0627,-1373.9987572,3.6257,0.833333333333
/home/ccollins/allmols/O/opt/m06hf/cam/4ee4ee.log,4ee4ee,---,[],"td CAM-B3LYP/6-31g(d,p)",-7.45129324197,-0.323815467916,65,0.1175,-767.438921,4.8191,0.716666666667
/home/ccollins/allmols/O/opt/m06hf/cam/12il12il-12il-12il-.log,12il12il-12il-12il-,---,[],"td CAM-B3LYP/6-31g(d,p)",-5.77153451639,0.439191735476,117,2.1710,-1531.1817545,3.8379,1.33333333333
/home/ccollins/allmols/O/opt/m06hf/cam/4aa4aa.log,4aa4aa,---,[],"td CAM-B3LYP/6-31g(d,p)",-7.50000161908,0.712394029415,41,0.0001,-463.041815,5.4026,0.183333333333
/home/ccollins/allmols/O/opt/m06hf/cam/12fl12fl-12fl.log,12fl12fl-12fl,---,[],"td CAM-B3LYP/6-31g(d,p)",-5.5756125526,0.753483219042,88,6.1632,-1256.3467041,3.9812,0.883333333333
/home/ccollins/allmols/O/opt/m06hf/cam/4aa4aa-.log,4aa4aa-,---,[],"td CAM-B3LYP/6-31g(d,p)",-7.50027373292,0.712394029415,41,0.0003,-463.0418156,5.4028,0.183333333333
/home/ccollins/allmols/O/opt/m06hf/cam/12ei12ei-12ei-12ei-.log,12ei12ei-12ei-12ei-,---,[],"td CAM-B3LYP/6-31g(d,p)",-6.33344959306,-0.0699332565163,109,1.6476,-1377.7004949,3.8954,1.6
/home/ccollins/allmols/O/opt/m06hf/cam/111111-11-.log,111111-11-,---,[],"td CAM-B3LYP/6-31g(d,p)",-8.62274331708,-2.74780554203,29,0.0005,-454.2603008,1.7300,0.0333333333333
/home/ccollins/allmols/O/opt/m06hf/cam/4ie4ie.log,4ie4ie,---,[],"td CAM-B3LYP/6-31g(d,p)",-7.42027226437,0.450076289019,61,1.5079,-693.8300789,5.1320,0.65
/home/ccollins/allmols/O/opt/m06hf/cam/12fa12fa-12fa-12fa-.log,12fa12fa-12fa-12fa-,---,[],"td CAM-B3LYP/6-31g(d,p)",-6.20120226751,0.115920495237,85,1.9202,-1216.8864267,3.9457,0.633333333333
/home/ccollins/allmols/O/opt/m06hf/cam/12al12al-12al.log,12al12al-12al,---,[],"td CAM-B3LYP/6-31g(d,p)",-5.83384858542,0.589670688214,76,3.8147,-1030.7910688,4.0558,0.516666666667
/home/ccollins/allmols/O/opt/m06hf/cam/12al12al12al-12al.log,12al12al12al-12al,---,[],"td CAM-B3LYP/6-31g(d,p)",-5.50976100367,0.33660481833,101,6.2088,-1373.9977743,3.6410,0.833333333333
/home/ccollins/allmols/O/opt/m06hf/cam/4la.log,4la,---,[],"td CAM-B3LYP/6-31g(d,p)",-7.28285477589,1.42750919722,29,1.3230,-346.5936703,5.3631,0.1
/home/ccollins/allmols/O/opt/m06hf/cam/12ai12ai12ai.log,12ai12ai12ai,---,[],"td CAM-B3LYP/6-31g(d,p)",-6.2956257695,0.715931509317,64,1.4111,-805.2624553,4.4993,0.366666666667
/home/ccollins/allmols/O/opt/m06hf/cam/12li12li-12li.log,12li12li-12li,---,[],"td CAM-B3LYP/6-31g(d,p)",-5.92881631509,0.525451822307,88,0.6814,-1148.6844966,4.0480,1.03333333333
/home/ccollins/allmols/O/opt/m06hf/cam/12ii12ii-.log,12ii12ii-,---,[],"td CAM-B3LYP/6-31g(d,p)",-6.34406203277,1.20437584958,51,0.2655,-615.8300593,4.9449,0.283333333333
/home/ccollins/allmols/O/opt/m06hf/cam/4ia4ia-4ia.log,4ia4ia-4ia,---,[],"td CAM-B3LYP/6-31g(d,p)",-7.2956441263,0.736612161049,73,0.8615,-811.8487096,5.2679,1.06666666667
/home/ccollins/allmols/O/opt/m06hf/cam/12ll12ll12ll12ll-.log,12ll12ll12ll12ll-,---,[],"td CAM-B3LYP/6-31g(d,p)",-6.06405689286,0.81334826353,133,4.1661,-1831.8745646,4.3509,2.1
/home/ccollins/allmols/O/opt/m06hf/cam/4fi4fi4fi-4fi.log,4fi4fi4fi-4fi,---,[],"td CAM-B3LYP/6-31g(d,p)",-6.91522897996,0.63266467471,113,3.8169,-1382.8686874,4.8805,2.68333333333
/home/ccollins/allmols/O/opt/m06hf/cam/12fa12fa-12fa12fa.log,12fa12fa-12fa12fa,---,[],"td CAM-B3LYP/6-31g(d,p)",-5.6079940994,0.260140829687,85,6.6534,-1216.8864689,3.6690,0.433333333333
/home/ccollins/allmols/O/opt/m06hf/cam/4ef4ef4ef-4ef-.log,4ef4ef4ef-4ef-,---,[],"td CAM-B3LYP/6-31g(d,p)",-6.7998527124,0.204901720454,121,3.5312,-1530.0915633,4.5509,3.01666666667
/home/ccollins/allmols/O/opt/m06hf/cam/4fa4fa4fa4fa-.log,4fa4fa4fa4fa-,---,[],"td CAM-B3LYP/6-31g(d,p)",-6.89400410055,0.1346963501,97,3.1803,-1225.6966123,4.5994,1.85
/home/ccollins/allmols/O/opt/m06hf/cam/12ie12ie12ie.log,12ie12ie12ie,---,[],"td CAM-B3LYP/6-31g(d,p)",-6.64393148289,0.201092126714,82,1.2778,-1033.568536,4.3466,0.883333333333
/home/ccollins/allmols/O/opt/m06hf/cam/12ee12ee12ee12ee.log,12ee12ee12ee12ee,---,[],"td CAM-B3LYP/6-31g(d,p)",-6.81998913645,-0.489804909453,117,0.3065,-1524.9015404,3.9350,1.6
/home/ccollins/allmols/O/opt/m06hf/cam/12ia12ia-12ia.log,12ia12ia-12ia,---,[],"td CAM-B3LYP/6-31g(d,p)",-6.09507787046,0.537424831205,64,0.9003,-805.2683394,4.1993,0.4
/home/ccollins/allmols/O/opt/m06hf/cam/12li12li-.log,12li12li-,---,[],"td CAM-B3LYP/6-31g(d,p)",-6.35984463541,1.05335266916,59,1.5258,-766.1827272,4.8488,0.5
/home/ccollins/allmols/O/opt/m06hf/cam/12il12il12il-12il.log,12il12il12il-12il,---,[],"td CAM-B3LYP/6-31g(d,p)",-5.76064996284,0.314291483566,117,1.2930,-1531.1838416,3.7537,1.7
/home/ccollins/allmols/O/opt/m06hf/cam/4ff4ff-4ff4ff-.log,4ff4ff-4ff4ff-,---,[],"td CAM-B3LYP/6-31g(d,p)",-6.62760465257,0.154560660316,113,1.3649,-1526.49965,4.3211,1.93333333333
/home/ccollins/allmols/O/opt/m06hf/cam/12fe12fe-12fe12fe-.log,12fe12fe-12fe12fe-,---,[],"td CAM-B3LYP/6-31g(d,p)",-6.07385299105,-0.502866373705,109,3.4556,-1521.3050887,3.3372,1.11666666667
/home/ccollins/allmols/O/opt/m06hf/cam/22-2.log,22-2,---,[],"td CAM-B3LYP/6-31g(d,p)",-7.14353249053,-0.0258508146656,22,0.0000,-233.2449852,4.6687,0.05
/home/ccollins/allmols/O/opt/m06hf/cam/4ea4ea-4ea-4ea-.log,4ea4ea-4ea-4ea-,---,[],"td CAM-B3LYP/6-31g(d,p)",-7.23768387868,-0.141499196064,105,1.2990,-1229.2920293,4.7190,2.15
/home/ccollins/allmols/O/opt/m06hf/cam/12lf12lf12lf.log,12lf12lf12lf,---,[],"td CAM-B3LYP/6-31g(d,p)",-5.89316940223,0.570622719513,88,5.0683,-1256.3837357,4.0906,1.0
/home/ccollins/allmols/O/opt/m06hf/cam/4fe4fe-4fe.log,4fe4fe-4fe,---,[],"td CAM-B3LYP/6-31g(d,p)",-6.9655700401,0.247623593112,91,2.6627,-1147.8679866,4.6425,1.36666666667
/home/ccollins/allmols/O/opt/m06hf/cam/12ii.log,12ii,---,[],"td CAM-B3LYP/6-31g(d,p)",-7.33945445431,2.3505193377,26,1.1423,-308.504042,6.7054,0.0666666666667
/home/ccollins/allmols/O/opt/m06hf/cam/12fe12fe12fe-12fe-.log,12fe12fe12fe-12fe-,---,[],"td CAM-B3LYP/6-31g(d,p)",-6.1108604731,-0.535520034335,109,2.6824,-1521.3010912,3.3905,1.15
/home/ccollins/allmols/O/opt/m06hf/cam/4ie4ie4ie-4ie-.log,4ie4ie4ie-4ie-,---,[],"td CAM-B3LYP/6-31g(d,p)",-7.34516884492,0.294427173349,121,3.0249,-1386.4699079,5.0319,3.66666666667
/home/ccollins/allmols/O/opt/m06hf/cam/12al12al-.log,12al12al-,---,[],"td CAM-B3LYP/6-31g(d,p)",-6.20011381216,1.03974697723,51,1.9526,-687.5899351,4.7304,0.183333333333
/home/ccollins/allmols/O/opt/m06hf/cam/4ie4ie4ie-4ie.log,4ie4ie4ie-4ie,---,[],"td CAM-B3LYP/6-31g(d,p)",-7.35469282927,0.35184319329,121,3.2305,-1386.4696952,5.0391,3.5
/home/ccollins/allmols/O/opt/m06hf/cam/4li.log,4li,---,[],"td CAM-B3LYP/6-31g(d,p)",-7.05291858228,1.46315611007,33,1.1683,-385.8883218,5.2476,0.15
/home/ccollins/allmols/O/opt/m06hf/cam/12ia12ia-12ia12ia.log,12ia12ia-12ia12ia,---,[],"td CAM-B3LYP/6-31g(d,p)",-5.90269338658,0.310209775987,85,1.3123,-1073.2962689,3.8658,0.716666666667
/home/ccollins/allmols/O/opt/m06hf/cam/12fl12fl12fl-12fl-.log,12fl12fl12fl-12fl-,---,[],"td CAM-B3LYP/6-31g(d,p)",-5.77017394719,0.218779526222,117,3.6205,-1674.7815764,3.7144,1.18333333333
/home/ccollins/allmols/O/opt/m06hf/cam/4ia4ia-4ia-4ia.log,4ia4ia-4ia-4ia,---,[],"td CAM-B3LYP/6-31g(d,p)",-7.24040501707,0.668039473726,97,1.1758,-1082.0683827,5.2507,2.06666666667
/home/ccollins/allmols/O/opt/m06hf/cam/12ii12ii-12ii-12ii.log,12ii12ii-12ii-12ii,---,[],"td CAM-B3LYP/6-31g(d,p)",-5.88282907637,0.641100203706,101,0.4132,-1230.4804942,4.0840,1.16666666667
/home/ccollins/allmols/O/opt/m06hf/cam/12aa12aa12aa.log,12aa12aa12aa,---,[],"td CAM-B3LYP/6-31g(d,p)",-6.26787015796,0.372251731184,52,0.9303,-687.3743877,4.2488,0.166666666667
/home/ccollins/allmols/O/opt/m06hf/cam/4aa4aa4aa-4aa-.log,4aa4aa4aa-4aa-,---,[],"td CAM-B3LYP/6-31g(d,p)",-7.03631963813,0.186397979431,81,0.0005,-924.8984148,4.8100,0.75
/home/ccollins/allmols/O/opt/m06hf/cam/4ia4ia-4ia-4ia-.log,4ia4ia-4ia-4ia-,---,[],"td CAM-B3LYP/6-31g(d,p)",-7.18516590783,0.597289875694,97,1.2329,-1082.0685105,5.2084,1.83333333333
/home/ccollins/allmols/O/opt/m06hf/cam/12ei12ei12ei12ei.log,12ei12ei12ei12ei,---,[],"td CAM-B3LYP/6-31g(d,p)",-6.51930334482,0.0555112230713,109,1.1838,-1377.6975448,4.1246,1.5
/home/ccollins/allmols/O/opt/m06hf/cam/4ie4ie4ie4ie.log,4ie4ie4ie4ie,---,[],"td CAM-B3LYP/6-31g(d,p)",-7.33999868199,0.277284001518,121,2.9838,-1386.4699039,5.0243,3.58333333333
/home/ccollins/allmols/O/opt/m06hf/cam/4ae4ae.log,4ae4ae,---,[],"td CAM-B3LYP/6-31g(d,p)",-7.53945812567,0.202724809746,53,0.9609,-615.2402865,5.0721,0.4
/home/ccollins/allmols/O/opt/m06hf/cam/12aa12aa12aa-12aa-.log,12aa12aa12aa-12aa-,---,[],"td CAM-B3LYP/6-31g(d,p)",-6.05670981922,0.112110901497,69,0.0000,-916.1096876,3.8628,0.333333333333
/home/ccollins/allmols/O/opt/m06hf/cam/12ff12ff12ff-12ff-.log,12ff12ff12ff-12ff-,---,[],"td CAM-B3LYP/6-31g(d,p)",-5.76935760568,0.0530621985241,101,0.0003,-1517.6798785,3.6244,0.783333333333
/home/ccollins/allmols/O/opt/m06hf/cam/12ea12ea-12ea.log,12ea12ea-12ea,---,[],"td CAM-B3LYP/6-31g(d,p)",-6.51875911714,-0.247623593112,70,0.8215,-915.68127,3.9062,0.416666666667
